title,brand,price,url,img,description,source,sold
Patek Philippe Nautilus Ref. 3700/1 + P,Patek Philippe,72900,https://awco.nl/shop/vintage-watches/patek-philippe-nautilus-ref-3700-1/,https://awco.nl/wp-content/uploads/2026/09/Patek-44379099-1-scaled.jpg,"The famous, beloved and truly legendary “King of Sports Watches” the Patek Philippe Nautilus, perhaps as legendary as its designer himself, Gérald Genta. A true breakthrough when Patek Philippe entered the world of luxury sports watches in 1976. The Nautilus introduced a completely different direction for the manufacture: a large, boldly designed yet remarkably thin case, an automatic movement, a date display, and an integrated bracelet that became an essential part of the watch’s identity. At t",Amsterdam Watch Company,False
Cartier Vendome pm Ref. 67080,Cartier,5900,https://awco.nl/shop/vintage-watches/cartier-vendome-pm-ref-67080/,https://awco.nl/wp-content/uploads/2026/09/Cartier-44378755-1-scaled.jpg,"In 1973, Cartier introduced the Louis Cartier Collection: a series of twelve watches that brought Cartier’s distinctive design language into a new era of production. Rather than focusing on conventional watchmaking forms, Cartier used the collection to explore something that had always been at the heart of the maison: shape . Cartier has long been celebrated first and foremost as a jeweller, but its history in watchmaking is equally fascinating. From the Santos-Dumont one of the earliest purpose",Amsterdam Watch Company,False
Omega Constellation Ref. 168.018,Omega,3290,https://awco.nl/shop/vintage-watches/omega-constellation-ref-168-018-4/,https://awco.nl/wp-content/uploads/2026/09/Oemga-44379031-1-scaled.jpg,,Amsterdam Watch Company,False
Cartier Tank Louis pm Ref. 2679,Cartier,7900,https://awco.nl/shop/vintage-watches/cartier-tank-louis-pm-ref-2679/,https://awco.nl/wp-content/uploads/2026/09/Cartier-44378881-1-scaled.jpg,,Amsterdam Watch Company,False
Patek Philippe Nautilus Ref. 3710/1,Patek Philippe,72900,https://awco.nl/shop/vintage-watches/patek-philippe-nautilus-ref-3710-1/,https://awco.nl/wp-content/uploads/2026/09/Patek-44379100-1-scaled.jpg,,Amsterdam Watch Company,False
Cartier Panthere gm Ref. 83957,Cartier,8390,https://awco.nl/shop/vintage-watches/cartier-panthere-gm-ref-83957/,https://awco.nl/wp-content/uploads/2026/09/Cartier-44378971-1-scaled.jpg,,Amsterdam Watch Company,False
Rolex Air-King Ref. 5500,Rolex,5390,https://awco.nl/shop/archive/no-category/rolex-air-king-ref-5500-6/,https://awco.nl/wp-content/uploads/2026/09/Rolex-44378834-1-scaled.jpg,,Amsterdam Watch Company,False
Jaeger-LeCoultre Ref. 20007,Jaeger-LeCoultre,3490,https://awco.nl/shop/vintage-watches/jaeger-lecoultre-ref-20007/,https://awco.nl/wp-content/uploads/2026/09/JLC-44378932-1-scaled.jpg,,Amsterdam Watch Company,False
Zenith,Zenith,1980,https://awco.nl/shop/vintage-watches/zenith/,https://awco.nl/wp-content/uploads/2026/09/Zentih-44378913-1-scaled.jpg,,Amsterdam Watch Company,False
Longines Conquest Ref. 9025,Longines,4790,https://awco.nl/shop/vintage-watches/longines-conquest-ref-9025/,https://awco.nl/wp-content/uploads/2026/09/Longines-44378905-1-scaled.jpg,,Amsterdam Watch Company,False
Omega Seamaster Ref. 165.004,Omega,2490,https://awco.nl/shop/vintage-watches/omega-seamaster-ref-165-004/,https://awco.nl/wp-content/uploads/2026/09/Omega-44378963-1-scaled.jpg,,Amsterdam Watch Company,False
Cartier Tank Américaine Ref. 819907 – 000293,Cartier,14490,https://awco.nl/shop/vintage-watches/cartier-tank-americaine-ref-819907-000293/,https://awco.nl/wp-content/uploads/2026/09/Cartier-44378618-1-scaled.jpg,,Amsterdam Watch Company,False
Omega De Ville Ref. 8324 348,Omega,9800,https://awco.nl/shop/archive/no-category/omega-de-ville-ref-8324-348/,https://awco.nl/wp-content/uploads/2026/09/Omega-44379008-1-scaled.jpg,,Amsterdam Watch Company,False
Omega Constellation Ref. 14381,Omega,3290,https://awco.nl/shop/vintage-watches/omega-constellation-ref-14381/,https://awco.nl/wp-content/uploads/2026/09/Omega-44378934-1-scaled.jpg,,Amsterdam Watch Company,False
Chopard 18k Ref. 2003,Chopard,3950,https://awco.nl/shop/vintage-watches/chopard-18k-ref-2003/,https://awco.nl/wp-content/uploads/2026/09/Chopard-44378890-1-scaled.jpg,,Amsterdam Watch Company,False
Rolex Lady Datejust Ref. 69173,Rolex,5950,https://awco.nl/shop/vintage-watches/rolex-lady-datejust-ref-69173/,https://awco.nl/wp-content/uploads/2026/09/Rolex-44379016-1-scaled.jpg,,Amsterdam Watch Company,False
Rolex Date Ref. 1505,Rolex,6480,https://awco.nl/shop/vintage-watches/rolex-date-ref-1505-4/,https://awco.nl/wp-content/uploads/2026/09/Rolex-44378888-1-scaled.jpg,,Amsterdam Watch Company,False
Rolex Date Ref. 1500,Rolex,5450,https://awco.nl/shop/vintage-watches/rolex-date-ref-1500-13/,https://awco.nl/wp-content/uploads/2026/09/Rolex-44378909-1-scaled.jpg,,Amsterdam Watch Company,False
Cartier Tank Américaine Ref. 819908,Cartier,14490,https://awco.nl/shop/vintage-watches/cartier-tank-americaine-ref-819908/,https://awco.nl/wp-content/uploads/2026/09/Cartier-44378660-1-scaled.jpg,,Amsterdam Watch Company,False
Longines Conguest Ref. 9044-11-556,Longines,2450,https://awco.nl/shop/vintage-watches/longines-conguest-ref-9044-11-556/,https://awco.nl/wp-content/uploads/2026/09/Longines-44378761-1-scaled.jpg,,Amsterdam Watch Company,False
Longines Flagship Ref. 3417,Longines,4190,https://awco.nl/shop/vintage-watches/longines-flagship-ref-3417/,https://awco.nl/wp-content/uploads/2026/09/Longines-44378830-1-scaled.jpg,,Amsterdam Watch Company,False
Rolex Date Ref. 1500,Rolex,5990,https://awco.nl/shop/vintage-watches/rolex-date-ref-1500-12/,https://awco.nl/wp-content/uploads/2026/09/Rolex-44378662-1-scaled.jpg,,Amsterdam Watch Company,False
Rolex Chameleon Ref. 8788,Rolex,3250,https://awco.nl/shop/vintage-watches/rolex-chameleon-ref-8788/,https://awco.nl/wp-content/uploads/2026/09/Rolex-44378623-1-scaled.jpg,,Amsterdam Watch Company,False
Rolex Datejust Ref. 16014,Rolex,7650,https://awco.nl/shop/vintage-watches/rolex-datejust-ref-16014-8/,https://awco.nl/wp-content/uploads/2026/09/Rolex-44378911-1-scaled.jpg,,Amsterdam Watch Company,False
Omega Constellation Ref. 168.018,Omega,3250,https://awco.nl/shop/vintage-watches/omega-constellation-ref-168-018-3/,https://awco.nl/wp-content/uploads/2026/09/Omega-44378930-1-scaled.jpg,,Amsterdam Watch Company,False
Cartier Ronde Solo pm Ref. 2975,Cartier,4490,https://awco.nl/shop/vintage-watches/cartier-ronde-solo-pm-ref-2975/,https://awco.nl/wp-content/uploads/2026/09/Cartier-44378984-1-scaled.jpg,,Amsterdam Watch Company,False
Longines Classic Ref. 2220-P,Longines,2450,https://awco.nl/shop/vintage-watches/longines-classic-ref-2220-p/,https://awco.nl/wp-content/uploads/2026/09/Longines-44378827-1-scaled.jpg,,Amsterdam Watch Company,False
Rolex Datejust Ref. 1601 B+P,Rolex,7390,https://awco.nl/shop/vintage-watches/rolex-datejust-ref-1601-bp/,https://awco.nl/wp-content/uploads/2026/09/Rolex-44378610-1-scaled.jpg,,Amsterdam Watch Company,False
Longines Flagship Ref. 3120-2,Longines,2450,https://awco.nl/shop/vintage-watches/longines-flagship-ref-3120-2/,https://awco.nl/wp-content/uploads/2026/09/Longines-44378931-1-scaled.jpg,,Amsterdam Watch Company,False
IWC Classic,IWC,2890,https://awco.nl/shop/vintage-watches/iwc-classic-2/,https://awco.nl/wp-content/uploads/2026/09/IWC-44378936-1-scaled.jpg,,Amsterdam Watch Company,False
Cartier Santos Galbée pm Ref. 2423,Cartier,5990,https://awco.nl/shop/vintage-watches/cartier-santos-galbee-pm-ref-2423/,https://awco.nl/wp-content/uploads/2026/09/Cartier-44378856-1-scaled.jpg,,Amsterdam Watch Company,False
Cartier Vendome Ref. 67080,Cartier,5990,https://awco.nl/shop/vintage-watches/cartier-vendome-ref-67080/,https://awco.nl/wp-content/uploads/2026/09/Cartier-44378778-1-scaled.jpg,,Amsterdam Watch Company,False
Rolex Lady Oyster Ref. 76183,Rolex,5790,https://awco.nl/shop/vintage-watches/rolex-lady-oyster-ref-76183/,https://awco.nl/wp-content/uploads/2026/09/Rolex-44378900-1-scaled.jpg,,Amsterdam Watch Company,False
Omega Speedmaster Ref. 1402269 ST,Omega,8750,https://awco.nl/shop/vintage-watches/omega-speedmaster-ref-1402269-st/,https://awco.nl/wp-content/uploads/2026/09/omega-speedmaster-44377564-1-scaled.jpg,,Amsterdam Watch Company,False
Patek Philippe Nautilus Ref. 3800/1,Patek Philippe,67500,https://awco.nl/shop/vintage-watches/patek-philippe-nautilus-ref-3800-1-2/,https://awco.nl/wp-content/uploads/2026/09/Patek-44379098-1-scaled.jpg,"Perhaps Gérald Genta’s most iconic design, here in what some would consider a more accessible size. Dating to circa 1984, this Patek Philippe Nautilus Ref. 3800/1 takes the unmistakable design of the original Ref. 3700 and brings it down to a beautifully balanced 37 mm. The porthole-inspired case, broad brushed bezel and integrated steel bracelet are all present, but the smaller proportions give the watch a noticeably more understated character. The horizontally ribbed black dial is classic earl",Amsterdam Watch Company,False
Omega Constellation Turler Ref. 168.010,Omega,3290,https://awco.nl/shop/vintage-watches/omega-constellation-turler-ref-168-010/,https://awco.nl/wp-content/uploads/2026/09/Omega-44378933-1-scaled.jpg,,Amsterdam Watch Company,False
Vacheron Constantin Geneve Ref. 33084,Vacheron Constantin,5900,https://awco.nl/shop/vintage-watches/vacheron-constantin-geneve-ref-33084/,https://awco.nl/wp-content/uploads/2026/09/Vacheron-44378917-1-1-scaled.jpg,,Amsterdam Watch Company,False
Omega Constellation Ref. 168.004,Omega,3450,https://awco.nl/shop/vintage-watches/omega-constellation-ref-168-004-2/,https://awco.nl/wp-content/uploads/2026/09/Omega-44378975-1-1-scaled.jpg,,Amsterdam Watch Company,False
Rolex Orchid Ref. 2671 – 266,Rolex,2750,https://awco.nl/shop/vintage-watches/rolex-orchid-ref-2671-266/,https://awco.nl/wp-content/uploads/2026/09/Rolex-44378891-1-scaled.jpg,,Amsterdam Watch Company,False
Omega Suveran Ref. 2400-5,Omega,2580,https://awco.nl/shop/vintage-watches/omega-suveran-ref-2400-5-2/,https://awco.nl/wp-content/uploads/2026/09/Omega-44377622-1-scaled.jpg,,Amsterdam Watch Company,False
IWC Portofino Ref. 3731 + SP,IWC,3380,https://awco.nl/shop/vintage-watches/iwc-portofino-ref-3731-sp/,https://awco.nl/wp-content/uploads/2026/09/IWC-44378875-1-scaled.jpg,,Amsterdam Watch Company,False
Cartier Tank Louis pm Ref. 1150,Cartier,8950,https://awco.nl/shop/vintage-watches/cartier-tank-louis-pm-ref-1150/,https://awco.nl/wp-content/uploads/2026/09/Cartier-44379004-1-scaled.jpg,"Few watches need as little introduction as a Tank Louis. This Ref. 1150 takes the Cartier formula back to its essentials: a compact 18k yellow-gold case, white dial, black Roman numerals and blued sword hands. At just 20.5 x 27.5 mm, it is small in dimensions but unmistakable on the wrist. The case is what makes the Tank Louis so recognisable. Long parallel brancards frame the dial, while the sapphire cabochon crown adds the one bit of colour Cartier really needs. Paired with black leather and i",Amsterdam Watch Company,False
Patek Philippe Ellipse Ref. 3585 + SP,Patek Philippe,21900,https://awco.nl/shop/vintage-watches/patek-philippe-ref-3585-sp/,https://awco.nl/wp-content/uploads/2026/09/Patek-44378380-1-scaled.jpg,"Dating to circa 1971, this Ref. 3585 steps away from the traditional round Calatrava with a broad 36 mm cushion-shaped case in 18k yellow gold. The matching gold dial continues the theme, but applied Roman numerals and slim dark hands keep the whole thing elegant rather than too much. The shape is what makes it. Softly rounded corners, long sculpted lugs and an uninterrupted case flank give the watch a remarkably clean silhouette. There is no crown where you expect one, because Patek moved the w",Amsterdam Watch Company,False
Patek Philippe Nautilus Ref. 3800/1 B+P+SP,Patek Philippe,49500,https://awco.nl/shop/vintage-watches/patek-philippe-nautilus-ref-3800-1-bpsp/,https://awco.nl/wp-content/uploads/2026/09/Patek-44378849-6-scaled.jpg,"We are proud to present the iconic Patek Philippe Nautilus Ref. 3800/1. Every time we handle the unmistakable shape of the Nautilus, we are reminded why this design has become such an icon. Of course, the early Ref. 3700 holds an important place in watchmaking history, but we have to admit that we have a soft spot for the Ref. 3800. Its 37.5 mm case, proportions and slim profile feel beautifully balanced on the wrist. Here we have a beautiful two-tone example in stainless steel and yellow gold, ",Amsterdam Watch Company,False
Omega Marine Chronometer Ref. 198.074 +COSC P,Omega,4290,https://awco.nl/shop/type-of-watches/sports-tool/omega-marine-chronometer-ref-198-074/,https://awco.nl/wp-content/uploads/2026/09/Omega-44378950-1-scaled.jpg,"Dating to circa 1976, this Omega Marine Chronometer Ref. 198.074 comes from a period when the Swiss watch industry was throwing enormous resources at one question: just how accurate could a wristwatch become? Omega’s answer was the Megaquartz 2.4 MHz family, and the result still feels futuristic half a century later. The architecture is pure seventies. A large rectangular steel case flows directly into the integrated bracelet, while the black dial is framed by a warm gold bezel. “Marine Chronome",Amsterdam Watch Company,False
Longines jumbo calatrava Ref.4915,Longines,2390,https://awco.nl/shop/type-of-watches/sports-tool/longines-jumbo-calatrava-ref-4915/,https://awco.nl/wp-content/uploads/2026/09/Longines-44378938-1-scaled.jpg,The story about this watch will follow later.,Amsterdam Watch Company,False
Rolex OysterDate Ref.15200,Rolex,5480,https://awco.nl/shop/type-of-watches/sports-tool/rolex-oysterdate-ref-15200/,https://awco.nl/wp-content/uploads/2026/09/Rolex-44378995-1-scaled.jpg,The story behind this watch will follow later.,Amsterdam Watch Company,False
Rolex Lady Datejust Ref. 6917 B+SP,Rolex,5900,https://awco.nl/shop/type-of-watches/ladies/rolex-lady-datejust-ref-6917-2tone-bsp/,https://awco.nl/wp-content/uploads/2026/09/Rolex-44378976-5-scaled.jpg,The story behind this watch will follow later.,Amsterdam Watch Company,False
Rolex Cellini vignette Ref.4081 B+P,Rolex,5980,https://awco.nl/shop/type-of-watches/dress/rolex-cellini-vignette-ref-4081-bp/,https://awco.nl/wp-content/uploads/2026/09/Rolex-44378952-1-scaled.jpg,The story behind this watch will follow later.,Amsterdam Watch Company,False
Ulysse Nardin San Marco Ref.123-77-9,Ulysse Nardin,3950,https://awco.nl/shop/type-of-watches/dress/ulysse-nardin-san-marco-ref-123-77-9/,https://awco.nl/wp-content/uploads/2026/09/Ulysse-44378923-1-scaled.jpg,The story about this watch will follow later.,Amsterdam Watch Company,False
Cartier Santos Galbee Moonphase Ref.11901 02059 + SP,Cartier,7980,https://awco.nl/shop/type-of-watches/dress/cartier-santos-galbee-moonphase-ref-11901-02059-sp/,https://awco.nl/wp-content/uploads/2026/09/Cartier-44378646-1-scaled.jpg,The story behind this watch will follow later.,Amsterdam Watch Company,False
Ananov Sint Petersburg,Ananov,3900,https://awco.nl/shop/type-of-watches/dress/ananov-sint-petersburg/,https://awco.nl/wp-content/uploads/2026/09/Ananov-44378946-1-scaled.jpg,The story behind this watch will follow later.,Amsterdam Watch Company,False
IWC Portofino Ref.3513-040,IWC,2950,https://awco.nl/shop/type-of-watches/dress/iwc-portofino-ref-3513-040/,https://awco.nl/wp-content/uploads/2026/09/IWC-44378937-1-scaled.jpg,The story about this watch will follow later.,Amsterdam Watch Company,False
Tudor Cameleon Ref.1852,Tudor,2790,https://awco.nl/shop/type-of-watches/dress/tudor-cameleon-ref-1852/,https://awco.nl/wp-content/uploads/2026/09/Tudor-44378958-5-scaled.jpg,The story behind this watch will follow later.,Amsterdam Watch Company,False
Corum Mont Cervin Ref.57219,Corum,1980,https://awco.nl/shop/type-of-watches/dress/corum-mont-cervin-ref-57219/,https://awco.nl/wp-content/uploads/2026/09/Corum-44378955-1-scaled.jpg,The story behind this watch will follow later.,Amsterdam Watch Company,False
Breitling chronomat Ref.808,Breitling,4890,https://awco.nl/shop/type-of-watches/sports-tool/breitling-chronomat-ref-808-2/,https://awco.nl/wp-content/uploads/2026/09/Breitling-44378947-1-scaled.jpg,The story behind this watch will follow later.,Amsterdam Watch Company,False
JLC Etrier pm. Ref.1671 B+P,Jaeger-LeCoultre,2490,https://awco.nl/shop/vintage-watches/jlc-etrier-pm-ref-1671/,https://awco.nl/wp-content/uploads/2026/09/JLC-44378868-5-scaled.jpg,,Amsterdam Watch Company,False
Omega Seamaster Ref.166.020,Omega,3190,https://awco.nl/shop/vintage-watches/omega-seamaster-ref-166-020/,https://awco.nl/wp-content/uploads/2026/09/Omega-44378904-1-scaled.jpg,,Amsterdam Watch Company,False
Vacheron Constantin Ref.33084 Teardrop Lugs.,Vacheron Constantin,5900,https://awco.nl/shop/vintage-watches/vacheron-constantin-ref-33084-teardrop-lugs/,https://awco.nl/wp-content/uploads/2026/09/Vacheron-44378917-1-scaled.jpg,,Amsterdam Watch Company,False
JLC Master Control Ref.140.2.89 + SP,Jaeger-LeCoultre,7900,https://awco.nl/shop/vintage-watches/jlc-master-controle-ref-140-2-89-sp/,https://awco.nl/wp-content/uploads/2026/09/JLC-44378860-1-scaled.jpg,,Amsterdam Watch Company,False
Patek Philippe Calatrava Ref.3893 + P,Patek Philippe,17900,https://awco.nl/shop/vintage-watches/patek-philippe-calatrava-ref-3893-p/,https://awco.nl/wp-content/uploads/2026/09/Patek-44378935-1-scaled.jpg,"Here we present another beautiful Patek Calatrava, the epitome of quiet luxury. Dating to circa 1993, this Patek Philippe Calatrava Ref. 3893 is about as pure as a dress watch gets. A slim 18k yellow-gold case surrounds a clean white dial with applied baton markers and small seconds at six. No date, no complication, nothing unnecessary. The proportions are a big part of the appeal. At around 34 mm, the case sits elegantly on the wrist, with long curved lugs and a thin profile that keeps the gold",Amsterdam Watch Company,False
Rolex Day-date Ref.18038,Rolex,17900,https://awco.nl/shop/vintage-watches/rolex-day-date-ref-18038-11/,https://awco.nl/wp-content/uploads/2026/09/Rolex-44378858-1-scaled.jpg,"A full 18k gold Day-Date: flashy, but certainly timeless. This Rolex Day-Date Ref. 18038 dates to circa 1977 and pairs its full 18k yellow-gold case and President bracelet with a surprisingly cool silver dial. That contrast changes the character completely: still unmistakably a Day-Date, but cleaner and a little less obvious than the classic champagne-on-gold combination. The familiar architecture is all there. A 36 mm Oyster case, fluted bezel, day spelled out at twelve and the date enlarged be",Amsterdam Watch Company,False
Rolex Datejust Two-Tone Ref.1601,Rolex,7790,https://awco.nl/shop/vintage-watches/rolex-datejust-two-tone-ref-1601/,https://awco.nl/wp-content/uploads/2026/09/Rolex-44378877-1-scaled.jpg,"Somewhere between champagne and bronze, this dial has found a colour entirely of its own. Dating to circa 1971, this Rolex Datejust Ref. 1601 brings together the classic two-tone formula: a 36 mm steel Oyster case, yellow-gold fluted bezel and a steel-and-gold Jubilee bracelet. Familiar ingredients, but the warm bronze-toned dial gives this example a noticeably richer character. Applied gold baton markers and matching hands almost disappear into the dial at certain angles, while the date beneath",Amsterdam Watch Company,False
Rolex 18k Day-Date Linen/Bark Ref. 1807,Rolex,13490,https://awco.nl/shop/vintage-watches/rolex-18k-day-date-linen-bark-ref-1807/,https://awco.nl/wp-content/uploads/2026/09/Rolex-44378982-1-scaled.jpg,"Two textures, one very seventies Day-Date. Dating to circa 1976, this Rolex Day-Date Ref. 1807 combines a 36 mm case in 18k yellow gold with two of the more interesting finishes found on vintage Presidents: a silver linen dial and a bark-finished bezel. One catches the light in fine woven lines, the other in irregular grooves. Together they give an otherwise classic Day-Date a lot more personality. The dial keeps the colours calm. Its pale silver surface contrasts beautifully with the gold baton",Amsterdam Watch Company,False
Omega 18K Seamaster Chronograph Ref. 105.001 B+P,Omega,10900,https://awco.nl/shop/vintage-watches/omega-18k-seamaster-chronograph-ref-105-001/,https://awco.nl/wp-content/uploads/2026/09/Omega-44378981-1-scaled.jpg,,Amsterdam Watch Company,False
Patek Philippe Calatrava + Extract Ref. 3919,Patek Philippe,12500,https://awco.nl/shop/vintage-watches/patek-philippe-calatrava-ref-3919-3/,https://awco.nl/wp-content/uploads/2026/09/Patek-44378833-1-scaled.jpg,"The nineties had plenty of excess. Patek Philippe kept it classic. This Calatrava Ref. 3919 dates to 1994 and comes in 18k rose gold, pairing a slim case with a crisp white dial, black Roman numerals and small seconds at six. It is about as traditional as a dress watch gets, but the warm rose gold keeps it from feeling too serious. Around the dial sits the detail that defines the 3919: the Clous de Paris, or hobnail, bezel. Hundreds of tiny pyramid-like facets give the case just enough decoratio",Amsterdam Watch Company,False
Rolex GMT-Master Rootbeer ‘Nipple’ Ref.1675,Rolex,14950,https://awco.nl/shop/vintage-watches/rolex-gmt-master-rootbeer-nipple-ref-1675/,https://awco.nl/wp-content/uploads/2026/09/Rolex-44378812-1-scaled.jpg,"The Rolex GMT-Master reference 1675 “Root Beer” is where the whole warm-toned, two-tone GMT story really begins. As the four-digit predecessor to the later 16753, the 1675 brought the GMT-Master’s dual time zone functionality together with a steel and yellow gold execution that felt distinctly different from the tool-watch black-and-red norm. It’s a watch built for crossing time zones, but with a softness that the later generations would only refine, never quite match. Famously associated with a",Amsterdam Watch Company,False
IWC Portugieser Ref. 5000-001 N.331/1000,IWC,8290,https://awco.nl/shop/vintage-watches/iwc-portugieser-ref-5000-001-n-331-1000/,https://awco.nl/wp-content/uploads/2026/09/IWC-44378940-1-scaled.jpg,"There’s a reason the Portugieser occupies such a special place in IWC’s history, and this reference tells that story very well. Introduced in 2000 to mark the turn of the millennium, the 5000 was a genuine milestone: IWC’s first fully in-house automatic movement in years, built around a reborn Pellaton winding system and a seven day power reserve, remarkable for its time. The caliber itself measures a hefty 38.2mm, filling the case with proper substance. This particular example carries its own i",Amsterdam Watch Company,False
AWCo x Squale SUB 39 Milbino,Squale,1795,https://awco.nl/shop/vintage-watches/awco-x-squale-sub-39-milbino-2/,https://awco.nl/wp-content/uploads/2026/09/Squale-101539-1-scaled.jpg,"Next to the NOS Blancpain case, AWCo Special × Squale has launched three more designs as a completely new watch collection. The collection features the same beloved design language as our No Radibino, Subino, and our new Milbino, now presented in a brand-new 39 mm case. Built to be a serious dive watch, it is water-resistant to 30 ATM (300 metres), making it ready for real underwater adventures. Inside, the watch is powered by the reliable Swiss-made Sellita Caliber SW200-1 automatic movement. T",Amsterdam Watch Company,False
AWCo X Squale SUB 39 No Radiobino,Squale,1795,https://awco.nl/shop/vintage-watches/awco-x-squale-sub-39-no-radiobino/,https://awco.nl/wp-content/uploads/2026/08/Squale-101626-1-scaled.jpg,"Next to the NOS Blancpain case, AWCo Special × Squale has launched three more designs as a completely new watch collection. The collection features the same beloved design language as our No Radibino, Subino, and our new Milbino, now presented in a brand-new 39 mm case. Built to be a serious dive watch, it is water-resistant to 30 ATM (300 metres), making it ready for real underwater adventures. Inside, the watch is powered by the reliable Swiss-made Sellita Caliber SW200-1 automatic movement. T",Amsterdam Watch Company,False
AWCo X Squale SUB 39 Subino,Squale,1795,https://awco.nl/shop/type-of-watches/sports-tool/awco-x-squale-sub-39-subino/,https://awco.nl/wp-content/uploads/2026/08/Squale-101603-1-1-scaled.jpg,"Next to the NOS Blancpain case, AWCo Special × Squale has launched three more designs as a completely new watch collection. The collection features the same beloved design language as our Noradibino, Subino, and our new Milbino, now presented in a brand-new 39 mm case. Built to be a serious dive watch, it is water-resistant to 30 ATM (300 metres), making it ready for real underwater adventures. Inside, the watch is powered by the reliable Swiss-made Sellita Caliber SW200-1 automatic movement. Th",Amsterdam Watch Company,False
Rolex Datejust Ref.1603,Rolex,6650,https://awco.nl/shop/vintage-watches/rolex-datejust-ref-1603-16/,https://awco.nl/wp-content/uploads/2026/08/Rolex-44378542-1-1-scaled.jpg,,Amsterdam Watch Company,False
Cartier Ellipse PM Ref. 67081,Cartier,5900,https://awco.nl/shop/vintage-watches/cartier-ellipse-pm-ref-67081-2/,https://awco.nl/wp-content/uploads/2026/08/Cartier-44378781-1-scaled.jpg,"Cartier in the seventies was clearly not interested in drawing another simple circle. This Ellipse PM Ref. 67081 comes from the Louis Cartier Collection introduced in 1973, a period in which the maison was having great fun with shape. Its 18k yellow gold case sits somewhere between an oval, a cushion and a tiny piece of architecture. At 26 mm it is petite, but the stepped gold case gives it more presence than the numbers suggest. Inside that playful shape, the dial is pure Cartier discipline. Al",Amsterdam Watch Company,False
Ardath Denis Diver,Ardath,1800,https://awco.nl/shop/type-of-watches/sports-tool/ardath-denis-diver/,https://awco.nl/wp-content/uploads/2026/05/Ardath-44375948-1-scaled.jpg,"Ardath Abyss Diver ,Authentic Swiss Dive Heritage from the 1960’s. The Ardath Abyss Diver is a rare vintage dive watch that captures the pure charm of the 1960’s and 1970’s. With its 36 mm stainless‑steel case, automatic movement, and distinctive crosshair dial, this timepiece pays tribute to an era in which mechanical precision and functional design were at the forefront of watchmaking. Founded in Geneva in the 1930’s, Ardath built a reputation for producing affordable yet high‑quality Swiss wa",Amsterdam Watch Company,False
Rolex Date 26 mm Ref.69173,Rolex,5950,https://awco.nl/shop/vintage-watches/rolex-datejust-26-mm-ref-69173-2/,https://awco.nl/wp-content/uploads/2026/08/Rolex-44378888-1-scaled.jpg,"Look twice: this one says Date, not Datejust. Dating to circa 1984, this Rolex Oyster Perpetual Date Ref. 69173 comes from an interesting early chapter of the five-digit ladies’ Rolex. The ingredients may look familiar, such as the 26 mm Oyster case, steel and yellow gold, fluted bezel and Cyclops, but the dial simply reads “Oyster Perpetual Date”, giving this example a slightly different character from the later Lady-Datejusts. The silver dial keeps everything particularly clean. Applied gold b",Amsterdam Watch Company,False
Patek Philippe Ref. 3567-1,Patek Philippe,16900,https://awco.nl/shop/vintage-watches/patek-philippe-ref-3567-1/,https://awco.nl/wp-content/uploads/2026/08/Patek-44378899-1-scaled.jpg,"Before the Nautilus made integrated bracelets part of the Patek Philippe catalog, the maison was already experimenting with watches that blurred the line between timepiece and jewellery. This Ref. 3567/1 dates to circa 1972 and is made in 18k white gold. At only 26 mm wide it is discreet, yet the softly squared case and highly textured integrated bracelet give it much more presence than the dimensions suggest. Then there is the dial. Its blue-grey surface is covered in a fine vertical texture th",Amsterdam Watch Company,False
Rolex Day-Date Linen dial Ref. 1803,Rolex,21500,https://awco.nl/shop/vintage-watches/rolex-day-date-linen-dial-ref-1803/,https://awco.nl/wp-content/uploads/2026/08/Rolex-44378826-1-scaled.jpg,"Linen in the seventies did not stop at tailoring. Dating to circa 1973, this Rolex Day-Date Ref. 1803 comes in the full yellow-gold recipe: 36 mm Oyster case, fluted bezel and President bracelet. But it is the champagne linen dial that gives this example its own character. What could have been a very formal gold Day-Date suddenly gets a lot more interesting. The dial is covered in a fine linen-like pattern, catching the light in a completely different way from a regular champagne finish. If the ",Amsterdam Watch Company,False
Omega Constellation. Ref.568.011,Omega,1990,https://awco.nl/shop/vintage-watches/omega-constellation-ref-568-011/,https://awco.nl/wp-content/uploads/2026/08/Omega-44378769-1-scaled.jpg,"At 25 mm, this Omega Constellation may be tiny, but its résumé is surprisingly serious. Dating to circa 1970, this Ref. 568.011 comes from an era when Omega was shrinking its top-tier chronometer watchmaking into more elegant proportions. The gold and steel case has a lovely sculptural shape, framed by a finely ridged bezel that gives the otherwise compact watch a bit of jewellery-like look. The champagne dial fits that mood perfectly. Applied gold markers and matching hands keep the palette war",Amsterdam Watch Company,False
Panerai Radiomir Ref. PAM00323 B+P+SP,Panerai,5990,https://awco.nl/shop/vintage-watches/panerai-radiomir-ref-pam00323-bpsp/,https://awco.nl/wp-content/uploads/2026/08/Panerai-44378539-1-scaled.jpg,"If you have a big watch collection, you might not wear this watch for a couple of days. No worries though, as this watch will run for 10 days straight. The PAM00323 takes the classic Radiomir ingredients; a huge 47 mm cushion case, wire lugs and a highly legible black dial and adds a surprising amount of watchmaking underneath. The familiar 12 and 6 dominate the dial, but look closer and you find a date at three, small seconds and AM/PM indication at nine, a second time zone and the 10-day power",Amsterdam Watch Company,False
"Monte Dress Watch 14k White Gold, XS, 3.085 carat diamond",Monte,6900,https://awco.nl/shop/vintage-watches/monte-dress-watch/,https://awco.nl/wp-content/uploads/2026/05/Monte-44378617-1-scaled.jpg,"This Monte dress watch is less of a traditional wristwatch and much more of a small piece of jewellery that happens to tell the time. Dating to circa 1960 and measuring just 17 mm, it has all the charm of a mid-century ladies’ cocktail watch, with a beautifully decorative presence on the wrist. Here at AWCO we think the magic is in the way this little watch catches the light. The 14k white gold case and bracelet are set with diamonds, adding up to 3.085 carats in total, giving the piece a lovely",Amsterdam Watch Company,False
Omega Seamaster Ref. 2846 Gilt black dial,Omega,3290,https://awco.nl/shop/vintage-watches/omega-seamaster-ref-2846-gilt-black-dial/,https://awco.nl/wp-content/uploads/2026/08/Omega-44378801-1-scaled.jpg,"No Van Gogh, but this piece still gives you a little bit of Starry Night on the wrist. This Omega Seamaster Ref. 2846 dates to circa 1955 and is all about its black gilt dial. More than seventy years have given the surface a fine golden speckling, creating a wonderfully atmospheric backdrop for the warm Arabic numerals, hour markers and hands. This watch is exactly what we like to see here at AWCo, it is the sort of patina that makes two otherwise identical vintage watches feel completely differ",Amsterdam Watch Company,False
Rolex Day-Date Dutch Day Disk Ref. 18038 B+P,Rolex,19900,https://awco.nl/shop/vintage-watches/rolex-day-date-dutch-day-disk-ref-18038-bp/,https://awco.nl/wp-content/uploads/2026/08/Rolex-44378524-1-scaled.jpg,,Amsterdam Watch Company,False
Patek Philippe Ref. 3404,Patek Philippe,13950,https://awco.nl/shop/vintage-watches/patek-philippe-ref-3404/,https://awco.nl/wp-content/uploads/2026/08/Patek-44378708-1-scaled.jpg,"Patek Philippe does rectangular watches rather well, especially when they are allowed to be a little architectural such as this amazing example. This Ref. 3404 comes from the early 1960s and leaves the familiar round Calatrava formula behind. Its 18k yellow gold case is tall and sharply framed, with a broad sloping bezel that gives the watch great depth from the side. At 27.5 mm across, this piece remains elegant and compact, but the vertical proportions make it feel far more substantial on the ",Amsterdam Watch Company,False
Gallet MultiChron Ref. 22210,Gallet,4900,https://awco.nl/shop/vintage-watches/gallet-multichron-ref-22210/,https://awco.nl/wp-content/uploads/2026/08/Gallet-44378824-1-scaled.jpg,"Here at AWCo, these are the watches we love. Thirty millimetres, three registers and more information on the dial than most modern dashboards. Dating to circa 1940, this Gallet MultiChron Ref. 22210 is a wonderfully compact example of just how serious early wrist chronographs could be. The steel case measures only 30 mm, yet inside that small footprint Gallet managed to fit a full three-register chronograph and a dial packed with timing scales. Small watch, very grown-up job. The silver dial has",Amsterdam Watch Company,False
Patek Philippe Sculpture Ref.4891/1 + SP,Patek Philippe,9900,https://awco.nl/shop/type-of-watches/ladies/patek-philippe-sculpture-ref-4891-1-sp/,https://awco.nl/wp-content/uploads/2026/06/Patek-44378686-7-scaled.jpg,"The Patek Philippe Ref. 4891/1 is a celebration of feminine elegance and Swiss perfection. Its mother of pearl dial, refined silver Roman numerals, and discreet date window at three o’clock create a harmonious balance of beauty and functionality. The distinctive tonneau‑shaped case, inspired by the French word for “wine barrel,” sits gracefully between round and rectangular design. Its gently curved sides follow the natural contour of the wrist, offering exceptional comfort while enhancing the w",Amsterdam Watch Company,False
Jaeger-LeCoultre 18k Ref.1091249,Jaeger-LeCoultre,3250,https://awco.nl/shop/type-of-watches/dress/jaeger-lecoultre-18k-ref-1091249/,https://awco.nl/wp-content/uploads/2026/05/JLC-44378221-1-scaled.jpg,"Jaeger‑LeCoultre Dress Watch , Timeless Elegance from the 1960’s. This Jaeger‑LeCoultre dress watch from the 1960’s is a true masterpiece of Swiss precision and understated luxury. Its solid 18‑carat yellow‑gold case is slim and refined ,a perfect expression of the minimalist design language that defined the era. The white dial with black Roman numerals radiates classical beauty, striking a flawless balance between tradition and simplicity. The slender baton hands provide clear, elegant time ind",Amsterdam Watch Company,False
Rolex Datejust Ref.16013,Rolex,7390,https://awco.nl/shop/type-of-watches/sports-tool/rolex-datejust-ref-16013-15/,https://awco.nl/wp-content/uploads/2026/07/Rolex-44378720-1-scaled.jpg,"The Rolex Datejust has been a cornerstone of the Rolex collection since its introduction in 1945 as the world’s first self-winding wristwatch with an automatically changing date. By the early 1980s, the reference 16013 had become one of the most recognisable Datejust references, combining stainless steel with 18k yellow gold in a design that remains unmistakably Rolex. This example dates to 1981 and features the classic 36 mm Oyster case, fitted with an 18k yellow gold fluted bezel and matching ",Amsterdam Watch Company,False
Cartier Santos Galbée two tone Guilloché Ref.2423 SP,Cartier,5990,https://awco.nl/shop/type-of-watches/dress/cartier-santos-galbee-two-tone-gouilloche-ref-2423-sp/,https://awco.nl/wp-content/uploads/2026/07/Cartier-44378855-1-scaled.jpg,"The Cartier Santos is one of the most recognizable designs in watchmaking history. Originally created in 1904 for aviator Alberto Santos-Dumont, it was one of the first modern wristwatches and introduced the idea of a timepiece designed to be worn every day. This Cartier Santos Galbée, reference 2423, is a beautiful two-tone example from the 2000s, combining a stainless steel case with yellow gold accents. Measuring 24 x 24 mm, it retains the elegant proportions that made the Santos such an endu",Amsterdam Watch Company,False
Rolex Datejust Ref.1601,Rolex,6490,https://awco.nl/shop/type-of-watches/sports-tool/rolex-datejust-ref-1601-38/,https://awco.nl/wp-content/uploads/2026/07/Rolex-44378843-1-scaled.jpg,"The Rolex Datejust has been a cornerstone of the Rolex collection since 1945, celebrated for its timeless design and everyday versatility. This reference 1601, produced in 1970, is one of the model’s most iconic configurations. Its 36 mm Oyster case is fitted with an 18k white gold fluted bezel, a signature Datejust feature that adds subtle elegance without compromising its understated character. The watch is paired with the classic Jubilee bracelet, while the silver sunburst pie-pan dial with i",Amsterdam Watch Company,False
Omega Seamaster Ref.166.003,Omega,2750,https://awco.nl/shop/type-of-watches/dress/omega-seamaster-ref-166-003/,https://awco.nl/wp-content/uploads/2026/07/Omega-44378893-1-scaled.jpg,"Before the Seamaster became a dive watch icon, it looked rather good with a shirt and tie. Dating to circa 1966, this Omega Seamaster Ref. 166.003 comes in a beautifully simple 34 mm steel case. The silver dial keeps the mood light and elegant, with applied baton markers, slim hands and a framed date at three o’clock. Add the flowing Seamaster script and there is very little here that needs changing. The Seamaster had already been around for almost twenty years when this one was made. Omega intr",Amsterdam Watch Company,False
Rolex Daytona Ref.16528 B+P,Rolex,31290,https://awco.nl/shop/type-of-watches/sports-tool/rolex-daytona-ref-16528-bp/,https://awco.nl/wp-content/uploads/2026/07/Rolex-44378802-5-scaled.jpg,"The Rolex Cosmograph Daytona Ref. 16528 represents an important chapter in the evolution of the Daytona. Introduced in 1988, the reference marked the arrival of the first automatic Daytona, powered by the Rolex Caliber 4030, a movement based on the Zenith El Primero and extensively modified by Rolex. Produced throughout the 1990s, the 16528 is widely regarded as one of the defining references of the pre-in-house Daytona era. This example dates to 1995 and is crafted in 18k yellow gold. It featur",Amsterdam Watch Company,False
Cartier Vendôme GM Ref.8396 B+P+SP,Cartier,13450,https://awco.nl/shop/type-of-watches/dress/cartier-vendome-gm-ref-8396-bpsp/,https://awco.nl/wp-content/uploads/2026/07/Cartier-44377660-1-scaled.jpg,"The Cartier Vendôme is one of the more understated designs in Cartier’s collection, distinguished by its perfectly round case and refined proportions. Introduced as an elegant alternative to the rectangular Tank, the Vendôme reflects the design language Cartier became known for during the 1970s and 1980s, where simplicity and precious materials took center stage. This Cartier Vendôme GM Ref. 8396 dates to the 1980s and is crafted entirely in 18k yellow gold. With its 29mm case, the watch offers ",Amsterdam Watch Company,False
Cartier Tank Américaine 18k yellow gold + Diamond Ref.2482,Cartier,11800,https://awco.nl/shop/type-of-watches/ladies/cartier-tank-americaine-18k-yellow-gold-diamond-ref-2482/,https://awco.nl/wp-content/uploads/2026/07/Cartier-44378836-1-scaled.jpg,"The Cartier Tank Américaine was introduced in 1989 as a modern interpretation of the original Tank Cintrée from the 1920s. With its elongated, gently curved case, the Américaine brought a more contemporary silhouette to one of Cartier’s most recognizable designs. During the early 1990s, Cartier focused on refined precious metal watches, often combining clean lines with subtle diamond settings, reflecting the elegant style of the period. This Cartier Tank Américaine Ref. 2482, dating to 1992, is ",Amsterdam Watch Company,False
Rolex Yachtmaster Lady Ref.169623 B+P,Rolex,6390,https://awco.nl/shop/type-of-watches/dress/rolex-yachtmaster-lady-2tone-ref-169623-bp/,https://awco.nl/wp-content/uploads/2026/07/Rolex-44378863-1-scaled.jpg,"The Rolex Yacht-Master was introduced in 1992 as a sportier and more luxurious interpretation of Rolex’s long history with professional sailing watches. While inspired by the maritime heritage of the brand, the Yacht-Master was designed with a focus on elegance, comfort, and everyday versatility rather than extreme tool use. This Rolex Yacht-Master Lady Ref. 169623 combines stainless steel with 18k yellow gold, creating the distinctive two-tone appearance that has become part of Rolex’s classic ",Amsterdam Watch Company,False
Rolex datejust Ref.1603,Rolex,6790,https://awco.nl/shop/type-of-watches/sports-tool/rolex-datejust-ref-1603-13/,https://awco.nl/wp-content/uploads/2026/07/Rolex-44378845-3-1-scaled.jpg,"The Rolex Datejust Ref. 1603 is one of the classic references from the long-running Datejust collection, combining everyday practicality with a timeless design. Produced over several decades, the Ref. 1603 became known for its engine-turned bezel, offering a more understated alternative to the fluted versions while retaining the unmistakable Datejust character. This example is crafted entirely in stainless steel and fitted with its original Jubilee bracelet, a combination that has become closely",Amsterdam Watch Company,False
Longines Conquest Calendar 18k yellow Gold Ref.9005,Longines,4890,https://awco.nl/shop/type-of-watches/dress/longines-conquest-calendar-18k-yellow-gold-ref-9005/,https://awco.nl/wp-content/uploads/2026/07/Longines-44378748-1-scaled.jpg,"Introduced in the early 1950s, the Longines Conquest collection marked an important step for the brand. It was among the first Longines models to carry a protected collection name and represented the company’s focus on combining elegant design with reliable automatic movements. This Longines Conquest Calendar Ref. 9005, dating from 1953, is crafted in 18k yellow gold and reflects the understated style of the period. The dial features applied hour markers, a date display at 3 o’clock, and a well-",Amsterdam Watch Company,False
Rolex Datejust Ref.1601 Two-Tone Sigma Dial B+P,Rolex,8900,https://awco.nl/shop/type-of-watches/sports-tool/rolex-datejust-ref-1601-two-tone-sigma-dial/,https://awco.nl/wp-content/uploads/2026/07/Rolex-44378712-1-scaled.jpg,"Here we have an interesting Rolex 1601 bicolor, better known as the two-tone Datejust. Of course, it’s a true classic: the famous 1601 with its 36 mm case, detailed pie-pan dial, and iconic fluted bezel. While we have had quite a collection of steel and gold Datejusts, this 1601 stands out a little more because it features rose gold, which is much rarer to find on the 1601 reference. The beautiful warm tone of the rose gold pairs perfectly with the stainless steel bracelet and the bright champag",Amsterdam Watch Company,False
Omega Renaissance 1894 Limited Edition 18k Rosegold Ref.5950 B&P,Omega,8490,https://awco.nl/shop/type-of-watches/dress/omega-renaissance-1894-limited-edition-18k-rosegold-ref-5950-bp/,https://awco.nl/wp-content/uploads/2026/07/Omega-44378867-1-scaled.jpg,"Introducing the Omega re-edition Renaissance 1894 Limited Edition, a 36mm manual-winding masterpiece in 18K rose gold. The transparent case back reveals the beauty within, complemented by an elegant chestnut brown dial with dot and Roman numeral markers. Blued hands and a small seconds sub-dial at 6 o’clock add refinement. Limited to 1894 pieces, this exclusive watch comes gold tang buckle, marrying tradition and innovation in a timeless design. Numbered 86/1894, it epitomizes Omega’s commitment",Amsterdam Watch Company,False
JLC Reverso Grand Taille Ref.270.5.62 B+P+SP,Jaeger-LeCoultre,6900,https://awco.nl/shop/type-of-watches/dress/jlc-reverso-grand-taille-ref-270-5-62-sp/,https://awco.nl/wp-content/uploads/2026/07/JLC-44378805-1-scaled.jpg,"Few watches are as instantly recognisable as the Jaeger-LeCoultre Reverso. Originally introduced in 1931 for British polo players in India, its ingenious reversible case was designed to protect the dial during matches. Over the decades, the Reverso has evolved into one of the most enduring icons of Art Deco design, combining technical ingenuity with timeless elegance. This Reverso Grand Taille, reference 270.5.62, features the classic stainless steel and yellow gold case, offering a refined bala",Amsterdam Watch Company,False
Rolex Geneve Ref.3514,Rolex,4150,https://awco.nl/shop/type-of-watches/dress/rolex-geneve-ref-3514/,https://awco.nl/wp-content/uploads/2026/07/Rolex-44378800-1-scaled.jpg,"If a Submariner is Rolex in workwear, this is Rolex in a dinner jacket. Dating to circa 1962, this Ref. 3514 shows a side of the Crown that is easy to forget exists. The dial is very simple with no date, no seconds and no model name. For Rolex, that amount of empty space feels almost rebellious. The case does the rest. Its soft round case gives a very elegant early-sixties presence. White gold makes the whole thing even more discreet; from across the room there is very little to suggest you are ",Amsterdam Watch Company,False
Longines Tank 14k yellow Gold,Longines,2990,https://awco.nl/shop/type-of-watches/dress/longines-tank-14k-yellow-gold/,https://awco.nl/wp-content/uploads/2026/07/Longines-44378814-1-scaled.jpg,"Long before the DolceVita, Longines already knew its way around a rectangle. Dating to circa 1948, this Longines Tank carries the geometry of the Art Deco era neatly into the post-war years. The case is executed in 14k yellow gold, with stepped shoulders and strong straight lines giving the watch considerably more presence than its elegant proportions might suggest. The silver dial has aged with plenty of personality. Arabic numerals at twelve, three and nine are mixed with smaller hour markers,",Amsterdam Watch Company,False
Rolex Datejust Turn-O-Graph Ref. 1625,Rolex,6950,https://awco.nl/shop/vintage-watches/rolex-datejust-turn-o-graph-ref-1625/,https://awco.nl/wp-content/uploads/2026/07/Rolex-44378859-1-scaled.jpg,"A Datejust with something to do. Dating to 1971, this Rolex Turn-O-Graph Ref. 1625 takes the familiar 36 mm Datejust formula and gives it a useful twist. Instead of the usual fluted bezel, there is a bidirectional 60-minute timing bezel, turning an otherwise elegant silver-dial Rolex into something halfway between dress watch and tool watch. The silver dial keeps the Datejust side beautifully intact. Applied baton markers, slim hands and the Cyclops date at three make the layout instantly famili",Amsterdam Watch Company,False
Rolex Datejust Ref.1600 Bicolor,Rolex,7590,https://awco.nl/shop/vintage-watches/rolex-datejust-ref-1600-bicolor-2/,https://awco.nl/wp-content/uploads/2026/04/Rolex-44378510-1-scaled.jpg,"Rolex Datejust Ref. 1600 Bicolor , timeless elegance from 1971. The Rolex Datejust Ref. 1600 Bicolor from 1971 is a perfect example of what has made Rolex legendary: precision, durability, and a style that transcends generations. Crafted in Rolesor, the iconic blend of stainless steel and yellow gold, this watch embodies the ideal balance between luxury and everyday functionality. The grey dial with golden hour markers and hands gives this model a refined, contemporary look. Its subtle contrast ",Amsterdam Watch Company,False
Rolex Date black dial. Ref. 1500,Rolex,5450,https://awco.nl/shop/vintage-watches/rolex-date-black-dial-ref-1500/,https://awco.nl/wp-content/uploads/2026/07/Rolex-44378832-1-scaled.jpg,"This Oyster Perpetual Date Ref. 1500 dates to 1976 and measures 34 mm, but the dark dial gives it a sharper presence than the dimensions might suggest. It is still restrained, still very much an everyday Rolex, only with a little more contrast than the silver and champagne versions usually associated with the reference. Applied baton markers and slim hands sit neatly against the black surface, with the date enlarged beneath the Cyclops at three o’clock. There is no decorative pattern or unnecess",Amsterdam Watch Company,False
Cartier Tank Anglaise PM Ref.3485 SP+SB,Cartier,4450,https://awco.nl/shop/type-of-watches/dress/cartier-tank-anglaise-pm-spsb/,https://awco.nl/wp-content/uploads/2026/07/Cartier-44378798-1-scaled.jpg,"The crown is usually one of the easiest parts of a Cartier to spot. Here, Cartier decided to hide it. Introduced in 2012, the Tank Anglaise was a new take on a the famous design. This Ref. 3485 comes from that first period and combines stainless steel with warm rose-gold details, including the centre links running through its integrated bracelet. The dial stays typical Cartier: silver-white, black Roman numerals, a chemin-de-fer minute track and blued sword hands. No date, no seconds hand, very ",Amsterdam Watch Company,False
Omega Speedmaster professional Ref.145.012-67 DON-321,Omega Speedmaster,9900,https://awco.nl/shop/type-of-watches/sports-tool/omega-speedmaster-professional/,https://awco.nl/wp-content/uploads/2026/07/Omega-44378823-1-scaled.jpg,"This beautiful and iconic Omega Speedmaster comes from the final series to feature the legendary calibre 321 movement. The stepped dial displays the correct long indices, which have developed an attractive warm yellow patina over the years. The lume on the hour, minute, and central chronograph seconds hands has aged beautifully and matches the dial plots perfectly. The dial features the correct applied Omega logo and the three-line “Professional” text, while the bezel is the correct “dot over 90",Amsterdam Watch Company,False
Rolex Datejust Ref.1601 Wide Boy,Rolex,7650,https://awco.nl/shop/type-of-watches/sports-tool/rolex-datejust-ref-1601-wide-boy/,https://awco.nl/wp-content/uploads/2026/07/Rolex-44378565-1-scaled.jpg,"The nickname is not particularly elegant. The watch certainly is. This Rolex Datejust Ref. 1601 dates to 1971 and carries one of those small details that can turn an otherwise familiar Datejust into something collectors start looking for. The so-called ‘Wide Boy’ dial uses noticeably broader hour markers and a matching wider handset, giving the classic Datejust face a stronger, distinctly seventies look. Here, that dial comes in a warm gold tone that works beautifully with the yellow gold fluted",Amsterdam Watch Company,False
Cartier Arrondie gm Paris dial + Box,Cartier,11900,https://awco.nl/shop/type-of-watches/dress/cartier-arrondie-gm-paris-dial/,https://awco.nl/wp-content/uploads/2026/07/Cartier-44378885-1-scaled.jpg,"Cartier took the familiar Tank, softened its corners and ended up with something far more rarer than your average Tank. This Cartier Arrondie GM dates to circa 1979 and belongs to one of the more interesting corners of the Tank family. Its 18k yellow gold case trades the Tank’s usual straight architecture for rounded brancards and a gently curved outline, sitting somewhere between a rectangle and an ellipse. The result is unmistakably Cartier, but not one you encounter every day. The white dial ",Amsterdam Watch Company,False
IWC automatic dresswatch,IWC,4290,https://awco.nl/shop/type-of-watches/dress/iwc-automatic-dresswatch/,https://awco.nl/wp-content/uploads/2026/07/IWC-44378837-1-scaled.jpg,"IWC Schaffhausen 18K Gold Automatic – 1970s Founded in 1868, IWC Schaffhausen has built a reputation for combining Swiss watchmaking craftsmanship with technical innovation and understated design. Throughout the decades, the brand has produced elegant timepieces that have stood the test of time. Here we have a classic IWC dress watch in 18k yellow gold, dating from the 1970s. With its elegant 35 mm case, this was considered a standard men’s size at the time. Even today, we believe these proporti",Amsterdam Watch Company,False
Rolex Precision Chameleon,Rolex,4750,https://awco.nl/shop/type-of-watches/dress/rolex-precision-chameleon/,https://awco.nl/wp-content/uploads/2026/07/Rolex-44378665-6-scaled.jpg,"Long before changing your watch strap became something you do in a matter of seconds, Rolex sold a watch with its own wardrobe. This Rolex Precision Chameleon dates to circa 1968 and is one of the more playful creations to come from the Crown. Measuring just 16 x 23 mm, its 18k white-gold case stretches into an elegant almond-like shape, finished with fine radiating lines that make the metal catch the light almost like a piece of jewellery. The dial is tiny and wonderfully calm. A silver-white s",Amsterdam Watch Company,False
Ulysse Nardin San Marco Ref.5982 133.77.9 + papers,Ulysse Nardin,4750,https://awco.nl/shop/type-of-watches/dress/ulysse-nardin-san-marco-ref-5982-133-77-9-papers/,https://awco.nl/wp-content/uploads/2026/07/Ulysse-44378521-1-scaled.jpg,"Blue can be a dangerous colour on a watch dial. Get it right, though, and you end up with something like this. Dating to circa 1988, this Ulysse Nardin San Marco Ref. 133.77.9 pairs a 36 mm steel case with a deep blue enamel dial that changes with the light. The patterned surface underneath gives the colour real depth, moving from almost electric blue to something much darker depending on the angle and light. The layout is nicely restrained around all that colour. Roman numerals at twelve, six a",Amsterdam Watch Company,False
Ulysse Nardin Tapestry Dial,Ulysse Nardin,3200,https://awco.nl/shop/vintage-watches/ulysse-nardin-tapestry-dial/,https://awco.nl/wp-content/uploads/2026/07/Ulysse-44378793-2-scaled.jpg,"A pinstripe suit, only considerably smaller. Dating to circa 1958, this Ulysse Nardin Ref. 678318 is built around a wonderfully textured silver dial. Fine vertical lines run across the surface, giving an otherwise restrained 34 mm dress watch more depth once the light starts moving over it. The gold details do the rest. Applied Arabic numerals and markers are joined by matching hands, bringing a warm contrast to the cool steel case. There is no date and very little text beyond the Ulysse Nardin ",Amsterdam Watch Company,False
Rolex Datejust Two tone Ref.16233,Rolex,7790,https://awco.nl/shop/type-of-watches/sports-tool/rolex-datejust-two-tone-ref-16233/,https://awco.nl/wp-content/uploads/2026/07/Rolex-44378786-1-scaled.jpg,"Here we have the classic Rolex Datejust reference 16233 in the iconic bi-colour, or two-tone, combination of stainless steel and yellow gold a timeless configuration that has defined the Datejust for generations. The dial offers a slightly more contemporary look. Produced in 1989, this example features applied gold Roman numerals instead of the traditional baton hour markers, giving the watch a touch of extra elegance while preserving the unmistakable character of the Datejust. The warm tones of",Amsterdam Watch Company,False
Omega Suveran Ref.2400-5,Omega,2990,https://awco.nl/shop/type-of-watches/dress/omega-suveran-ref-2400-5/,https://awco.nl/wp-content/uploads/2026/07/Omega-44377626-1-scaled.jpg,"Are you down for a short course Swedish wartime history? Alright, but we’ll still make it a bit Omega. This Omega Suveran Ref. 2400-5 is one of three in our collection, dates to 1944 and has the kind of presence that makes vintage watches so much more than just nice old objects. At 34 mm, the steel case wears with real period charm: compact by modern standards, but purposeful, balanced and very much built for use. The black dial gives this example its character. The aged Arabic numerals, small s",Amsterdam Watch Company,False
Cartier Ellipse SM Ref.67080,Cartier,5900,https://awco.nl/shop/type-of-watches/dress/cartier-ellipse-sm-ref-67080/,https://awco.nl/wp-content/uploads/2026/07/Cartier-44378755-1-scaled.jpg,The story behind this watch will follow later.,Amsterdam Watch Company,False
Patek Philippe Calatrava ‘beyer’ Ref.3520 D SB+SP,Patek Philippe,11990,https://awco.nl/shop/type-of-watches/dress/patek-philippe-calatrava-beyer-ref-3520-d/,https://awco.nl/wp-content/uploads/2026/07/Patek-44378625-1-scaled.jpg,"Some signatures take up only five letters on a dial and still manage to change the whole watch. This Patek Philippe Calatrava Ref. 3520D dates to circa 1980 and carries the name Beyer just above six o’clock. The Zurich retailer has one of the longest and most important relationships with Patek Philippe, making that discreet second signature considerably more interesting than its size suggests. The watch itself is wonderfully restrained. A 33 mm case in 18k white gold surrounds a clean white dial",Amsterdam Watch Company,False
Rolex lady Datejust Ref. 6917,Rolex,9800,https://awco.nl/shop/type-of-watches/ladies/rolex-lady-datejust-ref-6917/,https://awco.nl/wp-content/uploads/2026/07/Rolex-44378611-1-scaled.jpg,"This is a magnificent addition to the collection, perfectly capturing the atmosphere, experience, and expertise of Amsterdam Watch Company: The Masterpiece of Nature: Rolex Lady-Datejust Ref. 6917 ‘Malachite’ (1975) In the world of vintage Rolex, there are watches that simply tell time, and there are watches that embody pure art history. This 1975 Rolex Lady-Datejust reference 6917 belongs firmly to the latter. It represents the ultimate synergy between high-end horology and the raw, organic bea",Amsterdam Watch Company,False
Patek Philippe Ellipse Ref. 4172 + SP,Patek Philippe,11900,https://awco.nl/shop/vintage-watches/patek-philippe-ellipse-ref-4172/,https://awco.nl/wp-content/uploads/2026/07/Patek-44378481-1-scaled.jpg,"Not quite round, not quite square. Exactly the point. This Patek Philippe Ellipse Ref. 4172 comes from the 1970s, a period when Patek allowed itself to play a little more with shape. The result is still elegant, still restrained, but far less predictable than a traditional dress watch. The 18k yellow gold case has a soft cushion-like profile, with rounded edges and a warm champagne dial sitting neatly inside. It is small at 24 mm, but the shape gives it real presence. More design object than pla",Amsterdam Watch Company,False
Cartier Ellipse PM Ref. 67081,Cartier,5900,https://awco.nl/shop/vintage-watches/cartier-ellipse-pm-ref-67081/,https://awco.nl/wp-content/uploads/2026/07/Cartier-44378780-1-scaled.jpg,"Small, oval, gold, and very much Cartier. This Cartier Ellipse PM Ref. 67081 dates to 1981 and measures 26 mm, but the shape gives it more presence than the size suggests. The 18k yellow gold case has a soft oval profile with a stepped construction adding to its wrist presence whilst also making it feel like a tiny design object for the wrist. The dial is classic Cartier, just in a less obvious case shape. More importantly; below the six o’clock sits the Paris signature, a small but lovely colle",Amsterdam Watch Company,False
Rolex Day-Date Ref. 18038 Factory-Set Diamond Dial.,Rolex,17990,https://awco.nl/shop/vintage-watches/rolex-day-date-ref-18038-factory-set-diamond-dial/,https://awco.nl/wp-content/uploads/2026/07/Rolex-44378606-1-scaled.jpg,"Diamonds are forever and nowhere is that more true than on a timeless Rolex Day-Date Ref. 18038. Since its introduction in 1956, the Rolex Day-Date has become one of the world’s most iconic luxury watches and remains one of the strongest pillars of the Rolex collection. When people think of luxury watches, Rolex is often the first name that comes to mind. And when they picture a solid gold watch, chances are they are thinking of the legendary Day-Date. Clean, elegant, and built to the highest st",Amsterdam Watch Company,False
Rolex Lady Tri-Dor Ref. 69179 B+P,Rolex,12900,https://awco.nl/shop/vintage-watches/rolex-lady-tri-dor-ref-69179-bp/,https://awco.nl/wp-content/uploads/2026/07/Rolex-44378776-1-scaled.jpg,"Here we have a rare Rolex Lady-Datejust Tri-Dor, one of the most exclusive Lady-Datejust models ever produced. The Tri-Dor was a special release and is unique for its combination of 18k yellow, white, and rose gold, making it the only full-gold Lady-Datejust to feature all three shades of gold. This beautiful combination gives the watch a distinctive and elegant appearance. This luxurious timepiece features the Jubilee dial, with the iconic Rolex name artistically engraved across the dial. The h",Amsterdam Watch Company,False
IWC C-shape Ref.1827 Blue dial,IWC,3210,https://awco.nl/shop/vintage-watches/iwc-c-shape-ref-1827-blue-dial/,https://awco.nl/wp-content/uploads/2026/07/IWC-44378650-1-scaled.jpg,,Amsterdam Watch Company,False
Patek Philippe Calatrava 18k WG Ref. 7119 + SP,Patek Philippe,11900,https://awco.nl/shop/vintage-watches/patek-philippe-calatrava-18k-wg-ref-7119-sp/,https://awco.nl/wp-content/uploads/2026/06/Patek-44378758-1-scaled.jpg,"This Patek Philippe Calatrava Ref. 7119 is proof that small, quiet watches can still have plenty to say. Made in 18k white gold and dating to 2013, it has that crisp Calatrava elegance, but with a little extra ‘Clous de Paris’ texture around the edges. The first thing that gives it away is the bezel. It is a very Patek kind of decoration: precise, restrained and best appreciated up close. The dial keeps things classic. Black Roman numerals, slim black hands and a small seconds display at six o’c",Amsterdam Watch Company,False
Cartier Santos Dumont Ref. 78098,Cartier,8450,https://awco.nl/shop/vintage-watches/cartier-santos-dumont-ref-78098/,https://awco.nl/wp-content/uploads/2026/06/Cartier-44378757-1-scaled.jpg,"Small Santos, big Cartier energy. This Santos Dumont Ref. 78098 takes one of the great origin stories in watch design and shrinks it down to a wonderfully charming 20 mm case. Made in 18k yellow gold and dating to 1995, it is small, slim and unmistakably Cartier from the very first glance. The formula is beautifully simple. A square gold case, visible screws, white dial, black Roman numerals and blued hands. Nothing here feels accidental. The design is graphic and elegant, but the size gives it ",Amsterdam Watch Company,False
Patek Philippe Pagoda Ref. 5500 B+P,Patek Philippe,25450,https://awco.nl/shop/vintage-watches/patek-philippe-pagoda-ref-5500-bp-2/,https://awco.nl/wp-content/uploads/2025/12/Patek-44378388-1-scaled.jpg,"We proudly present this Patek Philippe Pagoda as one of the most special pieces in our collection at the moment. In 1997, the house of Patek Philippe released a special limited-edition watch to commemorate the opening of its new watchmaking facilities in Geneva. Constructed with a flared rectangular case in the form of a multi-tiered tower with eaves, it was accordingly named the “Pagoda” and given the reference number 5500. Only 2,000 pieces were produced in total: 1,100 in yellow gold, 500 in ",Amsterdam Watch Company,False
Rolex datejust Ref.1603,Rolex,7250,https://awco.nl/shop/type-of-watches/dress/rolex-datejust-ref-1603-7/,https://awco.nl/wp-content/uploads/2026/06/Rolex-44378508-1-scaled.jpg,"The Datejust is undoubtedly one of Rolex’s most successful and best-selling models, both in the modern era and in the vintage market. It simply offers everything you could want from a watch. First of all, there is the iconic Rolex Oyster case, which was a remarkable innovation when it was introduced, making the watch resistant to dust and water. Although this reference 1603 from 1973 can no longer be considered waterproof by modern standards, it remains the perfect daily companion. The reference",Amsterdam Watch Company,False
Omega Constellation Ref. 5680019,Omega,2190,https://awco.nl/shop/type-of-watches/dress/omega-constellation-ref-5680019/,https://awco.nl/wp-content/uploads/2026/06/Omega-44378773-1-scaled.jpg,"Twenty-five millimetres of chronometer ambition. This Omega Constellation Ref. 568.0019 dates to circa 1970, and although the proportions are petite, there is nothing particularly modest about what Omega was trying to achieve here. The Constellation was the brand’s prestige chronometer line, and this little steel example carries that same precision-first philosophy in a much more compact package. The silver-grey dial is wonderfully crisp. Applied baton markers give the layout some depth, a frame",Amsterdam Watch Company,False
Rolex Datejust Ref.16014,Rolex,6750,https://awco.nl/shop/type-of-watches/dress/rolex-datejust-ref-16014-7/,https://awco.nl/wp-content/uploads/2026/06/Rolex-44378548-1-scaled.jpg,"A classic Rolex Datejust from the 1980s, the ref. 16014 is a watch many enthusiasts start with and often end with. Its 36 mm case offers timeless proportions, while the combination of stainless steel and a white gold fluted bezel delivers the perfect balance between sporty and elegant. Powered by the reliable automatic movement with quickset date functionality, the 16014 allows for easy and practical time adjustment. The classic silver dial paired with warmly aged tritium lume gives each piece a",Amsterdam Watch Company,False
Omega Constellation Ref. 168.004,Omega,3450,https://awco.nl/shop/type-of-watches/dress/omega-constellation-ref-168-004/,https://awco.nl/wp-content/uploads/2026/06/Omega-44378763-1-scaled.jpg,"In 1952, Omega unveiled the Constellation line ,a tribute to precision and timeless craftsmanship. Each piece carried the spirit of the stars, symbolized by the delicate constellation on its dial and the observatory emblem engraved on its back, marking Omega’s triumphs in accuracy. Among these celestial creations, one watch stands out: a vintage masterpiece with a dark grey sunburst dial that catches the light like twilight over a calm sea. Its silver indexes gleam softly, and the date window at",Amsterdam Watch Company,False
Omega Suveran Ref.2400-7,Omega,2980,https://awco.nl/shop/type-of-watches/dress/omega-suveran-ref-2400-7/,https://awco.nl/wp-content/uploads/2026/06/omega-44377621-1.jpg,"Are you down for a short course Swedish wartime history? Alright, but we’ll still make it a bit Omega. This Omega Suveran Ref. 2400-7 is one of three in our collection, dates to 1944 and has the kind of presence that makes vintage watches so much more than just nice old objects. At 34 mm, the steel case wears with real period charm: compact by modern standards, but purposeful, balanced and very much built for use. The black dial gives this example its character. The aged Arabic numerals, small s",Amsterdam Watch Company,False
Patek Philippe “Twenty-4” Ref.4910/10A-010 B+P+SP 2026,Patek Philippe,10900,https://awco.nl/shop/type-of-watches/ladies/patek-philippe-twenty-4-ref-4910-10a-010/,https://awco.nl/wp-content/uploads/2026/06/Patek-44378723-1-scaled.jpg,"Patek Philippe launched the Twenty-4 with a rather fitting question: “Who will you be in the next 24 hours?” This 2006 example still makes a convincing case for keeping the options open. The Ref. 4910/10A-010 belongs to the original cuff-style generation introduced in 1999 as Patek Philippe’s first collection created exclusively for women. Its gently curved rectangular case flows directly into the steel bracelet, creating a watch that wears more like a piece of jewellery than a conventional watc",Amsterdam Watch Company,False
Jaeger leCoultre grand taille Ref. 273.2.04 B+P+SP,Jaeger-LeCoultre,14900,https://awco.nl/shop/type-of-watches/dress/jaeger-lecoultre-grand-taille-ref-273-2-04/,https://awco.nl/wp-content/uploads/2026/06/JLC-44378697-1-scaled.jpg,The story behind this watch will follow later.,Amsterdam Watch Company,False
Corum Admirals Cup Ref. 56111,Corum,2390,https://awco.nl/shop/vintage-watches/corum-admirals-cup-ref-56111/,https://awco.nl/wp-content/uploads/2026/06/Corum-44378789-1-scaled.jpg,"Before the Admiral’s Cup became what we now associate it with (all nautical flags and twelve-sided cases), it looked a little more unexpected. This Corum Admiral’s Cup Ref. 56111 dates to 1981 and comes in a 30 x 30 mm stainless steel case. Square, slim and slightly offbeat, it feels more like a small design object than a typical sports watch. The silver dial keeps things clean, with slim hands, the Corum signature and text running around the edge of the dial. That detail gives the watch a graph",Amsterdam Watch Company,False
Rolex Airking Ref.5500,Rolex,5500,https://awco.nl/shop/vintage-watches/rolex-airking-ref-5500/,https://awco.nl/wp-content/uploads/2026/06/Rolex-44377964-1-1-scaled.jpg,"The joy of a vintage Air-King is that it does not try to impress you too quickly. This Rolex Air-King Ref. 5500 from 1974 is clean, compact and quietly confident, exactly the kind of Rolex that becomes better the more you wear it. At 34 mm, the steel Oyster case sits neatly on the wrist, with a smooth bezel and acrylic crystal giving it that soft vintage profile. The steel bracelet keeps the watch practical and easy, while the whole design stays beautifully understated. No rotating bezel, no dat",Amsterdam Watch Company,False
Cartier VLC Ronde GM. Ref.13651,Cartier,3490,https://awco.nl/shop/vintage-watches/cartier-vlc-rond-gm-ref-13651/,https://awco.nl/wp-content/uploads/2026/06/Cartier-44378749-1-scaled.jpg,"This Cartier VLC Rond GM Ref. 13651 is Cartier in a slightly softer mood. Round case, Roman numerals, blue hands and a little two-tone charm. Nothing too complicated, just a very wearable Cartier with enough detail to keep things interesting. Dating to circa 1990 and measuring 30 mm, this example sits nicely between dressy and everyday. The gold and steel combination gives the watch a bit of warmth without making it feel too precious, while the rounded case shape keeps everything gentle and eleg",Amsterdam Watch Company,False
Patek Philippe Carre 18k rose gold Ref. 3406,Patek Philippe,11900,https://awco.nl/shop/vintage-watches/patek-philippe-carre-18k-rose-gold-ref-3406/,https://awco.nl/wp-content/uploads/2026/06/Patek-44378716-1-scaled.jpg,"Here we have an interesting and uncommon model from one of the world’s most prestigious watchmakers, Patek Philippe. The Ref. 3406 is a distinctive timepiece that offers a refreshing alternative to the classic round dress watch. Produced from the late 1950s through the mid-1960s, the Ref. 3406 showcases Patek Philippe’s ability to combine elegance with innovative design. While rectangular and square watches were certainly not uncommon during the era, the 3406 stands out thanks to its well-balanc",Amsterdam Watch Company,False
Rolex Datejust Ref. 1601,Rolex,6450,https://awco.nl/shop/vintage-watches/rolex-datejust-ref-1601-34/,https://awco.nl/wp-content/uploads/2026/06/Rolex-44378511-1-scaled.jpg,"The Rolex Datejust Ref. 1601 embodies classic watchmaking at its finest. From the white gold fluted bezel to the pie-pan dial and the reliable caliber 1570 movement, every detail exudes vintage charm. Paired with the folded Jubilee bracelet, this timepiece offers a timeless design that has stood the test of time. The silver dial further enhances its clean, understated look, making it an enduring symbol of Rolex’s craftsmanship and legacy. It’s a watch that speaks for itself, combining style and ",Amsterdam Watch Company,False
Ulysse Nardin San Marco 18k. green enamel dial Ref. 131.779.,Ulysse Nardin,8900,https://awco.nl/shop/vintage-watches/ulysse-nardin-san-marco-18k-green-enamel-dial-ref-131-779/,https://awco.nl/wp-content/uploads/2026/06/Ulysse-44378760-1-scaled.jpg,"Green enamel, yellow gold and a winged lion on the back. This Ulysse Nardin San Marco Ref. 131779 is not exactly trying to be your average dress watch, and that is very much the point. Dating to 1995 and measuring 37 mm, this San Marco has a warm 18k yellow gold case with a wonderfully elegant profile. The long, flowing lugs give the watch a slightly more dressed-up character, while the green leather strap keeps the whole thing rich, playful and just a little unexpected. The dial is where the wa",Amsterdam Watch Company,False
Rolex Date 18k Ref.1500,Rolex,7900,https://awco.nl/shop/vintage-watches/rolex-date-18k-ref-1500-2/,https://awco.nl/wp-content/uploads/2026/06/Rolex-44378570-1-scaled.jpg,"Gold Rolex, but make it easy. This Rolex Date Ref. 1500 from 1966 has all the warmth you want from an 18k yellow gold vintage Rolex, without turning into a big statement piece. At 34 mm, it sits neatly on the wrist: compact, elegant and quietly full of character. The champagne dial keeps everything beautifully tone-on-tone. Applied gold baton markers, slim gold hands and the date at three o’clock beneath the Cyclops give it that familiar Rolex rhythm, while the acrylic crystal adds the soft vint",Amsterdam Watch Company,False
Cartier Gastube Necklace 18K + 1.20k Diamond,Cartier,11500,https://awco.nl/shop/vintage-watches/cartier-gastube-necklace-18k-1-20k-diamond/,https://awco.nl/wp-content/uploads/2026/06/Cartier-44378807-5-scaled.jpg,"Every now and then, something you might not expect from us: a little less wrist, a little more neckline. This Cartier Gastube necklace from 1992 is exactly the kind of piece that reminds you Cartier is not just a watch name in our window. Made in 18k yellow gold and weighing around 50 grams, it has that wonderful mix of jewellery presence and everyday elegance Cartier does so well. The construction is the first thing you notice. The necklace has a flexible gas-tube style design, built from close",Amsterdam Watch Company,False
Patek Philippe Calatrava Ref. 448,Patek Philippe,9800,https://awco.nl/shop/vintage-watches/patek-philippe-calatrava-ref-448/,https://awco.nl/wp-content/uploads/2026/06/Patek-44378709-1-scaled.jpg,"A small gold Patek from 1946 has very little to prove. This Patek Philippe Calatrava Ref. 448 sits in that lovely early post-war period where dress watches were still modest, careful and beautifully proportioned. At 28 mm, it is not trying to dominate the wrist. Instead, it does something far better: it draws you in. The cream dial gives the watch its warmth. It has aged with a soft, even tone that works beautifully against the gold case, while the applied numerals and markers add just enough de",Amsterdam Watch Company,False
Omega Seamaster Calendar Ref. 2849 Big logo!,Omega,3250,https://awco.nl/shop/vintage-watches/omega-seamaster-calendar-ref-2849/,https://awco.nl/wp-content/uploads/2026/06/Omega-44378770-1-scaled.jpg,"Long before the Seamaster became a Bond-ready dive watch, it looked a lot like this dress watch: elegant, compact and just a little more capable than your average dressy piece. This Omega Seamaster Calendar Ref. 2849 dates to 1958 and measures 34 mm, with a rare rose/steel case that gives the watch a lovely warm edge without making it feel overly formal. It has that early-Seamaster charm where the line still looked beautifully dressed up, but carried a more practical spirit underneath. The silve",Amsterdam Watch Company,False
Cartier Ellipse GM Ref. 78091,Cartier,7900,https://awco.nl/shop/vintage-watches/cartier-ellips-gm-ref-78091/,https://awco.nl/wp-content/uploads/2026/06/Cartier-44378714-1-scaled.jpg,,Amsterdam Watch Company,False
Cartier Santos Dumont Ref. 96054 GM,Cartier,14500,https://awco.nl/shop/vintage-watches/cartier-santos-dumont-ref-96054-2/,https://awco.nl/wp-content/uploads/2026/06/Cartier-44378753-1-scaled.jpg,"Some watches feel like they were drawn rather than engineered, and this Cartier Santos Dumont Ref. 96054 is one of them. Slim, square and made in 18k yellow gold, it has that wonderful Cartier habit of looking both perfectly composed and just a little bit glamorous. Dating to 1978 and measuring 27 mm, this Santos Dumont keeps things beautifully compact. The white dial is classic Cartier through and through, with black Roman numerals, a chemin-de-fer minute track and blued hands. Nothing feels ov",Amsterdam Watch Company,False
Rolex Date Ref.1503,Rolex,8450,https://awco.nl/shop/type-of-watches/dress/rolex-date-ref-1503-4/,https://awco.nl/wp-content/uploads/2026/05/Rolex-44378486-1-scaled.jpg,"This Rolex Date Ref. 1503 is a small golden reminder that vintage Rolex does not always need to shout. Dating to 1980 and measuring 34 mm, it sits in that very sweet spot between dress watch and everyday Oyster: compact, practical and just precious enough to make things fun. Here at AWCO we think the charm is in the warmth. The 18k yellow gold case, fluted bezel and matching gold dial give the watch a lovely golden glow, while the brown leather strap keeps it relaxed and easy to wear. It is not ",Amsterdam Watch Company,False
IWC Calatrava Ref.1338787,IWC,3890,https://awco.nl/shop/type-of-watches/dress/iwc-calatrava-ref-1338787/,https://awco.nl/wp-content/uploads/2026/05/IWC-44378666-1-scaled.jpg,"Here we present this IWC Calatrava Ref. 1338787 is a wonderfully elegant dress watch from 1955, the kind of piece that reminds you how good a simple round watch can be. Measuring 34 mm and made in 18k yellow gold, it has that classic mid-century balance: slim, warm and quietly confident. Here at AWCO we think the charm is in the simplicity. The silver dial keeps things beautifully calm, with applied gold baton markers, slim dauphine-style hands and no date to disturb the symmetry. There is just ",Amsterdam Watch Company,False
Cartier Santos Carrée Automatique Ref. 2960,Cartier,11900,https://awco.nl/shop/type-of-watches/dress/cartier-santos-carree-automatique-ref-2960/,https://awco.nl/wp-content/uploads/2026/05/Cartier-44378715-1-scaled.jpg,"This Cartier Santos Carrée Automatique Ref. 2960 is one of those watches that shows just how much character Cartier manages to put into a square case. Dating to circa 1985 and measuring 29 x 29 mm, it has that distinct geometry of the Santos, but in solid 18k yellow gold it becomes warmer, richer and a little more dressed up. Here at AWCO we think the charm is in the contrast. The Santos began life as a practical wristwatch for aviation, created by Louis Cartier for Alberto Santos-Dumont in 1904",Amsterdam Watch Company,False
Cartier Tank Américaine Ref.W2600951,Cartier,8950,https://awco.nl/shop/type-of-watches/dress/cartier-tank-americaine-2/,https://awco.nl/wp-content/uploads/2026/05/Cartier-44378648-1-scaled.jpg,"This Cartier Tank Américaine Ref. W2600951 is a beautifully elegant take on one of Cartier’s great shapes. Made in 18k yellow gold and measuring 23 x 31 mm, it has the elongated presence of a Tank, but with the soft curve that makes the Américaine sit so well on the wrist. Here at AWCO we think the charm is in the shape. The case is slim, warm and slightly curved, with brushed and polished yellow gold surfaces that give the watch a quiet richness from every angle. It feels unmistakably Cartier: ",Amsterdam Watch Company,False
IWC Classic,IWC,3450,https://awco.nl/shop/type-of-watches/dress/iwc-classic/,https://awco.nl/wp-content/uploads/2026/05/IWC-44378655-1-scaled.jpg,"This IWC Classic Ref. 818AD is a wonderfully clean dress watch from a period when IWC did restrained elegance very well. Dating to 1972 and measuring 35 mm, it has that slim, confident vintage profile that feels formal without becoming too precious. Here at AWCO we think the charm is in the dial. The white dial is beautifully crisp, with black Roman numerals, a fine minute track and slender hands that keep the whole design calm and balanced. There is no date, no unnecessary detail and nothing tr",Amsterdam Watch Company,False
Rolex Day-Date 18k WG Ref. 18349,Rolex,24900,https://awco.nl/shop/vintage-watches/rolex-day-date-18k-wg-ref-18349/,https://awco.nl/wp-content/uploads/2026/05/Rolex-44378691-1-scaled.jpg,"This Rolex Day-Date Ref. 18349 is the kind of watch that does not need much introduction, but still manages to feel rather special when you look a little closer. Executed in 18k white gold and measuring 36 mm, it has all the classic Day-Date presence, with a cooler and slightly more understated character than its yellow gold siblings. Here at AWCO we think the balance is what makes this piece so charming. The silver dial keeps the watch clean and elegant, while the diamond-set hour markers and f",Amsterdam Watch Company,False
Rolex Day-Date Bark Ref. 1807,Rolex,12990,https://awco.nl/shop/vintage-watches/rolex-18k-yellow-gold-day-date-florentine-ref-1807/,https://awco.nl/wp-content/uploads/2026/05/Rolex-44378690-1-scaled.jpg,"Here we present another stunner of a Rolex Day-Date/ This bark finish Ref. 1807 is a wonderfully warm take on one of Rolex’s great classics. Dating to circa 1970 and measuring 36 mm, it has that unmistakable Day-Date presence, but with a little extra texture and charm thanks to its bark-finished bezel. Here at AWCO we think the case is what gives this piece its character. The 18k yellow gold has a rich vintage glow, while the textured bezel adds a decorative frame around the champagne dial. It c",Amsterdam Watch Company,False
IWC C-shape case Blue dial. Ref.R814A,IWC,3250,https://awco.nl/shop/vintage-watches/iwc-c-shape-case-blue-dial-ref-r814a/,https://awco.nl/wp-content/uploads/2026/05/Omega-44378663-1-scaled.jpg,"A blue dial and a case shape that could only really come from the seventies. This IWC C-shape Ref. R814A dates to 1978, which was in that lovely period where a dress watch did not have to be perfectly round to be elegant. The 36 mm steel case is broad, soft and architectural at the same time, with brushed surfaces that give the watch a quietly sculptural feel. The dial brings the colour. Deep blue, clean and nicely restrained, with slim applied markers, a framed date window at three and the old ",Amsterdam Watch Company,False
Rolex Cellini Ref. 4127,Rolex,8500,https://awco.nl/shop/vintage-watches/rolex-cellini-ref-4127-2/,https://awco.nl/wp-content/uploads/2026/05/Rolex-44378692-1-scaled.jpg,"This Rolex Cellini Ref. 4127 shows the dress-watch side of Rolex that is often overshadowed by the brand’s more famous Oyster-cased tool and sport watches. Slim, formal and beautifully decorative, it is a dress watch with a very different kind of confidence. The rectangular 18k yellow gold case is framed by a finely textured bezel, giving the watch a warm architectural presence on the wrist. Its champagne dial keeps things calm and refined, with slender hands, minimalist hour markers and the Cel",Amsterdam Watch Company,False
Rolex Day-date Ref. 1803,Rolex,12490,https://awco.nl/shop/vintage-watches/rolex-day-date-ref-1803-25/,https://awco.nl/wp-content/uploads/2026/05/Rolex-44378674-1-scaled.jpg,,Amsterdam Watch Company,False
Panerai Marina 40mm Ref. PAM00048 B+P+SP,Panerai,4990,https://awco.nl/shop/vintage-watches/panerai-marina-40mm-ref-pam00048-bpsp/,https://awco.nl/wp-content/uploads/2026/05/Panerai-44378584-1-scaled.jpg,"The Luminor Marina is Panerai at its most iconic! This PAM00048, produced in 2002, represents the model in one of its desirable smaller forms: a 40mm case, sized smaller than most signature Panerai’s, making it more wearable as it is striking. Few watch brands carry a story as compelling as Panerai. Born in Florence in 1860 as a supplier of precision instruments to the Italian Navy, Panerai spent decades crafting tools for elite combat divers. Their watches are built not only to impress, but als",Amsterdam Watch Company,False
Rolex Day-Date 18108 Bark Finish / Diamonds Ref. 18038,Rolex,21250,https://awco.nl/shop/vintage-watches/rolex-day-date-18108-bark-finish-diamonds-ref-18038/,https://awco.nl/wp-content/uploads/2026/05/Rolex-44378696-1-scaled.jpg,"Yes, the Rolex Day-Date is one of the most prestigious and well-known watches from Rolex the ultimate dress watch and, for many collectors, the ultimate grail: the gold grail on the wrist. Over the years, there have been many different styles within the Day-Date line, but this reference 18038 was taken to another level in the 1980s. We have a full 18k gold Day-Date fitted with the iconic President bracelet. What makes this piece especially unique is the so-called “bark finish” on both the bracel",Amsterdam Watch Company,False
Cartier Tank Américaine Ref.1720,Cartier,7490,https://awco.nl/shop/vintage-watches/cartier-tank-americaine-ref-1720/,https://awco.nl/wp-content/uploads/2026/05/Cartier-44378701-1-scaled.jpg,,Amsterdam Watch Company,False
Jaeger-LeCoultre. Rose gold Dress Watch,Jaeger-LeCoultre,3890,https://awco.nl/shop/vintage-watches/jaeger-lecoultre-rose-gold-dress-watch/,https://awco.nl/wp-content/uploads/2026/05/JLC-44378695-1-scaled.jpg,,Amsterdam Watch Company,False
Vacheron constantin chronomètre royal 18k,Vacheron Constantin,20500,https://awco.nl/shop/vintage-watches/vacheron-constantin-chronometre-royal-18k/,https://awco.nl/wp-content/uploads/2026/04/Vacheron-44378743-1-scaled.jpg,"The Vacheron Constantin Chronomètre Royal is one of those names that carries real weight in watchmaking history. Introduced in 1907, the Chronomètre Royal was created to represent a particularly high standard of precision and reliability, and it would go on to become one of the most important names in Vacheron Constantin’s archive. This particular example, dating to 1957, shows that legacy in a far more elegant and understated form. Crafted in 18k yellow gold, this watch stands out for the calm ",Amsterdam Watch Company,False
Rolex Datejust Ref.1600 Bicolor,Rolex,7650,https://awco.nl/shop/vintage-watches/rolex-datejust-ref-1600-bicolor/,https://awco.nl/wp-content/uploads/2026/04/Rolex-44378512-1-scaled.jpg,"The Rolex Datejust reference 1600 is what we like to call the “clean” Datejust. Rolex began production of this reference around 1959–1960. While the reference 1601 features a gold fluted bezel and the 1603 comes with a steel engine-turned bezel, the 1600 is fitted with a smooth bezel giving it a very clean look with its round, solid Oyster case. We particularly love this reference on an Oyster bracelet, as it gives the watch a slightly more casual appearance. Nevertheless, the present example is",Amsterdam Watch Company,False
Patek Philippe calatrava Ref.3445,Patek Philippe,14900,https://awco.nl/shop/vintage-watches/patek-philippe-calatrava-ref-3445-3/,https://awco.nl/wp-content/uploads/2026/04/Patek-44378502-1-scaled.jpg,"The Patek Philippe Calatrava reference 3445 is one of those watches that does not need to raise its voice to make an impression. There is something incredibly satisfying about the way everything comes together here: the warm yellow gold case, the soft champagne dial, the date window, and the small seconds, all laid out with the kind of balance only Patek Philippe seems to achieve so effortlessly. What makes this piece especially attractive is that it feels both classic and quietly practical. It ",Amsterdam Watch Company,False
Rolex Daytona platinum Ref. 116506 B+P,Rolex,82500,https://awco.nl/shop/vintage-watches/rolex-daytona-platinum-ref-116506-bp/,https://awco.nl/wp-content/uploads/2026/04/Rolex-44378635-1-scaled.jpg,"Here at AWCO, we do love a good Daytona, and this platinum reference 116506 is one of the very best modern examples out there. Introduced in 2013 to mark the 50th anniversary of the Daytona, it was the first Daytona ever executed in platinum, immediately giving the model a very different kind of presence. This particular example dates to circa 2018 and comes complete with its original box and papers. What makes this piece so unmistakable is the combination of its ice-blue dial and chestnut brown",Amsterdam Watch Company,False
Rolex Cellini Ref. 4127-8 B+P,Rolex,8900,https://awco.nl/shop/vintage-watches/rolex-cellini-ref-4127-8-bp/,https://awco.nl/wp-content/uploads/2026/04/Rolex-44378608-1-scaled.jpg,"The Rolex Cellini reference 4127/8 reflects a quieter and more elegant side of Rolex. Far removed from the brand’s better-known sports watches, the Cellini line allowed Rolex to explore something more refined, more design-driven, and a little less obvious. This particular example dates to circa 1974 and comes complete with its original box and papers. What makes this piece especially appealing is its beautifully textured rectangular case. The hobnail-style bezel gives the watch depth and charact",Amsterdam Watch Company,False
Patek Philippe Ellipse double signed Gübelin Ref. 4513 +SP,Patek Philippe,14250,https://awco.nl/shop/vintage-watches/patek-philippe-ellips-double-signed-gubelin-ref-4513sp/,https://awco.nl/wp-content/uploads/2026/04/Patek-44378600-1-scaled.jpg,"The Patek Philippe Ellipse reference 4513 is already a refined and less obvious corner of the Patek Philippe world, but this example goes a step further. Dating to circa 1972, it combines the elegant oval case of the Ellipse with a diamond-set bezel and, most importantly, it has that ‘extra sauce’. In other words; a double-signed dial bearing the name Gübelin alongside Patek Philippe Genève. It is exactly that combination that makes this piece so special. Double-signed watches have long been app",Amsterdam Watch Company,False
Cartier Tank Louis 18K WG Ref. 2679 pm,Cartier,7900,https://awco.nl/shop/vintage-watches/cartier-tank-louis-18k-wg-ref-2679/,https://awco.nl/wp-content/uploads/2026/04/Cartier-44378562-1-scaled.jpg,,Amsterdam Watch Company,False
IWC Dress watch Bombay lugs 18k rose gold,IWC,3250,https://awco.nl/shop/vintage-watches/iwc-dress-watch-bombay-lugs-18k/,https://awco.nl/wp-content/uploads/2026/04/JLC-44378572-1-scaled.jpg,,Amsterdam Watch Company,False
Panerai Radiomir Ref. PAM00574 + P,Panerai,4750,https://awco.nl/shop/vintage-watches/panerai-radiomir-ref-pam00574-p/,https://awco.nl/wp-content/uploads/2026/03/Panerai-44378654-1-scaled.jpg,"The Panerai Radiomir ref. PAM00574 from 2018 is a perfect example of the brand’s classic design, offered here with its original papers. The Radiomir line traces its roots back to the early Italian naval divers, for whom Panerai created highly legible and reliable instruments. This model comes in a 42mm case, which is considered a more elegant and refined size for Panerai. While the brand is known for its larger watches, this slightly smaller case wears exceptionally well and offers a more unders",Amsterdam Watch Company,False
Omega speedmaster Ref. 145.022-84 B+P,Omega Speedmaster,7950,https://awco.nl/shop/icons/speedmaster/omega-speedmaster-ref-145-022-84-bp/,https://awco.nl/wp-content/uploads/2026/03/Omega-44378382-5-scaled.jpg,"Experience the allure of the 1980 Omega Speedmaster Professional, a watch that blends rich history with vintage elegance. This iconic timepiece features its original steel Omega bracelet, and the case remains in excellent condition. The “Professional” designation on the dial carries a significant legacy. In the 1960s, NASA conducted rigorous tests on various watches, ultimately selecting the Omega Speedmaster as the official timepiece for the Apollo missions. This achievement led to the watch be",Amsterdam Watch Company,False
Omega Speedmaster Ref.2998/3,Omega Speedmaster,24500,https://awco.nl/shop/vintage-watches/omega-speedmaster-ref-2998-3-2/,https://awco.nl/wp-content/uploads/2026/03/Omega-44378136-2-scaled.jpg,"The Omega Speedmaster Ref.2998 holds a special place in history as the first Speedmaster worn in space by Wally Schirra on the Sigma 7 mission of NASA’s Mercury Program in October 1962. Introduced in 1959 as the successor to the CK2915, the CK2998 series refined the classic Speedmaster design while adding subtle but important updates. While it bears a strong resemblance to its predecessor, the CK2998 introduced several recognizable changes, including a black bezel (ref. 2998-1 initially with a B",Amsterdam Watch Company,False
Patek Philippe Aquanaut Ref. 5168G-010 B+P,Patek Philippe,79900,https://awco.nl/shop/vintage-watches/patek-philippe-aquanaut-ref-51686-010-b-p/,https://awco.nl/wp-content/uploads/2026/03/Patek-44378656-5-scaled.jpg,"Here, at AWCO, we have always had a soft spot for a good Aquanaut, and this one gets just about everything right. The Patek Philippe Aquanaut reference 5168G-010 represents the bolder and more contemporary side of the Aquanaut line, while still preserving all the balance and characteristics that make the model so unmistakably Patek Philippe. With its 42.2 mm white gold case, rounded octagonal bezel, and integrated khaki green strap, it has real presence on the wrist, yet never feels heavy-handed",Amsterdam Watch Company,False
Cartier Tortue pearl and diamonds,Cartier,27500,https://awco.nl/shop/vintage-watches/cartier-tortue-pearl-and-diamonds/,https://awco.nl/wp-content/uploads/2025/11/Cartier-44377403-1-scaled.jpg,"Founded in 1847 in Paris by Louis-François Cartier, Cartier began as a small jewelry workshop and has since grown into one of the world’s most prestigious luxury brands, celebrated for its watches, jewelry, and accessories. The seamless combination of jewelry and watchmaking is evident in Cartier’s iconic designs. Cartier’s creations are truly unparalleled, gaining respect and admiration across generations. When we first held this piece in our hands, all we could say was “wow.” It is truly extra",Amsterdam Watch Company,False
Patek Philippe Calatrava Ref.1516,Patek Philippe,16500,https://awco.nl/shop/type-of-watches/dress/patek-philippe-calatrava-ref-1516/,https://awco.nl/wp-content/uploads/2025/04/patek-philippe-44377918-1-scaled.jpg,"If you like ’em rare, here is something that may be right up your alley! Patek Philippe dress watches are usually made out of precious metals. A few precentage of production was in 18k rose gold. To find one is then infinitely rarer still. Yet, here it is! And isn’t it stunning? Elegant and in excellent condition, this Patek Philippe Calatrava with original 18k PP buckle. The dial is a mix of small markers and applied Roman numerals on 12, 3 and 9. In the blink of an eye this time piece from 195",Amsterdam Watch Company,False
Cartier Tank Américaine Ref.2482 18k yellow gold + SP,Cartier,14500,https://awco.nl/shop/type-of-watches/dress/cartier-tank-americaine-18k-yellow-gold/,https://awco.nl/wp-content/uploads/2026/03/Cartier-44378620-1-scaled.jpg,"The Cartier Tank Américaine is one of those designs that feels instantly familiar, yet always a little more refined than expected. Introduced in the late 1980s, it brought a more elongated and gently curved shape to the Tank family, drawing clear inspiration from the earlier Tank Cintrée while giving it a slightly more modern and wearable character. In that sense, the Tank Américaine has always occupied a particularly elegant corner of the Cartier universe. This particular example is crafted in ",Amsterdam Watch Company,False
Panerai Radiomir Ref. PAM00288 B+SP,Panerai,5490,https://awco.nl/shop/type-of-watches/sports-tool/panerai-radiomir-ref-pam00288-bsp/,https://awco.nl/wp-content/uploads/2025/09/panerai-44378154-1.jpg,"The Panerai Radiomir Chronograph Ref. PAM00288 is a striking watch with a bold 45mm stainless steel cushion case. The black dial features clear Arabic numerals and two chronograph subdials, giving it a sporty yet elegant look. It’s powered by the automatic OP XII movement, based on the ETA Valjoux 7753. A nicely finished crown and pushers complete the classic Radiomir design. This watch comes fresh from service and includes its original box and service papers, making it ready to wear or add to a",Amsterdam Watch Company,False
Chopard Happy Time Ref. 207230-1001,Chopard,8900,https://awco.nl/shop/type-of-watches/dress/chopard-happy-time-ref-207230-1001/,https://awco.nl/wp-content/uploads/2025/03/chopard-44377751-1-scaled.jpg,"Some watches do more than simply tell the time , they bring joy, movement, and a touch of magic to life. The Chopard Happy Time Ref. 207230-1001, crafted around the year 2000, is one such creation: a playful and rare masterpiece in 18-karat white gold, where elegance and delight meet in perfect harmony. What immediately captures the eye is the transparent case with its fascinating “dial-within-a-dial” design. At the center floats a delicate mother-of-pearl disc, displaying the hours as if they a",Amsterdam Watch Company,False
Rolex Sea-Dweller Ref. 1665 “Great White” MK4 Dial B+P,Rolex,21500,https://awco.nl/shop/type-of-watches/sports-tool/rolex-sea-dweller-ref-1665-great-white-mk4-dial-bp/,https://awco.nl/wp-content/uploads/2025/10/rolex-44377904-1.jpg,"The Sea-Dweller story begins in the late 1960s with Rolex supporting the U.S. Navy’s SEALAB III program, developing a watch capable of withstanding saturation diving. Early prototypes laid the groundwork for the commercial dive watches that would follow, including the famous “Double Red” 1665, rated at 2,000 ft / 610 m. Following these developments, Rolex partnered with COMEX, refining the Sea-Dweller into a professional tool watch with the helium escape valve, built for extreme deep-sea conditi",Amsterdam Watch Company,False
Rolex Sea-Dweller ref.1665 B+P,Rolex,29500,https://awco.nl/shop/type-of-watches/sports-tool/rolex-sea-dweller-ref-1665-2/,https://awco.nl/wp-content/uploads/2026/02/Rolex-44378472-5-scaled.jpg,"The Rolex Sea-Dweller reference 1665 is one of those watches that speaks directly to the more uncompromising side of Rolex tool-watch history. Developed in the late 1960s in collaboration with COMEX and built on the foundations of the Submariner, the Sea-Dweller was created for professional saturation diving, with a helium escape valve and a water resistance of 610 metres. In that sense, the ref. 1665 has always stood slightly apart: less familiar than the Submariner, perhaps, but in many ways e",Amsterdam Watch Company,False
Jaeger LeCoultre Vogue NOS Ref. 9120.42,Jaeger-LeCoultre,4750,https://awco.nl/shop/type-of-watches/dress/jaeger-lecoultre-vogue-nos/,https://awco.nl/wp-content/uploads/2026/02/JLC-44378199-1-scaled.jpg,"Here we present a piece we have not come across often: the Jaeger-LeCoultre Vogue. It is one of those lesser-seen designs that quietly reflects the more elegant side of 1970s watchmaking. With its compact rectangular case, deep blue dial, and restrained overall design, this piece offers a refined alternative to the more familiar round dress watches of the period. It is a watch defined less by excess and more by proportion, colour, and detail. This particular example dates to the 1970s and is off",Amsterdam Watch Company,False
Panarai Radiomir ref.PAM 00572,Panerai,5900,https://awco.nl/shop/type-of-watches/sports-tool/panarai-radiomir-ref-pam-00572/,https://awco.nl/wp-content/uploads/2026/02/Panarai-44378585-1-scaled.jpg,"The Panerai Radiomir PAM 00572 is one of those watches that quietly refers back to the early days of Panerai. The cushion-shaped case, the wire lugs and the clean sandwich dial all remind you of the instruments that Panerai once produced for the Italian navy. With its 45 mm case the watch certainly has presence, yet the elegant Radiomir case keeps it refined on the wrist. Compared to the more robust Luminor models, the Radiomir always feels a little more classic and a little closer to the origin",Amsterdam Watch Company,False
Cartier Tank Française ref.2302,Cartier,4750,https://awco.nl/shop/type-of-watches/sports-tool/cartier-tank-francaise-ref-2302/,https://awco.nl/wp-content/uploads/2026/02/Cartier-44378522-1-scaled.jpg,The story behind this watch will follow later.,Amsterdam Watch Company,False
Chopard ref.5041-01 Genève lapis lazuli,Chopard,7900,https://awco.nl/shop/type-of-watches/dress/chopard-ref-5041-01-geneve-lapis-lazuli/,https://awco.nl/wp-content/uploads/2026/02/Chopard-44378531-1-scaled.jpg,"Chopard was founded in 1860 by Louis-Ulysse Chopard in Sonvilier, Switzerland. The company quickly gained a reputation for producing high-quality pocket watches and precision timepieces, particularly for railways and international clients. In 1963, the Scheufele family from Germany acquired Chopard. Under the leadership of Karl Scheufele III, the brand expanded internationally and strengthened its position in both fine watchmaking and high jewelry. Chopard entered modern high horology in 1996 wi",Amsterdam Watch Company,False
IWC Dress watch ref. 1215853,IWC,3250,https://awco.nl/shop/type-of-watches/dress/iwc-dress-watch-ref-1215853/,https://awco.nl/wp-content/uploads/2026/02/IWC-44378520-1-scaled.jpg,The story behind this watch will follow later.,Amsterdam Watch Company,False
Rolex Day-date Ref. 1803,Rolex,12900,https://awco.nl/shop/vintage-watches/rolex-day-date-ref-1803-23/,https://awco.nl/wp-content/uploads/2026/02/Rolex-44378487-1-scaled.jpg,"The Rolex Day-Date Ref. 1803. There are watches that tell the time, and there are watches that express who you are. The Rolex Day-Date, known worldwide as the “President,” undoubtedly belongs to the latter category. At Amsterdam Watch Company, we currently have a particularly radiant example from 1960 in our collection that proves why this model has been the gold standard for decades. Why this piece deserves your attention: The “Champagne” Patina: The dial has developed a unique, characteristic ",Amsterdam Watch Company,False
Cartier Tank Américaine Ref.2558 18k yellow gold,Cartier,12900,https://awco.nl/shop/type-of-watches/dress/cartier-tank-americaine-18k-yellow/,https://awco.nl/wp-content/uploads/2026/02/Cartier-44378282-1-scaled.jpg,"In our display case at Amsterdam Watch Company shines an icon that perfectly bridges Parisian elegance and the bold spirit of New York: the Cartier Tank Américaine. While the Tank has its roots in French Art Deco, this particular model from the 2000s exudes the energy of the American East Coast. The name “Américaine” is no coincidence. Designed in 1989 by the Cartier design team in New York, this watch completes the iconic trilogy, alongside the Tank Française (Paris) and the Tank Anglaise (Lond",Amsterdam Watch Company,False
Chopard lady 18 White gold,Chopard,8900,https://awco.nl/shop/type-of-watches/dress/chopard-lady-18-white-gold/,https://awco.nl/wp-content/uploads/2026/02/Chopard-44378479-1-scaled.jpg,"This has become a beautiful story that bridges the gap between Swiss precision and German goldsmithing, perfect for the Amsterdam Watch Company collection. The fusion of watchmaking and Haute Joaillerie: The Chopard Cushion (1975). In the world of vintage watches, there are pieces that measure time, and there are pieces that capture it. This 1975 18-karat white gold Chopard women’s watch undeniably belongs to the latter category. It is a rare find that marks the turning point when the watch defi",Amsterdam Watch Company,False
Omega Aquarella Ref. 5773.71.56 BP,Omega,6900,https://awco.nl/shop/type-of-watches/ladies/omega-aquarella-ref-5773-71-56/,https://awco.nl/wp-content/uploads/2025/09/omega-44377991-1.jpg,"Sometimes a watch comes along that defies easy categorisation and the Aquarella is precisely that sort of piece. Part of Omega’s Museum Collection celebrating the 1938 Pilot’s Watch, this unusual creation takes the substantial 40mm case of a tool watch and transforms it into something altogether more glamorous. The Aquarella was Omega’s answer to those who wanted serious horology with serious sparkle. This particular example features white diamonds set into the bezel whilst black diamonds accent",Amsterdam Watch Company,False
Omega Speedmaster ref.145.022 telemetre bezel,Omega Speedmaster,11250,https://awco.nl/shop/icons/speedmaster/omega-speedmaster-ref-145-022-telemetre-bezel/,https://awco.nl/wp-content/uploads/2026/02/Omega-4436695-1-1-scaled.jpg,"Here’s a rare one for true Speedy lovers: the 145.022 with a telemetre bezel. Everyone knows the 145.022 as the classic Moonwatch-era Speedmaster, powered by the classic Caliber 861. But this bezel makes it something really special. A telemetre isn’t just decoration it’s a vintage tool. You can measure distance based on how fast sound travels: see the flash, start the chrono, hear the sound, stop it, and the scale tells you how far it is. Lightning, artillery, anything that goes boom it’s all th",Amsterdam Watch Company,False
Omega Speedmaster professional ref.145022-69,Omega Speedmaster,10790,https://awco.nl/shop/icons/rare-finds/omega-speedmaster-professional-ref-145022-68st/,https://awco.nl/wp-content/uploads/2026/02/Omega-44378135-5-scaled.jpg,,Amsterdam Watch Company,False
Panerai ref.PAM01662 titanium B+P,Panerai,9980,https://awco.nl/shop/type-of-watches/sports-tool/panerai-ref-pam01662-titanium/,https://awco.nl/wp-content/uploads/2026/02/Panerai-44378557-1-scaled.jpg,"Panerai’s Luminor is one of the most recognizable designs in modern watchmaking, defined by its bold cushion-shaped case and signature crown-protecting bridge. This particular example, the Luminor Marina ref. PAM01662, brings that familiar design into a more contemporary setting through the use of lightweight titanium and a monochromatic grey aesthetic. The 44 mm titanium case is paired with an anthracite dial featuring luminous Arabic numerals and hour markers, a date at 3 o’clock, and small se",Amsterdam Watch Company,False
Rolex Datejust ref. 16030,Rolex,6650,https://awco.nl/shop/type-of-watches/sports-tool/rolex-datejust-silver-sunburst-dial/,https://awco.nl/wp-content/uploads/2026/01/Rolex-44378430-1-scaled.jpg,"The Rolex Datejust 16030 from 1986. In the world of vintage watches, there are icons, and then there’s the Rolex Datejust reference 16030. This particular example from 1986 marks a special era when Rolex bridged the gap between classic craftsmanship and modern convenience. The first thing that stands out about this watch is the silver sunburst dial. A sunburst finish isn’t just a color; it’s a technical masterpiece, with wafer-thin, radial lines radiating from the center to the edges. The result",Amsterdam Watch Company,False
Patek Philippe ref.3319/1 NOS,Patek Philippe,12900,https://awco.nl/shop/type-of-watches/dress/patek-philippe-nos-ladies-including-hangtag-10-brilliants-cut-diamonds/,https://awco.nl/wp-content/uploads/2026/01/Patek-44378399-6-scaled.jpg,"This is a Patek Philippe ref. 3319/1, produced circa 1960 a full 18k gold rectangular dress watch that perfectly captures the elegance of mid-century design. The watch features a small, refined case with delicate lines and a woven gold integrated bracelet, a hallmark of Patek Philippe’s style during the 1960s. The case is further enhanced with 10 brilliant-cut diamonds. Inside, the watch houses the mechanical hand-wound Caliber 13.5, beautifully finished and a testament to Patek Philippe’s craft",Amsterdam Watch Company,False
Patek Philippe Ref. 3322 B+P,Patek Philippe,11900,https://awco.nl/shop/type-of-watches/dress/patek-philippe-blue-dial-ladies-box-and-papers/,https://awco.nl/wp-content/uploads/2026/01/Patek-44378478-7-scaled.jpg,"This model features a cushion-shaped case in 18-karat yellow gold. What makes this piece special is the texture of the bezel, which flows seamlessly into the bracelet. The integrated gold mesh bracelet (also known as Milanese) is a work of art in itself. Such bracelets were often hand-woven by specialized goldsmiths like Jean-Pierre Ecoffey. The beautiful blue dial features exquisite, unique Roman numerals. Traditionally, watches feature numerals at all hours, or at the four cardinal points (XII",Amsterdam Watch Company,False
Omega Speedmaster Professional Ref. 105.012-66,Omega Speedmaster,10500,https://awco.nl/shop/type-of-watches/sports-tool/omega-speedmaster-professional-ref-105-012-66/,https://awco.nl/wp-content/uploads/2025/03/omega-speedmaster-105012-10.jpg,"In the galaxy of horology, the Omega Speedmaster Professional is nothing short of a superstar, well it is the superstar! For many watch minded people, it’s not just a watch; it’s a piece of history that journeyed to the moon and back. Read all the ins and outs about this piece in this blog post: https://awco.nl/omega-speedmaster-professional-ref-105-012/",Amsterdam Watch Company,False
Longines record 18 k white gold 10 emerald and 12 brilliant,Longines,5900,https://awco.nl/shop/type-of-watches/dress/longines-record-18-k-white-gold-10-emerald-and-12-brilliant/,https://awco.nl/wp-content/uploads/2026/01/Longines-44378483-1-scaled.jpg,"The Longines Record “High Jewelry”. In the world of horology, there are instruments that measure time, and then there are works of art that make time stand still. This Longines Record from circa 1980 undeniably belongs to the latter category. It is a rare relic from an era where the boundary between a timepiece and high-end jewelry completely dissolved. The “Record” name carries a rich history. Originally an independent Swiss manufacturer, the Record Watch Co. was acquired by Longines in 1961. T",Amsterdam Watch Company,False
Cartier Santos Galbée ref. 1565 pm,Cartier,4250,https://awco.nl/shop/type-of-watches/ladies/cartier-santos-pm-ladies-white-roman-dial/,https://awco.nl/wp-content/uploads/2026/01/Cartier-44378457-1-scaled.jpg,"The Cartier Santos Galbée PM (1995): An Icon in Sculptural Silver. In the world of luxury watches, few names are as legendary as the Cartier Santos. This particular women’s model from 1995, the Petite Modèle (PM), embodies the perfect balance between historical elegance and modern refinement. What immediately sets this model apart is the addition of the term “Galbée.” While the original Santos (the Carrée) from the 1970s was known for its flat and angular shapes, the Galbée evolution of 1987 bro",Amsterdam Watch Company,False
IWC Ref. 1222 Rare dial,IWC,9450,https://awco.nl/shop/type-of-watches/dress/iwc-ref-1222-rare-dial/,https://awco.nl/wp-content/uploads/2024/11/Vernieuwd-IWC-44377423-1-scaled.jpg,"White gold, baby! Wow, what an amazing 70’s design. This IWC ref. 1222 is a full 18k white gold watch with a beautiful white gold integrated bracelet. Just take a look at the refinement of this bracelet alone something you don’t see these days anymore. IWC did an incredible job on this watch. We’re talking about a manual watch with a caliber 171. To finish this piece of art, they paired it with a stunning and rare blue dial. We think the white gold and the blue dial give it a luxurious, yet spor",Amsterdam Watch Company,False
Omega Constellation C shape lady sigma white gold dial with diamonds,Omega,2890,https://awco.nl/shop/type-of-watches/dress/omega-constellation-c-shape-lady-sigma-white-gold-dial-with-diamonds/,https://awco.nl/wp-content/uploads/2026/01/Omega-44378471-1-scaled.jpg,"The Omega Constellation C-Shape. In 1968, a year when the world was about to change, Omega introduced a watch that perfectly balanced high jewellery with technical ingenuity. This Omega Constellation C-Shape (ref. 568.004) is more than just a timepiece; it’s tangible proof of a golden age in watch design. The Handwriting of a Legend The story begins with the case. The revolutionary “C-shape” was designed by none other than Gérald Genta. Before shocking the world with the Royal Oak, he refined th",Amsterdam Watch Company,False
Omega Speedmaster Ref.1450025 Japanese Racing Dial B+P,Omega Speedmaster,10750,https://awco.nl/shop/vintage-watches/omega-speedmaster-racing-limited-edition/,https://awco.nl/wp-content/uploads/2026/01/Omega-44378138-1-scaled.jpg,"The Omega Speedmaster Racing Limited Edition ref. 145002 is a distinctive chapter within the Speedmaster family. This model was created as a tribute to Omega’s historic racing dials from the late 1960s, combining familiar Speedmaster proportions with a more expressive, motorsport-inspired dial design. The stainless steel case retains the classic Speedmaster shape and is paired with a tachymeter bezel, reinforcing the watch’s functional, tool-watch roots. What truly sets this reference apart is t",Amsterdam Watch Company,False
Omega Speedmaster Professional Ref. 145.0022 incl. papers,Omega Speedmaster,10900,https://awco.nl/shop/type-of-watches/sports-tool/omega-speedmaster-ref-145-0022-papers/,https://awco.nl/wp-content/uploads/2024/05/omega-speedmaster-44377402-1.jpg,"3… 2… 1… Launch! In the realm of wristwatch collecting, few watches can match the Omega Speedmaster in importance and iconic status. While classics like the Rolex Daytona and the Heuer Carrera retain their place in history, the Speedmaster stands out for its unparalleled significance. This particular Speedy, reference 145.0022, dates from circa 1983 and is no ordinary watch. This bicolor model, crafted from two-tone 14-karat yellow gold and stainless steel, exudes refinement and style. The 42mm ",Amsterdam Watch Company,False
Rolex Sea-Dweller Ref. 16660 Matte Dial,Rolex,17500,https://awco.nl/shop/type-of-watches/sports-tool/rolex-sea-dweller-ref-16660-matte-dial/,https://awco.nl/wp-content/uploads/2025/02/rolex-44377789-1-2-scaled.jpg,"Triple Six, this nickname refers to the Sea-dweller with an interesting production run. This is transitional period has introduced us to some features on Rolex watches we still see today. In the early days of this production, the dials were matte. Later on, the tritium plots got the white gold surroundings (bicchierini is what the Italians call it), but still on matte dials. The last dial completed the transition since Rolex went back to the glossy black dial paint, which we still know today. He",Amsterdam Watch Company,False
Patek Philippe Ref.3550/1,Patek Philippe,13500,https://awco.nl/shop/type-of-watches/dress/patek-philippe-ref-3550-1/,https://awco.nl/wp-content/uploads/2025/11/Vernieuwd-Patek-44377313-1-scaled.jpg,"The Patek Philippe 3550/1: A white gold masterpiece of form and texture. In the world of Patek Philippe, every watch tells a story, but the Reference 3550/1 takes us back to a special turning point in history. Although the official Gondolo line wasn’t launched until 1993, the DNA of this collection has been running through the brand’s veins for decades. The 3550/1 is living proof of this: a “form watch” that breaks with the tradition of the round watch and embraces the geometry of Art Deco. Whil",Amsterdam Watch Company,False
Longines Dress Watch Ref. 8903-1,Longines,1900,https://awco.nl/shop/type-of-watches/dress/longines-dress-watch-ref-8903-1/,https://awco.nl/wp-content/uploads/2025/01/longines-44377643-1.jpg,"Maybe not for everybody the perfect watch, but we love the patina of this dial. It tells a story, the watch has been worn. Manual movement , fully serviced by one of our watchmakers. A leather strap from our collection, but we have a lot more straps. If this is the watch for you, you have can choose your own style strap. We think you will have a conversation piece on the wrist, where ever you go!",Amsterdam Watch Company,False
Cortebert Dress Watch,Other brands,2900,https://awco.nl/shop/type-of-watches/dress/cortebert-dress-watch/,https://awco.nl/wp-content/uploads/2025/01/cortebert-44377718-1.jpg,"Cortebert, not the most known brand, but do not underestimate this watch. This dress watch made in 18k yellow gold with a beautiful light champagne dial. Details of the hands and applique are designed with care. But also the inside is a bit of a thing. Cortebert adjusted the movement with caliber 700 (in-house) , and called it the Corteror, pointing to the brands name. And on top it comes with the original box….",Amsterdam Watch Company,False
Lucien Piccard Tutti Frutti 14k,Lucien Piccard,4250,https://awco.nl/shop/vintage-watches/lucien-piccard-tutti-frutti-14k/,https://awco.nl/wp-content/uploads/2026/01/Lucien-Piccard-44378255-1-scaled.jpg,"The baroque Master of time: The Lucien Piccard “Tutti Frutti” from 1968. In watchmaking history, there are brands that build instruments, and there are brands that forge dreams. Lucien Piccard undeniably belonged to the latter category in 1968. While the world was captivated by the “Space Race” and sleek, industrial designs, Lucien Piccard remained true to a philosophy of excess, color, and pure luxury. This 14k gold “Tutti Frutti” watch is a rare time capsule from that golden age. While Lucien ",Amsterdam Watch Company,False
Patek Phillipe Neptune Ref.4880/1A-001 B+P+SP,Patek Philippe,9900,https://awco.nl/shop/vintage-watches/patek-phillipe-neptune-ref-4880-1a-001/,https://awco.nl/wp-content/uploads/2026/01/Patek-44378505-1-scaled.jpg,"Patek Philippe Neptune 4880/1A-001 “Salmon Dial”. In the shadow of the iconic Nautilus and the sporty Aquanaut lies a hidden treasure from the Patek Philippe archives: the Neptune. While other models opted for sleek, industrial lines, the Neptune elegantly bridged the gap between robust sportiness and the classic refinement we’ve come to expect from the watchmaker in the late 1990s. The heart of the design, and undoubtedly its most iconic feature, is the integrated steel bracelet. This so-called",Amsterdam Watch Company,False
Omega Speedmaster Ref.145.022-69 ‘APOLLO XI’,Omega Speedmaster,14890,https://awco.nl/shop/type-of-watches/sports-tool/omega-speedmaster-moonwatch-horizontal-back-limited/,https://awco.nl/wp-content/uploads/2026/01/Omgea-44372796-1-scaled.jpg,"The year 1969 marked not only a “giant leap for mankind,” but also a crucial turning point for the world’s most iconic watch: the Omega Speedmaster. As the dust clouds settled on the moon, a quiet revolution was taking place in Omega’s Swiss workshops. The result was a watch that collectors today consider an absolute rarity: the Speedmaster Moonwatch Apollo XI – 145.022-69, delivered in 1972 to Japan. While the rest of the world received standard Speedmasters in the early 1970s, Japan received a",Amsterdam Watch Company,False
Omega Seamaster 300 Ref.165.024 ‘Big Triangle’,Omega,12800,https://awco.nl/shop/type-of-watches/sports-tool/omega-seamaster-300-ref-165-024-big-triangle/,https://awco.nl/wp-content/uploads/2024/05/omega-seamaster-3.jpg,"This Omega Seamaster 300 Ref.165.024 has a particular look and feel about it, which embodies the passion of AWCo. And Therefore, we feel a sense of pride to have this watch on offer. The nickname ‘Big Triangle’ is very self-explanatory. The ‘Big Triangle’ was originally developed for the British Royal Navy. Knowing this, gives it a very cool military feeling, especially in combination with the patina sword hands and hour markers! The dial of this particular ‘Big Triangle’ is in excellent conditi",Amsterdam Watch Company,False
Chopard Rectangular Dress Watch,Chopard,2250,https://awco.nl/shop/type-of-watches/dress/chopard-rectangular-dress-watch/,https://awco.nl/wp-content/uploads/2025/09/chopard-44377953-1.jpg,"This Chopard timepiece from the 1960s is a beautiful example of classic watchmaking. The square steel case gives it a refined and timeless presence, perfectly in line with the elegance of the era. The dial is printed with L.U. Chopard, a tribute to the brand’s founder, Louis-Ulysse Chopard. This old-school print immediately evokes the heritage and tradition of the maison. The markers are a perfect balance of style and function: silver indices at 12, 3, 6, and 9 o’clock, combined with finely engr",Amsterdam Watch Company,False
Corum Dress watch Peacock,Corum,12000,https://awco.nl/shop/type-of-watches/dress/corum-dress-watch-peacock/,https://awco.nl/wp-content/uploads/2024/12/corum-44377697-1.jpg,"Some watches tell more than just time , they tell stories of art, nature, and bold imagination. This Corum Peacock Dress Watch from the 1980s is one such story, captured in gold and feathers , a timepiece as mesmerizing as the bird from which it takes its name. A peacock is proud, elegant, and a touch unconventional , qualities perfectly embodied in this Corum masterpiece. Crafted from 18-carat yellow gold, the watch radiates warmth and richness, yet it’s the dial made of real peacock feathers t",Amsterdam Watch Company,False
Omega by Andrew Grima,Omega,3500,https://awco.nl/shop/type-of-watches/dress/omega-by-andrew-grima/,https://awco.nl/wp-content/uploads/2024/06/omega-grima-44376453-2.jpg,"Omega by Andrew Grima: Where time becomes art. In 1969, Omega gave legendary London jeweler Andrew Grima a bold commission: create a collection that blurred the line between timepiece and jewelry. The result was the revolutionary “About Time” collection. The 1973 piece AWCO presents here is a rare relic of this artistic heyday. This isn’t a watch in the traditional sense; it’s a wrist sculpture. Crafted from high-quality sterling silver, this piece embodies Grima’s vision that a watch should be,",Amsterdam Watch Company,False
IWC classic C-Model,IWC,1750,https://awco.nl/shop/type-of-watches/dress/iwc-classic-c-model/,https://awco.nl/wp-content/uploads/2026/01/IWC-44378296-1-scaled.jpg,"The IWC Classic C-Model: A masterpiece of form and innovation. In the world of watches, every design tells a story about its time. The IWC Classic C-Model from 1978 is no exception. This watch exemplifies an era where tradition and futurism collided, captured in a case that proved to be both revolutionary and timeless. The story of this watch actually begins in 1868, when the young American engineer Florentine Ariosto Jones from Boston moved to Switzerland. While most watchmakers settled in the ",Amsterdam Watch Company,False
Chopard LUC limited edition 18k white gold,Chopard,12900,https://awco.nl/shop/type-of-watches/dress/chopard-luc-limited-edition/,https://awco.nl/wp-content/uploads/2026/01/Chopard-44378506-1-scaled.jpg,"The Chopard L.U.C 1860: The hidden gem of haute horlogerie. In the world of high-end watchmaking, there are pieces that don’t need loud advertising to prove their class. The Chopard L.U.C Limited Edition (Reference 16/1860) from 2000 is the ultimate example. This watch marks a crucial moment in Chopard’s history: a return to its roots as a true manufacturer. The initials L.U.C stand for Louis-Ulysse Chopard, the man who founded the house in 1860. In 1996, Chopard introduced this exclusive line t",Amsterdam Watch Company,False
Cartier Pasha alarm clock,Cartier,2250,https://awco.nl/shop/vintage-watches/cartier-pasha-alarm-clock/,https://awco.nl/wp-content/uploads/2026/01/Cartier-44378387-1-scaled.jpg,"The Cartier Pasha Pendulette: A princely monument on your desk. In the history of Cartier, few names capture the imagination as much as the Pasha. The story behind this Cartier Pasha Desk Clock (Reference 8913) from 1990 begins not in a Swiss studio, but in the sun-drenched palaces of Marrakesh and the dignified courts of the Ottoman Empire. The name “Pasha” (or Pasha) was originally the highest honorary title a Sultan could bestow on his most powerful governors and generals. It was a title that",Amsterdam Watch Company,False
Rolex Orchid Ref. 284,Rolex,8900,https://awco.nl/shop/type-of-watches/dress/rolex-orchid-ref-284/,https://awco.nl/wp-content/uploads/2025/05/rolex-44377974-1.jpg,"At AWCo, we are honored to present a watch as delicate as it is eternal: the Rolex Orchid Ref. 284, created in 1976. This is not just a watch; it is a jewel, a flower that will forever grace the wearer’s wrist. In the 1960s, watches began to transcend their function. They became intimate statements, wearable works of art that exuded both style and soul. The Rolex Orchid perfectly embodies this vision: a treasure of 18-karat white gold, sculpted with the elegance of a flower, set in an octagonal ",Amsterdam Watch Company,False
Cartier desk clock Q 2749,Cartier,1990,https://awco.nl/shop/vintage-watches/cartier-desk-clock-q-2749/,https://awco.nl/wp-content/uploads/2026/01/Cartier-44378464-1-scaled.jpg,"Vintage Cartier desk clock. In the already magnificent collection of vintage masterpieces on display at AWCo, we see a new, extremely rare piece from Cartier that blurs the line between timepiece and art object: the Cartier Tank Travel Clock with galuchat (rayskin) finish. This timepiece is set in a silver-colored, rectangular case that follows the iconic lines of the Tank collection. The front is clad in deep red galuchat, a polished rayskin material known for its unique, pearly grain. Cartier ",Amsterdam Watch Company,False
"IWC Marble Green, extremely rare",IWC,8250,https://awco.nl/shop/vintage-watches/iwc-marble-dial-ref-814/,https://awco.nl/wp-content/uploads/2025/10/iwc-44378125-1.jpg,"The IWC Ref. 814 from 1970 is a remarkable example of IWC’s craftsmanship during this era. This model stands out with its rare green stardust dial, a distinctive and uncommon feature that gives each watch a unique appearance. The tonneau-shaped stainless steel case combines presence and balance, sitting comfortably on the wrist. Inside, the automatic Caliber 8541B powers the watch, featuring time, date, and a smooth central seconds hand. The quickset date adds a functional touch to the design. T",Amsterdam Watch Company,False
"IWC Marble Blue, exceptionally rare",IWC,5900,https://awco.nl/shop/icons/rare-finds/iwc-aut-calendar/,https://awco.nl/wp-content/uploads/2025/12/IWC-44378332-1-scaled.jpg,"The IWC Ref. 814 from 1970 is a remarkable example of IWC’s craftsmanship during this era. This model stands out with its rare blue stardust dial, a distinctive and uncommon feature that gives each watch a unique appearance. The tonneau-shaped stainless steel case combines presence and balance, sitting comfortably on the wrist. Inside, the automatic Caliber 8541B powers the watch, featuring time, date, and a smooth central seconds hand. The quickset date adds a functional touch to the design. Th",Amsterdam Watch Company,False
Ulysse Nardin San Marco Ref. 131-88-9 33mm 18k,Ulysse Nardin,7480,https://awco.nl/shop/vintage-watches/ulysse-nardin-san-marco-ref-131-88-9-18k/,https://awco.nl/wp-content/uploads/2025/10/ulysse-nardin-44378066-1-scaled.jpg,"The Ulysse Nardin San Marco Ref. 131-88-9 from the 1990s is a watch that combines tradition, craftsmanship, and rare beauty. Crafted in 18-karat yellow gold with a diameter of 33 mm and a slim thickness of 9 mm, this watch exudes classic elegance. This is achieved by an automatic movement with a central seconds hand, protected by a scratch-resistant sapphire crystal. The truly extraordinary feature is the green enamel dial. Enamel is made by fusing finely ground glass powder at extremely high te",Amsterdam Watch Company,False
Chopard Gondolo 18k White gold Lapis Dial Ref. 2013-1,Chopard,12500,https://awco.nl/shop/type-of-watches/dress/chopard-gondolo-18k-white-gold-lapis-dial-ref-2013-1/,https://awco.nl/wp-content/uploads/2025/08/chopard-44377951-1.jpg,"Chopard traces its roots back to 1860, when founder Louis-Ulysse Chopard began crafting exquisite high-precision pocket chronometers in Sonvilier, Switzerland. Still family-owned today under the Scheufele lineage, Chopard has become a name synonymous with artistry, refinement, and jewelry-inspired watchmaking. Here’s something truly special: a Chopard “Gondolo” Ref. 2013-1 from circa 1971, crafted entirely in 18k white gold, with an integrated woven gold bracelet that flows into a sleek square c",Amsterdam Watch Company,False
Rolex datejust 1600 blue dial,Rolex,6500,https://awco.nl/shop/type-of-watches/sports-tool/rolex-datejust-1600-blue-dial/,https://awco.nl/wp-content/uploads/2025/12/Rolex-44378328-1-scaled.jpg,"The Amsterdam Watch Company collection boasts a watch that strikes the perfect balance between understated sportiness and understated luxury: the Rolex Datejust reference 1600 from 1971. While most Datejust models from that era are notable for their fluted gold bezels, this reference takes a completely different approach. The reference 1600 is distinguished by its smooth, polished steel bezel. This gives the watch a sleeker, sportier look than the more familiar fluted versions. In the 1970s, mos",Amsterdam Watch Company,False
Piaget Classique Ref. 9501A6 Lapis Lazuli,Piaget,10900,https://awco.nl/shop/type-of-watches/dress/piaget-classique-ref-9501a6-lapis-lazuli/,https://awco.nl/wp-content/uploads/2025/02/piaget-44377673-1-scaled.jpg,"At AWCo, we proudly present a watch that masterfully captures craftsmanship and natural beauty: the Piaget Classique Ref. 9501A6 from the 1990s. This watch isn’t for everyone, but for watch enthusiasts, it’s an absolute gem. The lapis lazuli dial makes this model instantly unique. The deep blue tones range from intense cobalt blue to reassuring aqua shades, a striking interplay of colors that only nature can create. Combined with the 18-karat white gold case and bracelet, seamlessly designed and",Amsterdam Watch Company,False
Cartier Santos Galbée PM Ref.1565 Steel,Cartier,4250,https://awco.nl/shop/vintage-watches/cartier-santos-steel-pm/,https://awco.nl/wp-content/uploads/2025/12/Cartier-44378418-1-scaled.jpg,"The Cartier Santos Galbée: Where adventure meets pure elegance. Some watches tell a story, others a story. The Cartier Santos embodies the latter. It was the very first men’s wristwatch, designed in 1904 for the daring pilot Alberto Santos-Dumont, so he could keep his hands on the controls while telling the time. This 2000 model, the Santos PM (Petit Modèle), translates that legendary history into a refined piece of jewelry for the modern woman. The Santos 1565 PM pays tribute to the Art Deco pe",Amsterdam Watch Company,False
Jaeger-LeCoultre Gerald Genta Ref. 446622,Jaeger-LeCoultre,3890,https://awco.nl/shop/type-of-watches/dress/jaeger-lecoultre-gerald-genta-ref-446622/,https://awco.nl/wp-content/uploads/2025/05/jaeger-lecoultre-44378003-1.jpg,"This rare Jaeger-LeCoultre from 1983 is a truly special piece, designed by the legendary Gérald Genta the creative mind behind some of the most iconic watches in horological history, including the Audemars Piguet Royal Oak and Patek Philippe Nautilus. Crafted from 18k white gold, the case reflects Genta’s signature aesthetic clean, architectural, and timeless. The structured dial, adorned with applied Roman numerals, adds a layer of quiet sophistication that elevates the watch’s refined look. Pe",Amsterdam Watch Company,False
Cartier Divan MOP,Cartier,2650,https://awco.nl/shop/type-of-watches/ladies/cartier-divan-mop/,https://awco.nl/wp-content/uploads/2025/12/Cartier-44378292-1-scaled.jpg,This is the default content. You may customize it.,Amsterdam Watch Company,False
Cartier Santos Galbée PM automatic,Cartier,4950,https://awco.nl/shop/vintage-watches/cartier-santos-galbee-pm-automatic/,https://awco.nl/wp-content/uploads/2025/12/Cartier-44378371-1-scaled.jpg,"The perfect balance between historical significance and modern comfort: the Cartier Santos Galbée PM from 1990. This particular piece, with reference number 2423, pays tribute to the evolution of an icon. The term Galbée is French for “curved” or “curved,” and that is precisely what makes this watch unique. Introduced in 1987 as a direct improvement on the 1978 design, the Galbée set a new standard in ergonomics: Curved profile: While previous Santos models were flat and angular, the case of thi",Amsterdam Watch Company,False
Vacheron Constantin Clou De Paris Ref. 7407 – 429207,Vacheron Constantin,4900,https://awco.nl/shop/vintage-watches/vacheron-constantin-clou-de-paris/,https://awco.nl/wp-content/uploads/2025/12/Vacheron-44378313-1-scaled.jpg,"It’s 1963 in the city of Geneva. While the world outside is rapidly changing, a serene tranquility reigns in the workshops of Vacheron Constantin, the world’s oldest active watchmaker. Here, work is not rushed, but rather embodied by centuries of tradition dating back to Jean-Marc Vacheron’s founding in 1755 and François Constantin’s vision in 1819. From this dedication to perfection, a masterpiece of minimalism is born: the Reference 7407. When you place this watch on your wrist, you immediatel",Amsterdam Watch Company,False
Cartier Ceinture GM Ref. 8108. 18k + SP,Cartier,17900,https://awco.nl/shop/vintage-watches/cartier-ceinture-gm-ref-8108-18k-new-dial-sp/,https://awco.nl/wp-content/uploads/2025/12/Cartier-44378391-1-scaled.jpg,"The Ceinture was originally introduced by Cartier in 1927. More than 50 years later, in the early 1970s, Cartier reintroduced the Ceinture as one of twelve special “shaped” watches that formed part of the Louis Cartier Collection. The word Ceinture translates from French to “belt,” and the watch was named as such due to its resemblance to a belt buckle. This piece features an octagonal case with a beautiful double-stepped bezel and a quartz-powered movement. The present example is the Ceinture i",Amsterdam Watch Company,False
Corum Pendant Ref. 8200,Corum,9900,https://awco.nl/shop/icons/rare-finds/corum-pendant-ref-8200/,https://awco.nl/wp-content/uploads/2025/12/Vernieuwd-Corum-44377642-3.jpg,"This is a beautiful piece of watchmaking history. Here is an atmospheric story that brings together the technical finesse of Corum and the artistic soul of La Chaux-de-Fonds: The featherlight legacy of Corum. In the heart of the Swiss Jura, where mist often lingers between the houses of La Chaux-de-Fonds, a watchmaking house emerged in 1955 that would rewrite the rules of timekeeping. This city, the birthplace of icons like Le Corbusier and the cradle of Art Nouveau, breathes craftsmanship. It i",Amsterdam Watch Company,False
Cartier Cocktail Watch Tricolour,Cartier,11000,https://awco.nl/shop/type-of-watches/ladies/cartier-cocktail-watch-tricolor/,https://awco.nl/wp-content/uploads/2022/10/cartier-cocktail-44375833-1.jpg,"One for the elegant. It is always nice to associate a watch with the years of production, in this case, we are getting sucked into the 1940s. Mostly associated with the second world war. However, this piece most likely dates after the war. Rebuilding the world caused several economies to thrive, thus introducing the post-war ‘nouveau riche’. Iconic women like Joan Crawford, Rita Hayworth, and Kathrine Hepburn were the style icons of that period – dazzled in gorgeous gowns, and possibly topped of",Amsterdam Watch Company,False
Omega Markies,Omega,3750,https://awco.nl/shop/type-of-watches/ladies/omega-markies-2/,https://awco.nl/wp-content/uploads/2025/12/omega-44378257-1.jpg,"In the meticulous collection of the Amsterdam Watch Company (AWCo), this unique piece shines, a watch that perfectly bridges the gap between traditional craftsmanship and a surprising, almost jewel-like design. The eye is immediately drawn by the unique shape of the case. This is not an average, round, or square design; the shape is bold and striking, a subtle invitation to admire the watch from all sides. This distinctive character is enhanced by the elegant lugs. These rare, almost architectur",Amsterdam Watch Company,False
Patek Philippe 2506-1,Patek Philippe,9800,https://awco.nl/shop/vintage-watches/patek-4437311/,https://awco.nl/wp-content/uploads/2025/12/Patek-44378311-1-scaled.jpg,"The chivalrous elegance of the Patek Philippe 2506-1. Deeply hidden in Amsterdam’s picturesque Nine Streets, where the canals reflect the city’s history, lies AWCo on Reestraat. Among their collection of vintage treasures lies a watch that embodies the spirit of supreme craftsmanship and the true nobility of horology: the Patek Philippe Reference 2506-1. This rare wristwatch, dating from the 1950s, is a perfect expression of the Golden Age of classic Swiss watchmaking. The 2506-1 exemplifies the",Amsterdam Watch Company,False
Cartier Tank Solo pm,Cartier,5850,https://awco.nl/shop/type-of-watches/ladies/cartier-44378412/,https://awco.nl/wp-content/uploads/2025/12/Cartier-44378412-1-scaled.jpg,The story behind this watch will follow later.,Amsterdam Watch Company,False
Omega Markies,Omega,3450,https://awco.nl/shop/type-of-watches/ladies/omega-markies/,https://awco.nl/wp-content/uploads/2025/10/omega-44378256-1.jpg,"In the enchanting world of the 1960s, where Parisian haute couture met Swiss precision, Omega created a timeless piece: the Omega Marquis. A stunning 1961 model is currently on display at AWCo on Reestraat, a watch that perfectly captures the essence of feminine elegance from that era. The name “Marquis” is not chosen at random; it derives directly from the legendary marquise cut for diamonds. The case features that characteristic, almond-shaped “navette”—a symmetrical oval that converges at the",Amsterdam Watch Company,False
Ebel Cocktail 18k.,Ebel,5900,https://awco.nl/shop/type-of-watches/ladies/ebel-cocktail-18k/,https://awco.nl/wp-content/uploads/2025/10/ebel-44377954-2.jpg,"At the Amsterdam Watch Company (AWCo) on Reestraat, everything revolves around storytelling, and the 1965 Ebel Cocktail 18k tells one of the most romantic tales in Swiss watchmaking history. This isn’t just any watch; it’s an architectural masterpiece that embodies the Ebel brand’s motto—”Beauty Marries Function”—down to the smallest detail. Ebel was founded in 1911 by Eugène Blum and Alice Lévy (hence the name: Eugène Blum Et Lévy). While Eugène oversaw technical perfection, Alice shaped the ae",Amsterdam Watch Company,False
Longines Sport Chief Ref. 626314,Longines,2280,https://awco.nl/shop/vintage-watches/longines-sport-chief-ref-626314/,https://awco.nl/wp-content/uploads/2025/12/longines-44378232-1.jpg,"The Whisper of 75 Years: The Longines Sport Chief. Resting within the serene, yet vibrant, collection of AWCO is a timepiece that is more than just a watch; it is a silent witness to history. This is the Longines Sport Chief, a unique specimen born in the middle of the last century. Its reference number, 626314, and its birth year, 1950, are like the stamps of a bygone era. It is the Longines Sport Chief reference 626314, a robust and elegant presence with a diameter of 34 mm. In its heart beats",Amsterdam Watch Company,False
Tudor Submariner Ref. 76100,Tudor,7950,https://awco.nl/shop/type-of-watches/sports-tool/tudor-submariner-ref-76100/,https://awco.nl/wp-content/uploads/2025/07/tudor-44377765-2.jpg,"The Tudor Submariner Reference 76100, nicknamed the “Lollipop,” was briefly produced from 1983 to 1985 and is a collector’s favorite for its unique design. Its most striking feature is the “lollipop” hour hand, which deviates from Tudor’s usual Mercedes hands. The watch retains vintage elements such as an acrylic crystal but also introduces modern updates. As a transitional model, it bridges the gap between earlier Tudor Submariners and later designs. This Tudor Submariner 76100 “Lollipop” featu",Amsterdam Watch Company,False
Omega Gilbert Albert + Broche 18k gold Ref.8241,Omega,12500,https://awco.nl/shop/icons/rare-finds/omega-gilbert-albert-broche-18k-gold-ref-8241-pan/,https://awco.nl/wp-content/uploads/2025/10/Omega-44378310-5.jpg,"In the world of Haute Horlogerie, there are watches that measure time, and there are sculptures that capture it. The AWCo collection currently houses one of the rarest and most artistic discoveries of the 20th century: the Omega Gilbert Albert “Ref. 8241” from 1969, complete with its matching brooch. To understand the value of this piece, one must know its designer. Gilbert Albert (1930–2019) was no ordinary jeweler; he was a revolutionary who won the Diamonds International Award no fewer than t",Amsterdam Watch Company,False
Omega Constellation 18K yellow gold,Omega,12900,https://awco.nl/shop/vintage-watches/omega-constellation18-karaat/,https://awco.nl/wp-content/uploads/2025/11/omega-44378072-1.jpg,"The Omega Constellation: an icon within the world of Omega. This piece is a true classic dress watch. On the caseback, the famous observatory medallion is engraved beneath a starry sky, celebrating Omega’s exceptional precision and chronometric achievements. The eight stars represent the eight precision awards and two world records Omega earned between 1945 and 1952 with the observatory itself being the source of all this excellence. Generally, we encounter these watches in steel or gold-capped ",Amsterdam Watch Company,False
Cartier Tortue 18k Ref. GM,Cartier,17900,https://awco.nl/shop/vintage-watches/cartier-tortue-18k-ref-gm-pan/,https://awco.nl/wp-content/uploads/2025/10/Cartier-44378283-1.jpg,"In the world of Cartier, there are icons, and then there are legends. The Cartier Tortue 18k “Grand Modèle” undeniably belongs to the latter category. AWCo proudly presents this rare example from the 1980s, a watch that strikes the perfect balance between bold, funky lines and timeless Parisian chic. The Tortue is more than just a design; it’s one of the oldest and most prestigious pieces in the house’s history. Louis Cartier himself drew the first sketches for this watch as early as 1912. The n",Amsterdam Watch Company,False
Omega Seamaster 300 Ref. 2913-3,Omega,12250,https://awco.nl/shop/type-of-watches/sports-tool/omega-seamaster-300/,https://awco.nl/wp-content/uploads/2024/11/omega-44377310-1.jpg,"The Omega Seamaster 300 CK2913-3 stands as a testament to horological innovation and timeless design. Introduced in 1957, this model was crafted for both professional and amateur divers, showcasing Omega’s commitment to precision and reliability in challenging environments. Even if your CK2913-3 has a missing bezel, it remains a highly valued piece among collectors and enthusiasts. Part of Omega’s legendary 1957 Trilogy, the CK2913-3 was launched alongside the Speedmaster CK2915 and the Railmast",Amsterdam Watch Company,False
Chopard Bangle Diamonds 18k,Chopard,8900,https://awco.nl/shop/icons/rare-finds/chopard-bangle-diamonds-18k/,https://awco.nl/wp-content/uploads/2025/11/Chopard-44377480-1-scaled.jpg,"This is a truly spectacular piece from the Chopard archives. While most watches are functional instruments, this 1981 example is a pure jewel that also happens to tell the time. A rare find at AWCO. Chopard Bangle Diamonds: A Sculpture of Gold and Light. Some watches transcend their practical use and become pure art. This 1981 Chopard Bangle is the ultimate proof. Since the Scheufele family took over the helm at Chopard in 1963, the Swiss house has been synonymous with groundbreaking creativity.",Amsterdam Watch Company,False
Gerald Genta Ref G2850-7,Gerald Genta,2750,https://awco.nl/shop/type-of-watches/dress/gerald-genta-ref-g2850-7/,https://awco.nl/wp-content/uploads/2025/02/gerald-genta-44377763-1-scaled.jpg,"Gérald Genta is a name that makes every watch enthusiast’s heart beat faster. He’s the man who rewrote the rules with icons like the Royal Oak and the Nautilus. But anyone who truly wants to delve into the soul of this “Picasso of watches” will find his own brand. AWCO has a beautiful time capsule from the 1990s in its hands with the Genta Ref. G2850-7. Gérald Genta Ref. G2850-7: The Master in Person The 1990s were the decade of Friends, the rise of the Game Boy, and a very specific, luxurious a",Amsterdam Watch Company,False
Cartier Colisee 18k pearl bracelet Ref. 1989 B+P,Cartier,14980,https://awco.nl/shop/vintage-watches/cartier-colisee-18k-pearl-bracelet-ref-1989/,https://awco.nl/wp-content/uploads/2025/10/cartier-44378025-1.jpg,"“Pearls are always appropriate.” Take a look at this exceptional Cartier Colisée with its stunning pearl bracelet a truly unique piece. It’s rare to find a watch with over 90 individually set pearls combined with solid 18k yellow gold, crafted together into a remarkable piece of jewelry. This is Cartier at its finest, showcasing the brand’s heritage in Parisian high jewelry. The watch features a round gold case, a classic Cartier dial, and a diamond set in the crown, adding a subtle but luxuriou",Amsterdam Watch Company,False
Longines Dress Watch,Longines,2100,https://awco.nl/shop/type-of-watches/dress/longines-dress-watch/,https://awco.nl/wp-content/uploads/2023/01/longines-44376298-awco-1.jpg,"Here we have a beautiful Longines dress watch in Calatrava style, with an astonishing patina dial. This specific example dates back to 1952 and clearly has the old-world charm you would expect from a Longines from this era. Come and check this beauty out in our boutique at Reestraat 3 in Amsterdam.",Amsterdam Watch Company,False
Omega de Ville Ref. 8272 Emerald,Omega,4250,https://awco.nl/shop/type-of-watches/dress/omega-ref-8272-emerald/,https://awco.nl/wp-content/uploads/2022/11/omega-grima-awco-PAN-1.jpg,"The early seventies were a time of experimentation and innovation for Omega. One of their many exotic lines is the Jeux d’Argent, made up of all sorts of sterling silver wristwatches aiming to bridge the gap between jewelry and watches. Omega collaborated with several designers, which eventually led to several highly creative watch designs This is OMEGA De Ville ref. 8272 with a solid 925 silver case and bracelet. A very rare and special watch designed by ‘Andrew Grima’. Beautiful watch for an e",Amsterdam Watch Company,False
Zenith Dress Watch 18k white gold diamonds,Zenith,6900,https://awco.nl/shop/type-of-watches/dress/zenith-dress-watch-18k-white-gold-diamonds/,https://awco.nl/wp-content/uploads/2025/02/zenith-44377839-1-scaled.jpg,"Discover the beauty of this exquisite Zenith dress watch, crafted entirely from 18k white gold. The bracelet features a stunning texture, with the white gold design almost resembling small diamonds, adding a touch of elegance. Take a closer look at the watch’s case, and you’ll notice real diamonds set around the bezel, enhancing its luxurious appeal. The watch boasts a sleek silver dial and black hour markers, making it a true statement piece. At 29mm, this hand-wound movement watch is a rare an",Amsterdam Watch Company,False
Uti 18k yellow gold watch,Other,12900,https://awco.nl/shop/vintage-watches/uti-ladies-watch-strap-gold/,https://awco.nl/wp-content/uploads/2025/10/UTI-44378071-1.jpg,"This UTI watch is a rare example from the French brand UTI, combining jewelry and watchmaking in one piece. The watch is made entirely of 18k gold and features a sculptural, openwork bracelet. The textured finish highlights the form of the bracelet while giving it a solid, substantial feel on the wrist. The time is shown in a small rectangular dial, allowing the design of the bracelet to take center stage. This piece demonstrates both French design flair and Swiss watchmaking precision. Well-pre",Amsterdam Watch Company,False
Corum Rolls Royce Ref 55585,Corum,14980,https://awco.nl/shop/vintage-watches/18-carat-white-gold-corum-rolls-royce-ref-55585/,https://awco.nl/wp-content/uploads/2025/10/corum-44377957-1.jpg,"It’s a rare occasion to welcome this extraordinary timepiece into our collection and even rarer to have one of the larger models from the Corum Rolls-Royce series. This example is new old stock, a remarkable find for such an iconic piece. Corum remains the only watchmaker ever granted the license to integrate the unmistakable Rolls-Royce grille into a timepiece design. Each watch was meticulously hand-crafted to order, with the “Spirit of Ecstasy” emblem sculpted entirely by hand in solid white ",Amsterdam Watch Company,False
Ulysse Nardin San Marco Ref. 133-88-9,Ulysse Nardin,3950,https://awco.nl/shop/vintage-watches/ulysse-nardin-san-marco-ref-133-88-9-2/,https://awco.nl/wp-content/uploads/2025/10/ulysse-44377868-1.jpg,"A refined Ulysse Nardin San Marco with a 33 mm steel case, paired with a blue leather strap from our own collection. The size and shape make it perfect for a more refined wrist, comfortable and elegant without being too formal. The real highlight is the light blue enamel dial, a detail that sets this piece apart. Ulysse Nardin has a long tradition of working with enamel, using a labor-intensive technique that involves firing powdered glass at high temperature to create a deep, vibrant surface. T",Amsterdam Watch Company,False
Ulysse Nardin San Marco Ref. 133-88-9,Ulysse Nardin,4250,https://awco.nl/shop/vintage-watches/ulysse-nardin-san-marco-ref-133-88-9/,https://awco.nl/wp-content/uploads/2025/10/ulysse-nardin-44377869-1-scaled.jpg,"A smaller Ulysse Nardin San Marco in a 33 mm steel case, fitted with its original steel bracelet. The white enamel dial gives the watch a refined and classic look, with applied steel hour markers and Roman numerals at 12, 6, and 9 o’clock adding just the right touch of detail. A date window at 3 o’clock and an automatic movement make it practical for everyday wear. Sporty yet elegant, this San Marco works perfectly as a daily watch, especially for a smaller or women’s wrist. A very complete and ",Amsterdam Watch Company,False
Omega Seamaster 1962,Omega,2850,https://awco.nl/shop/archive/a-omega/omega-seamaster-1962/,https://awco.nl/wp-content/uploads/2025/10/omega-44378169-1.jpg,The story of this watch will follow.,Amsterdam Watch Company,False
Ulysse Nardin San Marco Ref. 123-77-9 27mm Enamel dial,Ulysse Nardin,3750,https://awco.nl/shop/vintage-watches/ulysse-nardin-san-marco-ref-123-77-9-27mm-enamel-dial/,https://awco.nl/wp-content/uploads/2025/09/ulysse-nardin-44377331-1.jpg,"Ulysse Nardin and the San Marco Collection Founded in 1846, Ulysse Nardin has always been strongly connected to the sea, building its reputation on highly precise marine chronometers. In the 1980s and 1990s, the brand revived traditional enamel craftsmanship in watchmaking through its San Marco collection. The name pays tribute to the Piazza San Marco in Venice, a historic square that has long been a symbol of beauty and culture. The San Marco watches are known for their stunning enamel dials. E",Amsterdam Watch Company,False
Omega Chronograph Ref. 2872,Omega,5900,https://awco.nl/shop/type-of-watches/dress/omega-chronograph-ref-2872/,https://awco.nl/wp-content/uploads/2025/09/omega-44378219-1.jpg,This is the default content. You may customize it.,Amsterdam Watch Company,False
IWC Dress Watch Ref. R815A,IWC,2950,https://awco.nl/shop/type-of-watches/dress/iwc-dress-watch-ref-r815a/,https://awco.nl/wp-content/uploads/2025/05/IWC-44378008-1.jpg,"Back to 1973 a time of bold design changes, with watches featuring different shapes and colorful dials. This is beautifully reflected in the stunning IWC we offer. It features an egg-shaped stainless steel case and an amazing blue dial. With a date function and automatic movement, it’s the perfect daily vintage dress watch, offering a unique and interesting design. The highlight of the watch is the striking blue dial, perfectly paired with our matching blue strap and the original IWC buckle",Amsterdam Watch Company,False
Ulysse Nardin Marine COSC Ref. 263-22,Ulysse Nardin,4250,https://awco.nl/shop/type-of-watches/sports-tool/ulysse-nardin-marine-cosc-ref-263-22/,https://awco.nl/wp-content/uploads/2025/05/ulysse-nardin-44377951-1.jpg,"Ulysse Nardin Marine COSC Ref. 263-22. Discover the perfect blend of sportiness and Swiss precision with the Ulysse Nardin Marine Chronometer Ref. 263-22 from 2004. This watch exudes energy and elegance thanks to its fresh, sporty dial and large, elegant Arabic numerals. With a 38 mm case, it has a striking yet wearable size that exudes both robustness and style. The industrial bracelet with the unique Ulysse Nardin logo completes the watch’s structured character. The movement is powered by the ",Amsterdam Watch Company,False
Cartier Love Ref. 2977,Cartier,4450,https://awco.nl/shop/type-of-watches/ladies/cartier-love-ref-2977/,https://awco.nl/wp-content/uploads/2025/04/cartier-44377960-1.jpg,"Cartier Love Ref. 2977. At AWCo, we proudly present a watch that combines love and elegance in the most refined way: the Cartier Love Ref. 2977 from 2004. Cartier’s Love collection has been an icon of connection for decades, and this watch translates that emotion into a piece of jewelry that adorns the wearer’s wrist with timeless beauty. Crafted in 18-karat rose gold, with the original Cartier leather strap and gold clasp, the watch exudes subtle luxury. Strikingly, six brilliant-cut diamonds r",Amsterdam Watch Company,False
Cartier Panthère Ref.13000 CC,Cartier,4650,https://awco.nl/shop/type-of-watches/sports-tool/cartier-panthere-ref-13000-cc/,https://awco.nl/wp-content/uploads/2025/03/cartier-44377863-1-scaled.jpg,"Experience the elegance of a bygone era with the Vintage Cartier Panthère from 1990s. This exquisite watch showcases a sophisticated 29mm quartz movement housed in a quartz movement. The Panthère’s design exudes timeless charm and classic sophistication, making it a coveted piece for collectors and fashion enthusiasts alike. With its graceful fusion of materials and meticulous craftsmanship, this vintage Cartier watch offers a unique opportunity to own a piece of horological history that continu",Amsterdam Watch Company,False
Cartier Diabolo Ref. 1420,Cartier,5900,https://awco.nl/shop/type-of-watches/dress/cartier-diabolo-ref-1420/,https://awco.nl/wp-content/uploads/2025/03/carteir-44377852-1-scaled.jpg,"Cartier, who doesn’t know the brand? Over the decades the name Cartier has become some sort of a synonym for luxury, but we bet that many people are not familiar with this Cartier watch. This is the Cartier Diabolo. The wristwatch was first introduced in the 1990s, and the watch-case was, and still is a little untraditional. The gold watch case is very round and thick compared to the more traditional designs Cartier is known for. But the Diabolo is also a bit thicker to give the design a little ",Amsterdam Watch Company,False
Cartier Trinity Ref. 2444 MOP,Cartier,4880,https://awco.nl/shop/type-of-watches/ladies/cartier-trinity-ref-2444-mop/,https://awco.nl/wp-content/uploads/2024/02/cartier-trinity-44377212-1.jpg,"The Cartier Trinity is a special watch in Cartier’s collection, known for its timeless style. It has a sleek 18k white gold case and a simple dial, usually with Cartier’s classic Roman numerals. But here, it’s extra special with a beautiful Mother of Pearl dial and diamond markers. And to top it off, this Trinity watch has a diamond-studded crown, adding a touch of luxury. It’s a stylish and elegant timepiece that combines simplicity with a hint of sparkle, showcasing Cartier’s commitment to ref",Amsterdam Watch Company,False
JW Benson Dress Watch,Other brands,2200,https://awco.nl/shop/type-of-watches/dress/jw-benson-dress-watch/,https://awco.nl/wp-content/uploads/2025/01/JW-bensen-44377592-1.jpg,"Introducing the J.W. Benson 1948 Classic Dress Watch – a timeless piece of horological history. Renowned for its distinguished legacy in London’s watchmaking scene. standing apart as one of the few English-owned wristwatch manufacturers during this period rather than Swiss,owned. This 1940s-era dress watch features a stunning 9k yellow gold case. The 30mm size makes it a versatile choice for both men and women, offering a balanced, timeless design that complements any style. The silver dial adds",Amsterdam Watch Company,False
Cartier Tank Américaine SM Ref. 2489 ’20 ANS’ 18k WG Incl. Box & Papers,Cartier,6800,https://awco.nl/shop/type-of-watches/dress/cartier-tank-americaine-sm-ref-2489-20-ans-18k-wg-incl-box-papers/,https://awco.nl/wp-content/uploads/2025/01/cartier-44377554-1.jpg,"The information about this watch will follow. Reach out to us when you have questions, we are more than happy to help.",Amsterdam Watch Company,False
Cartier Tank Américaine SM Ref. 2489 18k White Gold,Cartier,6550,https://awco.nl/shop/type-of-watches/dress/cartier-tank-americaine-sm-ref-2489-18k-white-gold/,https://awco.nl/wp-content/uploads/2025/01/cartier-44377737-1.jpg,"**Cartier Tank Américaine Ref. 2489: Small Yet Striking** The Cartier Tank Américaine Ref. 2489 in 18k white gold may seem understated at first, but its beauty is undeniable. This refined ladies’ watch features a sleek design and quartz movement, epitomizing Cartier’s timeless elegance. Its compact size pairs sophistication with impact, proving that small details make a bold statement and come with an original Cartier white gold buckle, AWCo box and official AWCo certificate.",Amsterdam Watch Company,False
Cartier Santos Ronde Ref. 1847 Limited No. 48,Cartier,6600,https://awco.nl/shop/type-of-watches/dress/cartier-santos-ronde-ref-1847-limited-no-48/,https://awco.nl/wp-content/uploads/2024/12/cartier-44377725-1.jpg,"The Cartier Santos Ronde Ref. 1847 is a Limited Edition timepiece that merges Cartier’s iconic Santos design with modern elements, offering a fresh interpretation of the classic Santos aesthetic. This particular model is numbered 48 in the limited series. The Santos Ronde Ref. 1847 features a round case, a departure from the traditional square or rectangular design of the classic Santos models. Crafted from 18k rose gold or stainless steel, the polished case enhances the watch’s luxurious appeal",Amsterdam Watch Company,False
Corum Square Ref. 27354 Coral and onyx dial,Corum,6800,https://awco.nl/shop/type-of-watches/dress/corum-square-ref-27354/,https://awco.nl/wp-content/uploads/2023/10/corum-44376966-1.jpg,"Since its inception in 1955, Corum has been a trailblazer in the world of watchmaking, continuously pushing the boundaries of design and craftsmanship. Each Corum timepiece is not just a functional accessory; it’s a work of art, carrying the brand’s rich heritage of precision and innovation. The Corum watch we present to you is a prime example of this legacy. It’s more than a watch; it’s a story of Corum’s unwavering commitment to horological excellence. Let’s delve into its exquisite features: ",Amsterdam Watch Company,False
Reston Chrono Ref. 1382,Reston,2950,https://awco.nl/shop/type-of-watches/sports-tool/recton-chrono-ref-1382/,https://awco.nl/wp-content/uploads/2023/04/reston-44376602-1.jpg,"Something out of the ordinary We are very happy to have this Reston Chronograph in 40mm on offer. This chronograph embodies the style of the 70’s Chronos, it looks good in almost any setting. However, this Reston Chrono is way more than its gorgeous looks, technically it is also an amazing watch featuring the reliable Valjoux 7733 caliber. Getting back to its gorgeous looks, we can owe it to Charles Gigandet as he was the one who designed the case of the watch. Charles Gigandet was a Swiss watch",Amsterdam Watch Company,False
Squale Master Titanium 120 ATM Ref. MASTIBKBK.TI20,Squale,2750,https://awco.nl/shop/newwatches/squale-master-titanium-120-atm-ref-mastibkbk-ti20/,https://awco.nl/wp-content/uploads/2024/08/squale-titanium-3.jpg,"The new Master Titanium 120 ATM is the watch that Squale has build to celebrate it’s 65th anniversary. It is a watch meant to be underwater. Large, ultra-robust and made to be used and abused. The typical tool watch as we love it. It is the first time a Squale watch is made of titanium. The brand has elected grade 5 titanium here, while retaining the classic Von Büren case with its asymmetrical shape, a crown at 4 o’clock and a squared profile on the right side. It surely a sizeable piece, measu",Amsterdam Watch Company,False
Omega Cocktail Watch 18k Rose Gold,Omega,2150,https://awco.nl/shop/type-of-watches/dress/omega-cocktail-watch-18k-rose-gold/,https://awco.nl/wp-content/uploads/2024/06/omega-dress-watch-44377134-1.jpg,"Take a look at this exquisite cocktail watch by Omega, crafted in 18k Rose gold. Dating back to around 1963, this charming timepiece predates the availability of tiny quartz movements. Despite its petite 18 mm diameter, it houses a hand-wound mechanical calibre with a back-winder. Though partially worn, this watch features a beautiful horizontally brushed dial. It proudly displays the Omega brand name at twelve o’cloc k . The dial’s beauty is enhanced by the contrasting markers. However, the tru",Amsterdam Watch Company,False
Omega Pocketwatch 1929,Omega,1150,https://awco.nl/shop/vintage-watches/omega-pocketwatch-1929/,https://awco.nl/wp-content/uploads/2024/07/omega-zakhorloge-44376543-1.jpg,"As purebred enthusiasts of horology, we cannot shy away from some excellent pocketwatches. Today we have a rather exciting example from Omega. This Omega pocket watch from 1929 with blue hands, small-seconds, and the 37.5 caliber is a true vintage timepiece that embodies the timeless elegance and craftsmanship of Omega watches. This Omega pocket watch is not only a functional timepiece but also a piece of history, evoking a sense of nostalgia for a bygone era. Its classic design and vintage char",Amsterdam Watch Company,False
Cartier Tank Américaine Ref.1713,Cartier,5950,https://awco.nl/shop/type-of-watches/dress/cartier-tank-americaine-ref-1713-2/,https://awco.nl/wp-content/uploads/2023/08/cartier-tank-44376727-1.jpg,"Experience pure elegance with the timeless charm of the Tank by Cartier—the possibly longest-running watch collection in history. Introduced in the early 20th century, this iconic timepiece remains refreshingly contemporary to this day. Behold the exquisite Americaine variant, featuring an 18k white gold elongated and gracefully curved case designed to embrace your wrist. Among the most captivating variations available, this model boasts a very convenient movement and boasts breathtaking details",Amsterdam Watch Company,False
Omega Speedmaster MIR Space Station Ref. 345.0022,Omega Speedmaster,125000,https://awco.nl/shop/type-of-watches/sports-tool/omega-speedmaster-mir-space-station/,https://awco.nl/wp-content/uploads/2023/10/speedmaster-spacetraveller-awco-8.jpg,https://awco.nl/the-tale-of-a-space-traveling-speedmaster/,Amsterdam Watch Company,False
Favre Leuba Fantasy Watch Silver,Other brands,1450,https://awco.nl/shop/type-of-watches/ladies/favre-leuba-fantasy-watch-silver/,https://awco.nl/wp-content/uploads/2023/11/favre-lauba-44376730-1.jpg,"Step into a realm of elegance with our Silver Fantasy Timepiece. Meticulously crafted from sterling silver, its fantasy-inspired design captivates the imagination. This manual movement watch is more than an accessory; it’s a wearable masterpiece. Each tick echoes the precision of traditional watchmaking, ensuring a graceful and accurate experience. Elevate your style with a timepiece that seamlessly combines silver allure, fantasy aesthetics, and expert craftsmanship – a symbol of timeless sophi",Amsterdam Watch Company,False
Ardath Skin Diver,Other,1800,https://awco.nl/shop/type-of-watches/sports-tool/ardath-skin-diver/,https://awco.nl/wp-content/uploads/2022/10/ardath-44375948-awco-1.jpg,"There are lots of watch brands that do not exist anymore. Ardath is such a brand, but till 1933 were they in business. Famous for their 5 silver coin watch, and a watch line in the sixties with interchangeable dials. Also the divers they produced, here a kept well example. A skin diver with a black glossy dial and roulette date wheel signed Submarine on the case back. All original! An underrated watch we believe. Deserves a real vintage new owner. is that you?",Amsterdam Watch Company,False
Cliwal Skin Diver Ref. 987911,Other,1750,https://awco.nl/shop/type-of-watches/sports-tool/cliwal-skin-diver-ref-987911/,https://awco.nl/wp-content/uploads/2022/01/cliwal_oliwal_44375620-1.jpg,"The watch world is full of little sweet spots and niches. One that we particularly enjoy is that of skin divers. These watches from the 1960s and 70s were often manufactured under license, which is why you will find all sorts of exotic and hardly-known names on their dials. This time it is Cliwal Watch. The characteristic skin diver case shape we know and love is present here. But while most are intended for casual aquatic fun, this one is actually quite a serious dive watch. It is fitted with a",Amsterdam Watch Company,False
Jaeger-LeCoultre Candle holder,Jaeger-LeCoultre,1950,https://awco.nl/shop/type-of-watches/dress/candle-holder-ref-514/,https://awco.nl/wp-content/uploads/2017/08/IMG_2375.jpg,"Sometimes a Swiss watch brand does something else to shape a timepiece. Look at this gold-plated candle holder with a mechanical clock processed in. You could light a candle, take a good glass of wine, musing about life in front of the fireplace, and then forget about time. But if you don’t, you can keep track of time simultaneously. Production of this kind is low and this is in mint condition.",Amsterdam Watch Company,False
Squale Ref.1521BKBL.VO,Squale,1270,https://awco.nl/shop/type-of-watches/sports-tool/squale-ref-1521bkbl-vo/,https://awco.nl/wp-content/uploads/2026/07/Squale-3-1-scaled.jpg,,Amsterdam Watch Company,False
Squale Ref. 1521-026 ONDA Blue,Squale,1425,https://awco.nl/shop/type-of-watches/sports-tool/squale-ref-1521-026-onda-blue/,https://awco.nl/wp-content/uploads/2023/06/squale-onda-50-atmos-awco-1.jpg,"Introducing the Squale Ref. 1521-026 ONDA Blue, a stunning timepiece that combines style, precision, and durability. Designed for watch enthusiasts and adventurers alike, this remarkable watch is built to withstand the depths of the ocean. With a water resistance of 500 meters (50 atm), the Ref. 1521-026 ONDA Blue ensures reliable performance in any aquatic environment. Powered by the Sellita SW200-1 Elabore Automatic movement, this watch guarantees accurate timekeeping, with a power reserve of ",Amsterdam Watch Company,False
Squale Ref. SUB-39MON.TE Black Arabic,Squale,1580,https://awco.nl/shop/type-of-watches/sports-tool/squale-ref-sub-39mon-te-black-arabic/,https://awco.nl/wp-content/uploads/2020/12/squale-SUB-39-MON-TE-1.jpg,"Discover the Squale Ref. SUB-39MON.TE Black Arabic, is a remarkable timepiece that combines elegance with rugged functionality. This diving watch is perfect for watch enthusiasts seeking a blend of style and performance. The SUB-39MON.TE features a sleek black dial with Arabic numerals, providing a classic and sophisticated look. With a 39mm stainless steel case and a unidirectional rotating bezel, this watch is designed to withstand the demands of underwater exploration. It offers water resista",Amsterdam Watch Company,False
Squale Sub-39 Super Blue Ref. SUB39-RD,Squale,1495,https://awco.nl/shop/type-of-watches/sports-tool/squale-sub-39-superblue/,https://awco.nl/wp-content/uploads/2020/12/Squale-Sub-39-SuperBlue-SUB39-RD-1.jpg,"Introducing the Squale Sub-39 SuperBlue SUB39-RD: a remarkable Swiss Made diving watch that exudes character and style. With its sleek design and practical features, this timepiece is a true standout. The Sub-39 SuperBlue SUB39-RD showcases a sturdy stainless steel case and a 120-clicks unidirectional bezel, offering reliability and precision. Inspired by classic dive watches from the 1960s, its 39mm case diameter ensures a comfortable fit on most wrists. This exceptional watch combines modern c",Amsterdam Watch Company,False
