title,brand,price,url,img,description,source,date,sold
Breguet Classique Phase de Lune in 18 k Rose gold ref 7137,Breguet,20900,https://bulangandsons.com/products/breguet-classique-phase-de-lune-in-18-k-rose-gold-ref-7137-w3867,https://cdn.shopify.com/s/files/1/0961/8613/8969/files/W-3867BreguetClassiquePhasedeLunein18kRosegoldref7137_224_1x1_493affa1-fbd5-4cb5-9fe2-ab486d2d491e.jpg?v=1789113102,"Founded in Paris in 1775 by Swiss-born horologist Abraham-Louis Breguet, the House of Breguet is one of the oldest and most influential names in watchmaking. Often referred to as the ""Leonardo da Vinci of watchmaking,"" Breguet transformed the art of horology with groundbreaking inventions, including the tourbillon and the self-winding movement. The design of this Breguet Classique 7137 can be traced back to the legendary Perpetuelle No. 5 , a quarter-repeating pocket watch completed by Abraham-Louis Breguet in 1794. Its modern interpretation began in 1983 with the introduction of the reference 3137, designed by the celebrated watchmaker Daniel Roth. Over the following decades, the model evolved into today's reference 7137 while faithfully preserving the timeless aesthetics and technical spirit of Breguet's original creation. The tasteful 39 mm case is crafted from 18k rose gold and features Breguet's signature fluted caseband, soldered straight lugs, and a sapphire display case back offering a view of the beautifully finished Calibre 502.3 DR1 automatic movement, complete with an off-centred solid gold oscillating weight. The silvered gold dial is a showcase of traditional engine-turning craftsmanship. The power reserve indicator is decorated with a panier maillé (basket-weave) guilloché, the date subdial features a damier (checkerboard) pattern, while the main dial is finished in the iconic clous de Paris (hobnail) motif. with a monnphase indicator .As is customary with Breguet, the individual serial number is proudly engraved on the dial, complemented by the brand's instantly recognizable blued open-tipped Breguet hands. The watch is paired with the shown slightly used original Breguet leather strap , fitted with a 18 k original 18k pink gold Breguet folding clasp. The watch has been fully serviced by our watchmaker ensuring years of enjoyment . We believe the Classique collection remains one of the most undervalued segments of haute horlogerie, offering an extraordinary level of craftsmanship and history for the price! Specifications: Breguet Classique Phase de Lune reference 7137 39mm 18k pink gold coin-edge case with display case back Serial 28xx dating to circa 2020 Three types of guilloché on the dial , moon phase indicator , date indicator and power reserve Solid gold silvered dial , blued Breguet type hands Automatic wound Caliber cal 502.3 DR1 with off set Gold rotor Comes on the pictured Breguet strap with Breguet 18k pink gold folding buckle Fully serviced by our watchmaker One-year mechanical warranty Free worldwide FedEx Priority shipping",Bulang & Sons,2026-09-11,False
Rolex Cosmograph Daytona 6263 Big Red Floating Silver Soleil Dial,Rolex,84900,https://bulangandsons.com/products/rolex-cosmograph-daytona-6263-big-red-floating-silver-soleil-dial-w-3654b,https://cdn.shopify.com/s/files/1/0961/8613/8969/files/W-3654RolexDaytonaSilverdialref6263_006_1x1_9ef62b0e-9fc6-4bd4-9252-f8443dbc8821.jpg?v=1788956362,"The Rolex Daytona 6263 stands in a league of its own. Introduced alongside its sister reference, the 6265, it represents the final and most developed chapter of Rolex’s manual-wind chronograph era. With its screw-down pushers, Oyster case construction and black bakelite bezel, the 6263 brought both a stronger sportier look and improved water resistance over the earlier pump-pusher models — key traits that helped define the legendary Daytona formula collectors remain so drawn to today. Produced over a long period, the reference saw a number of dial variations, with certain executions becoming true collector favourites. Among them, the silver soleil “Big Red” is without question one of the most celebrated. The nickname refers to the large red “DAYTONA” signature curved above the 6 o’clock register — a small detail perhaps, but one that completely changes the personality of the watch. On the best examples, like this one, it gives the dial that extra spark collectors instantly fall for. This particular watch is especially compelling thanks to its outstanding overall condition. The case is incredibly strong, with sharp and even lugs that give it the crisp, well-preserved profile collectors are always hoping to find. The silver soleil dial, itself being slightly rarer due to it’s floating Big Red designation, is beautifully clean and completely mark-free, with all lume plots still intact and aged to a warm vanilla tone. The chronograph registers are equally clean and have taken on a subtle brown discolouration that adds depth, warmth and a wonderful sense of character. It is exactly this kind of honest and attractive ageing that gives a great vintage Daytona its soul. The Mk4 bakelite bezel is in excellent condition, free from cracks or blemishes, and the watch retains its correct period Mk1 pushers. Inside beats the legendary Valjoux 727-based movement, freshly serviced by our watchmaker, and the watch is fitted with a Rolex 78350 Oyster bracelet with 557B endlinks and M4 clasp code. There is a reason the Daytona has inspired generations of collectors and remains one of the most admired chronographs in the vintage world. The great ones have a presence that goes far beyond specifications alone. This 6263 has exactly that feeling — iconic, beautifully preserved and full of charisma. A truly attractive “Big Red” Daytona with all the right details and that unmistakable grail-like appeal. Specifications Rolex Cosmograph Daytona Reference 6263 Serial 641xxxx dating to 1980 37mm steel case with black bakelite tachymeter scale bezel Silver floating “Big Red” Panda dial with light brown sub dials MK1 Screw down Pushers Oyster bracelet reference 78350 with 557b endlinks Fully serviced by our watchmaker 1 year mechanical warranty",Bulang & Sons,2026-09-09,False
Patek Philippe Perpetual Calendar 3940J Early Second Series in 18k yellow gold with Box and Extract of the Archives,Patek Philippe,84900,https://bulangandsons.com/products/patek-philippe-perpetual-calendar-3940j-early-second-series-in-18k-yellow-gold-with-box-and-extract-of-the-archives-w3910,https://cdn.shopify.com/s/files/1/0961/8613/8969/files/W-3910PatekPhilippePerpetualCalendarref3940J_300_1x1_d34c29ca-8bfa-4614-a367-62e09686901d.jpg?v=1788957079,"While watch trends may come and go, the perpetual calendar remains a timeless favourite among seasoned collectors. We are therefore delighted to offer one of the rarest variations of this modern classic—and a grail for many—the Patek Philippe reference 3940. The aesthetically balanced 3940 was originally introduced in 1985 in a limited run of just 25 pieces to celebrate the 225th anniversary of Beyer Chronometrie. Following this special edition, the reference was released to the wider public and went on to enjoy an impressive production run. Collectors often favour the earlier series, and this example is no exception. The early 3940 dials have a distinctive, more vintage-inspired layout that sets them apart from the later versions. This particular example, crafted in 18k yellow gold, features the highly collectible “early” second-series dial, which, in our opinion, is one of the most beautiful variations of the 3940. The “earlier” second-series dial is significantly rarer than the later versions and can be identified by several subtle yet important details. The day and month sub-dials feature distinctive double-step bevelled edges, giving them greater depth and visual presence, while the subsidiary seconds dial at 3 o’clock is notably free of the crosshair found on the later iterations. This transitional dial variant was produced for only a short period between 1987 and 1989 and in much more limited numbers, with approximately 800 examples believed to have been made. Its rarity, combined with these unique dial characteristics, makes it a particularly interesting configuration for collectors. The dial itself is a masterclass in balance and subtle sophistication, with plenty of character hidden in its smallest details. But the real star is beneath it: Patek Philippe’s calibre 240Q perpetual calendar movement. Introduced during the height of the quartz crisis—a period that threatened the future of traditional Swiss watchmaking—the 3940 was a bold statement from Patek Philippe. Its ultra-thin calibre 240Q allowed the brand to house a full perpetual calendar in a beautifully proportioned 36mm case, creating what would become one of the maison’s defining modern complications. The case remains beautifully balanced and is fitted with the correct solid case-back. The watch is accompanied by an official Extract from the Archives and Patek Philippe service papers from 2020. The calendar displays are in French—a charming and romantic detail and, for collectors, one of the absolute rarest configurations. Fitted with a supple Bulang and son's leather strap and its original Patek Philippe gold pin buckle, this 3940 ticks every box for the discerning collector. The watch has also been fully checked by our watchmaker. We have a real soft spot for the 3940. It remains one of the most underappreciated references in Patek Philippe’s storied catalogue, despite offering almost everything a serious collector could want: an iconic ultra-thin movement, perpetual calendar",Bulang & Sons,2026-09-09,False
Rolex Datejust 1601 Steel and Rose Gold Black Sigma Dial,Rolex,7800,https://bulangandsons.com/products/rolex-datejust-1601-steel-and-rose-gold-black-sigma-dial-w3871,https://cdn.shopify.com/s/files/1/0961/8613/8969/files/W-3871RolexDatejustblackdialinRosegoldandsteelref1601_174_1x1_e272637e-f57b-450d-83d3-9d0d979a55d6.jpg?v=1788957190,"Rolex introduced the Datejust in 1945 to celebrate the company's 40th anniversary. It debuted as the world's first automatic, waterproof, chronometer-certified wristwatch to feature a date display that changed automatically at midnight—a groundbreaking innovation that would become the standard for generations of watches to follow. Offered here is a particularly rare and attractive Rolesor example, combining stainless steel with 18k pink gold. Far less common than its yellow gold counterpart, the pink gold execution gives the watch a wonderfully warm and refined character. That warmth is beautifully complemented by the striking black pie-pan dial, presented in excellent condition. It features applied pink gold hour markers and matching hands, creating a rich contrast against the deep black background. At six o'clock, the dial carries the desirable Sigma markings on either side of the ""T SWISS T"" signature. These denote that the applied hour markers and hands are crafted from solid 18k gold—a subtle but highly appreciated detail among vintage Rolex collectors. The lume plots and matching hands have developed a beautiful cream-coloured patina over the decades, perfectly complementing the warm tones of the pink gold. The case remains strong and well preserved, while the fluted pink gold bezel retains excellent definition. The watch is fitted with a correct folded-link Jubilee bracelet in stainless steel and 18k pink gold, complete with reference 55 end links and a clasp stamped ""2/67."" Inside beats Rolex's reliable non-quickset calibre, freshly serviced by our watchmaker and ready to provide many years of dependable enjoyment. Combining a rare metal configuration, a beautiful pie-pan dial, and all the charm of a vintage Datejust, this is a wonderfully distinctive example of one of Rolex's most enduring classics. Specifications: Rolex Datejust Reference 1601 36mm steel case, plexi glass and 18k rose gold bezel Serial 336xxxx dating to 1973 Black pie-pan dial with rose gold markers, Sigma Two-tone (steel and 18k rose gold) folded Jubilee bracelet with 55 end links Fully serviced by our watchmaker One-year mechanical warranty Free worldwide Fedex Priority shipping",Bulang & Sons,2026-09-09,False
Baume & Mercier 18k Rose gold Chronograph Salmon dial Valjoux cal. 69,Baume & Mercier,4900,https://bulangandsons.com/products/baume-mercier-18k-rose-gold-chronograph-salmon-dial-valjoux-cal-69-w3802,https://cdn.shopify.com/s/files/1/0961/8613/8969/files/W-3802Baume_Mercier18rosegoldChronographSalmondialValjoux69_008_1x1_061d9e85-7388-4960-aa9f-10b6f9331c2d.jpg?v=1788941576,"Founded in 1830 in Les Bois, Switzerland, Baume & Mercier ranks among the oldest continuously operating watchmakers in the world. Originally established under the name “Frères Baume” by brothers Louis-Victor and Célestin Baume, the company quickly built a strong international reputation for producing elegant and reliable timepieces. Presented here is a lovely 18k rose gold chronograph housed in an elegant 32 mm case featuring a snap-back case back and distinctive square pushers, giving the watch a refined yet purposeful appearance. The rose gold — or perhaps better described as salmon-coloured — dial is especially attractive and beautifully preserved. It features two sub-dials for the chronograph functions, a finely printed base-1000 scale, and a clean no-lume layout. Applied Arabic numerals at 6 and 12 o’clock are complemented by elegant nipple-style hour markers for the remaining positions, creating a wonderfully balanced and classic dial design. Fine blued stick hands complete the aesthetic beautifully and add a subtle touch of contrast. We have paired this charming chronograph with one of our Bulang and Sons leather straps, while the manually wound Valjoux 69 movement has been fully serviced by our watchmaker and is ready to be enjoyed for many years to come. A wonderfully elegant pink-on-pink chronograph with unmistakable mid-century charm, get in touch! Specifications: Baume & Mercier Chronograph 32 mm 18 k Rose gold case, with sand back case back and square pushers Salmon colour dial, two sub registers , base 1000 scale Non lumed, blued hands Bulang and sons leather strap and buckle Cal.69 hand wound movement Case no 95xxx dating to the 1940’s Fully serviced by our watchmaker One-year mechanical warranty Free worldwide FedEx Priority shipping",Bulang & Sons,2026-09-09,False
Rolex Oyster Perpetual 1500 Silver Underline Dial in 14k Yellow Gold,Rolex,6900,https://bulangandsons.com/products/rolex-oyster-perpetual-1500-silver-underline-dial-in-14k-yellow-gold-w3905,https://cdn.shopify.com/s/files/1/0961/8613/8969/files/W-3905RolexDate1500814kYellowGoldUnderlineDial_125_1x1_ab56b984-9890-4c68-9c7a-ee13dac2938c.jpg?v=1787908528,"The Rolex Oyster Perpetual Date in 34mm debuted in the mid-1950s, following the introduction of the 36mm Datejust in 1945. It offered a slightly smaller alternative, combining the waterproof Oyster case, self-winding Perpetual movement and the signature Cyclops magnifying lens over the date window. The specimen at hand is crafted in 14k yellow gold, an unusual feature for Rolex. During the 1940s through the mid-1980s, Rolex produced 14k gold watches primarily for the North American market, where high import duties were imposed on 18k gold watches. By using 14k gold cases—often manufactured in the United States by case makers such as Star Watch Case Co. or D&A to Rolex specifications—the brand could significantly reduce the final retail cost for American customers. The case and smooth bezel are in wonderfully preserved condition and are complemented by a lovely silver dial with an especially interesting detail: a small “Underline” positioned just above the 6 o’clock marker. The term “Underline” refers to this small horizontal line printed on the dial, a feature found on various Rolex models during the early 1960s. Its exact production period varies according to the model, reference and dial configuration. Rolex never officially documented the meaning of the underline, which is part of what makes these dials so fascinating to collectors. The most widely accepted theory is that it relates to the transition in luminous materials during this period, as Rolex moved away from radium-based luminous compounds towards tritium. The underline should therefore not simply be interpreted as a universal “tritium” marking. Rolex used several different dial designations during this transitional period, and the precise meaning remains dependent on the specific reference, production period and dial configuration. What is certain is that underline dials were produced for a relatively limited period, making surviving examples particularly appealing to vintage Rolex collectors. Further adding to the character of this dial is its “Swiss” only designation, elegant applied hour markers and beautifully sharp dauphine hands.The watch comes on one of our Bulang and sons leather straps and is fitted with a plaque Rolex pin buckle. A charming and unusual Rolex Oyster Perpetual Date, combining the warmth of 14k yellow gold with a beautifully preserved early-1960s dial and one of those subtle period details that makes vintage Rolex collecting so rewarding ! Specifications: Rolex Reference 1500 Oyster Perpetual Date 14kt yellow gold 34mm case , smooth bezel Serial 952xxx dating to 1963 Silver soleil finished dial , black text ,”Underline” Swiss only Dauphine hands Bulang and sons Leather strap with Rolex plaque buckle Fully serviced by our watchmaker 1 year mechanical warranty Free worldwide Fedex Priority shipping",Bulang & Sons,2026-08-28,False
Rolex Datejust 1601 in Steel and Rose Gold Silver Dial,Rolex,7400,https://bulangandsons.com/products/rolex-datejust-1601-in-steel-and-rose-gold-silver-dial-w3923,https://cdn.shopify.com/s/files/1/0961/8613/8969/files/W-3923RolexDatejustSilverDialinSteelandRosegoldref1601_198_1x1_158a8585-975b-47ac-ab87-25000448612f.jpg?v=1788940024,"Rolex introduced the Datejust in 1945 to celebrate the company’s 40th anniversary. It was a groundbreaking watch at the time, combining Rolex’s waterproof Oyster case and self-winding Perpetual movement with a date display that changed automatically at midnight. A simple idea today, but a major innovation that would go on to define the Datejust for generations to come. Offered here is a particularly rare and attractive Rolesor example, combining stainless steel with 18k pink gold. Much less common than the more familiar yellow-gold versions, the pink-gold execution gives this Datejust a beautifully subtle and sophisticated character. The colour of the case is perfectly matched by the warm silver soleil-finished pie-pan dial. It features lovely wedge-shaped hour markers, affectionately nicknamed “doorstop” markers by collectors, adding plenty of period charm. The stainless steel and 18k pink-gold ref. 62150H bracelet is in lovely condition, with end links marked 555 and a clasp stamped J3. The hands are also finished in pink gold and have been fitted with later Super-LumiNova. The watch is powered by a slow-set automatic movement, which has been fully serviced by our watchmaker and is ready for many more years of enjoyment. A seriously charming early Datejust, with an unusual pink-gold twist and a lovely pie -pan dial. A wonderfully elegant early Datejust with an uncommon pink-gold character. Get in touch and make it yours! Specifications: Rolex Datejust Reference 1601 36mm steel and 18k rose gold case, plexi glass Serial 126xxxx dating to 1965 Warm silver pie-pan dial with Rose gold markers, “doorstop” hour marker Two-tone (steel and 18k rose gold) solid Jubilee bracelet with 555 end links Fully serviced by our watchmaker One-year mechanical warranty Free worldwide Fedex Priority shipping",Bulang & Sons,2026-09-09,False
Omega Speedmaster 145.022-69 Grey Racing dial with Original Box and Booklet,Omega,48500,https://bulangandsons.com/products/omega-speedmaster-145-022-69-grey-racing-dial-with-original-box-and-booklet-w3895,https://cdn.shopify.com/s/files/1/0961/8613/8969/files/W-3895OmegaSpeedmaster145.022RacingdialwithoriginalboxesW-3895OmegaSpeedmaster145.022Racingdialwithoriginalboxes_118_1x1_ed8823bd-da2f-4bcf-a5a6-3456a41d8a25.jpg?v=1786543807,"The Omega Speedmaster is one of the world's most iconic chronographs, originally launched in 1957 as a racing and sports watch. It was the first chronograph to feature a tachymeter scale on the external bezel rather than the dial, improving readability for racing drivers. In the early 1960s, NASA secretly acquired chronographs from several manufacturers to determine which would be suitable for its astronauts. After surviving a series of brutal qualification tests—including extreme temperatures, violent shocks, vibrations, acceleration, and decompression—the Speedmaster was the only watch to pass. In 1965, NASA officially certified it for all manned space missions . Its most legendary moment came on July 21, 1969 (UTC), when astronaut Buzz Aldrin stepped onto the lunar surface during the Apollo 11 mission while wearing his Speedmaster. This historic achievement forever cemented the watch's place in history and earned it its enduring nickname: the ""Moonwatch."" If you are looking for a truly rare and historically significant Omega Speedmaster, look no further. Produced in a limited run of approximately 150 pieces, this reference is widely regarded as Omega's first limited-production Speedmaster, making it one of the most collectible vintage Speedmasters ever produced. Although the Speedmaster Mark II is best known for its colourful ""Racing Dial,"" it remains something of a mystery why Omega produced a small batch of these dials for the reference 145.022. Whether it was a market test, an experiment to gauge demand, or an attempt to appeal to motorsport enthusiasts, no official explanation has ever surfaced. Whatever the reason, it is estimated that only around 150 examples were cased, making this one of the rarest and most desirable Speedmasters in existence. The classic asymmetrical 42 mm stainless steel case is in wonderful condition. The case back retains a well-defined hippocampus medallion, and we have deliberately chosen to leave the watch untouched, as we found no evidence that it has ever been polished. The original tachymeter bezel remains in very nice condition and features the coveted ""Dot Over Ninety"" (DON) configuration, while the original Omega-signed hesalite crystal is still fitted. The distinctive grey ""Racing Dial"" immediately catches the eye with its vivid orange accents, matching orange hands, and soft red outer minute track. These vibrant colours give the watch tremendous wrist presence—we've even included a photograph taken under UV light, where the dial truly comes alive. The watch is fitted with the correct Omega reference 1039 flat-link bracelet with 516 end links and a clasp stamped 2/70. Inside beats the legendary hand-wound calibre 861, fully checked and regulated and bearing a movement number within the correct range documented for the other known Racing Dial Speedmasters. Whether these watches were intended as a limited-production experiment or simply a bold exploration of a more colourful Speedmaster, we may never know. ",Bulang & Sons,2026-08-12,False
Longines Sei Tache Gilt Dial ref. 5130 with Extract of the Archives “German Army”,Longines,3900,https://bulangandsons.com/products/longines-sei-tache-gilt-dial-ref-5130-with-extract-of-the-archives-german-army-w3919,https://cdn.shopify.com/s/files/1/0961/8613/8969/files/W-3919LonginesSeitacheref5130withextractofthearchives_Germanarmy__212_1x1_b36b8ef3-c954-46f9-bbc3-754c9035bcff.jpg?v=1788940869,"We all know and love the Dirty Dozen—the twelve watches commissioned during the latter part of WWII to support the Allied forces in reclaiming Europe. They were produced in relatively large numbers and have become some of the best-known and most collected military watches around. But every now and then, something a little more unusual crosses our path… At hand is a rather uncommon Longines ref. 5130, a WWII German Army service watch. During the war, Longines received an early contract to supply wristwatches to the German Army, with only around 3,500 pieces ordered and delivered. The caseback carries the distinctive “D-H” engraving, standing for “Deutsches Heer” (German Army), together with the military issue numbers. Even the reverse side of one of the lugs carries its corresponding military number—a wonderful little detail that adds even more character to this already fascinating watch. The XXmm case is in lovely condition and features six distinctive notches on the caseback, nicknamed “Sei Tacche” by Italian collectors. The gilt dial is in nice condition as well, with small seconds at 6 o’clock and large Arabic numerals filled with lume. The lume on the hands has been preserved with lacquer at some point in the watch’s life. Inside is Longines’ beautifully finished calibre 12.68Z, a classic hand-wound movement with Geneva stripes and plenty of old-school Longines charm. And to make the package even more interesting, this watch comes accompanied by an Extract from the Longines Archives, confirming delivery to Germany in 1943. The watch has also been fully serviced by our watchmaker. A rare bit of WWII watch history, and certainly not your everyday Longines. This is the kind of watch that makes us stop, look twice and dig a little deeper. Get in touch! Specifications: Longines reference 5130 “Sei Tache” 33.5 mm steel case with six notches on screw down case-back Black gilt dial, small seconds Lumed Arabic numerals German Army numbers on the back side of lug Extract from the Longines Archives, confirming delivery to Germany in 1943 Triple signed (case, movement & dial) Longines hand-wound movement cal.12.68Z Comes on the shown bulang and sons leather strap Fully serviced by our watchmaker One-year mechanical warranty Free FedEx International Priority Shipping",Bulang & Sons,2026-09-09,False
Cartier Santos Galbée 2319 Automatic Silver Guilloché Dial,Cartier,4900,https://bulangandsons.com/products/cartier-santos-galbee-2319-automatic-silver-guilloche-dial-w3899,https://cdn.shopify.com/s/files/1/0961/8613/8969/files/W-3899CartierSantosAutomaticSilverGuillochedialref2319_014_1x1_fedfaa02-9edf-439a-9690-2c5603d95660.jpg?v=1788339637,"The story of the Cartier Santos goes all the way back to 1904, when Louis Cartier created a wristwatch for his friend, Brazilian aviator Alberto Santos-Dumont. What started as a practical watch for the skies would become one of Cartier’s most recognizable and enduring designs. Fast forward to 1978, and Cartier gave the Santos a more contemporary feel with the introduction of the Santos Carrée. Its exposed screws, integrated bracelet and steel-and-gold construction gave the classic design a sportier edge. Then, in 1987, Cartier softened things up with the Santos Galbée. The name refers to the curved case, with its rounded contours and bracelet designed to sit more comfortably around the wrist. The ref. 2319 belongs to this later Galbée generation, particularly associated with the 1990s and early 2000s. Measuring approximately 29 × 41mm, it has just the right amount of presence while retaining the elegant proportions that make the Galbée such a cool Cartier. This example is in great condition, with a lovely case and bezel showing no heavy scratches or significant defects. The winding crown is finished with Cartier’s signature blue cabochon—a small detail, but one we always love to see.The watch feutures a small and cute case back inscription a clover leaf with what we think as first letters of names and at the Dutch word “bedankt “- translated to “Thank you”, giving the watch some lovely history we find . The real star of the show, however, is the dial. Finished in silver with a beautiful guilloché pattern and subtle soleil effect, it catches the light wonderfully. The applied Roman numerals are unmistakably Cartier, while the date window at 3 o’clock adds a practical touch to the elegant design. The semi-integrated bracelet is in tight condition and fits wrists up to 18 cm. The watch and its automatic movement have been fully serviced by our watchmaker and are ready for many more years of enjoyment. A great-looking Santos Galbée with plenty of classic Cartier character—and exactly the kind of watch that looks even better once it’s on the wrist! Specifications: Cartier Santos Galbé reference 2319 Serial 308xxxCD dating to late 1990’s Steel Case measures 29 x 41mm Silver guilloché dial with Roman numerals Date function Lovely case-back engraving Blue cabochon crown Automatic movement Cartier integrated bracelet Fully serviced by our watchmaker One-year mechanical warranty Free worldwide Fedex Priority shipping",Bulang & Sons,2026-09-02,False
Rolex Datejust 16220 Silver Roman Dial with Original Papers,Rolex,6900,https://bulangandsons.com/products/rolex-datejust-16220-silver-roman-dial-with-original-papers-w3913,https://cdn.shopify.com/s/files/1/0961/8613/8969/files/W-3913RolexDatejustSilverRomannumeralsdialwithpapersref16220_063_1x1_ba822f19-6c02-4b66-b740-a090d62ee280.jpg?v=1788339731,"First introduced in 1945 to commemorate Rolex’s 40th anniversary, the Datejust is one of the brand’s oldest collections still in production today. The original Datejust featured a 36mm case and was the world’s first self-winding wristwatch with a date display that automatically changed at midnight. While this functionality may seem commonplace today, it was the Datejust that established the standard for how a date complication should function on a wristwatch. At hand is a 2001 specimen featuring a lovely no-lug-holes case and a beautifully finished steel engine-turned bezel. The dial is a beautiful silver soleil-finished version, with no lume, applied Roman numerals and a fine railroad-track minute scale, complemented by matching non-luminous hands. The Oyster bracelet, ref. 78360, is in excellent condition, with 558B end links and a clasp stamped DT8. The watch comes complete with its four Rolex booklets, a red hang tag and its punched Chronometer paper, documenting a sale in Singapore in 2005. One of those Datejusts that simply gets everything right. If this one speaks to you, you know what to do! Specifications: Rolex Reference 16220 Datejust 36mm Steel case with engine turned bezel, no lug holes Serial K97xxxx dating to 2001 Silver soleil finish dial with Roman numerals, no lume and black text Oyster bracelet ref 78360 with end links 558B Rolex booklets , hang tag and punched chronometer paper stating a sale in 2005 Quick setting movement Fully serviced by our watchmaker One-year mechanical warranty Free worldwide Fedex Priority shipping",Bulang & Sons,2026-09-02,False
Rolex Day-Date 1803 Champagne Dial in 18k Yellow Gold,Rolex,10650,https://bulangandsons.com/products/rolex-day-date-1803-champagne-dial-in-18k-yellow-gold-w3885,https://cdn.shopify.com/s/files/1/0961/8613/8969/files/W-3885RolexDay-dateChampagnedialin18kyellowgoldref1803_222_1x1_4051b1b4-a616-469e-91ab-70dffce9117a.jpg?v=1785246773,"Introduced in 1956, the Rolex Day-Date is Rolex's ultimate flagship timepiece. Produced exclusively in precious metals, it quickly became known as ""The President"" thanks to its association with world leaders and influential figures. It also made watchmaking history as the first wristwatch to display both the date and the day of the week spelled out in full on the dial. Offered here is a classic reference 1803 in 18k yellow gold. The watch features a well-preserved 36 mm case with a crisp fluted bezel, complemented by a beautifully understated champagne dial with a soft soleil finish. Unusually, the dial combines black baton hour markers with fine Arabic numerals forming the minute track, creating a distinctive and highly elegant appearance. The day-disc is presented in English. Inside beats Rolex's renowned calibre 1556 with the traditional non-quickset (""slow-set"") day and date mechanism. The movement has been fully serviced by our watchmaker and is ready to provide many years of reliable enjoyment. The Day-Date remains one of the most versatile vintage Rolex models ever produced. Equally at home on its bracelet or paired with a fine leather strap, the reference 1803 effortlessly combines timeless elegance with everyday wearability. A true President's watch, ready to become the highlight of your collection. Get in touch—we'd be delighted to tell you more. Specifications: Rolex Day-date Reference 1803 36mm yellow gold case, plexi crystal Serial 252xxxx dating to 1970 Champagne colour pie-pan style dial, with small Arabic numerals English day-disc Comes on the pictured Bulang and Sons strap Slow setting movement Fully serviced by our watchmaker One-year mechanical warranty Free worldwide Fedex Priority shipping",Bulang & Sons,2026-07-28,False
Omega Cal.28.9 Two-Tone Dial Screw Down Case Chronograph,Omega,16900,https://bulangandsons.com/products/omega-cal-28-9-two-tone-dial-screw-down-case-chronograph-w3798,https://cdn.shopify.com/s/files/1/0961/8613/8969/files/W-3798OmegaCal.28.9Twotonedialscrewdowncasechronograph_007_1x1_92aeba43-b837-4861-94f6-9ba8f980b414.jpg?v=1787907964,"The history of Omega began in 1848, when 23-year-old watchmaker Louis Brandt established a small watchmaking workshop in La Chaux-de-Fonds, Switzerland. Over the following 175 years, the company evolved from a modest atelier into one of the world’s most celebrated luxury watch manufacturers, renowned for its achievements in precision timekeeping, space exploration, professional diving watches, and mechanical innovation. The Omega Calibre 28.9 (often designated as Cal. 28.9 CHRO) is historically significant as Omega’s first compact wrist chronograph movement, produced in very limited numbers between 1932 and approximately 1943. Developed in partnership with Lemania — where it was known as the Lemania 13CH — this 28.9 mm movement laid the foundation for Omega’s iconic sports and military chronographs, eventually evolving into the legendary Calibre 321 used in the first NASA-approved Speedmaster. It is closely related to the Calibre 33.3, but considerably rarer, especially in a case configuration such as this example. This particular specimen is housed in a steel case with a screw-down case back and oversized pump pushers. The silver dial features a base-1000 outer scale, a telemeter scale set against a copper-coloured backdrop, glossy black Arabic numerals and two sub-dials for the chronograph functions, all without applied lume. The watch is completed by elegant black hands. This historically important chronograph is fitted with a beautiful Bulang and Sons strap and buckle and has been fully serviced by our watchmaker. Fun fact we have yet another of these caliber 28.9 Omegas in stock and it has exactly ONE (!) number different then this one in other words: The movement has consecutive serial numbering. You can handle thousands and thousand of vintage watches and this will NEVER happen ! These two watches should be considered by a smart collector , condition of both fantastic , and everything you want from a rare Omega , historical movement , quality and screw down… Together, these two watches represent an extraordinary opportunity for the serious collector: historically important Omega chronographs with rare movements, waterproof screw-back cases, outstanding overall condition, and an almost impossible-to-find consecutive serial relationship.. Contact us for further details or to arrange a private viewing of this exceptionally rare Omega chronograph ! Specifications: Omega Chronograph 35 mm steel case with screw down case back Rare Silver colour multi scale dial Pump pushers No lume leaf style blued hands Cal. 28.9 hand wound movement Movement Serial 938xxxx dating to the early 1940’s Bulang and sons leather strap and buckle Fully serviced by our watchmaker One-year mechanical warranty Free worldwide Fedex Priority shipping",Bulang & Sons,2026-08-28,False
Patek Philippe Calatrava in 18k Yellow Gold Silver Soleil Dial ref. 3470 Ultra-Thin,Patek Philippe,9900,https://bulangandsons.com/products/patek-philippe-calatrava-in-18k-yellow-gold-silver-soleil-dial-ref-3470-ultra-thin-w3894,https://cdn.shopify.com/s/files/1/0961/8613/8969/files/W-3894PatekPhilippeCalatravain18kyellowgoldWhitedialref3470Ultrathin_429_1x1_08764ef4-0940-4b10-aa03-b93d0b4a367d.jpg?v=1787908101,"The Patek Philippe Calatrava is widely regarded as the quintessential dress watch. Introduced in 1932, it was created during one of the most challenging periods in the manufacture's history, shortly after the Stern family acquired Patek Philippe amid the Great Depression. The Calatrava embodied a new design philosophy—one of timeless elegance and understated sophistication—that would come to define the brand. Its minimalist aesthetic was heavily inspired by the German Bauhaus movement, embracing the principle that ""form follows function."" Every element was reduced to its purest expression, resulting in a watch whose restrained design remains as relevant today as it was nearly a century ago. The model takes its name from the Calatrava Cross, the medieval emblem adopted by Patek Philippe as its official trademark in 1887. More than ninety years after its introduction, the Calatrava remains one of the most influential dress watches ever created and continues to serve as the benchmark for elegant watch design. Offered here is a mid-1960s Patek Philippe Calatrava reference 3470 in 18k yellow gold. Its elegant 30 mm case features straight lugs, a small winding crown, and a snap-on case back, creating the perfectly balanced proportions that define vintage Calatravas. The silver soleil dial is beautifully understated, featuring painted black Roman numerals, fine non-luminous baton hands, and a clean, uncluttered layout without luminous material. Together, these details perfectly capture the understated elegance for which the Calatrava has become renowned. The watch is paired with one of our Bulang and Sons leather straps and is fitted with its original 18k yellow gold Patek Philippe pin buckle. Inside beats the ultra-thin hand-wound calibre 175, a movement celebrated for its elegant construction and reliability. It has been fully serviced by our watchmaker and is ready to be enjoyed for many years to come. There is something quietly captivating about a vintage Calatrava. Free from unnecessary distractions, it simply does everything right. This reference 3470 is no exception and is ready to be enjoyed by its next owner. Specifications: Patek Philippe Calatrava Reference 3470 30 mm 18k yellow gold case with thin bezel and snap back case back Silver soleil dial with black Roman numerals and non-lumed hands Movement no. 113xxxx/ Case no. 318xxxx dating to 1965 Non lumed stick hands Bulang and sons leather strap , original Patek ' 18k gold pin buckle Cal. 175 hand wound movement Fully serviced by our watchmaker One-year mechanical warranty Free worldwide FedEx Priority shipping",Bulang & Sons,2026-08-28,False
Rolex Day-Date 1803/9 Silver Dial in 18k White Gold,Rolex,19900,https://bulangandsons.com/products/rolex-day-date-1803-9-silver-dial-in-18k-white-gold-w3838,https://cdn.shopify.com/s/files/1/0961/8613/8969/files/W-3838RolexDay-dateSilverdialin18kwhitegoldref18039_294_1x1_85f1699f-0538-4ec5-86e2-30e2bd4e2057.jpg?v=1783069545,"The Rolex Day-Date, introduced in 1956, stands as one of the most iconic and prestigious models ever produced by Rolex. It was the world's first wristwatch to display both the date and the day of the week spelled out in full on the dial. Affectionately known as the ""President,"" the Day-Date has adorned the wrists of heads of state, business leaders, and discerning collectors for decades and remains exclusively crafted in precious metals. Presented here is a beautiful white-gold example, reference 1803/9, with the ""/9"" suffix indicating its 18k white-gold construction. The classic 36 mm Oyster case remains in lovely condition and is fitted with its signature fluted bezel. There is something particularly appealing about a white-gold Day-Date; while its yellow-gold counterpart makes a bold statement, this version offers a more discreet form of luxury. As we often say, it whispers rather than shouts. The silver soleil-finished dial pairs perfectly with the white-gold case and features crisp black printing, applied baton hour markers, and beautifully aged cream-coloured luminous accents. A particularly charming detail is the German-language day disc, adding both character and a touch of individuality to this already desirable reference. Completing the watch is its iconic President bracelet, presented in very nice condition and fitted with solid end links and a concealed Crown clasp. The bracelet remains tight and comfortable and will accommodate wrists up to approximately 19 cm. Powered by Rolex's reliable automatic movement, that has been fully serviced by our watch maker.This Day-Date offers everything collectors admire about the model: timeless design, precious-metal construction, and an understated elegance that has made it a symbol of success for 70 years ! A discreet and highly wearable Day-Date, ready for its next custodian. Contact us to learn more. Specifications: Rolex Day-Date Reference 1803/9 18kt 36mm white gold case, plexi-crystal White gold fluted bezel Serial 506xxxx dating to 1977 Silver soleil finish pie-pan style dial with black text German day-disc Concealed clasp President bracelet in 18kt white gold Fully serviced by our watchmaker One-year mechanical warranty Free worldwide Fedex Priority shipping",Bulang & Sons,2026-07-03,False
Rolex Oyster Perpetual Air-King 5500 Silver no-lume Arabic Numerals Dial,Rolex,4400,https://bulangandsons.com/products/rolex-oyster-perpetual-air-king-5500-silver-no-lume-arabic-numerals-dial-w3776,https://cdn.shopify.com/s/files/1/0961/8613/8969/files/W-3776RolexOysterPerpetualAir-KingSilvernolumeArabicnumeralsdial_686_1x1_63ce3b47-d18a-4821-b9ff-459b47eac5cf.jpg?v=1787908876,"The Rolex Air-King ref. 5500, produced from 1957 to 1989, is often regarded as one of the most straightforward vintage Rolex models available. With its simple design—no flashy bezel, complications, or special features—it remains a true embodiment of Rolex’s minimalist approach to watchmaking. We love the font used on these refs, very untypical Rolex! This example remains in really great condition, with a strong case and bezel. The classic Silver dial is super cool , with a matte finish and rare aplied Arabic numerlas, no lume and and dauphine hands fitted . This Air-King has been fully serviced by our watchmaker and is fitted with a lovely Bulang and sons leather strap. Please check out our selection of Oysters and get in touch with any questions that you may have! Specifications: Rolex Oyster Perpetual Air-King Reference 5500 34mm steel case , smooth bezel Serial 1850xxx dating to 1968 Rare Silver dial with Arabic numerals Fully serviced by our watchmaker One-year mechanical warranty Free worldwide FedEx Priority shipping",Bulang & Sons,2026-08-28,False
Audemars Piguet Royal Oak ref. 4153/477BA Brilliant Cut Diamond Bezel and Dial with Box and  Certificate of Origin,Audemars Piguet,46900,https://bulangandsons.com/products/audemars-piguet-royal-oak-ref-4153-477ba-brilliant-cut-diamond-bezel-and-dial-with-box-and-certificate-of-origin-w3889,https://cdn.shopify.com/s/files/1/0961/8613/8969/files/W-3889AudemarsPiguet4153_477BABrilliantCutDiamondBezelandDialwithBoxandcertificateoforigine_021_1x1_80e2c916-b033-4c57-9e5c-f643b85c79ca.jpg?v=1785481708,"Audemars Piguet is a Swiss watch manufacture founded in 1875 in Le Brassus by Jules Louis Audemars and Edward Auguste Piguet. It belongs to watchmaking's prestigious ""Holy Trinity"" and, uniquely among its peers, remains under the ownership of its founding families to this day. By the early 1970s, Audemars Piguet faced mounting pressure from the emerging Quartz Crisis. In response, Managing Director Georges Golay challenged legendary designer Gérald Genta to create an entirely new kind of watch—an elegant luxury sports watch in stainless steel. According to watchmaking lore, Genta completed the initial design overnight, drawing inspiration from a traditional diver's helmet. The result was the Royal Oak reference 5402ST. What began as a daring horological gamble would go on to redefine the luxury watch industry. Over the decades, the Audemars Piguet Royal Oak evolved from a controversial high-end sports watch into one of the world's most recognisable timepieces—a true pop culture icon embraced by Hollywood, elite athletes, musicians, and collectors alike. Offered here is a particularly rare and elegant mid-sized Royal Oak, as per information by AP; “Sales from 1978 to 1983: 131 units in all” ! Derived from the Royal Oak reference 4100, the reference 4153—renamed 14153 following Audemars Piguet's revised reference numbering system in 1984/1985—is distinguished by its bezel, which is set with 80 brilliant-cut diamonds. This style of gem-setting is characteristic of the earliest diamond-set Royal Oaks. Rather than being set into the top surface of the bezel, the diamonds were carefully positioned around its outer edge. The exceptionally thin profile of the Royal Oak bezel left insufficient material for traditional top-setting without compromising the watch's water resistance. This ingenious solution not only preserved the integrity of the case but also beautifully emphasized the Royal Oak's signature octagonal silhouette and its eight exposed white gold screws. According to Audemars Piguet's archives, only 176 examples of the reference 4153/14153 were sold between 1978 and 1985. Although these watches carry consecutive case numbers from the reference 4100 series, the manufacture's records identify them as the distinct reference 4153, making them among the rarest early gem-set Royal Oaks. The 35 mm 18k yellow gold case remains in beautiful condition, retaining the crisp contrast between its satin-brushed surfaces and polished bevels exactly as collectors like to see. The golden Petite Tapisserie dial is equally impressive, featuring the classic small Audemars Piguet signature, diamond-set hour markers, and elegant non-luminous baton hands. The integrated 18k yellow gold bracelet is in equally fine and tight condition and currently fits wrists up to 17.5 cm. The accessories accompanying this Royal Oak are just as remarkable as the watch itself. It is offered with its original green Audemars Piguet presentation box, leather document holder, two booklets,",Bulang & Sons,2026-07-31,False
Tudor Prince Oysterdate Ranger ref 7970 /0,Tudor,7500,https://bulangandsons.com/products/tudor-prince-oysterdate-ranger-ref-7970-0-w3738,https://cdn.shopify.com/s/files/1/0961/8613/8969/files/W-3738TudorPrinceOysterdateRangerref_008_1x1_febe046b-57ff-4f3b-953f-dbd9c3f45df4.jpg?v=1785922280,"The origins of the Tudor Ranger trace back to 1929, when Hans Wilsdorf first registered the ""Ranger"" name. Long before it became a model in its own right, Tudor used the designation on a handful of watches during the 1940s to evoke a sense of adventure and exploration. The Ranger's true inspiration, however, came from the historic British North Greenland Expedition of 1952–1954. Members of the expedition wore Tudor Oyster Prince watches, which endured temperatures as low as -50°F (-46°C) in some of the harshest Arctic conditions imaginable. Their outstanding performance helped establish Tudor's reputation for producing robust and dependable tool watches. Building on the success of the expedition, Tudor introduced the first dedicated Ranger in 1963 with reference 7995. Its clean, highly legible dial and rugged Oyster case perfectly embodied the brand's philosophy of creating reliable watches built for adventure. Presented here is reference 7970/0, featuring a beautifully preserved 34mm Oyster case with a smooth bezel and its original riveted Rolex Oyster bracelet. The bracelet remains in equally fine condition, fitted with 67 end links and a clasp stamped 4/68. The dial features the Tudor shield logo, a date display at 3 o'clock, and the iconic 6-9-12 Arabic numerals that have become synonymous with the Ranger. Completing the look are the signature arrow hour hand and paddle-style minute hand—details that make the Ranger instantly recognizable. The watch has been fully serviced by our watchmaker and is ready for many more years of adventure. Rarer than most people realize, full of character, and still flying under the radar, the Ranger remains one of the most rewarding vintage Tudor references to own. Get in touch. Specifications: Tudor Oysterdate Ranger reference 7970/0 34mm steel case with smooth bezel Serial 679xxx dating to 1968 Date function Black dial , 6/9/12 Arabic numerals , Ranger hand set Rolex Oyster bracelet ref 7205 with end links 67 Fully serviced by our watchmaker 1 year mechanical warranty Free worldwide Fedex Priority shipping",Bulang & Sons,2026-08-05,False
Vacheron Constantin Prestige De la France 1972 Asymmetric in 18k Yellow Gold,Vacheron Constantin,14900,https://bulangandsons.com/products/vacheron-constantin-prestige-de-la-france-1972-asymmetric-in-18k-yellow-gold-w3872,https://cdn.shopify.com/s/files/1/0961/8613/8969/files/W-3872VacheronConstantinPrestigeDelaFranceSilverdialAsymmetricin18kyellowgold_706_1x1_b0369fa8-049f-4a41-a7a5-5e49cd518334.jpg?v=1785139441,"Vacheron Constantin is the world's oldest watch manufacturer in continuous operation, having crafted exceptional timepieces without interruption since its founding in 1755. Together with Patek Philippe and Audemars Piguet, it forms the revered ""Holy Trinity"" of Swiss haute horlogerie.. In 1972, Vacheron Constantin was awarded the prestigious Diplôme Prestige de la France , a distinction recognizing the maison's outstanding craftsmanship, technical excellence, authenticity, and timeless elegance. To commemorate this honour, the manufacture introduced the aptly named Prestige de la France , a striking dress watch distinguished by its sculptural trapezoidal case with elegant asymmetrical curves. Presented here is a beautiful 18k yellow gold example measuring 46 x 21 mm. The case has been beautifully preserved and retains the special Prestige de la France engraving on the case back, while the discreet setting crown is also engraved—a charming detail rarely found on watches of this era. The vertically brushed silver dial is equally refined, featuring slender black lacquered baton hour markers, four Roman numerals, delicate stick hands, and an applied Vacheron Constantin Maltese Cross at twelve o'clock. The absence of lume further enhances the purity of the design, allowing the elegant geometry of the case and dial to take centre stage. The watch is fitted with the photographed leather strap and its original 18k yellow gold Vacheron Constantin pin buckle, completing this distinctive and highly collectible dress watch and has been fully serviced by our watch maker . This watch exudes a luxurious sensation on the wrist, thanks in part to its unique shape and the brand's renowned heritage of crafting watches of the highest quality. Get in touch to discuss it more! Specifications: Vacheron Constantin ""Prestige de la France 1972” 46x21mm 18k yellow gold case Serial 481xxx. 0xxDates to the 1970’s Silver dial with vertical brush finish, Roman numerals Manual wind Vacheron & Constantin movement Comes on the shown Leather strap with 18 k Gold Vacheron Constantin pin buckle Fully serviced by our watchmaker One-year mechanical warranty Free worldwide Fedex Priority shipping",Bulang & Sons,2026-07-17,False
Beleta Two-Register Chronograph,Beleta,1900,https://bulangandsons.com/products/beleta-two-register-chronograph-w3857,https://cdn.shopify.com/s/files/1/0961/8613/8969/files/W-3857BeletatworegisterChronograph_094_1x1_4d0846f0-b113-48c4-9ab5-2ac545c45f0e.jpg?v=1788339821,"Beleta is one of those fascinating names from the golden age of Swiss independent watchmaking. Registered in Switzerland as early as 1942 by Max Brailowsky’s Beleco Watch in La Chaux-de-Fonds, the name appeared on a variety of watches during the mid-20th century, ranging from elegant hand-wound dress watches to sporty chronographs. Later trademark records show the Beleta name under Voumard Montres SA, another Swiss watchmaking concern. Like many smaller Swiss maisons of the period, Beleta has largely disappeared from the mainstream history books, making surviving examples all the more charming for collectors of lesser-known vintage Swiss watches. This two-register 36mm chronograph is a wonderfully cool example, featuring a snap-back case, square pushers and a dial packed with character. The multiple scales include a black minute track, a red telemeter scale and a blue “snail” scale graduated to 100. Adding even more charm, the Arabic numerals are printed in a warm copper tone, complemented by elegant alpha-style hands and two subsidiary registers for the chronograph functions. The watch is fitted with one of our Bulang & Sons leather straps, while the hand-wound movement ( based on Landeron cal. 48)has been fully serviced by our watchmaker and is ready for many more years of enjoyment. Honest, rugged and full of history. A proper Chrono for the collector who appreciates watches with a story to tell , get in touch ! Specifications: Beleta Multiscale dial Chronograph 36mm case , square pushers , snap back case back Multi scale dial with two register lay out Alpha style hands Dates to the 1950’s Hand wound movement based on a Landeron cal.48 Bulang and sons leather strap Fully serviced by our watchmaker Free worldwide Fedex Priority shipping",Bulang & Sons,2026-09-02,False
Rolex Sea-Dweller 1665 MK3 Matte Dial,Rolex,16500,https://bulangandsons.com/products/rolex-sea-dweller-1665-mk3-matte-dial-w3861,https://cdn.shopify.com/s/files/1/0961/8613/8969/files/W-3861RolexSea-dwellermk3dialRef1665_009_1x1_237d3418-059f-40fe-bd7e-5f6dbe823988.jpg?v=1784813888,"The Rolex Sea-Dweller was introduced in 1967 as the ultimate tool watch for professional saturation divers. Its development was driven by a very real challenge faced by the commercial deep-sea diving industry. During the 1960s, commercial divers working on pioneering saturation diving projects—such as France's COMEX and the U.S. Navy's SEALAB program—spent days living and working inside pressurised underwater habitats while breathing a helium-rich gas mixture known as Heliox. Because helium molecules are exceptionally small, they could penetrate the watch's rubber gaskets and accumulate inside the case. During decompression, the trapped helium expanded faster than it could escape, creating enough internal pressure to force the acrylic crystal from the watch. To solve this problem, Rolex co-developed and patented the Helium Escape Valve (HEV). Positioned at 9 o'clock on the case, this ingenious one-way valve automatically releases excess helium once the internal pressure reaches a critical level, preventing damage to the crystal and ensuring the watch remains watertight and fully functional. Offered here is the inaugural Sea-Dweller reference, the legendary ref. 1665, dating to 1979. The watch features a beautifully preserved case paired with a gently faded black bezel insert, giving it the unmistakable character collectors love to see. The matte black MK3 dial is in excellent condition and displays an attractive warm yellow patina across the lume plots and hands, adding just the right amount of vintage charm while remaining wonderfully balanced. The watch is fitted with an Oyster bracelet, reference 93150, complete with 585 end links and a clasp stamped ""VD,"" all presented in excellent condition. Inside beats a movement that has been fully serviced by our watchmaker and is ready to provide many years of reliable enjoyment. The Sea-Dweller ref. 1665 is more than just another vintage Rolex—it is a genuine piece of professional diving history. Built to solve a real-world engineering challenge, it remains one of the purest expressions of Rolex's tool-watch philosophy and an essential reference for any serious vintage Rolex collection. From the depths of the ocean to the heart of a great collection, this Sea-Dweller is ready for its next custodian! Specifications: Rolex Sea-Dweller Reference 1665 40mm steel case , gentle faded bezel insert Serial 6153xxx dating to 1979 Mk3 dial with warm, yellow patina Solid-link Oyster bracelet 93150 with 585 end links Fully serviced by our watchmaker One-year mechanical warranty Free worldwide FedEx Priority shipping",Bulang & Sons,2026-07-23,False
IWC Automatic Dresswatch  Silver dial ref R810A,IWC,2900,https://bulangandsons.com/products/iwc-automatic-dresswatch-silver-dial-ref-r810a-w3896,https://cdn.shopify.com/s/files/1/0961/8613/8969/files/W-3896IWCAutomaticSilverdialR810A_079_1x1_c516baa6-8c04-4edb-8ea1-562a94aab750.jpg?v=1788510302,"IWC Schaffhausen, or International Watch Company, was founded in 1868 by American watchmaker Florentine Ariosto Jones. His vision was an unusual one for the time: to combine American-style industrial production with the renowned craftsmanship of Swiss watchmaking. Rather than settling in the traditional watchmaking centres of the French-speaking Swiss Jura, Jones chose the German-speaking town of Schaffhausen, where the hydropower of the Rhine could help drive his ambitious new manufacture. More than 150 years later, that engineering-minded spirit is still very much part of IWC. Today part of the Richemont Group, the manufacture remains known for robust, highly legible watches and a distinctly technical approach to watchmaking. This particular Ref. R810A comes in a lovely 34mm stainless steel case, with elegant lugs and a classic press-in caseback. It is a wonderfully wearable size, giving the watch plenty of vintage presence without feeling oversized. And then there is that little detail we always enjoy finding: a Portuguese import marking on the upper left lug. For much of the 20th century, watches entering Portugal from abroad were subject to customs duties and taxation and had to pass through the Portuguese customs and assay system. The resulting punção was a small official punch applied to qualifying watches. Collectors sometimes refer to these as “Salazar marks”, although Portuguese import or Contrastaria mark is the more accurate description. The reason is beautifully simple: Switzerland and Portugal were separate customs territories, meaning that a Swiss-made IWC arriving in Portugal was a foreign import and therefore had to pass through the Portuguese system. So that tiny mark on the lug is more than just an unusual case detail — it is a little piece of the watch's journey. The silver dial is particularly charming, finished with a beautiful vertical brushing that catches the light in a wonderfully subtle way. An applied IWC logo, fine black printing and elegant hour markers keep things crisp and understated, while the date aperture sits neatly at 3 o’clock. The distinctive semi-sword hands retain their original cream-coloured tritium lume, adding just the right amount of warmth. Inside beats IWC's automatic calibre 854/8541, part of one of the manufacture's most important automatic movement families and a fine example of the robust engineering for which Schaffhausen became known. The movement has been fully serviced by our watchmaker, and the watch is fitted with a generic leather strap with an original IWC pin buckle fitted. A charming and understated vintage IWC, with a beautifully detailed dial, a wonderfully wearable 34mm case and, best of all, that little Portuguese mark quietly telling us where this particular Schaffhausen creation once travelled. A charming vintage IWC with a story that travels well beyond Schaffhausen. The Portuguese import mark is the little detail that makes this one extra special. If you like your vintage watc",Bulang & Sons,2026-09-04,False
Rolex Submariner 5512 4-liner Gilt Chapter Ring Exclamation point Dial Pointed Crown Guards Case,Rolex,48900,https://bulangandsons.com/products/rolex-submariner-5512-4-liner-gilt-chapter-ring-exclamation-point-dial-pointed-crown-guards-case-w3849,https://cdn.shopify.com/s/files/1/0961/8613/8969/files/W-3849RolexSubmariner55124-linerGiltChapterRingExclamationpointDialPointedCrownGuardsCase_001_1x1_3db1bfd1-2290-4e94-bd32-bc0fcbfddcb3.jpg?v=1785319384,"Introduced in 1959, the Rolex Submariner reference 5512 is widely regarded as one of the most important dive watches ever produced. Manufactured until approximately 1980, it established the blueprint for the modern Submariner by introducing crown guards and increasing the Oyster case to the now-classic 40mm diameter. Although it shared much of its appearance with the reference 5513, the 5512 was produced in far smaller numbers, making it one of the most sought-after vintage Submariners today. Prior to the 5512, Submariners featured ""no crown guard"" cases, leaving the winding crown exposed to knocks and impacts. With the 5512, Rolex introduced protective crown guards, a defining feature that would become standard across the Submariner line. Their design evolved through three distinct phases over the years. The earliest examples from 1959 featured square crown guards. While exceptionally rare today, they proved somewhat impractical, as their blocky shape made it difficult for professional divers to unscrew the crown while wearing gloves. Rolex soon replaced them with the elegant pointed crown guards—known among collectors as ""PCG"" or Cornino —whose tapered profile improved accessibility while giving the watch one of its most distinctive silhouettes. By 1964, the familiar rounded crown guards were introduced, a design that remained in production until the end of the reference and continues to define the Submariner to this day. The movement also evolved during production. Early reference 5512s were powered by the non-chronometer calibre 1530 and featured the clean ""two-line"" dial, displaying only the model designation and depth rating above six o'clock. In 1962, Rolex upgraded the 5512 with chronometer-certified calibres 1560 and later 1570. As a result, the dial gained the additional ""Superlative Chronometer Officially Certified"" text, creating the familiar four-line layout. That same year, Rolex introduced the reference 5513. Although nearly identical in appearance, it retained a non-chronometer movement and the simpler two-line dial, allowing Rolex to offer it at a more accessible price. The 5513 remained in production for a similar length of time and was manufactured in substantially larger numbers—estimated at nearly ten times the production of the 5512—making original 5512s considerably scarcer and especially desirable among collectors today. Offered here is an early 1963 example featuring the highly desirable pointed crown guard (PCG) case. The case remains beautifully full and strong, while the bezel insert has gracefully faded to a rich mid-blue tone. We often think of a bezel insert as the frame around a painting—the right frame makes all the difference—and this one complements the dial beautifully. The glossy gilt chapter ring dial is equally attractive and features the sought-after ""Exclamation Point"" configuration, named after the small lume dot positioned beneath the six o'clock marker, creating the appearance of an exclamation mark. Th",Bulang & Sons,2026-07-23,False
Audemars Piguet 14995ST 120 Years Anniversary Silver Dial Ultra-thin Dresswatch,Audemars Piguet,20900,https://bulangandsons.com/products/audemars-piguet-14995st-120-years-anniversary-silver-dial-ultra-thin-dresswatch-w3813,https://cdn.shopify.com/s/files/1/0961/8613/8969/files/W-3813AudemarsPiguet14995ST120yearsanniversaryultrathinDresswatch_456_1x1_b9fc1172-ba30-4403-a226-e90e4309c51c.jpg?v=1788532313,"Limited to only 120 pieces Presented here is the rare Audemars Piguet Reference 14995ST, an ultra-thin timepiece introduced in 1995 to commemorate the brand’s 120th anniversary. Produced in a highly limited series — predominantly as a worldwide edition of just 120 pieces — the reference pays tribute to Audemars Piguet’s classical dress watch heritage outside of its iconic Royal Oak collection. The stainless steel case measures an elegant 36 mm in diameter while maintaining an impressively slim profile of approximately 6.5 mm thick. A sapphire crystal exhibition case back reveals the beautifully finished movement, complete with an engraved 21k gold rotor displaying the watch’s individual limited-edition number. The silver dial is especially attractive, featuring a hand-finished guilloché wavy soleil texture, finely printed black lacquered Roman numerals, a discreet date aperture, and elegant blued hands that add a subtle touch of colour and refinement. The watch is fitted with one of our Bulang and Sons leather straps and accompanied by its original steel Audemars Piguet pin buckle. Powering the watch is the legendary automatic Calibre 2121 — one of the most celebrated ultra-thin automatic movements ever produced. Measuring just 3.05 mm thick, this iconic calibre famously powered the original Royal Oak “Jumbo” for nearly five decades and remains a benchmark in slim automatic movement construction. The movement has been fully serviced by our watchmaker and is ready to be enjoyed for years to come. A rare and highly attractive limited-edition AP that perfectly captures the charm of neo-vintage collecting! Among today’s most fascinating collector categories are the watches born during the transition from vintage to modern watchmaking — pieces that still retain the charm, proportions, and character of earlier eras, while benefiting from the reliability and practicality of more contemporary production. Long overlooked by the wider market, these neo-vintage watches have steadily developed a loyal following among collectors who value understated design, authenticity, and true everyday wearability. Long before oversized luxury sports watches came to dominate the modern landscape, Audemars Piguet was producing exceptionally refined and mechanically sophisticated dress watches. Slim, elegant, and discreetly luxurious, these neo-vintage references represent a very different side of the brand — one deeply rooted in traditional haute horlogerie rather than overt statement pieces. Today, they remain among the most attractive and quietly undervalued segments within neo-vintage collecting. Specifications: Audemars Piguet Ultra thin Dresswatch reference 14995ST “ 120 years anniversary” 36mm Steel case in Steel, display case-back Limited to 120 pieces no. 08x, dating to 1995 Silver dial guilloché technique with black-painted Roman-style numerals and elegant hand-set Calibre 2121 automatic-wind movement, with 21 k gold rotor Comes on the pictured strap with an steel",Bulang & Sons,2026-07-23,False
Rolex Datejust 6605 Cream Swiss Only Dial Roulette Date,Rolex,7700,https://bulangandsons.com/products/rolex-datejust-6605-cream-swiss-only-dial-roulette-date-w3873,https://cdn.shopify.com/s/files/1/0961/8613/8969/files/W-3873RolexDatejustCreamSwissonlydialRouletteDateref6605_010_1x1_2edc390b-298f-496e-8d40-d66e9487e8cc.jpg?v=1784290463,"Introduced in 1945 to celebrate Rolex's 40th anniversary, the Datejust changed the course of watchmaking. It became the world's first self-winding, waterproof chronometer wristwatch with an automatically changing date display—a feature we now take completely for granted. While many Rolex models were created with pilots, divers, or racing drivers in mind, the Datejust was simply designed to be the perfect everyday watch. Eight decades later, that formula still works, making it one of the most enduring and successful wristwatches ever produced. Rolex introduced reference 6605 in 1956, producing it until 1959. A true transitional model, it bridged the gap between the early Datejusts and the references that followed. It introduced the slimmer in-house calibre 1065, allowing Rolex to move away from the thicker ""Bubbleback"" profile while retaining the robustness for which the Oyster case had become famous. The 6605 also ranks among the earliest Datejust references to feature the now-familiar ""Superlative Chronometer Officially Certified"" designation on the dial, together with the Cyclops magnifying lens that had made its debut just a year earlier. The example offered here is a particularly handsome one. Its 36mm stainless steel Oyster case remains in lovely condition and is fitted with the elegant finely fluted 18k white gold bezel. The real star of the show, however, is the dial. The beautifully aged cream-coloured pie-pan dial features an applied Rolex coronet, applied dagger hour markers, black printed text, the desirable ""Swiss"" designation at six o'clock, and elegant dauphine hands. Together, they create the warm, refined look that makes these mid-century Datejusts so appealing. Adding another charming detail is the original roulette date disc, alternating red and black numerals—a small touch that never fails to put a smile on our faces. The watch is paired with one of our own Bulang and Sons leather straps and has been fully serviced by our watchmaker, ready to be worn and enjoyed. One look at that dial, and you'll understand why we love these early Datejusts! Specifications: Rolex Reference 6605 Datejust 36mm steel case, fine reeded 18k white gold bezel Serial 415xxx dating to 1958 Cream coloured dial, signed Swiss only, applied Rolex logo, “dagger” hour markers Dauphine hands Roulette date wheel Bulang and Sons leather strap Fully serviced by our watchmaker One-year mechanical warranty Free worldwide Fedex Priority shipping",Bulang & Sons,2026-07-17,False
Rolex Submariner 16613 Blue Dial in Steel and Gold,Rolex,10300,https://bulangandsons.com/products/rolex-submariner-16613-blue-dial-in-steel-and-gold-w3888,https://cdn.shopify.com/s/files/1/0961/8613/8969/files/W-3888RolexSubmarinerBluedialsteelandgoldref16613_196_1x1_eb4c1be2-f09e-4c7c-ac39-fe00adf90914.jpg?v=1784815049,"A steel and gold Submariner, you say? Isn't that a bit of an oddball—a watch designed to be tough, reliable, and waterproof to depths few would ever dare to explore? Since its introduction in 1953, the Rolex Submariner has been the benchmark for professional dive watches. Built as a purpose-driven tool watch, it earned its reputation through exceptional robustness, reliability, and water resistance. For decades, stainless steel was the obvious choice for a watch destined to accompany divers into the depths. The introduction of the steel and gold Rolesor Submariner added an entirely new dimension to the collection. While retaining every bit of the Submariner's legendary capability, it brought a welcome touch of luxury to one of Rolex's most iconic sports watches. The result is a watch that effortlessly balances rugged functionality with everyday elegance. Offered here is a beautiful example in excellent overall condition. The watch features the desirable no-lug-hole case, a vibrant blue bezel insert, and a striking blue soleil dial that transforms beautifully as it catches the light. At six o'clock, the dial carries the coveted ""Swiss Made"" signature, while the watch is fitted with its original steel and gold Oyster bracelet, reference 93253, complete with solid end links and an OP2-stamped clasp. The movement has been fully serviced by our watchmaker and is ready to provide many years of reliable enjoyment. The Submariner remains one of Rolex's most instantly recognizable models, and the blue Rolesor execution has become a modern classic in its own right. Sporty yet refined, it transitions effortlessly from the beach to the boardroom, making it one of the most versatile Submariners ever produced. Whether you're looking for your first Submariner or adding another icon to your collection, this blue Rolesor offers the best of both worlds—tool-watch heritage with unmistakable Rolex luxury. A Submariner built for every occasion. Discover this striking blue Rolesor and make it yours. Specifications: Rolex Submariner Date Reference 16613 40mm steel and 18 k yellow gold case “Rolesor “ Serial D61xxxx dating to 2005 Blue soleil finished dial, “Swiss made “ Blue bezel insert Oyster bracelet 93253 with solid end links Fully serviced by our watchmaker One-year mechanical warranty Free worldwide FedEx Priority shipping",Bulang & Sons,2026-07-23,False
Patek Philippe Chronograph 1579J Second Series Silvered Dial in 18k Yellow Gold with Extract of the Archives,Patek Philippe,89500,https://bulangandsons.com/products/patek-philippe-chronograph-1579j-second-series-silvered-dial-in-18k-yellow-gold-with-extract-of-the-archives-w3839,https://cdn.shopify.com/s/files/1/0961/8613/8969/files/W-3839PatekPhilippeChronographin18kyellowgoldref1579withextractofthearchives_495_1x1_544ee47f-0cf6-48dd-908e-ec68ad8f2e3e.jpg?v=1784717647,"Patek Philippe has a long and distinguished history with chronographs, dating back to 1856 when the manufacture produced one of its earliest chronograph pocket watches. The inspiration came after co-founder Antoine Norbert de Patek travelled to America, where he observed a growing demand for precise timing instruments—particularly for measuring the speed of horse races. In 1923, Patek Philippe created its very first chronograph wristwatch, a highly complex split-seconds timepiece capable of measuring two separate events simultaneously. By 1927, the manufacture had begun regular production of wrist chronographs, laying the foundation for what would become one of its most celebrated complications. Introduced in 1943, the reference 1579 is one of Patek Philippe's most charismatic vintage chronographs. It features an elegant 18k yellow gold three-piece case with distinctive sculptural ""spider"" lugs, crafted by the renowned case maker Wenger. The combination of these elaborate lugs and a chronograph movement is exceptionally rare within Patek Philippe's history, making the reference highly sought after by collectors today. The impressive 36mm case is presented in excellent condition and fitted with square chronograph pushers that retain their crisp mechanical feel. As a desirable second-series example it features the silvered dial with black printing, a base-1000 tachymeter scale, applied Arabic numerals at 6 and 12, and elegant pyramid-shaped gold hour markers. The balanced chronograph layout is completed by two recessed sub-dials and a beautiful combination of hands. The polished gold feuille hour and minute hands are paired with a blued central chronograph seconds hand, creating a striking contrast while maintaining outstanding legibility. One fascinating aspect of early Patek Philippe dials is that they were designed to be serviceable. During the 1940s and 1950s, before modern water-resistant case construction became commonplace, moisture and dust could occasionally affect the appearance of a dial over time. Rather than replacing these original dials, Patek Philippe trained specialist watchmakers to carefully clean and preserve and restore them whenever possible during servicing. This example has benefited from such a period cleaning by the manufacture, allowing it to retain its original character while remaining preserved. The watch is fitted with the photographed leather strap and an 18k yellow gold Patek Philippe pin buckle. It is accompanied by an Extract from the Archives confirming its sale in 1951 and describing the dial configuration as ""raised gold index, tachymeter."" Inside beats the legendary manually wound calibre 13” chronograph movement, fully serviced by our watchmaker and ready to provide many years of reliable enjoyment. We have always had a particular soft spot for the reference 1579. The elegant proportions, beautifully sculpted lugs, silvered dial, and graceful feuille hands come together in perfect harmony, resulting in one of",Bulang & Sons,2026-07-22,False
Jaeger LeCoultre Memovox Black Dial ref E 855,Jaeger le Coultre,8250,https://bulangandsons.com/products/jaeger-lecoultre-memovox-black-dial-ref-e-855-w3852,https://cdn.shopify.com/s/files/1/0961/8613/8969/files/W-3852JaegerLeCoultreMemovoxBlackdialrefE855_360_1x1_75bc1ae7-f5bf-4b12-b902-7b9182ff47de.jpg?v=1784710298,"Jaeger-LeCoultre was officially established under its combined name in 1937, uniting over a century of Swiss technical innovation with refined French design. Revered in haute horlogerie as ""The Watchmaker of Watchmakers,"" the manufacture has registered more than 400 patents and developed over 1,400 in-house calibers. Beyond producing exceptional watches under its own name, Jaeger-LeCoultre has historically supplied movements to some of the world's most prestigious maisons, including Patek Philippe, Audemars Piguet, and Vacheron Constantin. This unparalleled expertise has cemented its reputation as one of the most influential movement manufacturers in Swiss watchmaking history. The Jaeger-LeCoultre Memovox is one of the most iconic mechanical alarm watches ever produced. The name ""Memovox"" was coined by Jaeger-LeCoultre as a combination of the Latin words memor (""to remember"") and vox (""voice""), perfectly reflecting the watch's practical reminder function. Offered here is a beautiful and increasingly rare stainless steel LeCoultre Memovox, reference E855, one of the most desirable alarm models produced by the manufacture during the 1960s. Its signature dual-crown layout separates the watch's functions: the lower crown is used for winding and setting the time, while the upper crown controls the alarm and rotates the central alarm disc to set the desired reminder. Powered by the renowned Calibre 825 automatic bumper movement, the watch produces the crisp, distinctive mechanical buzz that has made the Memovox legendary among collectors. The movement has been fully serviced by our watchmaker and is performing as intended.The rare black dial feautures an applied JLC logo at 12 o’clock , double grooved markers at 6 and 9 o’clock and awesome yellow lume plots , topped off by sharp dauphine hands , so nice !It is fitted with one of our Bulang and sons leather strap of which we think as a great match ! This cool alarm watch has been fully serviced by our watchmaker, and trust us—the alarm is practically shouting your name! Get in touch and make this one yours! Specifications: Jaeger LeCoultre Memovox Reference E855 37mm steel case with two crowns Date function Serial 1065xxx dating to the 1960’s Rare Black dial with applied logo, dauphine hands Alarm system function Cal. 825 automatic movement Bulang and sons leather strap Fully serviced by our watchmaker",Bulang & Sons,2026-07-22,False
Eterna Three-Register 18k Rose Gold Chronograph Silver dial,Eterna,5200,https://bulangandsons.com/products/eterna-three-register-18k-rose-gold-chronograph-silver-dial-w3879,https://cdn.shopify.com/s/files/1/0961/8613/8969/files/W-3879Eternathreeregister18kRosegoldChronographtwotoneSilverdial_741_1x1_1fce25d6-28ee-4759-b70a-85842901a1d2.jpg?v=1785246911,"Founded in Grenchen, Switzerland, in 1856 by Dr. Josef Girard and Urs Schild, Eterna is one of the true pioneers of Swiss watchmaking. Throughout its long history, the manufacture has been responsible for numerous technical innovations, most notably the introduction of the ball-bearing mounted automatic rotor in 1948. This ingenious system, supported by five tiny ball bearings, dramatically improved the efficiency and durability of automatic winding movements and went on to influence the entire watch industry. The innovation proved so significant that Eterna adopted the five-ball bearing as its emblem—a logo that remains synonymous with the brand to this day. Some highlights from Eterna's remarkable history: 1914 – Eterna patents one of the world's first wristwatch alarm mechanisms, bringing the complication into series production. 1932 – The company is reorganized into two independent entities: Eterna, dedicated to manufacturing complete watches, and ETA SA, established to develop and supply movements—a company that would become the backbone of the Swiss watch industry. 1958 – Eterna introduces the legendary KonTiki, named in honour of Thor Heyerdahl's famous 1947 Pacific Ocean expedition aboard the Kon-Tiki raft. 1995 – The Porsche family acquires Eterna. The manufacture subsequently produces Porsche Design timepieces until 2014. Presented here is a beautiful 35mm Eterna chronograph in 18k rose gold. The elegant case, fitted with square chronograph pushers and a snap-back case, has developed a wonderfully warm rose-gold tone over the years and remains in lovely condition. The beautifully balanced two-tone silver dial features three sub-dials, printed rose-gold Arabic numerals, a blue tachymeter scale, a red 0–20 graduation, and a black minute track. Blued central hands and matching rose-gold sub-dial hands complete one of the most attractive dial layouts of the period. Powering the watch is the legendary hand-wound Valjoux 71 chronograph movement, fully serviced by our watchmaker and ready to be enjoyed. The watch is fitted with the photographed leather strap, completing this elegant and characterful vintage chronograph. Quiet confidence in rose gold, get in touch! Specifications: Eterna Chronograph 35mm 18k rose gold Case Two tone silvered dial , three sub registers , multi scales Blued hands Serial no 50xxx dating to the early 1950’s Comes on the photographed leather strap Valjoux 71 hand wound movement Fully serviced by our watchmaker One-year mechanical warranty",Bulang & Sons,2026-07-28,False
Rolex Submariner Date 1680 MK1 Dial,Rolex,12900,https://bulangandsons.com/products/rolex-submariner-date-1680-mk1-dial-w3763,https://cdn.shopify.com/s/files/1/0961/8613/8969/files/W-3763RolexSubmarinerref.1680MaxiDial_209_1x1_813fb9f7-5028-4470-8157-c39ec18d6ce5.jpg?v=1784547271,"The Rolex Submariner, introduced in 1953, is widely regarded as the most iconic dive watch ever created. Developed as a professional tool for underwater exploration, it established the blueprint for the modern dive watch with its robust Oyster case, highly legible dial, rotating timing bezel, and exceptional water resistance. Over the past seven decades, it has evolved from an indispensable instrument into one of the world's most recognizable luxury sports watches. Introduced in 1969, the Rolex Submariner Date reference 1680 marked a major milestone in the model's evolution. It became the first Submariner to feature a date display and the first to incorporate Rolex's now-iconic Cyclops magnifying lens, two innovations that would go on to become defining characteristics of the Submariner collection. Presented here is a handsome 1977 example. The watch retains a lovely, full Oyster case and is fitted with a beautifully preserved fat-font bezel insert that has escaped the fading often seen on these vintage pieces. The Mk I dial is equally attractive. Collectors identify this early variation by the Rolex coronet, which aligns perfectly with the ""L"" in the Rolex signature. The tritium lume has aged to a rich beige tone, beautifully matched by the hands, giving the watch the warm character we all look for in a vintage Submariner. The watch is fitted with its Oyster bracelet, reference 93150, with 580 end links. Fully serviced by our watchmaker, this nearly fifty-year-old icon is ready for many more years of adventures. Half a century on, and still setting the standard. Get in touch ! Specifications: Rolex Submariner Date reference 1680 40mm steel case Serial 534xxxx dating to 1977 MK1 Dial variation with cream colour patina Non faded fat font bezel insert Rolex Oyster ref. 93150 with end links 580 Fully serviced by our watchmaker One-year mechanical warranty Free worldwide FedEx Priority shipping",Bulang & Sons,2026-07-17,False
Heuer Skipper Yacht Regatta Timer MK1 Blue Dial ref. 73463 with Rare Gay Frères Bracelet,Heuer,8700,https://bulangandsons.com/products/heuer-skipper-yacht-regatta-timer-mk1-blue-dial-ref-73463-with-rare-gay-freres-bracelet-w3841,https://cdn.shopify.com/s/files/1/0961/8613/8969/files/W-3841HeuerSkipperYachtRegattaTimermk1Bluedialref.73463withrareGayFreresbracelet_007_1x1_23daf602-8313-466c-aa78-68e8ecbb54a6.jpg?v=1784102947,"Summer has arrived, and we'd love to offer you a superb ""ultimate summer watch"" — the iconic Heuer Skipper. Designed specifically for regatta racing, it's a watch with a very niche purpose. If you're reading this site, you're probably spending your weekends battling for position on a yacht racing circuit, right? No? You're in good company. The successful defense of the America's Cup in 1967 by Intrepid , led by legendary skipper Emil ""Bus"" Mosbacher Jr., marked a defining moment in sailing history. Having supplied the crew with Heuer timing instruments and stopwatches, Jack Heuer celebrated the victory by creating the first Skipper in 1968. The watch offered here is a reference 73463, featuring a superb, strong 42 mm case with all factory lines still beautifully preserved. The condition is truly exceptional. The blue timing bezel is equally impressive, showing only a gentle and attractive fading of the original blue colour. The bold blue dial is dominated by the large and colourful 15-minute regatta counter used to track the countdown to a yacht race. The red, white, and blue sub-dial is divided into three five-minute sections, allowing sailors to time the crucial pre-start phase and gain every possible advantage. The watch also features a date display at six o'clock, funky orange accents throughout the dial, a bright orange central chronograph seconds hand, and matching orange hour and minute hands that have faded beautifully to a warm yellow hue over time.The right chrono hand has been relumed in the past. This fine regatta chronograph is fitted with a highly desirable and increasingly difficult-to-find 9-link Gay Frères bracelet, complete with end links marked ""HLF"". The bracelet remains tight and is in superb condition. Powering the watch is the manually wound calibre 7734 movement, which has been fully serviced by our watchmaker and is ready for duty — whether that's timing a regatta start or keeping track of your steak on the barbecue this summer! Enquire now to add this iconic Heuer Skipper to your line-up! Specifications: Heuer Skipper reference 73463 42mm steel cushion case with screw-back and pump pushers Turnable bezel in blue colour Heuer / valjoux 7734 hand wound movement Serial 263xxx dating to the early 1970s Blue dial with 2 sub dials and date function Steel 9 rows Gay-Frères bracelet with HLF end links Fully serviced by our watchmaker One-year mechanical warranty Free worldwide FedEx Priority shipping",Bulang & Sons,2026-07-15,False
Rolex Air-King 5500 Black Dial Silver print,Rolex,4700,https://bulangandsons.com/products/rolex-air-king-5500-black-dial-silver-print-w3774,https://cdn.shopify.com/s/files/1/0961/8613/8969/files/W-3774RolexAir-KingBlackdialSilverprintref5500_186_1x1_23517334-8d12-4928-afb8-5c9a8febb868.jpg?v=1784103022,"The Rolex Air-King reference 5500 is often considered one of the purest expressions of vintage Rolex design. Produced between 1957 and 1989, it remained remarkably consistent throughout its long production run — a simple and honest time-only watch that quietly did everything right. Free from unnecessary complications or excessive design details, the Air-King 5500 embodies Rolex’s restrained approach to watchmaking. Clean lines, balanced proportions and everyday wearability are what make these references so enduringly appealing today. One detail we particularly love on these models is the typography. The font used on many Air-King dials feels surprisingly playful and unconventional for Rolex, giving the watch a touch of charm and personality rarely seen elsewhere in the brand’s catalogue. This example remains in excellent overall condition, retaining a strong Oyster case with a lovely smooth bezel and honest proportions throughout. The black dial is especially attractive, featuring unusual silver printed text and elegant marker that contrasts beautifully against the black surface and gives the watch a distinctly understated character.This fine Air-King is fully serviced by our watch maker and is fitted with a lovely Bulang and sons leather strap. A wonderfully simple vintage Rolex — and all the better for it. Specifications: Rolex Reference 5500 Oyster Perpetual Air-King 34mm steel case, smooth bezel Serial 102xxx dating to 1964 Black dial with silver printed text Bulang and sons leather strap Fully serviced by our watchmaker One-year mechanical warranty Free worldwide FedEx Priority shipping",Bulang & Sons,2026-07-15,False
Patek Philippe Calatrava 3919J Porcelain Dial 18k Yellow Gold Clous de Paris,Patek Philippe,10300,https://bulangandsons.com/products/patek-philippe-calatrava-3919j-porcelain-dial-18k-yellow-gold-clous-de-paris-w3818,https://cdn.shopify.com/s/files/1/0961/8613/8969/files/W-3818PatekPhilippeCalatravawhitedial18kyellowgoldhobnailcaseref_384_1x1_98a1702c-ebec-451c-9f3d-34e930da81f5.jpg?v=1781008565,"The Patek Philippe Calatrava is widely regarded as one of the purest expressions of the classic dress watch and has become a cornerstone of 20th-century watch design. Introduced in 1932 by Patek Philippe, the Calatrava emerged during a pivotal moment in the company’s history, shortly after the Stern family acquired the manufacture amid the economic uncertainty of the Great Depression. The reference 3919 presented here was introduced during the mid-1980s, a period when the Swiss watch industry was still recovering from the effects of the Quartz Crisis. In an effort to reaffirm the timeless values of traditional watchmaking, Patek Philippe collaborated with renowned Swiss advertising strategist René Bittel to strengthen and redefine the identity of the Calatrava collection. The result was the reference 3919 — a model that elegantly combined many of the brand’s most iconic design traits into one refined and highly wearable dress watch. One of its defining characteristics is the intricate Clous de Paris guilloché bezel. Although this decorative motif first appeared on the Calatrava reference 96D in 1934, it became permanently associated with the 3919 and remains one of the most recognizable signatures of modern Calatrava design. This refined example features a crisp white porcelain dial with elegant Roman numerals, beautifully contrasted by blackened oxidized gold feuille hands and a subsidiary seconds register positioned at 6 o’clock. The proportions remain wonderfully restrained and quintessentially Patek Philippe. We have paired the watch with one of our Bulang and Sons leather straps, while the original 18k gold Patek Philippe pin buckle remains fitted. Powering the watch is the ultra-thin manually wound Calibre 215 PS (Petite Seconde), one of Patek Philippe’s most celebrated dress watch movements. The watch has been fully serviced by our watchmaker and is ready to be enjoyed for many years to come. A timeless Calatrava that perfectly captures the elegance of Patek Philippe, let’s get you this! Specifications: Patek Philippe Calatrava Reference 3919J 33mm 18k yellow gold case with “Clous de Paris” bezel, snap back case-back Porcelain dial with black Roman numerals and non-lumed hands Bulang and sons leather strap, 18k yellow gold Patek pin-buckle Calibre 215 PS hand wound movement Movement number 183xxxx case number 293xxxx dating to the mid 1990’s Fully serviced by our watchmaker One-year mechanical warranty Free worldwide FedEx Priority shipping",Bulang & Sons,2026-06-09,False
Rolex Submariner 1680 Red Meters First MK2 Dial,Rolex,28500,https://bulangandsons.com/products/rolex-submariner-1680-red-meters-first-mk2-dial-w3780,https://cdn.shopify.com/s/files/1/0961/8613/8969/files/W-3780RolexSubmarinerdateMetersfirstredmk2dialref1680_262_1x1_b8b2660d-a27d-4afd-acd5-5eaada7ff519.jpg?v=1783673594,"The Rolex Submariner was the first wristwatch to achieve a water-resistance rating of 100 meters (330 feet). Conceived by Rolex director and passionate diver René-Paul Jeanneret, it was developed as a specialised tool for both professional and recreational diving, while remaining elegant and practical enough for everyday wear. Introduced at Baselworld in 1954, the Submariner would go on to become one of the most influential sports watches ever produced. In 1969, Rolex introduced the Submariner Date with the launch of reference 1680. For the first time, the Submariner featured a date display at 3 o’clock together with Rolex’s now-iconic Cyclops magnification lens, designed to improve legibility underwater and in daily use alike. Early examples of the 1680 are especially prized for one small but highly important detail: the word “Submariner” printed in red. This subtle variation would later earn the nickname “Red Sub” and has since become one of the most celebrated and collectible configurations in the world of vintage Rolex collecting. Presented here is exactly that — an early Submariner reference 1680 “Red Sub” preserved in excellent overall condition. The watch retains a strong and beautifully proportioned case and is fitted with an equally attractive fat-font bezel insert that has faded over time to a rich dark blue hue, adding tremendous character to the watch. The dial is a highly collectible “Meters First” Mark II variant, referring to the depth rating being displayed in metric before imperial measurements (“200m = 660ft”). These early dials are particularly sought after, representing a brief transitional period before Rolex switched to “Feet First” printing to better suit the rapidly growing American market, which had become the brand’s largest consumer base at the time. This fine Submariner is fitted with a Rolex folded Oyster bracelet, reference 9315, complete with end links stamped 280 and a clasp dated 1/71 — a wonderfully period-correct combination that perfectly complements the watch’s overall character. The watch and its movement have been fully serviced and are running like an absolute dream. An iconic reference that perfectly captures the spirit of vintage Rolex sports watches! Specifications: Rolex Reference 1680 Submariner Date Serial 236xxxx dating to 1969 Mk2 Red Submariner Meters first dial, “Red over white “ Black fat font bezel insert, slightly faded to a blue hue Oyster bracelet 9315 with 280 end links Fully serviced by our watchmaker 1 year mechanical warranty Free worldwide Fedex Priority shipping",Bulang & Sons,2026-07-10,False
Rolex Cosmograph Daytona 16523 Black Inverted 6 Dial Executed in Steel and 18k Yellow Gold,Rolex,18900,https://bulangandsons.com/products/rolex-cosmograph-daytona-16523-black-inverted-6-dial-executed-in-steel-and-18k-yellow-gold-w3854,https://cdn.shopify.com/s/files/1/0961/8613/8969/files/W-3854RolexCosmographDaytona16523BlackInverted6DialExecutedinSteeland18kYellowGold_1x1_f0143a70-77d7-4ec2-8c2f-ab5c657b7a9f.jpg?v=1784186198,"Introduced in 1963, the Rolex Cosmograph Daytona was designed as a purpose-built chronograph for professional racing drivers, featuring its distinctive tachymeter bezel for measuring average speeds. Although initially a slow seller, it has since evolved into one of the most iconic and collectible wristwatches ever produced. For the first 25 years of its existence, every Daytona was manually wound. Recognising the need for a more modern chronograph, Rolex introduced the Reference 16520 in 1988—the brand's first self-winding Daytona. As Rolex had not yet developed its own automatic chronograph movement, it extensively reworked Zenith's legendary El Primero calibre, replacing roughly half of its components to meet Rolex's exacting standards. At the same time, the case diameter grew from 37 mm to 40 mm, the acrylic crystal made way for sapphire, and the dial received a more contemporary design with glossy lacquer and applied metal surrounds to the subdials. Presented here is the Reference 16523, the handsome Rolesor version combining stainless steel with 18 ct yellow gold. This particular example remains in excellent condition, with a strong case retaining thick lugs, well-defined crown guards, and a beautifully preserved ""Units per Hour"" bezel. The glossy black dial features the sought-after ""inverted 6"", where the numeral in the lower chronograph register is printed upside down—a small but desirable detail appreciated by Daytona collectors. The boat-shaped hour markers and matching hands have developed a warm beige patina, perfectly complementing the deep black dial and champagne-coloured subdials. The watch is fitted with its steel and yellow gold Oyster bracelet, reference 78363, complete with reference 403 end links and an M8-stamped clasp. The watch and its automatic movement have been fully serviced by our watchmaker and are ready to be enjoyed for many years to come. Early Zenith-powered Daytonas continue to attract a growing following among collectors, and the two-tone Reference 16523 remains one of the most wearable and characterful variants. For further information or to arrange a private viewing, please get in touch. Specifications: Rolex Daytona Reference 16523 Steel and 18k gold execution Serial r917xxx dating to 1988 Rare black “inverted six” dial Gold bezel,“units per hour” Rolex Osyter bracelet ref 78363 with 403 endlinks Calibre 4030 movement based on a Zenith movement Fully serviced by our watchmaker One-year mechanical warranty Free worldwide Fedex Priority shipping",Bulang & Sons,2026-07-10,False
Rolex GMT-Master II 16710 Tritium Dial,Rolex,10500,https://bulangandsons.com/products/rolex-gmt-master-ii-16710-tritium-dial-w3843,https://cdn.shopify.com/s/files/1/0961/8613/8969/files/W-3843RolexGmt-Master2Swissmadedialref16710_802_1x1_83693be3-504c-4ac1-a9be-1e4802e0fed3.jpg?v=1783673862,"The Rolex GMT-Master is one of the most iconic travel watches ever created. Introduced in 1955, it was developed in collaboration with Pan American Airways (Pan Am) to meet the needs of long-haul airline pilots who required a simple way to track multiple time zones during international flights. A major milestone came in 1982 with the introduction of the GMT-Master II, reference 16760. This new generation featured an independently adjustable hour hand, allowing the wearer to track multiple time zones more conveniently than ever before. The GMT-Master II would eventually replace the original GMT-Master and become one of Rolex's flagship professional models. The reference 16710 offered here, introduced in 1989, is widely considered one of the most versatile and beloved GMT-Master II references. Produced for nearly twenty years, it was available with several bezel inserts, including the iconic Pepsi (red and blue), Coke (red and black), and all-black versions. Combining a slim case profile, aluminium bezel insert, and the robust calibre 3185 movement, the 16710 represents the perfect balance between vintage charm and modern practicality. The case of this fine GMT-Master II remains in great condition and is fitted with a lovely black bezel insert showing only minimal signs of wear. The dial is signed ""Swiss T-25"" at six o'clock, denoting the use of tritium, and remains in outstanding condition. The Oyster bracelet, reference 78790, is equally well preserved and fitted with 501B end links and a clasp stamped X4. The watch has been fully checked and regulated by our watchmaker and is ready for many years of reliable service. The ultimate travel watch, just in time for summer adventures. If this GMT-Master II belongs on your wrist, we'd love to hear from you ! Specifications: Rolex GMT-Master II Reference 16710 40mm steel case Serial W724xxx dating to dating to 1995 Black tritium dial Black bezel insert with serif font Oyster bracelet ref 78790 with 501 B end links Fully checked by our watchmaker One-year mechanical warranty Free worldwide Fedex Priority shipping",Bulang & Sons,2026-07-10,False
Cartier Tank Arrondie Guiloché Dial ref 896041 Mecanique Extra-Plate,Cartier,10900,https://bulangandsons.com/products/cartier-tank-arrondie-guiloche-dial-ref-896041-mecanique-extra-plate-w3842,https://cdn.shopify.com/s/files/1/0961/8613/8969/files/W-3842CartierTankArrondieGuilochedialin18kyellowgoldref2469_0260_1x1_a40efc28-266b-4372-a07d-7331c7693e8a.jpg?v=1783927817,"Since its introduction by Louis Cartier in 1917, the Cartier Tank has become one of the most iconic timepieces in watchmaking. Despite being more than a century old, its design remains strikingly modern and relevant today. While traditional Tank models are known for their sharp, straight lines, the Tank Arrondie—French for ""rounded""—offers a softer interpretation of the classic design. Conceived in 1976 and officially launched in 1977, the Arrondie features elegantly curved brancards that create a smooth, cushion-like profile, making it exceptionally comfortable on the wrist. This particular example, crafted in 18-carat yellow gold, measures 30 × 22.5 mm and is presented in excellent condition. A standout feature is its rare cream-coloured guilloché dial. The finely engraved radiating pattern catches and reflects light with remarkable subtlety, adding depth and character to the watch. Further details include the classic railroad minute track, Cartier's discreet hidden signature within the VII numeral, and the Tank's signature black Roman numerals, all combining to create a dial that is both elegant and unmistakably Cartier. The hand-wound movement is based on the ultra-thin mechanical Calibre 21, created by the renowned Swiss watchmaker Frédéric Piguet. With a diameter of just 20.4 mm and a thickness of 1.73 mm, it remains an impressive achievement in compact watchmaking.. Remarkably, an evolved version of this movement family remains in production today. The watch is paired with a lightly worn original Cartier leather strap and has been fully serviced by our watchmaker, ensuring many years of reliable enjoyment ahead. For further details or to arrange a private viewing, please get in touch ! Specifications: Cartier Tank “Arrondie” Reference 896041 18k yellow gold case in 23x 29 mm Serial 23xx dating the 1990's Silver hand finished Guilloché dial with painted Roman numerals Cartier leather strap Manual wound ultra thin movement , based on a F.Piguet caliber 21 Fully serviced by our watchmaker One-year mechanical warranty Free worldwide FedEx Priority shipping",Bulang & Sons,2026-07-07,False
Patek Philippe Gondolo 5010G Black Dial in 18k White Gold,Patek Philippe,13900,https://bulangandsons.com/products/patek-philippe-gondolo-5010g-black-dial-in-18k-white-gold-w3831,https://cdn.shopify.com/s/files/1/0961/8613/8969/files/W-3831PatekPhilippeGondoloBlackdialin18kWhitegoldref5010G_349_1x1_0ac1c506-32df-44f6-b37d-5e5dd4fed215.jpg?v=1783435333,"The Patek Philippe Gondolo collection, introduced in the 1990s, pays tribute to the manufacture's rich Art Deco heritage and some of its most elegant shaped watches from the early twentieth century. The reference 5010G offered here perfectly captures the spirit of the collection, combining timeless design with understated sophistication. This particular example features a beautiful 18k white-gold case measuring 26 x 29 mm ( 33 mm including the lugs). Its striking black ""Noir"" dial, a signature Patek Philippe colour, provides a wonderful contrast against the white-gold case. The dial is elegantly laid out with white-painted sector indexes, a railroad minute track, delicate leaf-shaped hands, and a charming small-seconds register at six o'clock, resulting in a design that is both refined and highly distinctive. The watch is fitted with a lovely Bulang & Sons strap and powered by Patek Philippe's reliable hand-wound calibre 215 movement. The movement has been fully checked and regulated by our watchmaker and is running exactly as it should. Elegant, versatile, and a little different from the usual Patek Philippe offerings, the Gondola 5010G represents exceptional value within the world of collectible Patek Philippe watches. If this charming dress watch speaks to you, we'd be happy to tell you more! Specifications: Patek Philippe “Gondolo” reference 5010G 26 x29 mm (33 mm including lugs) 18k white gold case “Noir” no-lume sector dial with small seconds Movement cal 215 manual wound Case no 4095xxx dating to the late 2000’s Bulang and sons leather strap Fully checked by our watchmaker, One-year mechanical warranty Free worldwide Fedex Priority shipping",Bulang & Sons,2026-07-07,False
Vacheron Constantin Coin Watch in 18k Yellow Gold 4928,Vacheron Constantin,14900,https://bulangandsons.com/products/vacheron-constantin-coin-watch-in-18k-yellow-gold-4928-w3833,https://cdn.shopify.com/s/files/1/0961/8613/8969/files/W-3833VacheronConstantinCoinWatchin18kYellowGold4928_002_1x1_7b5114e2-97dc-4d08-a774-ebe6640b3519.jpg?v=1784186089,"Founded in 1755, Vacheron Constantin is the oldest watch manufacturer in the world to have operated continuously without interruption. Based in Geneva, Switzerland, the Maison has spent more than 270 years crafting exceptional timepieces that blend technical mastery with refined artistic expression. Widely regarded as part of the prestigious “Holy Trinity” of Swiss watchmaking, alongside Patek Philippe and Audemars Piguet, the brand has long stood at the pinnacle of haute horlogerie. Throughout its history, Vacheron Constantin has served royalty, collectors, and connoisseurs alike, earning a reputation for uncompromising craftsmanship, elegant design, and mechanical innovation. Every creation reflects centuries of accumulated expertise, making the manufacture one of the most respected names in Swiss watchmaking. Coin watches are among the most extra ordinary and collectible expressions of horology. These rare creations sit at the intersection of watchmaking, numismatics, and history. Each piece begins as a genuine coin in circulation before being meticulously transformed by a master craftsman. The coin is carefully hollowed out on both sides, a concealed cavity is created to house a miniature movement, and the two halves are then reassembled with a discreet hinged opening system. Among the maisons known for producing such remarkable timepieces is Vacheron Constantin. This exceptional example is crafted from a 1904 twenty-dollar gold coin and is identified by the manufacture as Model 4928. It represents a striking combination of historical significance, technical ingenuity, and refined watchmaking, resulting in a highly collectible and visually captivating work of art. The coin opens via a side-mounted push button, revealing the hidden watch within. Inside, a small champagne-toned dial features painted hour markers and elegant blued stick hands, complemented by a discreet crown positioned at 1 o’clock. The case can also be displayed upright, transforming the piece into a functional desk or table clock—an object designed to be both worn and admired. This example is based on a 1904 twenty-dollar U.S. gold coin with a finely detailed reeded edge and straight lugs. It is fitted with its original Vacheron Constantin strap and a period-correct 18k gold “AW” signed buckle. A Bulang and Sons strap will be supplied with the watch, with the final choice left to the buyer. The hand-wound movement has been fully serviced by our watchmaker and is ready for years of reliable use. We love these Coin watches —they are effortlessly cool, lightweight on the wrist, and an absolute conversation starter! Take a closer look, and let’s have a conversation about this remarkable piece ! Specifications: Vacheron Constantin “Coin watch “ ref 4928 34.5 mm, 18 k yellow gold case ,made out of a 1904 20 US dollars coin with straight lugs, opened by a hinge Dates to the end of the 1960’s Champagne dial, no lume , stick markers and hands set Hand wound ultra thin movement Used VC",Bulang & Sons,2026-07-03,False
Rolex Oyster-Precision Flat Back ref. 2765 Creme Brûlée Dial,Rolex,4400,https://bulangandsons.com/products/rolex-oyster-precision-flat-back-ref-2765-creme-brulee-dial-w3822,https://cdn.shopify.com/s/files/1/0961/8613/8969/files/W-3822Rolexflatbackref2765_222_1x1_29fb8ef9-1db8-4bd5-971b-090fc414cf4d.jpg?v=1783498674,"The Rolex reference 2765, often referred to by collectors as the “Flatback,” can best be described as the manual-winding counterpart to the famous Bubble Back models, such as the reference 2764. Produced during the early years of the Oyster era, it represents an important chapter in Rolex's pursuit of durable and waterproof wristwatches. Sharing the same elegant case profile and dimensions as its Bubble Back sibling, the reference 2765 offers all the charm of these pioneering Oyster models while delivering a distinctly different wearing experience. Unlike the Bubble Back, which housed a thicker automatic movement and required a more pronounced case back, the Flatback is powered by a slimmer manual-winding movement. As a result, it sits noticeably closer to the wrist, offering a refined and comfortable fit. Today, the reference 2765 is appreciated not only for its historical significance as one of Rolex's earliest waterproof watches, but also for its balanced proportions, understated elegance, and rarity among early Oyster references. The case is presented in excellent condition and features characteristic hooded lugs, single-sided lug holes, and a smooth bezel. Clean and well preserved throughout, it retains its Oyster “Patent” crown, an attractive detail that further reinforces its early Oyster heritage. The dial has developed a wonderfully charming patina over the decades. Its creamy surface almost reminds us of a perfectly made creme brûlée dessert—a look that can only be created by time itself. A fine minute track frames the dial, while the small seconds register at 6 o’clock provides pleasing symmetry. The even numerals are displayed in elegant Arabic form, while the odd hours are marked by delicate baton indexes, all executed in a warm copper tone. Completing the composition are a pair of fine blued hands that add a beautiful touch of contrast and sophistication. Elegant, honest, and full of character, this Flatback perfectly illustrates why these early Oyster references continue to captivate vintage Rolex collectors nearly a century after they were made.The watch and its handwound movement has been fully serviced by our watch maker. A wonderfully preserved early Oyster offering a rare glimpse into the foundations of Rolex's legendary history, this Flatback is a subtle masterpiece for collectors seeking something beyond the usual suspects! Specifications: Rolex Oyster Precision Reference 2765 30mm steel case, one sided lug holes Serial 906xx dating to 1939 Oyster patent crown Smooth steel bezel Cream custard dial with small seconds, copper coloured hour markers, blued hands Bulang and sons steel straight end links bracelet Fully serviced by our watchmaker One-year mechanical warranty Free worldwide Fedex Priority shipping",Bulang & Sons,2026-07-08,False
Omega Dresswatch Black Honeycomb dial ref. 2493-5 Automatic,Omega,3900,https://bulangandsons.com/products/omega-dresswatch-black-honeycomb-dial-ref-2493-5-automatic-w3844,https://cdn.shopify.com/s/files/1/0961/8613/8969/files/W-3844OmegaDresswatchBlackhoneycomb_011_1x1_71e381c3-3488-4993-8432-f2ec603878cd.jpg?v=1783430055,"Founded by Louis Brandt in La Chaux-de-Fonds in 1848, Omega has grown into one of Switzerland's most celebrated watchmakers. While the brand is perhaps best known today for its Speedmaster and Seamaster collections, Omega also produced a remarkable range of elegant dress watches throughout the 1940s and 1950s. Presented here is a particularly attractive example from that era. Measuring 36 mm across, the gold-plated case is paired with a stainless steel screw-down case back. Strong, well-proportioned lugs lend the watch a slightly more masculine presence while retaining the elegance expected of a mid-century dress watch. The black dial is especially appealing, featuring a subtle honeycomb texture that adds depth and character. Applied Arabic numerals at 12, 3, 6 and 9 o'clock are complemented by faceted hour markers at the remaining positions, while an applied Omega logo and subsidiary seconds display complete the balanced layout. Fine dauphine hands provide a touch of refinement, having been sympathetically relumed during the watch's lifetime. Powering the watch is Omega's celebrated bumper automatic Calibre 332, distinguished by its attractive red gilt finish. The movement has been fully inspected and regulated by our watchmaker to ensure reliable performance. The watch is fitted with a quality leather strap from Bulang and sons and is ready to be enjoyed by its next custodian. An appealing example of Omega's mid-century design language—please enquire for further details! Specifications: Omega Dresswatch reference 2493-5 36 mm gold-plated case with steel screw down case back Movement no. 1230xxxx dating to 1950 Rare black honeycomb dial with applied numerals and small seconds Automatic Calibre 332, hammer automatic Dauphine hands Comes on a Bulang and Sons strap Fully checked by our watchmaker One-year mechanical warranty Free worldwide Fedex Priority shipping",Bulang & Sons,2026-07-07,False
Tudor Submariner 7928 MK7 Dial Black-Out Lume,Tudor,9500,https://bulangandsons.com/products/tudor-submariner-7928-mk7-dial-black-out-lume-w3790,https://cdn.shopify.com/s/files/1/0961/8613/8969/files/W-3790TudorSubmarinerref7928_392_1x1_26c9b9d6-e038-4bcc-958d-f10e4f4233cd.jpg?v=1782900398,"The Tudor Submariner is widely regarded as one of the most important and enduring dive watches in horological history, remaining in production from 1954 until its discontinuation in 1999. Created under the vision of Hans Wilsdorf, Tudor was established to deliver the same reliability, robustness, and waterproof performance associated with Rolex, but at a more accessible price point. The Submariner perfectly embodied this philosophy, combining true tool-watch functionality with timeless design and military-grade dependability. At hand we have a late-series reference 7928, presented in very nice overall condition, featuring a strong case and a beautifully faded “fat font” bezel insert. The Tudor Submariner 7928 is closely associated with military use, most notably by U.S. Navy SEALs and Underwater Demolition Teams (UDT) during the Vietnam War era. Documented examples are often linked to so-called “Coronado dials,” with custom modifications carried out in the field or by military watchmakers in Coronado, California, to reduce reflectivity and improve legibility during covert operations. These modifications could include reprinted or hand-painted dials, matte black finishes, and the removal or darkening of luminous material on the indexes and hands. The dial on this example exhibits a similar character, with a darkened, on the original tritium lume appearance on both the markers and hands. It gives the watch a distinctive “dark horse” presence on the wrist—subtle, utilitarian, and full of character. Further enhancing its appeal, the watch features the iconic Tudor rose logo on the Mk7 dial variant. It is fitted to a “Hecho en México” Jubilee bracelet—originally produced for the North and South American markets—which adds an additional layer of period-correct charm and intrigue to this already highly collectible Tudor Submariner. We love finding watches with character, and this one certainly delivers. Get in touch if you'd like to add it to your collection. Specifications: Tudor Submariner Reference 7928 40mm steel case Mk 7 dial variant, Rose logo Serial 597xxx, dating to 1967 Faded fat font bezel insert Darkened lume Rolex Heche de Mexico Jubilee bracelet Fully serviced by our watchmaker One-year mechanical warranty Free worldwide FedEx Priority shipping",Bulang & Sons,2026-07-01,False
Heuer Autavia Black Dial ref 7763C Compressor Case,Heuer,7750,https://bulangandsons.com/products/heuer-autavia-black-dial-ref-7763c-compressor-case-w3745,https://cdn.shopify.com/s/files/1/0961/8613/8969/files/W-3745HeuerAutaviaBlackdialref7763_0004_1x1_36ef1c08-5965-4a1d-8961-dfc427f08557.jpg?v=1782468210,"The story of the Heuer Autavia is one of evolution—from dashboard instruments to the wrist—spanning decades of motorsport and aviation heritage. Its name itself, a contraction of AUTomobile and AVIAtion, already hints at its purpose. First introduced in 1933 as a dashboard timer, the Autavia was designed for both sectors. It wasn’t until 1962 that Jack Heuer reimagined it as a wristwatch chronograph—marking the beginning of one of Heuer’s most iconic lines. From there, it quickly became associated with the golden era of Formula 1, worn by drivers such as Jo Siffert, Mario Andretti, and Gilles Villeneuve. The example offered here is a late 1960s reference 7763C, housed in a 40 mm case produced by Ervin Piquerez S.A.—better known for its “compressor” cases. This clever construction was designed to improve water resistance, using increasing external pressure to further compress the case gaskets. In other words, the deeper you went, the tighter it sealed—a beautiful piece of engineering from the era. The case remains in great condition and is fitted with a finely toothed rotating bezel, which has developed a subtle fade towards a soft blue hue—adding just the right amount of character. Its reverse panda dial offers a wonderful contrast, with two sub-dials set against a black background. The crisp white chronograph seconds hand adds a touch of sportiness, while the lume has aged to a warm yellow tone, giving the watch a balanced and harmonious appearance.The watch is fitted by one of our Bulang and sons leather straps of which we think as a nice match . Powered by the reliable hand-wound Valjoux 7730 movement, this chronograph has been fully serviced by our watchmaker and is ready to be worn and enjoyed. A piece that captures the spirit of an era—where function, design, and motorsport heritage came together in the most effortless way ! Specifications: Heuer Autavia reference 7763C 4o mm steel Compressor case, pump pushers Turnable bezel ,faded to a dark blue hue indicating minutes/hours cal.VLJX7730 movement Serial 111xxx dating to the late 1960’s Black dial with two sub dials Bulang & Sons Leather strap Fully serviced by our watchmaker One-year mechanical warranty Free worldwide FedEx Priority shipping",Bulang & Sons,2026-06-26,False
IWC/Porsche design compass watch in titanium ref 3511 with Certificate of Authenticity  paper and IWC service invoice,IWC,5900,https://bulangandsons.com/products/iwc-porsche-design-compass-watch-in-titanium-ref-3511-with-certificate-of-authenticity-paper-and-iwc-service-invoice-w3880,https://cdn.shopify.com/s/files/1/0961/8613/8969/files/W-3454IWCPorschedesigncompasswatch_268_1x1_65815525-5445-4c92-bf68-658561fe1936.jpg?v=1782807477,"In 1977–78, Porsche Design (founded by Ferdinand “Butzi” Porsche) approached IWC with the idea of creating a wristwatch with a built-in compass. Butzi wanted something functional, bold, and distinctly different. It was a challenging time for Swiss watchmakers — the quartz crisis was sharply reducing demand for mechanical watches. IWC saw this collaboration as an opportunity to innovate and tap into new markets. The first model in the series, Ref. 3510, was launched in the late 1970s. It featured an aluminum case with a PVD or anodized coating, available in black or NATO olive green. Fast forward to 1991: the newly designed Ref. 3511 was introduced. It featured a titanium case with a ribbed or ""coin-edge"" finish and a repositioned crown at 4 o’clock. The dial was classic Porsche Design — minimalist and functional — with a thin crosshair layout, yellow tritium lume, white hour and minute hands, and a dark orange seconds hand. On the lower (6 o’clock) side of the case, two discreet push-buttons open the watch face to reveal the integrated compass. This example comes fitted on its original IWC flat-link titanium bracelet and fits wrists up to 20 cm. Included in the sale is a certificate of authenticity dated 1993, an IWC service invoice from 2016, and an original IWC booklet. This unique tool watch has been fully checked and regulated by our watchmaker — its Caliber 375.23 is running smoothly. This cool neo-vintage piece offers excellent value in today’s market. Get in touch with us to make it yours! Specifications: IWC Compass watch reference 3511 40.5 mm Titanium case Compass function Dates to 1993 Black dial Signed Porsche Design IWC IWC calibre 375.23 Serial 251xxxx Certificate of authenticity dated 1993, booklet , 2016 service invoice Flat link titanium bracelet Fully checked by our watchmaker One-year mechanical warrantee Includes a hand Free worldwide Fedex Priority shipping",Bulang & Sons,2026-06-30,False
Rolex Day-Date 1803 Khanjar Sigma Champagne Dial,Rolex,20750,https://bulangandsons.com/products/rolex-day-date-1803-khanjar-sigma-champagne-dial-w3817,https://cdn.shopify.com/s/files/1/0961/8613/8969/files/W-3817RolexDay-Date1803KhanjarSigmaChampagneDial_1x1_30649b79-15d8-4c93-8a0b-172b73a6b2a3.jpg?v=1782984876,"The Rolex Day-Date, introduced in 1956, marked a significant milestone in watchmaking as the world’s first wristwatch to display both the date and the day of the week fully spelled out on the dial. Positioned at the very top of the Rolex catalogue, the Day-Date has exclusively been produced in precious metals — including 18k yellow, white, or rose gold, as well as platinum — reinforcing its status as the brand’s ultimate flagship model! The present watch is a classic 36 mm 18k yellow gold reference 1803, featuring a beautifully preserved case and crisp fluted bezel. While the watch itself is undeniably elegant, the true highlight of this example is undoubtedly its dial!! It features what is arguably the quintessential Day-Date configuration: a sunburst champagne dial with contrasting black printed text, enhanced by a Sigma designation at six o’clock — denoting that the hands and hour markers are crafted from gold. Most notably, the dial proudly bears a rare red Omani Khanjar emblem, adding a fascinating layer of historical significance and collectability. For those less familiar with the emblem, the Omani Khanjar is a traditional ceremonial dagger and one of the most important national symbols of Oman, representing pride, heritage, and status. From the 1970s onward, Qaboos bin Said al Said became widely known for commissioning specially ordered watches adorned with the royal Khanjar crest, either printed on the dial or engraved on the case back. These pieces were typically gifted to high-ranking military officers, diplomats, loyal advisers, and prominent figures within the Sultan’s inner circle, giving them both exceptional rarity and strong historical importance. Many of these special commissions were supplied through Asprey of New Bond Street in London, the Sultan’s official jeweller during the era. Today, Asprey-delivered Khanjar-signed Rolex watches are regarded among the most collectible and desirable special-order vintage Rolex models ever produced, with well-preserved examples becoming increasingly difficult to source. This elegant Day-Date, together with its slow-set movement, has been fully serviced by our watchmaker and is ready to be enjoyed for many years to come. Please get in touch to discuss this rare watch or any other Day-Date that we have in stock. We’re here to help! Specifications: Rolex Day-Date Reference 1803 36mm yellow gold case, plexi crystal Serial 360xxxx dating to 1974 Rare Champagne colour Sigma dial, with red Khanjar English day disc Bulang and sons leather strap Fully serviced by our watchmaker One-year mechanical warranty Free worldwide Fedex Priority shipping",Bulang & Sons,2026-06-17,False
Rolex GMT-Master 1675/8 Unqiue Brown Khanjar Nipple Dial with Rolex Service Papers,Rolex,220000,https://bulangandsons.com/products/rolex-gmt-master-1675-8-unqiue-brown-khanjar-nipple-dial-with-rolex-service-papers-w3702,https://cdn.shopify.com/s/files/1/0961/8613/8969/files/W-3702RolexGmt-masterbrownrareKhanjarnippledialref16758_1046_1x1_f2106078-c5c9-4849-be7b-7091587cd810.jpg?v=1776411040,"The Rolex GMT-Master has always held a very special place in the world of collecting, but every now and then a watch appears that goes far beyond the already legendary status of the model itself. This 1974 Rolex GMT-Master 1675/8 is exactly that watch. At first glance, it already carries everything we love about the yellow gold GMT: the warm brown nipple dial, the rich brown insert, and the unmistakable glamour of one of Rolex’s most charismatic sports watches. It has that irresistible mix of elegance, confidence and jet-set charm that makes the gold GMT-Master such a fascinating watch in the metal. But what transforms this example into something truly extraordinary is the large Khanjar crest seen above 6 o’clock on the dial. From the 1970s onwards, Sultan Qaboos of Oman became known for personally commissioning watches that were enhanced with his royal emblem, the Khanjar crest, either on the dial or the caseback. Many of these watches were presented as gifts to trusted advisors, military figures and close relations, making them not only highly collectible, but also deeply historical objects. During the 1970s, many of these special-order watches were delivered to the Sultan through the family jeweller John Asprey of New Bond Street in London. Watches supplied through Asprey have become some of the most celebrated Omani-issued pieces in the world of collecting, with Rolex sports models standing out as the absolute rarest and most elusive examples to find with a Khanjar crest. Omani Khanjar-signed watches have long been among the most desirable and historically important special-order pieces in the world of vintage Rolex collecting. To find such a crest on any sports Rolex is exceptional. To find it on a gold GMT-Master 1675/8 is on another level entirely. In fact, this watch is believed to be one of only two known examples in this configuration, making it without question one of the rarest GMT-Masters in existence, and very possibly the rarest gold GMT-Master ever to surface. That alone would make it important, but in the metal it becomes something even more special. It is one of those watches that immediately stops you in your tracks. The striking combination of the warm matte brown dial with the bold Khanjar crest creates a presence that is impossible to ignore. It combines the elegance and jet-set appeal of the gold GMT with the mystique and historical importance of one of the most celebrated dial signatures in the vintage watch world. The result is not just rare, but breathtakingly attractive. Collectors will know just how elusive Khanjar watches are, especially when found on highly collectible Rolex sports models. This example stands at the very top of that category. Not only because of its rarity, but because watches like this almost never appear, and once they disappear into important collections, they are rarely seen again. It is exactly the kind of watch that lives in books, in stories, and in the dreams of seasoned collectors. Condition",Bulang & Sons,2026-04-17,False
Rolex Submariner Date 16610 Swiss Made Dial No Lug-Holes Case,Rolex,8300,https://bulangandsons.com/products/rolex-submariner-date-16610-swiss-made-dial-no-lug-holes-case-w3814,https://cdn.shopify.com/s/files/1/0961/8613/8969/files/W-3814RolexSubmarinerDateSwissmadedialref16610_311_1x1_d82a07fc-db43-4abb-9d32-4cfff0d72577.jpg?v=1781791724,"The Rolex Submariner Date began its journey in 1969 and has remained in continuous production ever since. This reference 16610 is an excellent example of the now-discontinued model, featuring a beautifully glossy dial and a strong, well-preserved case. The dial is signed ""Swiss Made"" at the bottom, indicating the use of Luminova-filled hands and hour markers, and remains in flawless condition. The 40 mm stainless steel case is in excellent shape and features the later no-holes configuration, giving the watch a cleaner and more contemporary appearance. This fine Submariner Date is fitted with the desirable Oyster bracelet, reference 93250, with solid end links and a clasp stamped E05. A true modern classic, the 16610 bridges the gap between vintage charm and contemporary usability, making it one of the most versatile Rolex sports watches ever produced. The watch and its movement have been fully serviced by our watchmaker and are ready to provide many years of reliable enjoyment. Whether you're buying your first Rolex or adding another ""do-it-all"" watch to the collection, the Submariner 16610 rarely disappoints. Few watches combine everyday practicality, timeless design, and enduring collectability quite so effortlessly! Specifications: Rolex Submariner Date Reference 16610 40mm steel case without lug holes Serial Z98xxxx dating to ca. 2007 Glossy black dial signed SWISS MADE Black bezel insert Oyster bracelet 93250 with solid end links Fully serviced by our watchmaker One-year mechanical warranty Free worldwide FedEx Priority shipping",Bulang & Sons,2026-06-18,False
Breguet Ultra thin Classique Dress watch Guilloche dial ref 5130 in 18 k yellow gold Automatique,Breguet,10950,https://bulangandsons.com/products/breguet-ultra-thin-classique-dress-watch-guilloche-dial-ref-5130-in-18-k-yellow-gold-w3623,https://cdn.shopify.com/s/files/1/0961/8613/8969/files/W-3623BreguetUltrathinClassiqueDresswatchGuillochedial_13_1x1_40ab6a37-77bb-4f7d-969b-b4e3d50085bb.jpg?v=1782640901,"Abraham-Louis Breguet (1747–1823) established the Breguet brand in Paris, serving royalty and gaining renown for innovations such as the tourbillon (1801). He is widely considered one of the most important and influential figures in the history of watchmaking. This time-only reference 5130 is a quintessential dress watch, embodying timeless elegance. It features an ultra-thin 35.5 mm coin edge case with simple straight lugs and a discreet, small winding crown. The Ref. 5130 was part of the Breguet Classique collection, a line created to embody the aesthetic and technical principles established by Abraham-Louis Breguet in the late 18th and early 19th centuries. It maintains traditional Breguet design elements, including the signature Breguet hands with hollow moon tips and a hand-engraved, silvered gold guilloché dial. The dial features a silvered brushed outer chapter with fine Roman numerals, the Breguet signature at twelve o’clock, and a beautifully hand-engraved guilloché centre. Completing the look is the characteristic set of blued Breguet hands. This ultra-thin watch is powered by the automatic calibre 502, derived from the Frédéric Piguet calibre 71 (P-71), and has been fully serviced by our watchmaker. The watch is paired with one of our evergreen Bulang and Sons straps and fitted with an original 18k gold Breguet pin buckle. Available now for those who value timeless design and traditional watchmaking at its finest , get back to us ! Specifications: Breguet Classique reference 5130 35 mm 18k yellow gold case, coin-edge case -with closed case back Serial 25xx dating to ca 2000 Silvered Guilloché dial with blued Breguet hands Automatic-wind calibre 502 , derived from the Frédéric Piguet calibre 71 (P-71) Bulang and sons leather strap with Original Breguet 18k yellow -gold pin buckle Fully serviced by our watchmaker One-year mechanical warranty Free worldwide FedEx Priority shipping",Bulang & Sons,2026-01-30,False
Rolex Oyster Perpetual 1002 Silver Soleil Swiss Only Dial in 18 k yellow gold Coca Cola,Rolex,7350,https://bulangandsons.com/products/rolex-oyster-perpetual-1002-silver-soleil-swiss-only-dial-in-18-k-yellow-gold-coca-cola-w3682,https://cdn.shopify.com/s/files/1/0961/8613/8969/files/W-3649RolexOysterperpetualsilversoleilswissonlydialref1002in18kyellowgold_09_1x1_feaf6c74-ec66-491d-959e-23f4899ec579.jpg?v=1774446889,"The Rolex Oyster Perpetual is the foundational pillar of the brand, combining the two most significant innovations in horological history: the waterproof Oyster case and the self-winding Perpetual movement. The name “Oyster Perpetual” was officially codified to represent the union of these two technologies in a single, cohesive model. At hand we have a lovely early 1960s reference 1002, presented in a 34 mm 18k yellow gold execution with a smooth bezel, all in beautiful condition. A particularly charming and unique detail is the engraving on the case back: “1937–1962 Coca-Cola” commemorating the 25-year jubilee of Mr. H. Kirchfeld for the German branch of the Coca-Cola Company. This gives the piece a wonderful sense of history and an added layer of character. The dial is equally attractive, featuring a warm silver soleil finish, elegant hour markers, a “Swiss” only designation at six o’clock, and fine dauphine hands. Fitted with a leather strap with a Rolex plaque buckle, and fully serviced, this elegant dress watch is ready to be enjoyed for many years to come. This really is what watch collecting is about, finding the rare ones in good condition with a great story . Please do not hesitate to ask us about it. We are glad to help! Specifications: Rolex Reference 1002 34mm 18k Yellow Gold Case Smooth Bezel Serial 712xxx dating to 1961 Silver soleil “Swiss” only dial, dauphine hands “1937–1962 Coca-Cola” engraved case back for 25 years jubilee of employee Rolex Plaque buckle attached Fully serviced by our watchmaker One-year mechanical warranty Free worldwide FedEx Priority shipping",Bulang & Sons,2026-03-25,False
Rolex Datejust Silver Dial with Original Papers Ref. 1600,Rolex,6250,https://bulangandsons.com/products/rolex-datejust-silver-dial-with-original-papers-ref-1600-w3645,https://cdn.shopify.com/s/files/1/0961/8613/8969/files/W-3645RolexDatejustSilverdialwithoriginalpapersref1600_530_1x1_2ea7858f-03a9-4d21-938c-af5f586380fe.jpg?v=1772612798,"The Rolex Datejust debuted in 1945 to celebrate Rolex’s 40th anniversary, becoming the first automatic wristwatch to feature a date displayed in a window at 3 o’clock, changing automatically at midnight. Few watches are as truly timeless and versatile as the classic 36mm Datejust — a watch suitable for any occasion. Here we have exactly that, with a subtle and desirable twist: the rarer reference 1600, distinguished by its smooth bezel. This example features an excellent case, paired with a lovely folded Jubilee bracelet (ref. 6251H) with 55 end links, and a superb pie-pan-style silver dial with a beautiful soleil finish. The dial showcases warm egg-yolk-colored lume plots, exciting and uncommon hour markers, and crisp black printed text, all contributing depth and character. Furthermore, the watch is accompanied by its original large Chronometer certificate and the rarer Japanese warranty paper — an outstanding bonus for collectors. This fine Datejust has been fully serviced by our watchmaker and is ready to be enjoyed for many years to come. Interested in adding this exceptional Datejust to your collection? Get in touch with us today for more information, availability, or to reserve this classic timepiece. Specifications: - Rolex Reference 1600 Datejust - 36mm steel case - Smooth steel bezel - Serial 183xxx dating to 1968 - Silver soleil-finish pie-pan dial with black text - Slow-set movement - Jubilee bracelet 6251H with 55 end links - Rare double-punched papers - Fully serviced by our watchmaker - One-year mechanical warranty - Free worldwide FedEx Priority shipping",Bulang & Sons,2026-03-04,False
Explorer II 1655 Mk2 Frog Foot Dial “Albino”,Rolex,24900,https://bulangandsons.com/products/explorer-ii-1655-mk2-frog-foot-dial-albino-w3259,https://cdn.shopify.com/s/files/1/0961/8613/8969/files/W-3259RolexExplorerII1655AlbinoMk2FrogFootdial_011_1x1_89b3e668-1f81-408b-8a1e-d984431dad43.jpg?v=1770642797,"The Rolex Explorer II reference 1655 holds a special place in the hearts of vintage Rolex collectors. First introduced in 1971, it was designed as a true tool watch, specifically for spelunkers and cave explorers with a fixed 24-hour bezel and a bold, highly legible layout. Over the years, subtle design variations in the dial and bezel have turned each iteration into a collectible in its own right. Unlike many of Rolex’s sport models that gained status-symbol recognition early on, the 1655 flew under the radar for quite some time. It was purely functional at launch, never intended to be flashy—which, ironically, makes it even more sought-after today. What we have here is a standout example of one of the earliest executions: a Mark 2, nicknamed the ""Frog Foot"" dial, as the coronet resembles a frog’s footprint. It also features the rare straight seconds hand, used before Rolex introduced the luminous ""lollipop"" tip in later versions—and a beautifully preserved steel bezel with centred thick numerals, giving the watch its distinctive character. Both the case and bezel are in strong, well-preserved condition, and the dial is beautiful, showcasing creamy yellow lume plots with a wonderfully aged tone. The unmistakable orange 24-hour hand has faded over time, taking on a pale yellow hue—a look affectionately nicknamed “Albino.” The watch is fitted with a folded Oyster bracelet, reference 7836, with 280 end links and a clasp stamped “1 71.” Included in the sale is an older Rolex service card from 2009. Fully serviced by our watchmaker, this Explorer II is ready for everyday wear—or to be tucked into a serious collector’s vault. Among matte-dial vintage Rolex sports models, the 1655 remains one of the coolest—and arguably most underappreciated. This example ticks all the right boxes: a bold faded-orange hand, clean straight seconds, and a warm, even yellow patina. Drop us a message if you're ready to explore this classic “Albino” for yourself—this one’s a gem! Specifications: - Rolex Reference 1655 Explorer II - Mk 2 “Frog Foot dial” - “Straight” second hand & faded to light orange 24-hour hand or “Albino” - Steel 40mm case - Serial 302xxxx dating to 1972 - Oyster bracelet ref 7836 with end links 280 - Fully serviced by our watchmaker - 2009 Rolex service card - One-year mechanical warranty - Free worldwide Fedex Priority shipping",Bulang & Sons,2025-08-26,False
Rolex Air-King 14000 Blue Soleil Finish Dial with Original Punched Papers,Rolex,5100,https://bulangandsons.com/products/rolex-air-king-14000-blue-soleil-finish-dial-with-original-punched-papers-w3632,https://cdn.shopify.com/s/files/1/0961/8613/8969/files/W-3632RolexAir-Kingbluedialwithoriginalpunchedwarranteepaperref14000_380_1x1_e5af2927-24cd-46ae-9bae-d42d562fedff.jpg?v=1770756013,"The Rolex Air-King is one of the longest-serving members of the Rolex family, having rarely strayed from its iconic 34 mm size. The no-lug-holes case remains in excellent condition, with thick and even lugs. The blue dial features that classic vintage AIR-KING font we all love, in crisp white printed text. The sapphire crystal makes this watch durable and perfect for daily wear. This example comes with its original punched papers, showing a 1996 sale in Geneva, Switzerland. The solid-link Oyster bracelet, reference 78350, is in great condition, fitted with 557B end links and a clasp stamped “V 9.” The watch has been fully checked and regulated by our watchmaker. Ready to see this classic Air-King in person? Get in touch to arrange a viewing or for more information ! Specifications: Rolex Air-King Reference 14000 34mm steel case ,no lug wholes , smooth bezel Serial t409xxx dating to 1996 Blue soleil dial with white printed text Sapphire glass Oyster bracelet 78350 with 557b end links Punched warrantee paper stating sale in 1996 Fully checked by our watchmaker One-year mechanical warranty Free worldwide Fedex Priority shipping",Bulang & Sons,2026-02-10,False
Rolex Datejust 16000 Taupe Dial with Original Guarantee Paper,Rolex,6200,https://bulangandsons.com/products/rolex-datejust-16000-taupe-dial-with-original-guarantee-paper-w3805,https://cdn.shopify.com/s/files/1/0961/8613/8969/files/W-3805RolexDatejustTaupedialref16000withoriginalguaranteepaper_532_1x1_d6681276-44ad-45a6-aecd-fdc145d2ec2f.jpg?v=1781692183,"The Rolex Datejust was introduced in 1945 to celebrate Rolex’s 40th anniversary and became the world’s first automatic chronometer wristwatch to feature an automatically changing date display on the dial. While many other iconic Rolex models were developed for specific professional purposes — such as the Submariner for diving or the GMT-Master for aviation — the Datejust was conceived as the ultimate everyday wristwatch: elegant, reliable, and versatile enough for any occasion. In 1977, Rolex introduced the practical “Quickset” function, allowing the date to be adjusted independently through the crown without the need to rotate the hands through repeated 24-hour cycles — a significant improvement in daily usability. Presented here is the less commonly seen reference 16000. This particular reference is distinguished by its smooth bezel, giving the watch a slightly sportier and more understated appearance compared to the classic fluted versions. As a five-digit reference, it also benefits from the updated quickset movement. The classic 36 mm Oyster case remains in lovely condition, complemented by a beautifully preserved smooth bezel. One of the true highlights of this watch, however, is its uncommon taupe-coloured dial, which gives the watch a wonderfully warm and subtle character that changes beautifully depending on the light. The dial further features elegant stick hour markers, crisp white printed text, and softly aged yellow-toned lume plots that enhance the overall warmth and vintage appeal of the watch. The watch is fitted with a Rolex Oyster bracelet, reference 78360, complete with end links stamped 558 and a clasp code “VD,” perfectly complementing the clean and sporty aesthetic of this charming Datejust. Furthermore, this fine Datejust is accompanied by its original plastic document holder, a Rolex booklet, and its original papers showing the watch was sold by authorised Rolex retailer Bucherer in 1980.This sportier Datejsut and its quick setting movement have been fully serviced by our watch maker. One of those Datejusts that simply feels right the moment it reaches the wrist! We always strive to keep a selection of uncommon Datejusts in stock, so please get in touch — we would love to help you find the right one. Specifications: Rolex Datejust Reference 16000 36mm steel case, smooth bezel Quick-set date function Serial 555xxxx dating to 1978 Taupe colour dial with stick marker, white printed text Bracelet reference 78360 Oyster style with 558 end links Rolex document holder, booklet, guarantee paper stating sale by retailer Bucherer in 1980. Fully serviced by our watchmaker 1 year mechanical warranty Free worldwide Fedex Priority shipping",Bulang & Sons,2026-06-17,False
Rolex Oyster Swiss only Waffle dial ref 6222,Rolex,5500,https://bulangandsons.com/products/rolex-oyster-swiss-only-waffle-dial-ref-6222-w3778,https://cdn.shopify.com/s/files/1/0961/8613/8969/files/W-3778RolexOysterSwissonlyWaffledialref6222_482_1x1_f9f708e4-8ce3-4256-8cbd-893ba0e44294.jpg?v=1781695184,"The Rolex reference 6222 is an exceptionally rare vintage model produced during the early 1950s, approximately between 1952 and 1954. It belongs to an important transitional period in Rolex history, when the brand was refining the combination of its patented waterproof Oyster case with increasingly precise and reliable hand-wound movements. Among the most interesting variations of the reference 6222 are the examples produced for the T. Eaton Company, the renowned Canadian department store. These watches were presented to employees in recognition of 25 years of service and featured a highly distinctive dial configuration, where the traditional hour markers were replaced by the words “1/4 Century Club” — a charming and unusual detail that gives these watches a unique place within vintage Rolex collecting. This particular example features a lovely 34mm Oyster case with a smooth bezel and an attractive honeycomb-textured dial. The dial has developed a beautifully sympathetic patina across the markers and features an applied Rolex logo together with a simple “Swiss” designation at 6 o’clock. Elegant leaf style hour and minute hands are paired with a blued central seconds hand, perfectly complementing the warm character of the watch. This charming early Rolex has been fully serviced by our watchmaker and is fitted with a lovely Bulang & Sons leather strap, ready to be worn and appreciated for many years to come. Quietly rare, beautifully honest and full of character , get in touch! Specifications: Rolex Reference 6222 Oyster 34mm 18k steelcase, smooth bezel, plexi crystal Serial 896xxx dating to 1953 Swiss only signed, Silver honeycomb dial with elegant hour markers, Swiss only Leaf style hands, blued seconds hands Hand wound movement Bulang and sons leather strap Fully serviced by our watchmaker 1 year mechanical warranty Free worldwide Fedex Priority shipping",Bulang & Sons,2026-06-17,False
Omega Speedmaster 2998 -61,Omega,23900,https://bulangandsons.com/products/omega-speedmaster-2998-61-w3782,https://cdn.shopify.com/s/files/1/0961/8613/8969/files/W-3782OmegaSpeedmaster299861_392_1x1_51d6ecf6-72a1-4f58-86e0-621fdb42d188.jpg?v=1781272476,"The history of the Omega Speedmaster began in 1957, when it was introduced as a sports and motorsport chronograph. While it would later become inseparably linked to space exploration, the Speedmaster was originally designed for racing drivers and timing performance on the track. It also became the first chronograph to feature a tachymeter scale on an external bezel, rather than printed on the dial — a defining design shift that improved legibility and functionality. Presented here is a highly desirable early example: the reference 2998-61. The 2998 series is famously known as the “First Omega in Space,” after astronaut Wally Schirra wore his personal Speedmaster 2998-4 during the Mercury-Atlas 8 mission in 1962, making it the first Omega worn beyond Earth’s atmosphere. This example features the classic 39mm straight-lug case, preserved in excellent overall condition with strong proportions and sharp definition throughout. The original tachymeter bezel is particularly appealing, featuring the sought-after “Dot Over 90” configuration. It is complemented by pump pushers and the characteristic double-step caseback engraved with the Seahorse (Hippocampus) emblem. The stepped black dial remains in outstanding condition and features the applied Omega logo, along with beautifully aged “pumpkin” lume plots that give the watch a warm, vintage character. Correct Alpha hands complete the aesthetic exactly as collectors would hope to see on an early 2998. The flat-link bracelet is also in excellent condition, fitted with end links stamped “6” and a clasp dated 1/60, further enhancing the overall originality and appeal of the watch. Fully serviced by our watchmaker, this Speedmaster with its legendary Calibre 321 is ready to be enjoyed for many years to come. One of the most desirable pre-Moon Speedmaster references — beautifully preserved, with true space-age heritage and strong collector appeal. What more could you wish for?! Specifications: Omega Speedmaster Reference 2998 -61 39 mm steel Straight lug case “Dot over 90 “ tachymeter bezel Black step dial with applied Omega logo , pumpkin coloured lume Alpha hand set Double step case back with Hippocampus logo Cal 321 hand wound movement Movement Serial 1958xxxx dating to 1961 Omega flat link bracelet with end links marked 6 and production stamp 1 60 on clasp Fully serviced by our watchmaker One-year mechanical warranty Free worldwide Fedex Priority shipping",Bulang & Sons,2026-06-12,False
Rolex Submariner 1680 MK1 Dial Pumpkin Patina Kissing 40 Inlay,Rolex,13900,https://bulangandsons.com/products/rolex-submariner-1680-mk1-dial-pumpkin-patina-kissing-40-inlay-w3826,https://cdn.shopify.com/s/files/1/0961/8613/8969/files/W-3826RolexSubmariner1680MK1DialPumpkinPatinaKissing40Inlay_1x1_0a93f715-237e-4c69-b8fe-3c9c9ac28a87.jpg?v=1782986144,"The Rolex Submariner, introduced in 1953 and officially unveiled at Baselworld in 1954, is widely regarded as the most iconic dive watch ever created. Originally conceived as a professional tool for divers, the Submariner would eventually evolve far beyond its utilitarian roots to become one of the most recognisable luxury sports watches in the world. In 1969, Rolex introduced the Submariner Date with the launch of the landmark reference 1680. While the earliest Submariners were pure no-nonsense diving instruments, the addition of a date display transformed the model into a more versatile luxury sports watch — one equally suited to underwater use and everyday wear. Presented here is a lovely 1977 reference 1680, featuring a beautifully preserved case and a superbly faded to a dark blue fat-font bezel insert. Particularly desirable is the so-called “Kissing 40” configuration, where the numerals 4 and 0 in the “40” marker touch one another.The pearl is a later addition . These early fat-font inserts are highly sought after by collectors, not only for their rarity but also because they dramatically enhance the overall character and visual impact of the watch. The Mk1 white-text dial has developed a fantastic warm patina over the years, with rich pumpkin-coloured lume on both the hour plots and hands. Combined with the faded bezel insert, the overall aesthetic is wonderfully warm, balanced, and unmistakably vintage. This “Pumpkin” Submariner is fitted with a Rolex Oyster bracelet, reference 93150, complete with end links stamped 580 and a clasp coded “P6.” The watch has been fully serviced by our watchmaker and is ready to be enjoyed for many years to come. A perfect blend of rugged tool-watch DNA and vintage warmth, get in touch to talk Sub! Specifications: Rolex Submariner Date reference 1680 40mm steel case Serial 503xxxx dating to 1977 MK1 Dial variation with “pumpkin” patina Faded kissing 40 bezel insert Rolex Oyster ref. 93150 with end links 580 Fully serviced by our watchmaker One-year mechanical warranty Free worldwide FedEx Priority shipping",Bulang & Sons,2026-06-12,False
Cartier Tank Louis in 18k Yellow Gold White Dial ref 2442,Cartier,6400,https://bulangandsons.com/products/cartier-tank-in-18-k-yellow-gold-white-dial-ref-2442-w3794,https://cdn.shopify.com/s/files/1/0961/8613/8969/files/W-3794CartierTankin18kyellowgoldwhitedialref2442_093_1x1_4e0fba3f-d42a-404f-8be9-96103718709d.jpg?v=1781263312,"Founded in 1847 in Paris by jeweler Louis-François Cartier, Cartier evolved from a small Parisian atelier into one of the world’s most influential names in jewellery and watchmaking. Renowned for its refined aesthetics, technical innovation, and close ties to European royalty, Cartier became synonymous with timeless elegance and sophisticated design throughout the 20th century. Introduced in 1917 by Louis Cartier, the Cartier Tank remains one of the most iconic and important wristwatch designs ever created. At a time when most watches still relied on traditional round pocket-watch forms, the Tank introduced a radically modern rectangular case with clean lines and perfectly balanced proportions. Its design was famously inspired by the aerial view of military tanks used during the First World War, translating industrial geometry into one of the most elegant watch designs ever conceived. Offered here is a lovely Cartier Tank Louis Ref. 2442 in a 22 x 29.5 mm 18k yellow gold execution. The case is in great condition and features the classic blue cabochon-set crown. The traditional Cartier white dial displays black painted Roman numerals, along with the hidden Cartier signature at the X marker — always a charming detail to discover. The watch is further fitted with Cartier’s signature blued, non-luminous hands. The watch is paired with a handsome Bulang & Sons leather strap and fitted with an 18k Cartier pin buckle. Power comes from a quartz movement that has been fully checked by our watchmaker, with a fresh battery recently installed. Classic proportions, timeless elegance, unmistakably Cartier, inquire now to add this timeless Cartier Tank Louis to your collection ! Specifications: Cartier Tank Louis reference 2442 22x29.5 mm 18 k Yellow Gold case Serial 1219xxxx dating to the late 1990’s White dial with ‘hidden signature’ in X numeral Blue steel hands Bulang and sons Leather strap , 18 k gold Cartier pin buckle fitted Quartz driven movement Fully checked by our watchmaker, fresh battery fitted One-year mechanical warranty Free worldwide Fedex Priority shipping",Bulang & Sons,2026-06-12,False
Rolex Explorer II 1655 Albino MK4 Dial from Original Owner with Box and Papers,Rolex,25900,https://bulangandsons.com/products/rolex-explorer-ii-1655-albino-mk4-dial-from-original-owner-with-box-and-papers-w3791,https://cdn.shopify.com/s/files/1/0961/8613/8969/files/W-3791RolexExplorerII1655AlbinoMK4DialfromOriginalOwnerwithBoxandPapers_1x1_44eccc42-80a2-4f1d-a02c-1221b693e0c3.jpg?v=1781016079,"Introduced in 1971, the Rolex Explorer II Reference 1655 was developed as a purpose-built tool watch for speleologists, cave explorers, and adventurers working in environments where distinguishing between day and night becomes nearly impossible. To solve this challenge, Rolex equipped the model with a fixed 24-hour bezel and a large luminous orange 24-hour hand, allowing the wearer to track a full day-night cycle at a glance. With its bold design and highly functional execution, the reference 1655 remains one of the most distinctive and characterful vintage Rolex sports models ever produced. Presented here is an outstanding example from 1979, found with its original owner. As unique as it is, the watch features a superb untouched thick case with strong lines and excellent proportions throughout — exactly the kind of case definition collectors look for in this reference. We never use the word “unpolished”—but make up your own mind when you look at those lines and shapes… The 24-hour bezel is equally impressive, showing only light wear with no major defects or deep scratches. The Mk4 dial has developed a beautiful, even patina over time, with a soft yellow-toned lume that adds warmth and character. The signature orange 24-hour hand has also faded to a lighter yellow hue — a highly sought-after effect often referred to by collectors as the “albino” configuration. In combination with the mellow yellow lume, this gives the watch a wonderfully cohesive vintage aesthetic. The watch is fitted with a Rolex Oyster bracelet, reference 78360, complete with end links stamped 580 and a clasp coded “A.” Furthermore, the watch comes with its original inner and outer boxes, three booklets, plastic document holder, and its original punched guarantee papers — a complete and highly attractive set that adds significantly to its appeal. The watch has been fully serviced by our watchmaker and is ready for new adventures over the coming years. Specifications : Rolex Reference 1655 Explorer II Steel 40mm case, 24 hours bezel Serial 6044xxxx dating to 1979 MK4 dial Yellow patina on lume and faded orange hand “Albino” Oyster bracelet reference 78360 and end links 580 Rolex inner and outer boxes Original punched guarantee paper, three booklets , document holder From original owner Fully serviced by our watchmaker 1 year mechanical warranty Free worldwide Fedex Priority shipping",Bulang & Sons,2026-06-03,False
Rolex Oyster 6282 Cream Boiler Gauge Swiss Only Dial,Rolex,5400,https://bulangandsons.com/products/rolex-oyster-6282-cream-boiler-gauge-swiss-only-dial-w3806,https://cdn.shopify.com/s/files/1/0961/8613/8969/files/W-3806RolexOysterPrecisionCream_boilergauge_dialref6282_1x1_c244a36d-4c0b-433c-90ac-cc2d34f4c363.jpg?v=1781016339,"In 1926 — now 100 years ago— Rolex Oyster marked a true turning point in watchmaking history. Developed by founder Hans Wilsdorf, it became the world’s first waterproof and dust proof wristwatch. The name “Oyster” was chosen to reflect its construction: a hermetically sealed case with screw-down bezel, case back, and crown, working much like an oyster shell to protect the movement from water, dust, and external elements. This pioneering design was also patented by Rolex, establishing a new standard in case engineering and laying the foundation for the brand’s reputation for durability and precision. The watch we have here is a seldom-seen reference 6282, a significant time-only model produced between 1952 and 1958. It represents the essence of Rolex’s early post-war philosophy — robust, functional watchmaking focused on reliability and water resistance, before the full transition toward automatic movements that would later define the brand. The 34 mm case is well preserved and retains a smooth bezel, presenting a clean and honest vintage profile. The true highlight, however, is the exceptional dial. Over time, it has developed a rich, deep cream patina across the surface, adding warmth and character. The layout is highly unusual, featuring distinctive boat-shaped hour markers — with a double marker at 12 o’clock — positioned toward the centre of the dial and aligned with a row of raised circular indices. A fine printed seconds track frames the design, while the absence of lume keeps the aesthetic pure and understated. As an early execution, the lower dial reads “Shock Resisting,” whereas later versions were marked “Precision.” Completing the look are elegant leaf-shaped hands with a blued sweeping seconds hand. Due to its distinctive appearance, we have affectionately nicknamed it the “Boil Gauge” dial. We have paired this charming Oyster with one of our straight-end link bracelets, which we feel gives it a perfectly period-correct and balanced wrist presence. The watch and its hand-wound movement have been fully serviced by our watchmaker and are ready to be enjoyed for years to come. An honest and highly attractive early Rolex, rich in texture, detail, and history, get in touch! Specifications: Rolex Oyster reference 6282 34mm steel case with one side lug wholes Serial 829xxx dating to 1952 No lume dial with fine seconds track , raised rings applied boat markers, “Swiss only” Leaf style no lume hands ,blued seconds hand Pictured steel straight end links bracelet Fully serviced by our watchmaker One-year mechanical warranty Free worldwide Fedex Priority shipping",Bulang & Sons,2026-06-09,False
Heuer Camaro ref 7743 N Tachymeter Tropical Brown Dial,Heuer,6000,https://bulangandsons.com/products/heuer-camaro-ref-7743-n-tachymeter-tropical-brown-dial-w3768,https://cdn.shopify.com/s/files/1/0961/8613/8969/files/W-3768HeuerCamaroref7743NTachymeterBrowndial_007_1x1_c22a768b-4bc5-4685-8b4e-8cd97c985e0a.jpg?v=1781680954,"The Heuer Camaro was introduced in the late 1960s under the leadership of Jack Heuer. True to the brand’s strong motorsport focus at the time, the name “Camaro” was borrowed from the Chevrolet Camaro—a deliberate move to strengthen Heuer’s appeal in the American market. The timing made sense. The Camaro had just built a strong reputation, notably serving as the pace car for both the Indianapolis 500 and the American Road Race of Champions at Daytona International Speedway in 1967—firmly embedding the name in the racing world. At 37mm, the Camaro is slightly larger than the Carrera’s 36mm, but on the wrist the two share a very similar feel. The dial layout and handset follow the same clean, functional approach seen across Carreras of the period—making the Camaro a slightly more playful take on a familiar formula. At hand we have a reference 7743N. The case is in lovely condition, showing a strong sunray finish, paired with pump pushers and a screw-down case back—exactly the details you want to see. The dial really makes this one stand out: a rich milk-chocolate brown tone, contrasted by two glossy black subdials for the chronograph functions and a crisp white tachymeter scale—perfect for timing speed, whether on the track or just in theory. It’s paired with a racing-style Bulang & Sons leather strap and fitted with a steel Heuer-signed buckle—finishing the look just right. Inside, the hand-wound Valjoux 7730 movement has been fully serviced by our watchmaker and is ready to go. A proper vintage racer—get in touch! Specifications: Heuer Reference 7743 N “Camaro “ Chronograph 37mm steel cushion form case Serial 119xxx dating to the late 1960's Brown dial with black sub dials , tachymeter scale Manual wound Valjoux 7730 movement Comes on the pictured Bulang and Sons strap Fully serviced by our watchmaker One-year mechanical warranty Free worldwide Fedex Priority shipping",Bulang & Sons,2026-05-15,False
Patek Philippe “Hour Glass” Dress Watch ref. 2456J in 18k yellow gold,Patek Philippe,16750,https://bulangandsons.com/products/patek-philippe-hour-glass-dress-watch-ref-2456j-in-18k-yellow-gold-w3809,https://cdn.shopify.com/s/files/1/0961/8613/8969/files/W-3809PATEKPHILIPPESquaredresswatchref_217_1x1_e7552746-f33b-4305-99d9-60b4cf868baa.jpg?v=1785139936,"This Patek Philippe “Hour Glass” Ref. 2456 was introduced in 1949 and features a dramatic, ergonomic silhouette defined by its distinctive concave and convex case sides. Measuring 40 mm (including the lugs) by 21 mm, the case offers a bold, avant-garde architectural design with a presence that remains striking even by today's standards. Adding to its charm is the engraved case back, bearing the initials “H.R.K.” — a personal touch that lends the watch an extra layer of history and character. The silvered dial is finely brushed and features a delicate black enamel Patek Philippe signature. Applied arrow-shaped hour markers, a beautifully proportioned small-seconds sub dial at 6 o’clock, and elegant sword-shaped hands complete the harmonious design. The watch is fitted with the pictured leather strap and a period-correct 18k gold pin buckle. Powering the watch is the iconic hand-wound Calibre 9-90, one of the most elegant in-house movements produced by Patek Philippe during the golden age of watchmaking. The movement has been fully serviced by our watchmaker. Watches like these have a unique ability to transport you to another era—one in which design was bold, craftsmanship was paramount, and time seemed to move just a little slower.. Specifications: Patek Philippe Dresswatch reference 2456 “Hour glass” 40 × 21 mm concave and convex 18k yellow gold case Movement no 972xxx / case no 656xxx dating to 1950 Silvered dial with applied arrow markers Small seconds at six o’clock Hand-wound calibre 9.90 Comes on the pictured leather strap with 18 k gold pin buckle Fully serviced by our watchmaker One-year mechanical warranty Free worldwide Fedex Priority shipping",Bulang & Sons,2026-06-03,False
Rolex Day-Date 18038 Petrol Blue Stella Dial in 18k Yellow Gold,Rolex,69900,https://bulangandsons.com/products/rolex-day-date-18038-petrol-blue-stella-dial-in-18k-yellow-gold-w3536,https://cdn.shopify.com/s/files/1/0961/8613/8969/files/W-3536RolexDay-Date18038PetrolBlueStellaDial_402_1x1_cce050e1-4e0f-4e2c-bd25-7bed46531292.jpg?v=1774874159,"Since its official debut in 1956, the Day-Date has been produced exclusively in precious metals. As the flagship model of the Genevan manufacturer, it has long been synonymous with success, frequently seen on the wrists of heads of state, royalty, and other influential figures. Most Day-Dates were fitted with discreet, conservative dials—after all, most buyers of this model preferred elegance over extravagance. But Rolex made a notable exception to this unwritten rule: beginning in the 1970s, they introduced bright, high-gloss lacquered dials known today as “Stella” dials. At the time, these bold colours were not widely embraced, precisely because they attracted attention. As a result, production numbers remained low, making them highly sought after today. A wide array of colours is known—yellow, green, orange, red ,pink and multiple shades of blue, some embellished with gemstones, and produced across different metals. They also span various generations: from the early 18xx “pie-pan” versions to the later 18xxx models with flat dials. The manufacturing process was exceptionally labor-intensive. Each dial was spray-painted and then oven-baked to set the pigment. This cycle was repeated multiple times until the desired depth of colour and finish was achieved. Afterward, the dial was polished and coated with a clear lacquer. This final step created the distinctive effect where the printed text appears to float above the glossy surface, reminiscent of the porcelain-dial Daytonas. The example at hand is a second-series reference 18038, featuring a light blue—what we prefer to call “petrol blue”—Stella dial with diamond-set hour markers, and beautifully aged yellow tritium plots and fine gold printed text.The day disc is in English. The case is in outstanding condition, boasting thick, well-defined lugs and a sharp fluted bezel. The President bracelet is a reference 8385 with solid end links, a concealed clasp, and fits wrists up to 18 cm.This cool blue Day-Date has been fully serviced by our watchmaker. Add this exceptional petrol blue Stella to your collection — contact us to make it yours ! Specifications: Rolex Day-Date Reference 18038 36mm yellow gold case Serial 937xxxx, dating to 1986 Light Blue “Stella “ diamond-set dial English date disc Yellow gold President bracelet ref 8385 Fully serviced by our watchmaker One-year mechanical warranty Free worldwide FedEx Priority shipping",Bulang & Sons,2025-12-12,False
Patek Philippe Calatrava Silver dial in 18 k white gold with integrated bracelet ref 3513,Patek Philippe,10900,https://bulangandsons.com/products/patek-philippe-calatrava-silver-dial-in-18-k-white-gold-with-integrated-bracelet-ref-3513-w3644,https://cdn.shopify.com/s/files/1/0961/8613/8969/files/W-3644PatekPhilippeCalatravaSilverdialref3513in18kwhitegold_09_1x1_8223e053-6fc0-4356-a448-ce247ba1ef11.jpg?v=1780657424,"The name Calatrava traces its origins to medieval Spain, referring both to a fortress in the Castile region and to a chivalric order founded in 1157, established to defend it. The Order of Calatrava adopted a distinctive emblem—a red Greek cross with fleur-de-lis tips—a symbol that would later take on an entirely new significance in the world of watchmaking. In 1887, Patek Philippe selected this cross as part of its official trademark, registering it alongside the name Patek Philippe & Cie . The exact reasoning behind this choice has never been clearly documented. It may simply have been the strength and elegance of the design, or perhaps a deeper symbolic link to values such as tradition, discipline, and longevity. Whatever the case, the Calatrava cross appeared only sparingly on the brand’s early watches. Notably, Calatrava was not initially used as a model designation. It was only in the 1980s that the name formally entered Patek Philippe’s catalogue. Nevertheless, collectors and historians retrospectively adopted the term to describe the brand’s refined, time-only dress watches of the 1930s—most famously beginning with Reference 96—thereby establishing the Calatrava as a cornerstone of Patek Philippe’s design language. Since the introduction of the Calatrava in 1932, Patek Philippe has produced well over 100 distinct references. The collection has evolved continuously, encompassing a wide range of executions, from classic time-only models and officer-style cases to more recent and complex interpretations such as Annual Calendar and Pilot Travel Time models. Offered here is a beautiful time-only Calatrava, reference 3513, crafted in 18k white gold. It features a clean, flat bezel, a snap-back 31 mm case, and a small winding crown set with a black-topped cabochon. The watch is fitted with a finely crafted integrated 18k white gold bracelet, finished by hand with a striking hammered effect—a detail that speaks volumes about the level of craftsmanship involved. The bracelet comfortably fits wrists up to approximately 18–18.5 cm and is secured by an elegant clasp adorned with the iconic Calatrava cross. The dial is finished in a soft silver tone, complemented by black painted Roman numerals and simple black stick hands, with no luminous material—pure, understated elegance. At its heart is the hand-wound calibre 175, fully serviced by our watchmaker and running beautifully. An elegant and increasingly elusive white-gold Calatrava, this reference perfectly embodies Patek Philippe's enduring philosophy of understated luxury and timeless design. An elegant addition to any serious collection! Specifications: Patek Philippe Calatrava Reference 3513 31mm 18k white gold case with thin bezel and snap back case back Silver dial with black Roman numerals and non-lumed hands Cabuchon topped winding crown Integrated 18kt white Gold woven style bracelet Cal. 175 hand wound movement Movement number 113xxxx / case no 265xxxx dating to 1966 Fully serviced by our w",Bulang & Sons,2026-06-05,False
"Rolex Submariner ""Purple Dial"" Ref. 16618 in 18k Yellow Gold with Original Warranty Paper",Rolex,28900,https://bulangandsons.com/products/rolex-submariner-date-16618-purple-dial-in-18k-yellow-gold-with-papers-w2997,https://cdn.shopify.com/s/files/1/0961/8613/8969/files/W-2997RolexSubmarinerPurpledialref16618in18kyellowgoldwithoriginalwarrantee_010_1x1_af9ddb8a-4405-404e-ad48-25feedb9186b.jpg?v=1762436517,"We are thrilled to present an exceptional yellow gold Submariner with a remarkable twist! This reference 16618 boasts a stunning case and bezel, with sharp lines and a fascinating red oxidation detail on the case—adding a unique character to this iconic timepiece. The caseback features a French import stamp, further emphasizing the watch's historical and geographical provenance. The blue bezel insert remains unfaded and free of major imperfections, while the accompanying Oyster bracelet (Ref. 92908) is in excellent condition. It includes solid end links, a dive extension, and a clasp stamped “R 2.” The true standout feature is the dial, which has undergone a mesmerizing transformation from its original blue soleil finish to a rich purple hue. The tritium hour markers have aged beautifully to a warm beige tone, complementing the hands, which are slightly lighter but retain their tritium luminescence. Adding to its charm, this watch comes with its original punched warranty paper. Although the first letter of the serial number wasn’t punched and was later added by hand (as shown in the images), the warranty documents a sale in Paris in 1994—a delightful detail that aligns perfectly with the French import stamp on the caseback. Rolex’s ability to reimagine the rugged Submariner as a luxurious statement piece is truly remarkable, and this gold version perfectly balances tool watch functionality with the elegance of the jet-set lifestyle. If you love this exceptional piece as much as we do, we’d love to hear from you! Specifications: - Rolex Submariner Ref. 16618 - 18k yellow gold case with French import stamp on caseback - Serial N227xxx, 1991 production, sold in 1994 - Color-changing purple dial - Blue bezel insert - Oyster bracelet Ref. 92908 with solid end links and dive extension - Original punched warranty paper, with handwritten 'N' correction, noting a sale in France - Fully serviced by our watchmaker - One-year mechanical warranty - Free worldwide FedEx Priority shipping",Bulang & Sons,2025-08-26,False
Rolex Submariner 5513 non serif dial,Rolex,13650,https://bulangandsons.com/products/rolex-submariner-5513-non-serif-dial-w3514,https://cdn.shopify.com/s/files/1/0961/8613/8969/files/W-3514RolexSubmariner5513nonserifdial_353_1x1_2b3459fe-e244-4510-931a-ea4cfb31fb96.jpg?v=1774343569,"Few watches are as instantly recognizable and iconic as the Rolex Submariner. In the vintage collecting world, a must-have Sub is the classic non-date 5513. We especially love the matte dial versions with a gentle patina, offering a versatile and effortlessly cool look. The case of this specimen is in excellent condition and is fitted with a beautifully faded “fat font” blue bezel insert. The dial is a so-called “non-serif” variation with creamy hour plots and hands that have aged gracefully. A subtle “bubbly” patina adds character and extra mojo to this classic tool watch. The Oyster bracelet is reference 93150, with 580 end links and a clasp stamped N3. This no-date Submariner has been fully serviced by our watchmaker and is ready for many more adventures. Classic, versatile, and full of character—this 5513 Submariner is ready to accompany you on all of life’s journeys. Reach out to make it yours! Specifications: Rolex Submariner no date reference 5513 40 mm steel case Plexi glass Non serif dial variant with gentle patina Faded bezel inlay faded to a blue hue Serial 223xxxx dating to 1969 Rolex oyster bracelet ref 93150 with 580 end links Fully serviced by our watchmaker One-year mechanical warranty Free worldwide FedEx Priority shipping",Bulang & Sons,2025-12-12,False
Patek Philippe Ellipse 3738G Grey Soleil Dial Jumbo Automatic in 18k White Gold,Patek Philippe,20900,https://bulangandsons.com/products/patek-philippe-ellipse-3738g-grey-soleil-dial-jumbo-automatic-in-18k-white-gold-w3595,https://cdn.shopify.com/s/files/1/0961/8613/8969/files/W-3595PatekPhilippeGreysoleildialGoldenElipsein18kwhitegoldref3738_08_1x1_fdd68acd-793d-4520-badc-deadf94dafec.jpg?v=1771578724,"The Patek Philippe Ellipse is a truly cool and distinctive watch—one we have admired for quite some time. Launched in 1968, the Ellipse was designed using the “divine proportion,” also known as the “golden ratio,” a mathematical formula celebrated for its harmonious and aesthetically pleasing balance, famously found in masterpieces such as Leonardo da Vinci’s Mona Lisa and the Great Pyramid of Giza. This principle, evident in art, design, architecture, and even in nature and the human body, underscores the Ellipse’s unique shape—neither round nor square, but perfectly balanced. This 18k white gold reference 3738 remains in fantastic condition and features a beautiful grey soleil dial, free of lume, fitted with simple stick-style hands. The watch is equipped with a lightly used original Patek Philippe leather strap and is fitted with a signature 18k Patek Philippe Ellipse pin buckle. The watch, along with its automatic calibre 240 movement, has been fully serviced by our watchmaker. Where design meets the golden ratio, this Ellipse awaits its next discerning owner, get in touch ! Specifications: Patek Philippe Ellipse Reference 3738G Movement no. 120xxxx / case no. 433xxxx dating to the 2000’s Grey soleil dial ,stick markers 35.5 x 31 mm 18 kt white gold case Grey Soleil finished dial Calibre 240/111 automatic movement Original Patek' 18 k white gold pin buckle Fully serviced by our watchmaker 1 year mechanical warranty Free worldwide Fedex Priority shipping",Bulang & Sons,2026-02-20,False
Rolex Day-Date 18078 Green Khanjar Champagne Dial Bark Finish in 18k Yellow Gold,Rolex,42900,https://bulangandsons.com/products/rolex-day-date-18078-green-khanjar-champagne-dial-bark-finish-in-18k-yellow-gold-w3784,https://cdn.shopify.com/s/files/1/0961/8613/8969/files/W-3784RolexDay-Date18078GreenKhanjarChampagneDialBarkFinishin18kYellowGold_001_1x1_0f3bc169-c4cc-400d-87e6-d2678e8d112d.jpg?v=1784185743,"The Rolex Day-Date, introduced in 1956, marked a significant milestone in watchmaking as the world’s first wristwatch to display both the date and the day of the week fully spelled out on the dial. Positioned at the very top of the Rolex catalogue, the Day-Date has exclusively been produced in precious metals — including 18k yellow, white, or Everose gold, as well as platinum — reinforcing its status as the brand’s ultimate flagship model. The model became closely associated with the iconic “President” bracelet, a semi-circular three-link design created specifically for the Day-Date’s launch. While the bracelet itself carried the “President” name, the nickname soon became synonymous with the entire watch. The Day-Date’s association with influential world leaders further elevated its legendary status. Dwight D. Eisenhower famously received a Rolex from the brand, while Lyndon B. Johnson was often seen wearing a yellow gold Day-Date during his presidency. Over the decades, the model has become an enduring symbol of prestige, success, and leadership, worn by presidents, executives, and cultural icons around the world. This particular example features several highly desirable and seldom-seen characteristics. It is preserved in the rare reference 18078 configuration, distinguished by its hand-finished “bark” decoration — a textured motif applied to both the bezel and President bracelet, designed to resemble the natural grain of tree bark. This intricate finish gives the watch a striking and unmistakably luxurious appearance. The champagne dial is beautifully balanced and elevated further by an exceptionally rare green Omani Khanjar and crown signature printed on the left side of the dial. Additional details include a finely printed railroad minute track, warm cream-coloured lume plots, and an English day disc. For those unfamiliar with the symbol, the Omani Khanjar is a traditional curved dagger worn ceremonially in Oman, representing heritage, honour, and national pride. During the 1970s onward, Qaboos bin Said al Said became renowned for commissioning specially ordered watches featuring the royal Khanjar crest, either printed on the dial or engraved on the case back. These watches were typically presented to senior military officials, diplomats, trusted advisers, and members of the Sultan’s inner circle, making them objects of both extraordinary rarity and important historical significance. Many of these bespoke commissions were supplied through Asprey of New Bond Street, London, the Sultan’s preferred jeweller during the period. Watches retailed through Asprey — particularly Rolex models bearing the Khanjar emblem — have since become some of the most coveted and elusive special-order timepieces in the world of vintage Rolex collecting. The 18k gold case remains in outstanding condition and retains a sharp Khanjar engraving on the case back. The reference 8723 President bracelet features solid end links, a concealed clasp, and comfortably fits wrist",Bulang & Sons,2026-05-22,False
Omega Speedmaster 105.003 Ed White Tropical Brown Dial Pulsations Bezel with Extract of the Archives,Omega,19000,https://bulangandsons.com/products/omega-speedmaster-105-003-ed-white-tropical-brown-dial-pulsations-bezel-with-extract-of-the-archives-w3754,https://cdn.shopify.com/s/files/1/0961/8613/8969/files/W-3754OmegaSpeedmasterST105.003TropicalDialPulsationsBezelwithExtractoftheArchives_018_1x1_d87c9bec-beaf-4647-88bc-f75dfd162b9d.jpg?v=1788333621,"The Omega Speedmaster, first introduced in 1957, remains one of the most iconic chronographs ever produced. While it later earned the legendary “Moonwatch” nickname for its role in space exploration, it was originally designed with motorsport in mind. This particular reference holds special historical importance as the last of the straight-lug Speedmasters, and notably the model worn by Ed White. During the Gemini 4 mission, White became the first American to perform a spacewalk, wearing a Speedmaster reference 105.003 as he exited the capsule using a hand-held oxygen jet maneuvering gun. The watch itself is in very good overall condition. It features an especially rare and desirable pulsations bezel—designed for measuring heart rate in beats per minute—which has developed a beautiful copper-brown fade over time, perfectly complementing the dial. The dial has aged into a rich milk-chocolate tone and retains all the correct details: “T SWISS T” markings, absence of the “Professional” text, and long hour markers. This warm, characterful Speedmaster is fitted on an Omega bracelet reference 7912, with end links marked “6” and a clasp stamped “3 65.” It is accompanied by an Omega Extract of the Archives confirming production in 1967 and delivery to the UK. The watch has been fully serviced by our watchmaker and is ready to be enjoyed. We’re passionate about Speedmasters and always happy to talk about them. You’re very welcome to visit us at our lounge, or we can arrange a call at your convenience. Specifications: Omega Speedmaster Reference 105.003 ST 65 42mm steel case Straight lug case Rare faded to copper brown “pulsations” bezel Milk chocolate tropical Cal 321 hand wound movement Movement Serial 2544xxxx dating to 1967 Omega extract of the archives stating a production in 1967 Omega flat link bracelet ref 7912 with end links marked 6 Fully serviced by our watchmaker One-year mechanical warranty Free worldwide Fedex Priority shipping",Bulang & Sons,2026-05-01,False
Leonidas Oversized Steel Step Case Millitary Style Chronograph Black Dial Valjoux 22,Leonidas,12650,https://bulangandsons.com/products/leonidas-oversized-steel-step-case-millitary-style-chronograph-black-dial-valjoux-22,https://cdn.shopify.com/s/files/1/0961/8613/8969/files/W-3755LeonidasChronograph_010_1x1_33130c67-edf2-42af-8146-77e9acdf525b.jpg?v=1779876485,"Founded in 1841 by Julien Bourquin in Saint-Imier, Switzerland, Leonidas built a strong reputation for precision chronographs, stopwatches, and military timepieces. In 1964, the brand merged with Heuer to form Heuer-Leonidas—combining forces and expanding their presence in the world of aviation and military chronographs. This partnership would go on to produce icons like the Carrera and Autavia, and play a role in the development of the groundbreaking Calibre 11 automatic chronograph in 1969. This example takes us back to the 1940s—a proper oversized chronograph at 39mm, and one that immediately stands out. The case features the rare and desirable so-called “step case,” with a clearly defined ridge between the bezel and mid-case, giving it a more technical, almost industrial look. Details are spot on. Pump pushers, a clean screw-back case, and proportions that just work. The dial leans heavily into that military aesthetic. Bold Arabic numerals, a snail track, and an outer telemeter scale—used to measure distance based on the time between a visible event and the sound reaching you, often associated with artillery use. Whether officially issued or not, it has all the right cues. Two sub dials handle the chronograph functions, while the leaf-style hands—without lume—keep the look sharp and balanced. Inside, you’ll find the legendary Valjoux 22—a hand-wound chronograph movement known for its reliability and crisp operation. It has been serviced by our watchmaker and is ready to go. Paired with a Bulang & Sons leather strap, this is one of those watches that just works—full of character, with the kind of presence you don’t come across every day. A proper vintage chronograph with all the right details—get in touch! Specifications: Leonidas Millitary style Chronograph 39mm Steel step-case, with snap back case-back Case number 53xx Dates to the 1940s Black dial with two-register black dial, multi scales Leaf style hands Valjoux 22 movement Movement number 21x Comes on pictured Bulang and sons leather strap Fully serviced by our watchmaker One-year mechanical warranty Free worldwide Fedex Priority shipping",Bulang & Sons,2026-05-27,False
Rolex Oyster Perpetual 1002 Horizontal Brushed Blue Dial,Rolex,4250,https://bulangandsons.com/products/rolex-oyster-perpetual-1002-horizontal-brushed-blue-dial-w3773,https://cdn.shopify.com/s/files/1/0961/8613/8969/files/W-3773RolexOysterPerpetualHorizontalbrushedBluedialref1002_293_1x1_a1df62b7-c0d9-4e5f-b48e-b672c81223ad.jpg?v=1779876282,"The Rolex Oyster Perpetual is the foundational bedrock of the brand, born from the union of two of Rolex’s most important innovations: the world’s first waterproof watch case, the Oyster (1926), and the Perpetual self-winding rotor system (1931). We are pleased to offer a seldom-seen 34mm Oyster Perpetual fitted with a smooth bezel. The case and bezel remain in very nice condition, retaining their original proportions and honest wear. The watch is paired with a striking blue dial, featuring a rare and subtle horizontal brushing that adds an unexpected layer of texture and refinement. This detail introduces a quiet sense of luxury, elevating the already timeless 34mm Oyster Perpetual to something with a more distinctive presence on the wrist. The watch is fitted on a Bulang & Sons straight end links bracelet and has been fully checked and regulated by our watchmaker, ready to be worn and enjoyed. A rarely seen dial detail on an iconic foundation piece, clean, timeless, and quietly distinctive , ready for its next owner. Specifications: Rolex Reference Oyster Perpetual 1002 34mm steel case Smooth bezel Serial 712xxxx dating to 1982 Rare Blue horizontal brushed dial ,cream coloured lume Steel straight end -link bracelet fitted Fully checked and regulated by our watchmaker One-year mechanical warranty Free worldwide Fedex Priority shipping",Bulang & Sons,2026-05-27,False
Universal Genève “Cioccolatone“ 18k Rose Gold Oversized Dress-watch with unique Guilloché Dial on Brick Style Bracelet ref. 10228 2,Universal Geneve,10950,https://bulangandsons.com/products/universal-geneve-cioccolatone-18k-rose-gold-oversized-dress-watch-with-unique-guilloche-dial-on-brick-style-bracelet-ref-10228-2-w3416,https://cdn.shopify.com/s/files/1/0961/8613/8969/files/W-3416UniversalGeneve_Cioccolatone_18kRoseGoldOversizedDress-watchwithuniqueGuillocheDialonBrickStyleBraceletref102282_529_1x1_8000a46e-1152-441f-8a3b-16973e6d4b17.jpg?v=1774343731,"Today, we have a unique offering: an 18k rose gold Universal Genève “Cioccolatone”!! The most defining feature is the distinctive curved square—or pillow-shaped—case, often described as a ""curved square"" or ""quadrilateral."" The name Cioccolatone is Italian for ""big chocolate,"" referring to the case's resemblance to a square of Swiss chocolate. These oversized cases were mostly used from the 1940s until around 1960 by brands like Vacheron Constantin, Omega, Longines, and others. However, the design never really took off at the time—likely because square cases were more difficult to waterproof. Round watches could more easily accommodate screw-down case backs, whereas square watches couldn't. As a result, these designs were produced in limited quantities, making superb examples like this one incredibly rare today. In hand, we have a truly exceptional Universal Genève. Universal Genève (UG) was founded in 1894 as Universal Watch in Le Locle, Switzerland, by Numa Descombes and Ulysse Perret. The brand specialized in both watch movements and cases. After relocating to Geneva in 1919, UG gained prominence for its high-quality chronographs. and time only pieces like the iconic Compax and Polerouter models—and for its innovative micro-rotor automatic movements. The brand’s fortunes declined after the quartz crisis of the 1970s, but in 2023, the name was acquired by Breitling, signaling a potential revival and return to its legacy of excellence. This oversized 30 x 30 mm case (which wears even larger than the numbers suggest!) is crafted in 18k rose gold and features a striking sloped bezel—we’ve truly never seen another case like it. The snap-on case back retains both its serial and reference numbers, still fully readable and sharp. The second star of the show is the exquisite guilloché dial. Finished in a warm cream tone, it features two different guilloché techniques—almost giving it a sunray-like appearance. There’s no lume on the dial, and the sharp dauphine hands complete this elegant mid-century design perfectly. We’ve never seen another one like it—and perhaps we can even conclude this is a piece unique? The watch is paired with an 18k yellow gold brick-style bracelet with nine rows. While the bracelet is yellow gold (not rose), we love the look—it feels very period correct. It fits wrists up to 19 cm. Surprisingly, this is an automatic watch—powered by UG’s hammer automatic Caliber 138SS. This super-elegant dress watch has been fully serviced by our watchmaker. If we could keep a watch for ourselves, this would definitely be a contender, in hand it will blow one’s mind. A smart collector should snap this up—one would never regret owning such a beautiful piece! Specifications Universal Genève reference 10228 2 Dress-watch Rare 30x30 mm steel 18 k pink gold “Cioccolatone” case Serial 161xxxx dates to 1950s Non lume guilloché “sun-ray “ cream colour dial, applied logo, Dauphine hands UG Calibre 138SS hammer automatic wind movement 18 k yellow gold n",Bulang & Sons,2025-09-19,False
Patek Philippe Calatrava 3720J White Dial in 18 k Yellow Gold,Patek Philippe,9950,https://bulangandsons.com/products/patek-philippe-calatrava-white-dial-in-18-k-yellow-gold-ref-3720j-w3628,https://cdn.shopify.com/s/files/1/0961/8613/8969/files/W-3628PatekPhilippeCalatravawhitedialin18kyellowgoldref3720_431_1x1_49840a68-317e-40ce-b22d-2e88c029e9fb.jpg?v=1774272312,"The Patek Philippe Calatrava is a timepiece that embodies category-defining elegance, heritage, and distinction. With its timeless design and exceptional craftsmanship, the Calatrava stands as one of the most important and iconic models in both the world of horology and within Patek Philippe’s own history. This reference perfectly blends the best of both worlds: the classic elegance of the past with the refined sophistication of modern watchmaking. This mid-1980's Ref. 3720 features a 32 mm 18k yellow gold case, a flat and thin bezel, a screw -back case back, and elegant, well-proportioned lugs. The dial presents the classic Calatrava aesthetic, with a crisp white background, black Roman numerals, and non-lumed stick-style hands. Powering the watch is the legendary hand-wound ultra-thin calibre 177. The watch has been fully serviced by our watchmaker and is fitted with a nice Bulang & Sons leather strap. We always enjoy meeting and chatting with fellow watch lovers. Please feel free to arrange a visit or a call to discuss this beautiful Patek Philippe. Specifications: Patek Philippe Calatrava Reference 3720J 32mm 18k yellow gold case with bezel , screw down case back White dial with black printed Roman numerals and non-lumed stick hands Bulang and sons leather strap Cal.177 hand wound movement Case no 279xxxx movement serial 136xxxx , dating to circa 1985 Fully serviced by our watchmaker One-year mechanical warranty Free worldwide FedEx Priority shipping",Bulang & Sons,2026-02-18,False
Rolex Oyster Perpetual 1002 Vertical Brush Champagne Dial in 18k Yellow Gold,Rolex,6200,https://bulangandsons.com/products/rolex-oyster-perpetual-vertical-brushed-champagne-dial-in-18-k-yellow-gold-ref-1002-w3649,https://cdn.shopify.com/s/files/1/0961/8613/8969/files/W-3649RolexOysterPerpetualVerticalbrushedChampagnedialin18kyellowgoldref1002_267_1x1_7393c61c-836f-4a12-9587-ad35140518b8.jpg?v=1771403955,"The Rolex Oyster Perpetual Reference 1002, produced from the late 1950s through the 1980s, is a quintessential vintage, time-only watch, featuring a 34mm steel or gold case and a smooth bezel. Known for its minimalist design, the 1002 represents a classic and versatile era of Rolex history. At hand, we have a lovely mid-1960s 18k gold–cased example, boasting a thick, well-preserved case and smooth bezel. The case back features a beautiful font and engraving — a stylised “W E W, 5th July 1966.” We believe this was a gift to the original owner at the time, adding a touch of personal history that we truly appreciate. The dial is a stunning and very seldom-seen vertically brushed champagne colour, with simple markers and black text and soft yellow lume colour. The softly applied brushing gives this piece an almost mirror-like appearance — super cool. This gold marvel has been paired with an a Bulang & Sons leather strap and has been fully checked and regulated by our watchmaker, making it ready for many years to come. This no-frills aesthetic — featuring a simple smooth bezel, three-hand display, and no date complication — gives it strong credentials as your go-to dress watch. Let’s get a deal! ✨ Specifications: Rolex Oyster Perpetual 1002 34mm 18k yellow gold case, plexi glass Serial 144xxxx dating to 1966 Case back engraving “W E W, 5th July 1966.” Rare vertical brushed champagne dial Smooth Bezel Fully checked by our watchmaker Free worldwide Fedex Priority shipping",Bulang & Sons,2026-02-18,False
Cartier Gondole Ellipse Paris dial ref 67081,Cartier,5900,https://bulangandsons.com/products/cartier-gondole-ellipse-paris-dial-ref-67081-w3670,https://cdn.shopify.com/s/files/1/0961/8613/8969/files/W-3670CartierGondoleEllipseParisdialref67081_368_1x1_ffca6f82-da75-4f0c-bab2-6a87a3dd6e13.jpg?v=1770977052,"The Cartier Gondole Ellipse was launched in 1973 as part of the prestigious Louis Cartier Collection. This initiative by Cartier Paris aimed to revive legendary designs such as the Tank and Santos, while also introducing bold new geometric forms into serial production. Often grouped within the broader “Gondole” family, the Ellipse is a horizontal variation of the design. While the standard Gondole typically featured a more rectangular or “TV-shaped” case, the Ellipse introduced a squared-off oval form with subtly swollen sides, contrasting with the flat top and bottom lines characteristic of the Cartier Tank. This lovely reference 67081 is housed in an 18 kt yellow gold case measuring 26 × 23 mm, featuring a stepped bezel and a winding crown set with the signature Cartier cabochon. The dial displays the highly sought-after “Paris” signature at 6 o’clock—indicating it was sold through the legendary Place Vendôme boutique—and is classically finished with black Roman numerals and blued hands. The watch is fitted with a leather strap and an original 18 kt yellow gold Cartier folding clasp. The manual-winding movement has been fully serviced by our watchmaker and is ready to be enjoyed for many years to come. No, it’s not a Tank. But yes—it absolutely deserves your attention. Get in touch. Specifications : Cartier Gondole reference 67081 67081xxxx serial dating to the 1970s 18kt gold case 28x32mm White dial signed PARIS with Roman numerals Blue cabochon winding crown Manual wind movement Generic leather strap 18kt Cartier deployment clasp Fully serviced by our watchmaker One-year mechanical warranty Free worldwide Fedex Priority shipping",Bulang & Sons,2026-02-13,False
Rolex Submariner 5513 MilSub with Rolex Service Card,Rolex,28900,https://bulangandsons.com/products/rolex-submariner-5513-milsub-with-rolex-service-card-w3658-1,https://cdn.shopify.com/s/files/1/0961/8613/8969/files/W-3658RolexSubmariner5513millsub_05_1x1_33062f3b-18fd-4219-90f6-5d962b11e999.jpg?v=1778060487,"Say “MilSub” to a watch collector and you might just see them go weak at the knees—or momentarily lost for words. The Rolex Military Submariner, or “MilSub,” was produced in the 1970s in extremely small quantities (just over 1,000 pieces), of which only a few hundred are believed to survive today. It’s no surprise these watches are considered true grails—often commanding between €200k and €500k depending on condition and provenance. But what’s the story behind these rare Submariners? Although produced in the 1970s, the MilSub’s origins trace back to World War II and the rise of underwater combat operations. The Italians were early pioneers in this field, using Panerai watches—interestingly manufactured by Rolex at the time. Great Britain soon followed, commissioning purpose-built watches capable of withstanding prolonged underwater missions. After the war, this evolved into ongoing diving operations within the British Ministry of Defence (MoD), which required reliable, purpose-built wristwatches. By 1957, the MoD approached Rolex with a clear set of specifications. Rolex responded by adapting its Submariner with fixed spring bars, a larger bezel for operation with gloves, and dials using tritium lume (marked by the encircled “T”) instead of the more hazardous radium. For a brief period, the MoD turned to Omega, commissioning military versions of the Seamaster 300. However, in the early 1970s, they returned to Rolex—likely due to the superior water resistance offered by Rolex’s screw-down crown system. One requirement carried over from the Omega designs was the use of “sword hands,” providing greater lume surface and improved underwater legibility. The Submariner reference 5513 was subsequently modified to meet these specifications. Changes included fixed bars, a fully graduated 60-minute bezel insert, a matte dial, and the distinctive sword hands. Over the course of the 1970s, these watches underwent subtle evolutions. Early examples were marked “5513” between the lugs, followed by versions bearing both “5513” and “5517,” with the final series marked solely “5517.” These watches were issued primarily to two branches of the British military: Army (W10 designation) Case backs were engraved with: W10 (MoD code for the Army) 6645 (NATO code for time-measuring instruments) 99 (NATO country code for the UK) 923-7697 (NATO code for divers’ watches) Broad Arrow marking Issue number and year Royal Navy (0552 designation) Case backs were engraved with: 0552 (Royal Navy service code) 923-7697 (NATO code for divers’ watches) Broad Arrow marking Issue number and year Inside the case back of a correct MilSub, one would typically find engravings indicating the model reference, the date of manufacture for the case or case back, and—depending on the batch—the serial number matching the case. The example offered here is a reference 5513 that has, over time, lost some of its original military-spec characteristics. The dial, hands, and bezel insert were replaced dur",Bulang & Sons,2026-05-06,False
Rolex Air-King 5504 Swiss Only Gilt Dial,Rolex,7900,https://bulangandsons.com/products/rolex-air-king-5504-swiss-only-gilt-dial-w3425,https://cdn.shopify.com/s/files/1/0961/8613/8969/files/W-3425RolexAir-KingSwissonlyGiltdialref5504_258_1x1_71ab9400-96ae-42a5-8b80-6a34237592cb.jpg?v=1777467019,"The Rolex Air-King has a rich and complex history, originating as a tribute to British RAF pilots during World War II and evolving from an entry-level, understated watch into a bold, modern, aviation-inspired timepiece. It is the only model remaining from the original “Air” series, which also included the Air-Lion, Air-Giant, and Air-Tiger. The example presented here is an early 1960s Reference 5504 in a lovely 36 mm size. The case remains in strong condition and is fitted with a smooth bezel that retains beautiful definition. The gilt dial remains glossy and is in excellent condition, featuring the Air-King script in a font we particularly love, along with finely printed silver “Super Precision” text. Furthermore, the presence of “Swiss” only at the six o’clock position is correct for this era, complemented by elegant hour markers and fine dauphine hands. We have paired this quietly iconic watch with one of our straight end-link bracelets, which we feel is an excellent match. This Air-King has been checked and regulated by our watchmaker and is ready to be enjoyed for many years to come. It wears beautifully on the wrist—classic and under-the-radar, never loud. Get in touch if this low-key legend speaks to you. Specifications: Rolex Air-King Reference 5504 Super precision 36mm case with smooth bezel Serial 950xxx dating to 1963 Black gilt chapter ring dial “Swiss only “with silver lines Dauphine hand set Bulang and sons straight en links steel bracelet Fully checked and regulated by our watchmaker One-year mechanical warranty Free worldwide FedEx Priority shipping",Bulang & Sons,2026-04-29,False
Patek Philippe ref. 1593 Hour Glass in 18k Yellow Gold,Patek Philippe,14500,https://bulangandsons.com/products/patek-philippe-ref-1593-hour-glass-in-18k-yellow-gold-w3692-1,https://cdn.shopify.com/s/files/1/0961/8613/8969/files/W-3692PatekPhilippeHourglassref1593in18kyellowgold_243_1x1_f318a9b5-9302-4f3d-a4d5-bb434c358f48.jpg?v=1776861193,"This Patek Philippe “Hour Glass” reference 1593 was introduced in 1944 and features a dramatic, ergonomic silhouette, defined by its concave and convex sides. Measuring 41.5 × 25 mm, the case offers a bold, avant-garde presence that remains striking even by today’s standards. The silvered dial is finely brushed and features delicate black enamel Patek Philippe signature. Applied numerals at 6, 9, and 12 are complemented by arrow-shaped markers for the remaining hours, along with a beautifully proportioned small seconds at 6 o’clock. The watch is paired with the pictured leather strap and powered by the iconic hand-wound calibre 9.90—one of the most elegant in-house movements produced by Patek Philippe during the golden age of watchmaking. It has been fully serviced by our watchmaker. Watches like these have a way of transporting you to another time and place where design was bold, and time moved just a little slower! Specifications: Patek Philippe Dresswatch reference 1593 “Hour glass” 41.5 × 25 mm concave and convex 18k yellow gold case Movement no 977xxx / case no 209xxxxx dating to ca. 1954 Silvered dial with applied Arabic numerals Small seconds at six o’clock hand-wound calibre 9.90 Comes on the pictured leather strap Fully serviced by our watchmaker One-year mechanical warranty Free worldwide Fedex Priority shipping",Bulang & Sons,2026-04-22,False
Tudor Submariner 7928 Pointed Crown Guard Case Gilt Chapter Ring Dial,Tudor,16750,https://bulangandsons.com/products/tudor-submariner-7928-pointed-crown-guard-case-gilt-chapter-ring-dial-w3718,https://cdn.shopify.com/s/files/1/0961/8613/8969/files/W-3718TudorSubmarinerPointedCrownGuardcaseref7928_790_1x1_8cff1efa-e3e8-48a3-9254-9b0da6ad0471.jpg?v=1775737325,"Some watches quietly define a brand’s story—and the Tudor Submariner Reference 7928 is undoubtedly one of them. Introduced at the end of the 1950s, this reference marked an important step forward for Tudor. It was the first Submariner to feature crown guards, a subtle yet meaningful evolution inspired by the needs of professional divers, including those of the French Navy. A small detail perhaps, but one that speaks volumes about purpose and progress. This particular example immediately stands out thanks to its beautifully preserved case, still showing the elegant lines of the early “pointed crown guards.” There is something especially charming about these sharper, more defined guards—slightly more expressive than the later rounded versions, and a detail that collectors continue to appreciate. Then there is the bezel. Fitted with a rare “skinny 4” insert, believed to have been used only for a short period around 1963, it adds an extra layer of intrigue to the watch. Over time, it has developed a gentle fade—just enough to give it that honest, lived-in feel we so often look for. The kind of detail that doesn’t shout, but quietly tells its story. The dial remains in lovely condition, featuring a chapter ring and the desirable “Swiss only” designation at 6 o’clock. The hour markers have developed a warm yellow patina, beautifully echoed by the gilt-toned hands, creating a harmonious and characterful appearance. Fitted with one of our leather straps and powered by a movement that has been fully serviced by our watchmaker, this is a watch that feels both honest and complete. A piece with presence, history, and just the right amount of charm—exactly how we like to see them! Specifications: Tudor Submariner Reference 7928 40mm steel case with ""pointed crown guards"" Serial: 400xxx, dating to 1963 Chapter ring dial with exclamation point, gilt hands & ""Lollipop"" second hand Rare Faded fat-font bezel insert “Skinny 40” Bulang and sons leather strap Fully serviced by our watchmaker One-year mechanical warranty Free worldwide FedEx Priority shipping",Bulang & Sons,2026-04-10,False
Rolex Chronograph ref. 4500 Pulsations Dial,Rolex,119000,https://bulangandsons.com/products/rolex-ref-4500-pulsations-dial-chronograph-w3602,https://cdn.shopify.com/s/files/1/0961/8613/8969/files/W-3602RolexPulsationsdialchronographref4500_08_1x1_401a3986-ff1b-4c3c-8563-190d108945fa.jpg?v=1775566086,"The Rolex Chronograph ref. 4500, introduced around 1945, is a historically significant and rare example of one of the earliest waterproof Oyster chronographs, often referred to as the “Monoblocco” due to its one-piece case design. It marked a key design shift toward the later “modern” Daytona, with a 36mm size, straight lugs, and a two-register layout powered by a Valjoux 23–based movement. The case on this example is in excellent condition, featuring a screw-down back, pump-style pushers, and its original winding crown still attached. The true showstopper is the extremely rare pulsations dial. The pulso meter scale was primarily designed for medical professionals, namely doctors. pulsations -signed Rolex chronographs are extraordinarily rare, with approximately 50 pieces known across all metals and references. The lineage of these “medical” chronographs includes very early references such as 2023 and 2057 from the late 1920s, the “Bariletto” reference 3525 in steel during the 1940s, as well as references 4048, 4062, 4099, 4537 (in stainless steel or stainless steel and gold), and the ref. 4500 in gold. In the 1950s, the pulso meter scale appeared on some examples of the 6034 and 6234 in stainless steel and gold, followed by a handful of ref. 6238s with the scale inside the indexes, and finally around ten examples of the ref. 6239 Daytona in steel. After this period, Rolex ceased producing pulsometer dials for over 60 years, and they remain absent in modern production. This particular dial features a French-language pulso meter scale in blue (‘Gradué pour 30 pulsations’), suggesting it was likely made on special request for a French-speaking doctor. Such dials were extremely rare and difficult to produce in batches due to very low demand. The dial also features a fine black seconds track, two sub dials, applied Arabic numerals, and arrowhead hour markers, all showing pleasing patina. It is topped with clean non-lumed stick-style hands, completing a truly remarkable vintage chronograph. The watch is paired with an Oyster riveted-style ref 7206 bracelet, with end links marked 60 and a clasp stamped 1/60. This fine doctor’s chronograph and its hand-wound Cal. VLJX.23 movement have been fully serviced by our watchmaker. One of approximately 50 known pulsations examples across all references and a true collector’s find—reach out to secure this rare doctor’s Rolex chronograph! Specifications: Rolex Reference 4500 Chronograph 36 mm steel ”monobloc” case, pump style pushers, early winding crown Serial 499xxx dating to 1946 Super rare pulso meter/pulsations dial, no lume, two sub dials Oyster bracelet reference 7207 with 60 end links Valjoux 23 based hand -wound movement Fully serviced by our watchmaker 1 year mechanical warranty Free worldwide Fedex Priority shipping",Bulang & Sons,2026-04-07,False
"Rolex Datejust 16030 ""Saudi Border Forces"" Crest Dial",Rolex,8900,https://bulangandsons.com/products/rolex-datejust-16030-saudi-border-forces-crest-dial-w3730,https://cdn.shopify.com/s/files/1/0961/8613/8969/files/W-3391RolexDatejustJordanborderforceslogodialref16030_007_1x1_7ad71ca6-6e56-4169-ac4b-be74d7aa552c.jpg?v=1775637249,"Even for those who joined the vintage world a little later, it quickly becomes clear that the Rolex Datejust is one of those watches that continues to win you over time and time again. It has certainly done so for us, and we always find ourselves searching for slightly more unusual, more characterful examples. This reference 16030 is exactly that. At first glance, it may seem familiar—but a closer look reveals something rather special. The dial features the emblem of the Saudi Arabian Border Police, a detail rarely encountered and one that immediately sets this watch apart. Its tone sits somewhere between beige and sunburst champagne, shifting gently in the light, while the applied stick markers add a clean, confident contrast. The printed logo itself has a subtle, almost ghost-like presence—appearing and disappearing depending on the angle—adding a layer of intrigue that keeps drawing you back in. Turning the watch over, the story continues. The case back is engraved with the Saudi Border Forces emblem alongside Arabic script, loosely translating to “Saudi Border Forces.” A small detail perhaps, but one that adds depth and provenance to the piece. The watch is fitted with a Jubilee bracelet, reference 62150H, with 555 end links and a clasp stamped “G10,” completing the watch in a way that feels both classic and correct. Fully serviced by our watchmaker, it is running as it should and ready to be worn and enjoyed for years to come. A Datejust with character, history, and a dial you don’t come across every day—exactly the kind of piece we love to find. 👉 Feel free to get in touch to learn more about this uncommon example. Specifications: Rolex Datejust reference 16030 36mm steel case Serial 737xxxx dating to 1982 Beige soleil finished dial Saudi border forces logo with Ghost effect Case back engraved for the Saudi border forces Bracelet reference 62150h with 555 end links Fully serviced by our watchmaker One-year mechanical warranty Free worldwide Fedex Priority shipping",Bulang & Sons,2026-04-08,False
Patek Philippe Gondolo Cabriolet ref. 5099RG in 18k Rose and White Gold,Patek Philippe,16500,https://bulangandsons.com/products/patek-philippe-gondolo-cabriolet-ref-5099rg-in-18k-rose-and-white-gold-w3720,https://cdn.shopify.com/s/files/1/0961/8613/8969/files/W-3720PatekPhilippeGondoloCabrioletref5099in18kRoseandwhitegold_115_1x1_1eecee08-ee59-4ce2-86c9-b17b89f92921.jpg?v=1775566135,"Launched at the Basel Watch Fair in 1999, the ref. 5099RG immediately stood out as something “odd “ in the line up of Patek Philippe , as has a case that most people never seen before. It was inspired by a watch owned by the Patek Philippe museum, a similar shaped piece from the 1920s The case design was also a then-modern interpretation of the hunter case of a pocket watch – a practical cover that protected the dial. Because this watch was made at the height of the Art Deco period, the design was considered very avant garde – not too different to how it was perceived over 70 years later when the ref. 5099 was launched! Three examples of the original “Cabriolet” were made between 1927 and 1929. The 18 k Rose gold case features two white gold “stripes” and “merge into the lugs”. The remarkable complex ( it has 52 components) case has a hinged front cover, spring operated by two button on the lower lugs.If one pushes the buttons the watch face is revealed! And what a face it is , again in rose gold with elegant painted Breguet numerals and a small running seconds at six o’clock and fine blued hands The watch is paired with a slightly used Patek Philippe leather strap with a cool PP 18k rose gold pin buckle .Further more this fine Gondolo is coming with its original Patek' inner and outer boxes and a cardboard hang tag with its serial is included as well. This fine PP has been fully serviced by our watch maker and is ready for upcoming years! For those who appreciate the unexpected—contact us to make this Cabriolet yours! Specifications: Patek Philippe Reference 5099RG-001 Gondolo 18kt rose and white gold case with hinged cover Case no. 4124xxx / movement no 1878xxx dating to ca 2004 28mm square case size Rose gold dial with painted Breguet numerals Original 18 k rose gold Patek Pin buckle, Patek Philippe leather strap Manual wind calibre 215PS movement Fully serviced by our watchmaker One-year mechanical warranty Patek Philippe boxes , cardboard hang tag Free worldwide Fedex Priority shipping",Bulang & Sons,2026-04-07,False
Rolex Datejust ref. 6827/8 Blue Sigma Dial in 18k Yellow Gold 31mm,Rolex,5900,https://bulangandsons.com/products/rolex-datejust-31-mm-blue-sigma-dial-in-18-k-yellow-gold-ref-6827-8-w3705,https://cdn.shopify.com/s/files/1/0961/8613/8969/files/W-3705RolexDatejust31mmBlueSigmadialin18kyellowgoldref6827_006_1x1_1b48e789-2ad6-43e3-b6e7-17c1bab95f25.jpg?v=1775026445,"The Rolex Datejust 31 ref. 6827 is a vintage midsize watch, produced in the 1970s and early 1980s, and appreciated for its 31 mm case that bridges the gap between lady-sized and standard men’s watches. This particular example features an 18k yellow gold case fitted with a nicely defined fluted bezel, paired beautifully with a soleil-finished blue dial. The dial is especially attractive, with elegant stick markers, gilt printing, and a Sigma designation at six o’clock, indicating that the hands and markers are made of 18k gold. We have paired the watch with a beautiful Bulang & Sons leather strap, creating a refined and versatile look. This “blue wonder” has been fully checked and regulated by our watchmaker and is ready to be enjoyed for many years to come. A lovely midsize Datejust with a striking blue dial—contact us if it belongs on your wrist. Specifications: Rolex Reference 6827/8 Datejust 31mm 18kt yellow gold case, plexi glass Serial 409xxxx dating to 1975 Blue soleil-finish Sigma dial Slow set movement Comes on the pictured Bulang and Sons strap, Fully checked by our watchmaker One-year mechanical warranty Free worldwide Fedex Priority shipping",Bulang & Sons,2026-04-01,False
Rolex Oyster Perpetual Swiss only OCC Cream dial ref 6532,Rolex,5750,https://bulangandsons.com/products/rolex-oyster-perpetual-swiss-only-occ-cream-dial-ref-6532-w3648,https://cdn.shopify.com/s/files/1/0961/8613/8969/files/W-3648RolexOysterPerpetualSwissonlyOCCCreamdialref6532_238_1x1_54cc2b9d-8e40-4a3e-b896-f54a95f53838.jpg?v=1775026458,"The Rolex Oyster Perpetual ref. 6532 was introduced in 1956 and discontinued in 1958, making it a relatively short-lived reference among these 34 mm Oyster Perpetuals. This example features a lovely case with a smooth, sporty-feeling bezel and a beautiful cream-coloured dial. The dial features applied Rolex lettering, arrowhead markers, “Swiss Only” text at six o’clock, and the “Officially Certified Chronometer” designation on the lower half of the dial all topped off by elegant dauphine hands . The warm tone of the dial combined with the sharp markers gives this watch a distinctly vintage character, something collectors of early Rolex Oyster models truly appreciate. We paired it with our own steel straight end-link bracelet, which gives the watch a very cool and period-correct look. The watch and its automatic movement have been fully serviced by our watchmaker and are running perfectly, ready for a new wrist. Altogether, a charming and honest early Rolex Oyster that captures the understated elegance of the period, get in touch ! Specifications: Rolex Reference 6532 Oyster Perpetual Steel 34mm case , smooth bezel , plexi glass Serial 325xxx dating to 1957 Swiss only signed ,OCC text applied logo Cream colour dial Dauphine hands Bulang and sons straight end- links bracelet Fully serviced by our watchmaker 1 year mechanical warranty Free worldwide Fedex Priority shipping",Bulang & Sons,2026-04-01,False
Zenith S.58 Dive watch,Zenith,6650,https://bulangandsons.com/products/zenith-s-58-dive-watch-w3694,https://cdn.shopify.com/s/files/1/0961/8613/8969/files/W-3694ZenithS.58Divewatch_307_1x1_cb85b2d9-d1c1-41e7-90ca-e0467c2af4c9.jpg?v=1775026442,"The Zenith S.58 was introduced in 1958. The “S” is believed to stand for “Super” (water-resistant) or “Scaphandre” (French for diving suit), while “58” denotes the launch year. Some sources also suggest a connection to the Sikorsky S-58helicopter, although this has never been definitively proven. Regardless, it remains an important early—and definitely cool-looking—dive watch. The example presented here comes from the fourth and final generation, featuring a lovely 36.5 mm case and a rotating Bakelite bezel in equally nice condition. The black dial has a beautiful domed or “pie-pan” style, a date function at 3 o’clock, and lumed Arabic numerals at 6, 9, and 12. It is further complemented by the seldom-seen “sword”-shaped hands. The watch is paired with a nice one-pass strap, giving it a classically styled, utilitarian dive watch vibe. The automatic Cal. 2542PC has been fully serviced by our watchmaker and is ready for many more years of enjoyment. A classic utilitarian diver ready for a new wrist—get in touch for the details ! Specifications: Zenith S.58 Dive watch Steel 36.5 mm steel case with rotating Bakelite bezel Serial 012Dxxx dates to the second half of the 1960’s Black pie pan style dial with Arabic lumed numerals One-pass strap, Zenith Cal. 2542PC automatic movement Fully serviced by our watchmaker One-year mechanical warranty Free worldwide Fedex Priority shipping",Bulang & Sons,2026-04-01,False
Omega Seamaster 300 British Royal Navy issued ref. 165.024 Mill Spec Circle-T Dial,Omega,29900,https://bulangandsons.com/products/omega-seamaster-300-british-royal-navy-issued-ref-165-024-mill-spec-circle-t-dial-w3465,https://cdn.shopify.com/s/files/1/0961/8613/8969/files/W-3465OmegaSeamaster300Bigtriangleissuedref165024_0008_1x1_01b800f6-04bb-46cf-9c4b-f013cc9f9bdc.jpg?v=1764940494,"The Omega Seamaster 300 has a storied military heritage, most notably with the British Royal Navy, which commissioned a special version in 1967. This military issue was a modified Seamaster 300 featuring fixed lugs for a one-piece strap, an encircled “T” to denote tritium lume, and a large triangular marker at 12 o’clock for improved readability. These military watches, delivered between 1967 and 1971, were engraved with service identifiers such as “0552” for the Royal Navy or “W10” for the Army. The “Big Triangle” dial, paired with the broad sword hands, offers exceptional legibility and now displays a beautiful yellow patina on the lume. The use of tritium on the hands and indices is confirmed by the circled “T” on the dial — a hallmark reserved for true military dive watches. The bezel remains in excellent condition, showing no major defects or cracks. This exceptional tool watch is fitted with one of our Bulang and Sons single-pass nylon straps. Over the years, the case lost its original fixed bars — likely after its military service — perhaps to allow for the fitting of a metal bracelet. The caseback bears the military code “0552/923-7xxx A/347/70,” confirming delivery to the Royal Navy in 1970. Inside beats the automatic, red-gilded Omega Caliber 552 movement, which has been fully serviced by our watchmaker. Ready for its next mission, this Omega Seamaster 300 is a true military classic — as collectible as it is wearable. Built for men who don’t flinch at 50 metres under the Sea level and issued to those who actually earned the right to wear it — the Omega “Big Triangle” Seamaster isn’t just a handsome face, it’s proper military kit . Service-issued, battle-ready, and tough as they come. Don’t stall — a Royal Navy Seamaster doesn’t wait for stragglers. ⚓ Specifications: Omega Seamaster 300 165.024 British Royal Navy issued 42mm steel case wit twisted lugs and Case-back engraved “0552/923-7xxx A/347/70,” per MOD Specifications Arabic 12-6-9 layout, Circle-T dial Sword hands Calibre 552 automatic movement Bulang and sons single pass nylon strap Movement Serial 293xxxxx dating to 1968 Fully serviced by our watchmaker One-year mechanical warranty",Bulang & Sons,2025-12-05,False
Rolex Submariner non serif dial ref 5512,Rolex,14650,https://bulangandsons.com/products/rolex-submariner-non-serif-dial-ref-5512-w3503,https://cdn.shopify.com/s/files/1/0961/8613/8969/files/W-3503RolexSubmarinernonserifdialref5512_315_1x1_8be756e5-eb9b-48ff-97dc-915dfac0f893.jpg?v=1773060256,"The Rolex Submariner 5512, introduced in 1959, was a pivotal reference that helped define the modern Submariner, most notably through the introduction of crown guards—a first for the model line. Produced alongside its non–chronometer-rated sibling, the 5513, for roughly two decades, the 5512 set itself apart with its chronometer-certified movement. Over its long production run, the reference saw several noteworthy evolutions, including changes to the crown guards (from early “square” to later “eagle beak” forms) and dial transitions from gilt to matte and, eventually, “Maxi” styles. This example dates to 1977 and features a matte black, so-called “non-serif” dial. The case remains strong and well proportioned, and it is fitted with a slightly faded fat-font bezel insert. The dial shows a beautiful yellow patina on the hour plots, giving the watch that extra bit of vintage charm. It comes with a solid-link Rolex Oyster bracelet, reference 93150, with 580 end links and a clasp stamped V1 / X1. The chronometer-rated movement has been fully serviced by our watchmaker. We think the no-date 5512 remains something of a sleeper—rare, desirable, and increasingly appreciated. If there’s one watch we’ll always have a soft spot for, it’s the Submariner no -date. Let us know what you’re looking for — we’d be happy to help you find the perfect example. Specifications: Rolex Submariner no date Reference 5512 Steel 40mm case, plexi glass Serial 500xxxx dating to 1977 Non serif Dial Faded fat font bezel insert Bracelet reference 93150 with 580 end links Fully serviced by our watchmaker One-year mechanical warranty Free worldwide Fedex Priority shipping",Bulang & Sons,2026-03-11,False
Patek Philippe Annual Calendar Flyback Chronograph 5960P in Platinum Execution Grey dial Full Set,Patek Philippe,51900,https://bulangandsons.com/products/patek-philippe-annual-calendar-flyback-chronograph-5960p-in-platinum-execution-grey-dial-full-set-w3266,https://cdn.shopify.com/s/files/1/0961/8613/8969/files/W-3266PatekPhilippeannualcalendarflybackchronograph_013_1x1_f8b641b1-12e3-417c-9af7-2428badc7164.jpg?v=1762352396,"The first of a new generation chronographs After an extended period of Patek Philippe producing calendar watches with Valjoux or Lemania base movements, the brand made a significant leap in 2006 with the introduction of a groundbreaking new reference and complication that highlighted their in-house movement within a calendar chronograph. This innovation led to the creation of the elegant yet sporty 5960 in Platinum, an annual calendar “flyback” chronograph. The annual calendar, originally introduced by Patek Philippe in 1996 with reference 5035, offers the functionality of a perpetual calendar but at a lower cost, to make a bridge between a basic calatrava and perpetual. It offers than the same character as the more mature perpetual but with the require to set it manually only once a year in February. With the 5960, Patek Philippe advanced this complication by incorporating a chronograph module, providing a modern alternative to their traditional perpetual chronographs like the 5970/5270. This marked the debut of an in-house chronograph movement and set the stage alongside the Nautilus chronograph 5980, establishing a new classic. Since its launch, various iterations of the 5960 have emerged, but we are excited to present an example in its original configuration: the platinum case model featuring a striking grey soleil dial. This design gives the watch a captivating depth, enhanced by elegant details such as leaf hands, luminous dots, and a sporty monocounter at the 6 o’clock position, complemented by a day/night indicator, power reserve, and an American-style calendar layout. This particular piece dates back to 2010 and comes as a full set being accompanied by its original sale papers, booklets, inner and outer box, delivery box with seal and accessories, including the white gold folding clasp, strap and corrector pin. The watch remains in excellent condition, having been preserved in great condition and seen minimal wrist time. Due to its collectibility and pristine state, having barely been worn, we have decided not to service or open the case yet, but on request of the client will be executed. We see this watch as an undervalued gem, overlooked yet poised to become a future classic due to its outstanding design and historical significance. If this remarkable timepiece resonates with you, we invite you to reach out to our private sales team, to discuss this exceptional Patek Philippe. Specifications: Patek Philippe 5960P Annual Calendar Flyback Chronograph Platinum case in 40.5mm 350xxxx / 447xxxx - 2010 Grey metallic soleil dial with annual calendar chrono display Inner/outer boxes, leather paper holder, booklets, and certificate of origin Patek Philippe’s CH 28-520 IRM QA 24h Calibre, first in-house automatic chronograph movement. Patek Philippe leather strap with platinum folding clasp Patek Philippe delivery box, seal and corrector pin Fully checked by our watchmaker One-year mechanical warranty Free worldwide FedEx Priority shipping",Bulang & Sons,2025-08-26,False
Cartier Tank Louis  ultra thin cream dial ref 96019 in 18 k yellow gold,Cartier,10750,https://bulangandsons.com/products/cartier-tank-louis-ultra-thin-cream-dial-ref-96019-in-18-k-yellow-gold-w3441,https://cdn.shopify.com/s/files/1/0961/8613/8969/files/W-3441CartierTankLouisultrathincreamdialref9601in18kyellowgold_174_1x1_cece712d-2bba-4e26-8012-a2f876032e31.jpg?v=1762352652,"The Cartier Tank needs no introduction—but just in case: it's not only one of the oldest and most enduring watch designs in history, it's also one of the most sought-after models on the market today. Designed by Louis Cartier in 1917, the Tank has become an enduring icon of elegance and style. This example is a classic and elegant Ultra Thin Cartier Tank Louis, showcasing all the hallmarks of the brand—including a slightly cream-colored dial with painted Roman numerals and a railroad minute track. The watch features blued hands and a blue cabochon-topped winding crown. Both the dial and case are in lovely condition, with the dial also featuring a discreet Cartier signature at 7 o’clock and is signed SWISS at the 6 o'clock side. The standout feature of this piece is its movement. While the common Ref. 78086 typically uses the basic ETA-based Caliber 78-1, the 96065 and 96019 references—like this one—are more coveted for housing the ultra-thin, Cartier-branded Piguet 21 movement. This refined movement gives the Tank its “Ultra Thin” or Extra-Plate nickname, making it a top choice for collectors seeking a slimmer, more elegant profile. The watch is fitted with a fine black leather strap and an original 18k Cartier pin buckle. It has been fully serviced by our watchmaker and is running beautifully. There’s a lot of love for Cartier Tanks at the moment, and we have a strong track record of sourcing and selling them. Please don’t hesitate to reach out if you’d like more information or assistance! Specifications: Cartier Tank Louis Reference 96069” Ultra Thin” 18K yellow gold case – 30x23.5mm Serial , 960190xxx dating to the 1970s White , turned to a slight cream dial with painted black Roman numerals , signed Swiss Blued hands Blue cabochon-topped winder Hand-wound Cartier branded Piguet cal. 21 movement Fully serviced by our watchmaker One-year mechanical warranty Free worldwide FedEx Priority shipping",Bulang & Sons,2025-09-26,False
Longines Roulette Pocket Watch in 14k Yellow Gold,Longines,4600,https://bulangandsons.com/products/longines-roulette-pocket-watch-in-14k-yellow-gold-w3542,https://cdn.shopify.com/s/files/1/0961/8613/8969/files/W-3542LonginesRoulettepocketwatchin14kyellowgold_46_1x1_d3b16447-64fd-4c7a-9cb5-e0c388025f5a.jpg?v=1769597744,"Every now and then, we come across a piece that isn’t a wristwatch yet still gives us that irresistible itch to buy it—simply because it makes us smile. What you’re looking at is a 14k yellow gold pocket watch made for the U.S. market, designed to resemble a miniature roulette table. The 41 mm circular case features an oversized bezel encircled by a freely rotating red-and-black enamel ring numbered 0 to 36, just like a real roulette wheel. Flip it over, and you’ll find a second enamel ring on the reverse, numbered 1 to 9. At the center sits a charming cream-silver dial with an outer minute track, applied yellow gold indices, Arabic numerals at 12, 3, and 9 o’clock, and a small seconds sub dial at 6 o’clock—signed “Longines” beneath 12. This delightful piece is powered by Longines’ hand-wound caliber 10L, fully checked and regulated by our watchmaker. Just look at it! Whether you keep it on your desk as a stress-relieving fidget spinner or carry it as a little slice of Las Vegas in your pocket, one thing’s for sure: the roulette wheel always spins! Specifications: Longines “roulette” Pocket watch 14 kt yellow gold case in 41 mm Freely revolving red and black enameled ring Made for the US market Dates to the early 1950's Cream-silver dial with outer minute track and applied yellow gold indices and Arabic numerals Longines calibre 10L manual wind movement Movement number 700xxxx Fully checked by our watchmaker One-year mechanical warranty Free worldwide Fedex Priority shipping",Bulang & Sons,2026-01-28,False
Rolex Submariner 5513 White Gold Hour Markers Punched Papers,Rolex,12900,https://bulangandsons.com/products/rolex-submariner-5513-white-gold-hour-markers-punched-papers-w1814-2,https://cdn.shopify.com/s/files/1/0961/8613/8969/files/W-3588PatekPhilippeCalatrava3796DClousdePariswithhangtagandextractoftheArchives_129_1x1_1f97ac3f-4ede-4fec-852e-b406a3896359.jpg?v=1768982186,"Rolex Submariner 5513 White Gold Hour Markers Punched Papers This is a very cool and highly wearable 5513 No Date Submariner from the final years of the reference’s production, when watches were fitted with glossy dials featuring white gold applied hour markers with luminous filling. The dial is in superb condition, with the hour markers and hands having developed a pleasing beige patina. The case is strong throughout, with thick and even lugs. The bezel is in excellent condition and still retains its original lume pearl. The icing on the cake: this watch comes with its original punched guarantee paper—a rare feature, as reference 5513 examples were typically delivered with hand-filled papers. Only the very last production runs, notably R- and L-series, are known to feature punched guarantees. The paper indicates a sale date of January 1st, 1989, in Hong Kong. The watch is fitted with a solid-link Oyster bracelet, reference 93150, with 580 end links and a clasp stamped “M8”. It has been fully serviced by our watchmaker. This is a fantastic opportunity to acquire a cool, honest No Date Submariner with strong collector appeal. Specifications: Reference 5513 40mm steel case Serial R99xxxx dating to 1988 Gloss dial with white gold surround hours Black bezel insert Oyster bracelet ref 93150 with 580 end links Rare Punched papers Fully serviced by our watchmaker One-year mechanical warranty Free worldwide Fedex Priority shipping",Bulang & Sons,2026-01-21,False
Longines 13ZN Chronograph Sandwich Dial in 18k Yellow Gold,Longines,10900,https://bulangandsons.com/products/longines-13zn-chronograph-sandwich-dial-in-18k-yellow-gold-w3544,https://cdn.shopify.com/s/files/1/0961/8613/8969/files/W-3544Longines13ZNchronographSandwichdialin18kyellowgold_222_1x1_e4dfc4f4-ffe4-4e15-800c-592bb37b907a.jpg?v=1787563994,"In the mid-1930s, Longines created the legendary 13ZN — a movement that would become one of the most celebrated chronograph calibers in watchmaking history. Widely considered by vintage connoisseurs to be one of the finest and most sophisticated in-house chronograph movements of its era, the 13ZN remains a benchmark of technical excellence and craftsmanship. This example is fitted with an exceptionally rare “sandwich” dial, featuring cut-out numerals that reveal a second layer beneath, giving the dial its distinctive depth. It was an unusual and innovative design for its time — and even today it stands out. Only very few brands, such as Panerai (then produced by Rolex), experimented with a similar layered effect during that period. The dial is further equipped with a Base 1000 outer scale, a telemeter inner scale, a beautifully scripted “antimagnétique” inscription on the lower half, and two sub-registers for the chronograph. All of this is housed in an 18k yellow gold snap-back case fitted with the squared pushers typical of the era. The watch comes on the photographed leather strap and features an exceptionally rare 18k yellow gold pin buckle — a true gem in its own right. Both the case and the movement carry matching numbers, exactly as they should on authentic examples of this reference. The iconic yellow-gilded 13ZN movement has been fully serviced by our watchmaker and is running beautifully. Specifications: Longines 13ZN Chronograph 37 mm 18k yellow gold case 5369xxx case serial & identical movement number, dating to the 1930’s cream dial with multi scales , no lumed , bi- compax sub dials lay out Sandwich cut -out Arabic numerals Triple signed (case, movement & dial) Longines hand-wound movement cal.13ZN Comes on the shown leather strap, with rare Longines 18 k yellow gold pin buckle Fully serviced by our watchmaker One-year mechanical warranty Free FedEx International Priority Shipping",Bulang & Sons,2026-01-21,False
Tudor Date-Day 94510 Grey Dial,Tudor,3990,https://bulangandsons.com/products/tudor-date-day-94510-grey-dial-w3574,https://cdn.shopify.com/s/files/1/0961/8613/8969/files/W-3574TudorDate_DayGreydialref94150_07_1x1_9ef2a84a-3442-4b85-bd73-b1ef4af0a387.jpg?v=1768980928,"Debuted as the Oyster Prince Date+Day (Ref. 7017/0), the model coincided with Tudor’s logo change from the rose to the shield. While the Rolex version was produced exclusively in precious metals and measured 36 mm, Tudor’s counterpart was crafted in stainless steel and significantly larger at 38 mm, earning it the “Jumbo” nickname. Tudor later expanded the line with new references such as the 7019, featuring a rotating bezel, and the 7020. Subsequent models, including the 94510 and 94613, introduced more refined 36 mm cases that more closely mirrored the Rolex aesthetic, while retaining third-party ETA movements to keep prices accessible. At hand, we have a reference 94510 featuring a cool machined steel bezel on a robust 36 mm case. The dial is a seldom-seen grey colour, accented by stick hour markers and white printed text. The day disc, visible through the cut-out above the iconic shield logo, is in English. This fine Tudor is paired with a lovely folded Rolex-signed Oyster bracelet, reference 7836, with end links marked 558 and a clasp stamped “2/70.” The watch has been fully serviced by our watchmaker and is ready for its next adventures. These Tudor dress watches remain somewhat underrated and under the radar, especially when compared to the brand’s more rugged Submariner and dive-watch offerings under the Shield. A sleeper classic, if you ask us— let’s discuss. Specifications: Tudor Oyster Prince Date-Day ref 94510 36 mm steel case with steel reeded bezel Day and date complications , English language Serial 102xxx dating to 1984 Grey soleil finish dial with Shield logo and white printed text Rolex Oyster bracelet ref 7836 with end links 558 Fully serviced by our watchmaker One-year mechanical warranty Free worldwide FedEx Priority shipping",Bulang & Sons,2026-01-21,False
"IWC Portofino Blue soleil dial box and paper set"" Khanjar ""ref IW356523",bulangandsons-backend,4900,https://bulangandsons.com/products/iwc-portofino-blue-soleil-dial-box-and-paper-set-khanjar-ref-iw356523-w3188,https://cdn.shopify.com/s/files/1/0961/8613/8969/files/W-3188IWCPortofinoBluedialboxandpapersetKhanjarrefIW356523_364_1x1_a2282eca-915b-4c36-a63a-4552ff96e532.jpg?v=1763730655,"IWC was founded in 1868 by American watchmaker Florentine Ariosto Jones in Schaffhausen, Switzerland, with the goal of combining American mass-production techniques with Swiss craftsmanship to create high-quality pocket watches. The company, now known as IWC Schaffhausen, is a renowned watch manufacturer that has expanded into wristwatches and innovative materials while remaining true to its engineering-focused philosophy. The IWC Portofino collection evolved from a design inspired by a classic pocket watch and has since become one of IWC's most successful lines, known for its understated elegance and timeless aesthetics. The full Portofino collection was officially launched in 1984, named after the picturesque Italian fishing village to evoke the spirit of la dolce vita . At hand, we have a Portofino in a 39 mm steel case with a blue soleil-finished dial, a date function, and rose-gold hour markers paired with leaf-style hands. Turning the watch over, you’ll find a striking “Khanjar” engraved on the case back. A khanjar is a traditional Omani ceremonial dagger with a curved, J-shaped blade. Worn by men as a symbol of status, masculinity, and national pride, it forms part of the traditional Omani dress for formal, religious, and celebratory occasions. Often ornately decorated, the khanjar is also the national emblem of Oman. This watch was gifted to someone special by the late Sultan Qaboos bin Said al Said. In the watch-collecting world, it is well known that the Sultan was an avid admirer of fine timepieces, and quite a number of Rolex, Cartier, and IWC models bearing this emblem are documented. This Portofino comes on its original IWC leather strap, fitted with a steel IWC pin buckle. The watch includes its original inner and outer boxes, with the outer box once again featuring a red Khanjar printed on top. It also comes with its original guarantee card and a “thank you” card in Arabic. The watch has been fully checked and regulated by our watchmaker. Ready to make this Khanjar-engraved piece part of your story? Reach out and we’ll guide you the rest of the way. Specifications: IWC reference IW356523 Portofino 39 mm steel case Blue dial rose gold markers and hands , blue date Serial 707xxxx serial dates to the early 2010’s IWC Leather strap and steel IWC buckle Original IWC guarantee card Inner and outer boxes , outer box Khanjar emblem Fully checked by our watchmaker One-year mechanical warranty Free worldwide FedEx Priority shipping",Bulang & Sons,2025-11-21,False
Blancpain Fifty fathoms Rotomatic 1950's,Blancpain,10900,https://bulangandsons.com/products/blancpain-fifty-fathoms-rotomatic-1950s-w3442,https://cdn.shopify.com/s/files/1/0961/8613/8969/files/W-3442BlancpainFiftyfathomsRotomatic_479_1x1_e19f2a1e-38b3-40fc-a6e0-2031ae9dc4d2.jpg?v=1763105973,"The Blancpain Fifty Fathoms holds a legendary place in dive watch history. The name Fifty Fathoms might sound unusual at first, but it refers to a British unit of measurement. One fathom equals roughly six feet, so fifty fathoms translates to about 91 meters—or close to 300 feet—the maximum depth divers could reach with the technology of the era. Over the decades, Fifty Fathoms watches have earned serious credibility through military use, trusted by elite forces from France, Germany, Poland , Finland, and most famously, the U.S. Navy. This particular 34mm example stands out not only for its compact size but also for its remarkable condition. Often, these dials turn matte or suffer from paint loss, but this one has held up beautifully. The watch features a fantastic case, a stunning black gloss dial with an applied Blancpain logo, and a beautifully scripted Fifty Fathoms signature. The hands are of the pencil type, and the seconds hand has a distinctive spear shape. The lume on the indexes appears to have been re-applied, but it still matches nicely in color with the handset. The Bakelite bezel is also in excellent condition. Powered by an automatic Rayville/Blancpain 1361 movement, this piece is a fantastic addition to any dive watch collection. It comes fitted on a rubber Nautic strap, reminiscent of how these watches were originally delivered. We’re on a roll with Fifty Fathoms models at the moment—we have some contemporary limited editions as well . We’ve even got some of its older brothers-in-arms, including original military issued models .. Feel free to reach out—we’ll be happy to show you what’s available! Specifications: Blancpain Fifty fathoms “Rotomatic” 34 mm steel case Case no 13xxx, dating to the late 1950s Black gloss dial with applied logos Automatic Rayville/Blancpain movement based on A.S .Schild caliber Original bakelite bezel insert Rubber nautic strap Fully serviced by our watchmaker One-year mechanical warranty Free worldwide FedEx Priority shipping",Bulang & Sons,2025-11-14,False
Rolex 18k Yellow Gold Pocket/Pendant Watch ref. 3608 Silver Dial,Rolex,4300,https://bulangandsons.com/products/rolex-18k-yellow-gold-pocket-pendant-watch-ref-3608-silver-dial-w3448,https://cdn.shopify.com/s/files/1/0961/8613/8969/files/W-3448Rolex18kyellowgoldpocketpendantwatchref3608_260_1x1_d687c178-b895-453e-80b4-ddb03060862f.jpg?v=1762352451,"We don’t typically carry many pocket watches in our shop, but we have a deep appreciation for well-designed objects — even if they’re not currently in fashion. This Reference 3608 pocket watch is a great example. With a slotted opening at 12 o’clock, it could easily double as a pendant watch when fitted with a chain. On the 6 o’clock side, you’ll find a notched crown used for winding. The 39mm round case remains unpolished, retaining its original finish — even the case back sticker is still intact. The bezel features a refined Florentine finish, framing a simple and elegant silver sunburst dial with applied gold stick hour markers, matching hands, and an applied coronet at 12 o’clock. Powering the watch is the manually wound Caliber 1600, which has been fully serviced by our watchmaker. With its slim 10mm profile, this piece feels delicate in the hand and would wear beautifully as an accessory — or serve as a refined charming vintage decorative object. Get back to us to get you this one delivered a new home! Specifications: Rolex Reference 3608 Pendant/pocket watch 39 mm 18k yellow gold case with Florentine finish Serial 155xxxx dating to 1967 Silver sun burst dial , no-lume and stick markers Caliber 1600 hand wound movement Fully serviced by our watchmaker One-year mechanical warranty Free worldwide Fedex Priority shipping",Bulang & Sons,2025-09-25,False
"Rolex Submariner 6205 Small Crown ""First Submariner""",Rolex,44900,https://bulangandsons.com/products/rolex-submariner-6205-small-crown-first-submariner-w3332,https://cdn.shopify.com/s/files/1/0961/8613/8969/files/W-3332RolexSubmarinerFirstSubmarinerref6205_269_1x1_356a589a-95e4-435b-9a9d-0deb67411354.jpg?v=1758100093,"The 1950s proved to be a defining era for Rolex, highlighted by the introduction of some of its most legendary models: the Submariner, GMT-Master, Day-Date, and Explorer lines. As scuba diving gained traction among adventurers and professionals alike, Rolex recognized the growing demand for a dependable dive watch to help monitor time spent underwater and reduce the risk of decompression sickness, also known as “the bends.” There was also a need for a reliable timing device to track the remaining “breathing time.” This vision culminated in the creation of the Submariner—a timepiece that would come to represent not only technical excellence and rugged reliability but also timeless design. The Rolex Submariner reference 6205 was introduced in 1954 as one of the earliest Submariner models, alongside references 6204 and 6200. The 6205 was produced for only about a year, making it a rare and highly sought-after collector's item. As Rolex themselves put it in the book Oyster Perpetual Submariner: The Watch That Unlocked the Deep , just 810 examples were produced. To put that in perspective: approximately 2,800 reference 6538 ""Big Crown"" Submariners were made. A signficant innovation of the 6205 was the introduction of the ""Submariner"" name on the dial, a feature that has remained on all subsequent Submariner models, so maybe we can conclude this is the “real “first Submariner! The “ no depth rating “ dial is still in nice condition, with the original pencil and “lollipop” seconds hands present. Although the hands have been re-lumed in the pas they still look charming. The 37.5 mm “small crown “ case stays in nice condition .The so-called “no-hash” bezel insert remains on the watch in unmolested condition, though we believe the bezel itself is a later replacement and has been paired with one of our leather straps. This super early “Neanderthaler” Sub has been fully serviced by our watchmaker and is ready to join a Submariner-themed collection. We've enjoyed this watch for some time, and it has truly grown on us. Get in touch. Specifications: Rolex Reference 6205 Submariner 37.5 mm steel case “small crown - no crown-guards” “No -hash“ bezel insert Serial 988xxx dating to 1955 Swiss only dial , “Submariner“ no depth Pencil hands , with “lollipop“ second hand - relumed Coming on the photographed Bulang and sons strap Fully serviced by our watchmaker One-year mechanical warranty Free worldwide Fedex Priority shipping",Bulang & Sons,2025-09-17,False
Rolex Oyster Perpetual Air-King Black Dial ref. 5500,Rolex,4900,https://bulangandsons.com/products/rolex-oyster-perpetual-air-king-black-dial-ref-5500-w3428,https://cdn.shopify.com/s/files/1/0961/8613/8969/files/W-3428RolexOysterPerpetualAirKingblackdialref5500_503_1x1_21a864cc-8ee3-406c-9a1c-632118f81291.jpg?v=1762353802,"There’s something so timeless and elegantly sporty about the Air-King—a watch introduced by Rolex in the 1940s to honor Royal Air Force pilots who took part in the Battle of Britain, and one that remains in the catalogue to this day. The 34mm steel case is still strong, with nicely even lugs and a lovely smooth bezel. We’ve fitted this marvel with our Oyster-style straight end link bracelet—a very cool look! The dial is jet black with white printed text and stick markers (oddly enough, a double stick appears at 3 and 6, but not at 9 o’clock!). We particularly love the Air-King font and the cream-colored lume on this one. This fine time-only watch, perfect for any occasion, has been fully checked and regulated by our watchmaker. Looking for a clean classic with vintage soul and everyday wearability? This Air-King might just be your next wingman—don’t miss your chance to strap in. Specifications: Rolex Air-King Reference 5500 34mm steel case Serial 544xxxx dating to 1978 Black dial with white text and cream lume Oyster style straight end - link bracelet Fully checked by our watchmaker One-year mechanical warranty Free worldwide Fedex Priority shipping",Bulang & Sons,2025-09-19,False
Rolex Submariner Gilt dial ref 5513 first owner provenance,Rolex,33900,https://bulangandsons.com/products/rolex-submariner-gilt-dial-ref-5513-first-owner-provenance-w3217,https://cdn.shopify.com/s/files/1/0961/8613/8969/files/W-3217_Rolex_Submariner_Gilt_dial_ref_5513_first_owner_provenance_015_1x1_7a9e47ec-5565-4d40-b657-94addd86de68.jpg?v=1778140855,"We always love discovering watches with a personal history—and this one comes from a passionate diver in Germany! This exceptional 5513 features a strong case paired with a beautifully faded dark grey insert that shows subtle hints of brown. It’s matched with a mirror-like gilt dial and warm yellow patina on the lume of the hour markers and hands. Absolutely stunning. These early black-dial Rolex watches feature what collectors refer to as ""gilt dials."" The text and outer minute track are printed in a gold tone—hence the term ""gilt."" In fact, the gold color is the brass dial base showing through, as the dials were printed with the text in relief. The case remains strong all around, with well-defined, even lugs and crown guards. In direct light, a touch of tropical brown emerges from the dial, adding to its vintage charm. The case back is engraved with ""Günter Greie Kiel,"" the name of the original owner of this incredible Submariner. There’s also a fascinating link to this engraving: included in the sale is a photocopy of Günter’s diving pass from the 1960s. Born in the 1930s, Günter joined the ""Diving Group Kiel, Germany"" in 1964—one of the oldest diving clubs in the country. Notably, many members of the Federal Marine Corps were part of this club, and Kiel remains the home of the German Naval Defense Force headquarters. The watch is fitted with a Rolex reference 7205 riveted bracelet, with end links marked 64 and a clasp stamped 74. It has been fully serviced by our expert watchmaker and is running smoothly. The 5513 is truly the cornerstone of the iconic no-date Rolex Submariner line—and one of our all-time favorites here at Bulang and Sons, which is why we proudly founded the No Date Sub Club. Feel free to reach out if you’d like to discuss this remarkable piece further! Specifications: - Rolex Submariner Reference 5513 - 40mm steel case - Serial no118xxxx dating to 1965 - Glossy gilt dial , with a very slight brown touch - Faded to a dark grey fat font insert - Original owner caseback engraved ""Günter Greie Kiel"" - Rivet link Oyster bracelet 7206 with 64 endlinks - Fully serviced by our watchmaker - Photo copy of membership card of the dive club of the first owner - One-year mechanical warranty - Free worldwide Fedex Priority shipping",Bulang & Sons,2025-08-26,False
Heuer Skipper Yacht Regatta Timer Blue dial ref. 73463 with rare Gay Frères bracelet,Heuer,8750,https://bulangandsons.com/products/heuer-skipper-yacht-regatta-timer-blue-dial-ref-73463-with-rare-gay-freres-bracelet-w3366,https://cdn.shopify.com/s/files/1/0961/8613/8969/files/W-3366HeuerSkipperref73463_369_1x1_ac20ac74-c745-4f50-8219-512ed3935a08.jpg?v=1782213759,"The Heuer Skipper was introduced in 1968, specifically designed for yacht racing and regattas. Unlike Heuer’s racing-focused chronographs like the Autavia or Carrera, the Skipper featured a distinctive countdown timer—crucial for timing the start sequence of sailboat races. The earliest Skippers (such as the rare 7754 “Skipperera”) were based on Carrera cases. However, by the 1970s, Heuer began using Autavia-style cases, blending nautical functionality with motorsport ruggedness. The watch we’re offering is reference 73463 — a quintessential product of the 1970s. Based on the Autavia 73663 case, it features a large, cushion-shaped 42mm steel case in excellent condition, complete with pump pushers and a rotating bezel that adds a rugged, sporty feel. The blue, slightly faded turnable hour bezel is also in great shape. The blue dial features two sub-dials: on the right, the iconic three-color countdown timer; on the left, a minute counter, with a date window positioned at 6 o’clock. This fine Skipper is paired with a rare and highly desirable Gay-Frères 9-row bracelet, featuring end links marked “HLF” and a clasp stamped “4 71.” This 1970s chronograph has been fully serviced by our watchmaker and is ready for its next adventure.The original winding/setting crown has been replaced at service . Enquire now to add this iconic Heuer Skipper to your lineup. Specifications: Heuer Skipper reference 73463 42mm steel cushion case with screw-back and pump pushers Turnable bezel in blue colour Heuer / valjoux 7734 hand wound movement Serial 262xxx dating to the early 1970s Blue dial with 2 sub dials and date function Steel 9 rows Gay-Frères bracelet with HLF end links Fully serviced by our watchmaker One-year mechanical warranty Free worldwide FedEx Priority shipping",Bulang & Sons,2025-09-08,False
"Heuer Autavia ""Shauntavia"" ref 741.603",Heuer,9900,https://bulangandsons.com/products/heuer-autavia-shauntavia-ref-741-603-w3377,https://cdn.shopify.com/s/files/1/0961/8613/8969/files/W-3377HeuerAutaviaShauntaviaref741.603_735_1x1_06d417db-265b-435a-a35c-ec59d41f4291.jpg?v=1762434859,"What you're looking at is one of the rarest 1970s Autavias: the so-called “Shauntavia,” nicknamed after collector Shaun Wainstein, who conducted in-depth research on these models. This reference is often—if we can even use the word “often” for something this rare—seen with a Kenyan Air Force (KAF) marking, including a military issue number. These watches were issued to pilots and senior officers in the Air Force. This particular piece does not have the military marking, as it’s believed within the Heuer collector community that roughly half of these references were sold to the general public. The classic 1970s cushion-shaped 42mm case is in fine condition, featuring a bezel insert that has faded beautifully to a gunmetal grey. What makes this Autavia especially distinctive is its dial variant, which features bold, luminous Arabic numerals, two chronograph sub-dials, and a date window at 6 o’clock. Also noteworthy are the large white pencil-style hands with red tips, a red chronograph seconds hand, and black hands on the recessed sub-dials. Powering the watch is the hand-wound Caliber 7741, which has been fully serviced by our watchmaker. This striking tool watch comes on a Bulang and Sons racing-style strap, which we think pairs perfectly with its character. This is one of the rarest Heuer Autavia’s get in touch to get you this Shauntavia ! Specifications: Heuer Autavia “Shauntavia” reference 741.603 42mm steel cushion case with screw-back and pump pushers Turnable bezel Heuer hand-wound cal 7741 Serial 297xxx dating to the 1970s Black dial with Arabic lumed numerals Bulang & Sons leather strap Fully serviced by our watchmaker One-year mechanical warranty Free worldwide FedEx Priority shipping",Bulang & Sons,2025-08-26,False
"Blancpain Fifty Fathoms ""No Rad"" Date",Blancpain,39900,https://bulangandsons.com/products/blancpain-fifty-fathoms-no-rad-date-w3356,https://cdn.shopify.com/s/files/1/0961/8613/8969/files/W-3356BlancpainNo-RadDial_580_1x1_8904807a-919c-405b-b6a4-22144ef8f747.jpg?v=1774343860,"The Fifty Fathoms was originally developed in collaboration with the French Navy’s elite combat divers—and its legacy lives on today, even in modern pop culture, thanks to the recent Blancpain × Swatch Bioceramic Scuba collection. But if you’ve got the Swatch, you really need to experience the original. This is a desirable 41mm example in beautiful, honest condition—exactly what we love to see. The name Fifty Fathoms might sound unusual, but it refers to a British unit of measurement. A fathom equals about six feet, so fifty fathoms translates to roughly 91 meters—close to 300 feet—the maximum depth divers could reach with the technology available at the time. Fifty Fathoms watches have seen serious military use over the decades, trusted by forces from France, Germany, Sweden, Norway, Denmark, Finland, and most famously, the U.S. Navy. This particular version is the highly sought-after ""No Radiations"" model, often nicknamed the “No-Rad.” What makes it special? That iconic yellow-and-red crossed-out radiation symbol on the dial. It signified that no radium was used in the luminous material—a move made in the early 1960s as the health risks of radium became more widely known. The “No Rad” logo offered peace of mind to both professional and recreational divers. Due to their historical significance—and that instantly recognizable symbol—these models are now highly prized by collectors. Blancpain has even released tribute editions of the Fifty Fathoms No Rad, cementing its place in the brand’s history. The matte case is in fine condition with a beautiful luminous rotating dive bezel. The dial remains glossy, featuring an applied Blancpain logo, a date window, warm yellow patina on the lume, and a handsome pencil-style handset with matching yellow lume. We’ve paired this iconic diver with one of our Nautic straps—similar to the original rubber straps these “fifties” were delivered with back in the day. The automatic movement (based on an A. Schild caliber AS.1700) has been fully serviced by our watchmaker. For collectors and enthusiasts, the ""No Rad"" is more than just a beautiful timepiece—it’s a symbol of a bygone era when watches were true tools built for survival. Let’s talk. Specifications: Blancpain Fifty Fathoms “no rad “ date Serial 301xxx dating to the early 1960’s Matte Steel 41mm case Black Dial chapter ring , pencil hands and “ no Radiation “ logo Original bakelite bezel insert Automatic movement , based on an A.Schild AS.1700 movement Comes on the pictured Bulang and Sons Nautic weave rubber strap Fully serviced by our watchmaker One-year mechanical warranty Free worldwide Fedex Priority shipping",Bulang & Sons,2025-08-26,False
Audemars Piguet Royal Oak Ref. 6001ST,Audemars Piguet,19900,https://bulangandsons.com/products/audemars-piguet-royal-oak-ref-6001st-w3141,https://cdn.shopify.com/s/files/1/0961/8613/8969/files/W-3141AudemarsPiguetRoyalOakref6001St_288_1x1_000c4117-dc94-41af-8657-25166e42cb24.jpg?v=1762434937,"The reference 6001 is a watch you’re unlikely to have encountered before. It’s not a Royal Oak, designed by Jean-Fred Meylan (not Gérald Genta), and visually, it shares little in common with any other Audemars Piguet model, aside from its small tapisserie dial. Fewer than 350 pieces are believed to have been produced between 1974 and 1978, after which it was replaced by the reference 6005, which bears a much closer resemblance to the Royal Oak (though it’s not called that!). The 6001 was a bold experiment, introduced during the height of the ""quartz revolution."" In the end, Audemars Piguet embraced quartz technology, using a modified Beta 21 movement from Omega, known as the 'megaquartz' for its remarkable 2,359,296 vibrations per second. This movement would lose or gain no more than one second per month. That small pusher near the crown? It’s used to fine-tune the time by correcting that single second. The ""rounded yet octagonal"" case has soft, flowing edges, far removed from the angular lines of the original Royal Oak. It has a very 1970s, almost Star Wars-esque vibe mixed with Royal Oak influences—a design that feels both futuristic and retro at the same time! The 35 x 40 mm steel case remains in excellent condition, and the integrated AP bracelet (which fits wrists up to 18 cm) is also in great shape. The signature petite tapisserie dial is in blue, featuring an applied AP logo on the lower half (just as the original Royal Oak 5402 would have had during its era!) with a date at 6 o’clock. The hands are typical of AP’s design, with the first series of Royal Oak tritium markers. The quartz-driven movement (caliber 2510) has been fully checked by our watchmaker and a fresh battery is fitted. This is a rare watch from one of the “Holy Trinity” of watch brands. Come on, guys—this is a conversation piece and super cool! Get in touch! Specifications: - Audemars Piguet Royal Oak ref 6001ST - 35x40 mm steel case with correcting pusher at crown side - Blue petite tapisserie dial - Steel Audemars Piguet integrated bracelet - Quartz movement cal 2510 - Movement no 153xxx dating to the mid-1970s - Fully checked by our watchmaker & fresh battery installed - One-year mechanical warranty - Free worldwide FedEx Priority shipping",Bulang & Sons,2025-08-26,False
"Smiths ""Deluxe"" ref 6B/542 Military Watch for the British RAF",Smiths,10900,https://bulangandsons.com/products/smiths-deluxe-ref-6b-542-military-watch-for-the-british-raf-w3240,https://cdn.shopify.com/s/files/1/0961/8613/8969/files/W-3361AudemarsPiguetref25589rosegoldDay-Datewithpapers_197_1x1_95166d89-d31c-4cc1-b309-2a35e68646db.jpg?v=1762435161,"In the late 1940s and early 1950s, Smiths was commissioned to produce a General Service wristwatch for the British Armed Forces. The British government, concerned about dependence on foreign watch suppliers—something that had proven problematic during World War II—offered Smiths substantial contracts to encourage domestic watch production. However, for reasons unknown, the British Army ultimately chose not to move forward with the order. It wasn’t until the late 1960s that Smiths secured a military contract—this time for the W10 model. These watches were assigned the same 6B/542 stores reference as the Omega navigators’ watch, suggesting they were likely issued to RAF pilots and navigators. This is the rarest Smiths British military watch, and arguably one of the rarest British military watches of all. Approximately 300 of these watches were made and issued to the RAF in 1954, 1955, and 1956—presumably as a test order. This would make sense for a trial run, as the inside of an aircraft cockpit presented a challenging environment for mechanical wristwatches, mainly due to the presence of electromagnetic fields. To combat this, the watches were equipped with an iron dial and a metal dust cover, which together created an effective Faraday cage to shield the movement from electromagnetic interference. This particular Smiths was issued in 1955, as evidenced by its issue number on the case back. The case is in lovely condition, with fixed bars for fitting a single-pass strap—so military personnel had a slimmer chance of losing the watch during duties. This example has been fully serviced by our watchmaker and is ready for new adventures in the years to come. A fun fact about these Smiths Deluxe watches: there were also some non-issued, non-military-marked versions. This particular model, housed in a water-resistant case, was worn by Sir Edmund Hillary during his ascent of Everest (and you thought it was all about Rolex!). The Smiths De Luxe A454 and A460 models, known as the ‘Antarctic’ versions, were supplied to the 1957 British Antarctic expedition, in which Hillary also participated. These models feature a silver-colored dial and a finer outer minute track. These super RARE purpose-built watches hold real history and have a super cool wrist presence, we think. Get in touch! Specifications: - Smiths Deluxe military wristwatch 6B/542 - 35mm steel case with Faraday inner case back, military inventory numbers on case back, fixed bars - Black dial with painted Arabic hours, King’s cross on dial, sword-style hands - Issue number 6B/542 12xxx /55 dating to 1955 - Hand-wound movement - Comes on the pictured single-pass strap - Fully serviced by our watchmaker - One-year mechanical warranty - Free worldwide FedEx Priority shipping",Bulang & Sons,2025-08-26,False
Aquadive Time-Depth Electronic Dive Watch,Aquadive,3900,https://bulangandsons.com/products/aquadive-time-depth-electronic-dive-watch-w3120,https://cdn.shopify.com/s/files/1/0961/8613/8969/files/W-3120AquadiveTime-depthelectronicDivewatch_006_1x1_894a6410-e856-41fb-a026-7cc6edeac606.jpg?v=1762436334,"Ah, the 1970s—a time when tool watches meant business. No compromises, no concern for slipping under a cuff—just pure function-driven design. This hefty 46mm dive watch is a true engineering marvel, featuring a battery-powered movement that winds the mainspring and utilizes a unique diaphragm system to measure and display depth underwater. At 12 o’clock, you’ll find a valve that allows water to enter a metal tube filled with oil inside the case—an incredibly innovative approach to depth measurement! For added functionality, the crown is positioned on the left-hand side, likely to prevent accidental unwinding during a dive. The unidirectional dive bezel sits atop the robust case, ensuring safe timing underwater. The dial is a striking black and white design, with a bold orange fourth hand to display real-time depth readings. And here’s a cool detail: the movement is signed by Tissot, adding an unexpected touch of horological intrigue. To complete its funky, chunky 1970s tool-watch aesthetic, we’ve paired it with a single-pass strap that perfectly matches its rugged spirit. If you love innovative, purpose-built dive watches, this Aquadive Time-Depth is calling your name. Get in touch! Specifications: - Aquadive Time-Depth dive watch - Water depth measurement, displayed via a fourth hand - 46mm stainless steel case with valve at 12 o’clock and left-side crown - Unidirectional rotating dive bezel - Tissot-signed movement, battery-powered - Single-pass strap - Fully checked by our watchmaker - One-year mechanical warranty - Free worldwide FedEx Priority shipping",Bulang & Sons,2025-08-26,False
"Piaget Tradition in 18K White Gold ""Onyx 4-Diamond Dial"" Ref. 9771P31",Piaget,14900,https://bulangandsons.com/products/piaget-tradition-in-18k-white-gold-onyx-4-diamond-dial-ref-9771p31-w3112,https://cdn.shopify.com/s/files/1/0961/8613/8969/files/W-3112PiagetTraditionIn18kwhitegoldOnyx4diamonddialref9771P31_470_1x1_e3af9923-a91d-48da-b1ea-5194be45c438.jpg?v=1762786615,"This Piaget, reference 9771P31, is a prime example from the brand's golden era—a period between the 1960s and 1990s when Piaget perfected the art of seamlessly combining high-end watchmaking with exceptional jewelry craftsmanship! This particular model captures the essence of the iconic Piaget style : an ultra-slim, distinctive cushion-shaped case in 18K white gold, measuring 30 x 30 mm, and a masterful blend of onyx, 18K white gold, and a special hand-engraved area on the dial. The thin and very cool ""woven"" integrated white gold bracelet fits wrists up to 17.5 cm. This fine dresser is powered by the hand-wound Caliber 9P2, which has been fully checked by our watchmaker. We have a full quartet of these iconic Piaget dress watches, and they are finally getting the attention these high-end jewelry timepieces deserve. We’d love to chat with you to help you choose the one that suits you best. Get in touch! Specifications: - Piaget Reference 9771P31 Tradition - 30mm 18K white gold cushion-shaped ultra-thin case - Onyx hand-engraved finished dial with four diamond hour markers - No-lume dauphine hands - Hand-wound ultra-thin Cal. 9P2 - Integrated ""woven"" 18K white gold bracelet - Serial 441xxx, dating to the early 1980s - Fully checked by our watchmaker - One-year mechanical warranty - Free worldwide FedEx Priority shipping",Bulang & Sons,2025-08-26,False
Rolex Day-Date Amtlich Geprüft Dial Big Logo Bracelet Ref 1803,Rolex,34900,https://bulangandsons.com/products/rolex-day-date-early-1803-amtlich-gepruft-double-dash-dial-big-logo-bracelet-w2781,https://cdn.shopify.com/s/files/1/0961/8613/8969/files/W-4CD6_1_21d204a0-a339-49ce-97ac-774325b7e6b7.jpg?v=1762436639,"When it comes to vintage watches, rare is a phrase that is maybe overused, but today we have something that is both rare and very cool! This is a lovely example of a very early Rolex Day-Date reference 1803 with the text “Amtlich Geprüft” in German and a stunning and rare bracelet! The case remains in great condition all round, as does the fluted bezel. The dial is the star of the show with several very special attributes. The lightly patinated champagne dial has unusual coffin-form hour markers with the lume underneath! The dial is signed SWISS only and has a very rare so-called double dash. In the lower half of the dial is the text “Superlativer Chronometer Amtlich Geprüft”. The German text is very rare and unusual to see and, of course, we love it. We would expect that this watch was targeted for the German speaking audience , so we think that this watch was born with a German day disc that has been replaced at service ..Could it get any cooler? Yep! The watch is fitted with a rare and beautiful yellow gold Big Logo Swiss-made bracelet, stamped ‘3 59’ that will fit a wrist size up to 18.5cm. The movement has been fully checked and regulated by our watchmaker. This is a very rare and desirable watch that won’t hang around for long. Please get in touch to find out more! Specifications: - Rolex Day-Date reference 1803 - 36mm yellow gold case - Serial 601xxx dating to 1960 - Rare champagne German text ‘double dash’ dial - Dagger hands - English day disc -Yellow gold Big Logo bracelet - Fully checked by our watchmaker - One-year mechanical warranty - Free worldwide Fedex Priority shipping",Bulang & Sons,2025-08-26,False
Blancpain Fifty Fathoms 3H Bundeswehr,Blancpain,17900,https://bulangandsons.com/products/blancpain-fifty-fathoms-3h-bundeswehr-w2900,https://cdn.shopify.com/s/files/1/0961/8613/8969/files/W-2900BlancpainFiftyFathomsBund286_1x1_18830cb2-5a6d-4315-9db5-3f1afb7afcb6.jpg?v=1762436560,"This is a rare and fascinating Blancpain Fifty Fathoms, crafted for the German Bundeswehr frogmen in the 1970s. These watches were not available for public sale but were exclusively issued! You'll notice that this watch departs from the typical Blancpain Fifty Fathoms appearance due to its unique bezel insert. Since the Bund divers used rebreathers and didn't require the graduated dive bezels seen on Rolex Subs, the insert is plain and numeral-free. It's uncommon to find one of these watches in such good and original condition, particularly with the bakelite bezel intact. This one has a crack at the tritium triangle at 12, a testament to its use as intended. The bakelite beneath the triangle is almost nonexistent, as this is a common stress point. The 41mm case is strong and features fixed strap bars, with a winding crown positioned at five o’clock. The case back displays the Bund engraving: 6645-12-171-41xx . The original hands contain tritium lume, showing a bit of “military life,” and they match well with the tritium hour markers, indicated by the 3H on the dial. We especially love the vibrant orange minute hand! It’s shown here on a single pass strap. The automatic movement has been thoroughly serviced by our watchmaker. Finding pieces like this in such condition is a rarity. This is indeed a special watch—please get in touch to experience this tool watch vibe on your wrist! Issued watches like this are true gems, and we’re thrilled about this find. Let’s chat and make a deal! Specifications: - Blancpain Fifty Fathoms - Issued to German forces (Bundeswehr) in the 1970s - Serial 12XX - Military case back engravings: 6645-12-171-41xx - Steel 41mm case - Black dial with 3H marking - Original blank bakelite bezel insert - Original funky hands with orange minute hand - Comes on the pictured Bulang and Sons single pass strap - Fully serviced by our watchmaker - One-year mechanical warranty - Includes a handmade leather watch pouch - Free worldwide FedEx Priority shipping",Bulang & Sons,2025-08-26,False
IWC Da Vinci Perpetual Calendar Silver Dial Ref. IW375803,IWC,9900,https://bulangandsons.com/products/iwc-da-vinci-perpetual-calendar-silver-dial-ref-iw375803-w2951,https://cdn.shopify.com/s/files/1/0961/8613/8969/files/W-2951IWCDaVinciPerpetualcalendarchronographSilverdialrefIW375803_007_1x1_31b1288b-aac6-44d2-addc-de5956cf5913.jpg?v=1762436508,"The IWC Da Vinci line emerged in 1969 with the introduction of the very first IWC Da Vinci, equipped with the infamous Beta 21 quartz movement. However, the watch we have at hand is a very different kind of timepiece! The first significant evolution of the collection occurred in 1985 with what is undoubtedly the most famous version: the Da Vinci Perpetual Calendar (Ref. 3750). This model was created under the technical guidance of Kurt Klaus, while Günter Blümlein served as CEO of IWC. The launch of this watch is quite significant, and the context warrants explanation. During the early 1980s, the Swiss watch industry faced massive changes. Interest in quality mechanical timepieces—ranging from simple three-hand watches to complex pieces—was limited to a small group of collectors and enthusiasts. Wearers of mechanical watches were rare and often perceived as “old-school” or “outdated.” While sales representatives from historic brands like IWC attempted to convey the beauty of mechanical movements and the dedication of watchmakers in crafting fine timepieces, clients were captivated by the slim and precise electronic quartz watches. At the Basel Watch Fair in 1985, a new watch was introduced that combined striking design with a complex perpetual calendar chronograph movement (the ancestor of the watch we have today): the Da Vinci Perpetual Calendar (Ref. 3750). This watch, the first in the new Da Vinci collection, is the result of designer Hano Burtscher’s vision, featuring a round design with articulated swivel lugs. More importantly, this watch symbolizes the resurgence of complex mechanical movements. At the end of the 1970s, Kurt Klaus developed a perpetual calendar module that allowed all settings to be made via the crown, easily attachable to almost any movement—from a simple three-hander to a chronograph. Our watch is based on this design language and movement, featuring a nicely sized 41mm steel case with “mushroom” pushers. There is a lot to take in when looking at the dial: it features a white background with painted Arabic numeral hour markers, a 12-hour chronograph, a perpetual calendar displaying the day, date, month, and four-digit year, as well as a moonphase! All of this is protected by a sapphire crystal. The moonphase has a lovely sparkle, a little detail we truly appreciate. All settings can be adjusted using the crown at 3 o’clock—a very ingenious design! This lovely IWC comes on a Bulang & Sons strap and has been fully serviced by our watchmaker. We believe this is a steal at this price—just look at what you're getting in this range. Let's get a great deal done! Specifications: - IWC Da Vinci Perpetual Calendar - Reference IW375803 - Dates to 2004–2006 - 41mm steel stepped case with swivel lugs and “mushroom” pushers - White/silver dial with day, date, month, and four-digit year display in English, with black Arabic numerals - Chronograph, perpetual calendar, and moonphase - Luminous hands - IWC Calibre C.79261 automatic moveme",Bulang & Sons,2025-08-26,False
Rolex Oyster Perpetual Date Black Sigma Dial Ref 1500,Rolex,4500,https://bulangandsons.com/products/rolex-oyster-perpetual-date-black-sigma-dial-ref-1500-w2969,https://cdn.shopify.com/s/files/1/0961/8613/8969/files/W-2969RolexOysterPerpetualDateBlacksigmadialref1500_144_1x1_15181af5-8964-4ede-a79d-9efafa042ed4.jpg?v=1762936199,"The Rolex Date reference 1500 is a classic 34mm model that has gained increasing attention from collectors over the past year. We’re offering a beautiful example with a matte black Sigma dial in excellent condition, featuring crisp white text and rich, vibrant lume. The term ""Sigma"" refers to the small Greek sigmas that appear on either side of the ""T SWISS T"" text on Rolex dials from the early 1970s. These sigmas indicate that the hour markers are made of white gold, a sign of quality craftsmanship. The case remains strong and in great shape all around. The watch is paired with a rivet-link Oyster bracelet (reference 7205), featuring a clasp stamped '4 69' and matching reference 57 endlinks. The watch has been fully serviced by our watchmaker. We always try to keep a good stock of cool steel Rolexes. Please get in touch and let us help you find your perfect one! Specifications: - Rolex Oyster Perpetual Date Reference 1500 - 34mm steel case - Serial 373XXXX dating to 1974 - Black Sigma dial, white text - Oyster bracelet 7205 with 57 endlinks - Fully serviced by our watchmaker - One-year mechanical warranty - Free worldwide FedEx Priority shipping",Bulang & Sons,2025-08-26,False
"Lemania Monopusher Chronograph 6BB ""Asymmetric Case"" Military Chronograph Black Dial",Lemania,5900,https://bulangandsons.com/products/lemania-monopusher-chronograph-6bb-asymmetric-case-military-chronograph-black-dial-w2930,https://cdn.shopify.com/s/files/1/0961/8613/8969/files/W-2930LemaniamonopusherChronograph6bb924asymmetriccasemilitarychronographblackdial_239_1x1_8eac46be-b6b7-4674-a6a0-d02baaa1a11e.jpg?v=1762436477,"Lemania, established in 1884, is one of the most respected names in vintage chronographs. Known for their robust and reliable chronograph movements, Lemania has earned a lasting legacy, especially through their collaborations with Omega, Patek Philippe, and Breguet. Their military-issued watches, designed for extreme environments, exemplify the true essence of a tool watch. This particular Lemania monopusher chronograph is a remarkable example of military-issued timepieces. The 38mm asymmetric steel case features a crown guard on the right side, protecting the crown and pusher from damage. The case is in fantastic condition, and the case back bears military engravings, including ""6BB-944-3306,"" signifying its initial issuance to the Royal Air Force. Later, it was used by sailors and submarine personnel in the Royal Navy. The black dial is non-lumed (a feature to avoid any radiation exposure in submarines), and it is adorned with orange lume for a vintage touch. The syringe hands and ""circle T"" for Tritium designation give it a distinctly military feel, while the dial also features the iconic ""King's Cross"" marking. The watch has a hand-wound Lemania Caliber 2220 movement, which has been fully serviced by our watchmaker for optimal performance. This military chronograph is paired with a single-pass strap, as per MOD regulations, and remains a fascinating and historically significant piece. Specifications: - Lemania Monopusher Chronograph ""6BB"" - 38mm steel asymmetric case with fixed lugs - Case No. 5xx / 70, dating to 1970 - Military engravings on caseback, issued to the GB armed forces - Black broad arrow dial with luminous Arabic numerals - Syringe hands - Lemania Caliber 2220 movement - Comes on a single-pass strap (per MOD rules) - Fully serviced by our watchmaker - One-year mechanical warranty - Free worldwide FedEx Priority shipping",Bulang & Sons,2025-08-26,False
Gerald Genta “Succes“ Day Date Moon-Phase Cream Dial in 18 k yellow gold ref G2747 43,Gerald Genta,10500,https://bulangandsons.com/products/gerald-genta-succes-ref-2747-day-date-moonphase-in-18k-yellow-gold-w2809,https://cdn.shopify.com/s/files/1/0961/8613/8969/files/W-BC11_1_93c8bd0a-ed9e-4361-b7af-a45b64210e48.jpg?v=1762962527,"We are happy to offer you guys this exceptional Gerald Genta 'Success' Day Date Moon-Phase in 18kt yellow gold. This is a very interesting and special watch that dates to the 1980s by Gerald Genta (read our article on him here ), as you might know Genta designed not only the big guns (the Royal Oak and Nautilus) but also these very cool shaped so called “Success“ watches. Featuring a distinctive rounded octagon case, a nod to Genta's love of this form. This watch measures 33mm across, with setting pushers, vendome style lugs discreetly placed on the side of the case, emphasizing its sleek design. It displays four subdials: three dedicated to the day and calendar functions and one at the 12 o’clock position showcasing the moon-phase, while the 6 o’clock sub dial shows a second time zone. All set against a non-luminous cream white dial with matching hands. The calendar is in Italian and the crown has a beautiful black cabochon . This one comes on a nice Bulang and Sons strap with an 18 k yellow gold Genta buckle.The automatic movement has been fully serviced by our watchmaker. Visit us at the Bulang and Sons watch lounge for a private viewing or contact us to learn more about how this exceptional watch can set you apart this summer ! Specifications: - Gerald Genta Succes ref G 2747 43 - 31x 31 rounded octagon 18kt yellow gold case - Day date calendar with four sub dials in Italian language - Automatic movement cal 2203 - Dating to the 1980s - Moon phase indicator at 12 o'clock - Non-luminous dial and hands - Bulang and Sons strap with Gerald Genta 18 k gold pin buckle - Fully serviced by our watchmaker - One-year mechanical warranty - Free worldwide Fedex Priority shipping",Bulang & Sons,2025-08-26,False
Piaget Altiplano in Rose gold Box and papers ref 903-1 Ex President Congres of Peru -Provenance,Piaget,4900,https://bulangandsons.com/products/piaget-altiplano-in-rose-gold-box-and-papers-ref-903-1-ex-president-congres-of-peru-provenance-w2832,https://cdn.shopify.com/s/files/1/0961/8613/8969/files/W-B586_1_5a6a7015-3438-4041-b656-57f7f013ccf2.jpg?v=1762436556,"We’re excited to offer you a watch with an interesting history—this sleek and stylish timepiece! At first glance, it seems like a classic rose gold Altiplano, but if you flip it over, you’ll find a special inscription: “Los diputados del Peru a su presidente Armando de la Flor Dic. 1961” This translates to: “The deputies of Peru, to their President Armando de la Flor, December 1961.” We believe this watch was a gift from the deputies to their President. Additionally, the watch comes with a Piaget-signed envelope addressed to ""Mr. Armando de la Flor, President of the Chamber of Deputies."" Plus the original certificate stating a delivery in 1961 to Lima, Peru.It also includes a rare Piaget presentation box, which we believe is a later addition, possibly a service box from Piaget. The watch itself is in great condition, featuring a no-lume dial, a beautiful 31mm pink gold case, and an ultra-flat hand-wound Caliber 9P movement, fully serviced by our watchmaker. Get in touch to make this “El Presidente” yours ! Specifications: - Piaget Altiplano in 18 k rose gold ref 903-1 in 31 mm - Movement no 580xxx dating to the early 1960s - No lume silver soleil dial - Caseback engraving confirming Ex President of the chamber of deputies of Peru provenance - Bulang and Sons strap - Handwound ultra thin cal 9p movement - Envelope from Piaget confirming the provence - Original Piaget Certificat confirming a delivery to Peru 1961 - Fully serviced by our watchmaker - One-year mechanical warranty - Free worldwide Fedex Priority shipping",Bulang & Sons,2025-08-26,False
"Girard Perregaux ""Richeville "" dresswatch silver sunburst dial ref 8445",Girard Perregaux,1700,https://bulangandsons.com/products/girard-perregaux-richeville-dresswatch-silver-sunburst-dial-ref-8445-w2849,https://cdn.shopify.com/s/files/1/0961/8613/8969/files/W-AC69_1_60a6a86e-cb37-46f8-9150-5f3733586bc5.jpg?v=1762436553,"Today, we have a charming 35mm steel dress watch from Girard Perregaux, one of the oldest still-existing watch manufacturers, in business since 1791! This model is called “Richeville” and was only made for a couple of years in the 1960s. As the story goes, the reason why GP stopped using this Richeville name is due to the American saying “Coming from Richville,” which is not very positive, BUT Gp started to revive the model again ! This watch features a beautiful silver soleil dial with unusual indexes at 6 and 9, and a date window at 3 o’clock with no lume. The watch is powered by a GP automatic movement and has been fully checked and regulated by our watchmaker. The watch comes with the photographed Bulang and Sons strap. This ""Richeville"" is a refined, low-key dress watch that speaks volumes about your sophisticated taste. Don't miss out! Specifications: - Girard Perregaux “Richeville “ ref 8445 - 35mm steel case - Date function, funky indexes - Automatic GP 'Gyromatic ' movement - Silver sunburst dial with date function - Movement serial 321xxxx dating to the 1960s - Bulangandsons leatherstrap - Fully checked by our watchmaker - One-year mechanical warranty - Free worldwide Fedex Priority shipping",Bulang & Sons,2025-08-26,False
Blancpain Fifty Fathoms 3H Bundeswehr,Blancpain,17900,https://bulangandsons.com/products/blancpain-fifty-fathoms-3h-bundeswehr-w2813,https://cdn.shopify.com/s/files/1/0961/8613/8969/files/W-2813Blancpainbundeswehr_008_1x1_979b556f-d8aa-4d22-8efe-2e5e98f26fd0.jpg?v=1762436587,"This is a very rare and interesting Blancpain Fifty-Fathoms that was made for the German Bundeswehr frogmen in the 1970s. These watches were never commercially available, only issued ! You will notice this watch doesn't look like your stereotypical Blancpain Fifty Fathoms, due to the bezel insert. The Bund divers were using re breathers so didn’t need the gradiated dive bezels we know from Rolex Subs and so the insert was plain , without numerals.. It is very unusual to find one of these watches in good and original condition, especially the bakelite bezel . This one cracked at the tritium triangle at 12 , so it actually is a proof of use as intended- the bakelite under the triangle is almost not existent so this is were they all crack normally ! The 41mm case is very strong all-round and has fixed strap bars and a winding crown at five o’clock. The case back has the Bund engraving: 6645 -12-4162. The original hands contain tritium lume ( with some “military life on them “ ) that are good match with the hour plots, which are tritium as denoted by the 3H on the dial. We really love the funky orange minute hand ! Coming on the photographed Nato strap. The Automatic movement has been fully checked and regulated by our watch maker . Finding examples like this in this condition is not easy, this is a very special watch indeed, please get i touch to get this tool vibe wrapped around your wrist ! We love issued watches and this is a great find. Let’s talk and do a deal! Specifications: - Blancpain Fifty Fathoms - Issued to German forces (Bundeswehr ) in 1970s - Serial 12xx - Miltary case back engravings - Steel 41mm case - Black Dial with 3H marking - Original blank bakelite bezel insert - Original funky hands with orange minute hand - Comes on the pictured Bulang and Sons nato strap - Fully checked by our watchmaker - One-year mechanical warranty - Free worldwide Fedex Priority shipping",Bulang & Sons,2025-08-26,False
Jaeger-LeCoultre Geophysic 1958 Rose Gold with Box and Papers Ref JL Q8002520,Jaeger Lecoultre,13900,https://bulangandsons.com/products/jaeger-lecoultre-geophysic-1958-rose-gold-with-box-and-papers-ref-jl-q8002520-w2766,https://cdn.shopify.com/s/files/1/0961/8613/8969/files/W-27C8_1.jpg?v=1764149412,"We are delighted to be offering this amazing Jaeger-LeCoultre Geophysic 1958, a tribute to the original 1958 model, crafted in stunning rose gold and limited to just 300 pieces. The original Geophysic was first of all This limited edition for the 125 th anniversary of JLC and second was the world’s first ""International Geophysical Year.""This was an effort put forth and supported by different nations to encourage scientific exploration and experimentation in the fields related to geophysics, such as , radioactivity ,seismology, electromagnetism , and solar activity. These watches were sturdy and extremely precise ; as the watches were used in extreme conditions ( as for example in extreme electro magnetism laboratories and even on the first nuclear submarine !) offers a perfect blend of historical details in a contemporary luxury watch that we know you’ll all love! The 38.5mm rose gold case remains in outstanding condition. The watch houses a white dial, with Arabic numerals at 3, 6, 9, and 12 with stick markers and a simple minute track and striking sword hands. A cool detail is the lume plots on the rehaut, mirroring the design of the 1950s original. Ofcourse this has also the anti-magnetic cage as the original had . This watch comes with a lightly used JLC strap and an 18k rose gold pin buckle, presented in a substantial inner and outer box that includes a beautifully crafted JLC loupe inside. An envelope containing the booklet and the original guarantee certificate, which confirms a sale in Germany in 2015, accompanies this watch. The JLC cal 898/1 movement has been fully checked and regulated by our watchmaker. Visit us at our watch lounge or arrange a call to discuss more about this amazing, limited edition JLC! Specifications: - Jaeger-LeCoultre Geophysic 1958 - 38.5mm rose gold case - JLC caliber 898/1 automatic - anti - magneic inner caseback - Serial number 305xxxx dating to 2015 - White dial with Arabic numerals and stick markers - Lume plots on rehaut as per the 1950s design - JLC strap with 18k rose gold pin buckle - Large box set including JLC branding and original documents - Sold in Germany, 2015 - Fully checked by our watchmaker - One-year mechanical warranty - Includes a handmade leather pouch - Free worldwide FedEx Priority shipping",Bulang & Sons,2025-08-26,False
Rolex Day-Date Yellow Gold Champagne Diamond Dial Ref 1804,Rolex,22900,https://bulangandsons.com/products/rolex-day-date-1804-champagne-dial-18k-yellow-gold-w2715,https://cdn.shopify.com/s/files/1/0961/8613/8969/files/W-5D4A_1_6069d40d-eb3a-46ce-b55d-d0307c81615f.jpg?v=1762437237,"The Day-Date has always been a popular watch here at Bulang and Sons and we are always delighted to offer something a little different such as this very cool reference 1804, the ‘4’ denoting the diamond bezel. The other interesting element is the champagne dial that has diamond hour markers. Diamonds really are forever! This classic 36mm yellow gold Day-Date is in lovely condition with a good strong case. The diamond bezel is original Rolex factory set. The watch houses a champagne dial with diamond set hours that are larger than at 6 and 9 o’clock then a “normal “ ref 180x Day-Date. The day disc is in English. The watch will come on a concealed clasp President bracelet that will fit a wrist size up to 18.5cm. The slow-set movement has been fully serviced by our watchmaker. We love Day-Dates and love sharing our passion with all you watch lovers. Contact us to talk about this cool piece! Specifications: - Reference 1804 - 36mm white gold case - Diamond set bezel - Serial 406xxxx dating to 1975 - Champagne diamond set pie-pan dial - English date disc - Concealed clasp President bracelet - Fully serviced by our watchmaker - One-year mechanical warranty - Includes a handmade leather watch pouch - Free worldwide Fedex Priority shipping",Bulang & Sons,2025-08-26,False
Boucheron Art Deco Pencil Watch,Boucheron,4500,https://bulangandsons.com/products/boucheron-art-deco-pencil-watch-w2649,https://cdn.shopify.com/s/files/1/0961/8613/8969/files/W-2649BoucheronArtdecoPencilwatch_103_1x1_4901a1ac-244b-45ab-a23b-2a4458548024.jpg?v=1762437086,"Founded in 1858 by Frédéric Boucheron, the House of Boucheron is a luxury retailer that specializes in beautifully crafted watches, jewelry, and accessories from its prestigious flagship location on Place Vendome in Paris. The brand's creations are celebrated for their elegance and innovation, including groundbreaking designs like the clasp-less necklace and the integration of diamonds with pearls. This is an interesting pencil in Chinese lacquer with a hidden watch in the top half. The pencil remains in excellent condition. The top section of the pencil houses a small watch with manual wind movement, with winding crown to the right. The black dial has gold printing in an Art Deco style. The watch can be concealed by rotating the barrel of the pencil. This cool object d’art comes in its original Boucheron box from Bond Street London. Our watchmaker has fully serviced the movement. This is a lovely horological gem for your desk. Get in touch and let’s draw up a sale! Specifications: - Boucheron Pencil Watch - Black Lacquer finish - Black dial with gold print - Gold hands - Manual wind movement - Fully serviced by our watchmaker - One-year mechanical warranty - Includes a handmade leather watch pouch - Free worldwide Fedex Priority shipping",Bulang & Sons,2025-08-26,False
Cartier Art Deco Pencil Watch with Concealed Lighter Sterling Silver,Cartier,11500,https://bulangandsons.com/products/cartier-art-deco-pencil-watch-with-concealed-lighter-sterling-silver,https://cdn.shopify.com/s/files/1/0961/8613/8969/files/W-2641CartierPencilwatchinSterlingsilverwithconcealedlighter_134_1x1_145620d9-f397-433e-806c-225810838e04.jpg?v=1762437084,"Cartier is one of the most revered makers of jewellery, watch and accessories. This particular item incorporates three features – it’s a pencil, a lighter and a watch! Imagine the guy who decided to go to Cartier to buy or order a pencil, with a watch plus a lighter to light up his cigars. Definitely an interesting and cool person! The pencil is made in sterling silver and remains in excellent condition. The top section of the pencil houses a small watch with manual wind movement, with winding crown to the right. The dial has Art Deco numerals and two blued hands. The lighter sits below the watch. The pencil comes in its original Cartier box and our watchmaker has fully serviced the movement. We love Cartier and enjoy sharing our knowledge and passion with you guys. Let’s talk! Specifications: - Cartier Pencil Watch - Sterling silver - Dates to the 1930s - White dial with painted Art Deco numerals - Blue steeled hands - Calibre FHF1 manual wind movement - Fully serviced by our watchmaker - One-year mechanical warranty - Includes a handmade leather watch pouch - Free worldwide Fedex Priority shipping",Bulang & Sons,2025-08-26,False
"Rolex Oyster Perpetual Date Black Dial Silver Print ""Upside Down"" Ref 1500",Rolex,5500,https://bulangandsons.com/products/rolex-oyster-perpetual-date-black-dial-silver-print-upside-down-ref-1500-w2625,https://cdn.shopify.com/s/files/1/0961/8613/8969/files/W-2625RolexDateblackdialsilverprintUpsideDown_684_1x1_0bb22b06-5fec-4327-9995-694603a46958.jpg?v=1762437211,"Today we have a cool and interesting 34mm Oyster to share with you. We’ve called this the Upside Down because the reference number is between the lugs at the six o’clock end of the watch and the serial number is at 12, then opposite to normal and so upside down! The 34mm Oyster is so much great value and fun and don’t be fooled by its size; it packs a big punch. This OP Date is in great condition and houses a beautiful black dial with silver text and unusual door-stop markers at six and nine. We believe that the hands have been relumed at some point. The case remains strong all round and the bezel is also very clean. This cool OP Date comes on a vintage Oyster rivet bracelet reference 7205 with 57 endlinks and clasp stamped ‘2 66’. The watch, which has a slow-set date, has been fully serviced by our watchmaker. We would love to help you find your next beautiful watch. Please get in touch with us and let us know what you’re looking for! Specifications: - Reference 1500 - 34mm steel case - Reversed serial and reference numbers - Serial 144xxxx dating to 1966 - Black dial with silver text - Oyster rivet bracelet 7205 with 57 endlinks - Fully serviced by our watchmaker - One-year mechanical warranty - Free worldwide Fedex Priority shipping",Bulang & Sons,2025-08-26,False
Tissot Navigator Chronograph Lemania Movement Ref 817,Tissot,7800,https://bulangandsons.com/products/tissot-navigator-chronograph-lemania-movement-ref-817-w2575,https://cdn.shopify.com/s/files/1/0961/8613/8969/files/W-2575TissotNavigatorChronograph817_216_1x1_f8ef4ad1-43dc-498a-9668-0446dcd29ca4.jpg?v=1762437327,"We love this Type XX style chronograph by Tissot. Featuring a rotating bezel for measuring elapsed time and a black dial with bold luminous Arabic hours, this watch has all the charm of a military chronograph that we know you guys love. And that bezel insert that has faded naturally of the decades just tops it off… Housed in a 40mm steel case the watch remains in really great minty condition with two pushers and a large winding crown, with a bi-directional bezel for measuring elapsed time. The bezel insert has faded beautifully over time to a ghost-like shade. The black dial has two sub dials and bold Arabic painted hours that have taken on a lovely patina. The dial has the so-called Box T logo and is signed T SWISS MADE T. This Tissot will come on the pictured Bulang and Sons strap. The Lemania calibre 827 manual-wind movement has been fully serviced by our watchmaker. This is a great looking and very rare chrono from a well-established brand. Please get in touch to start a conversation! Specifications: - Navigator Chronograph Ref 817 - 40mm steel case - Dates to late 1960s - Black dial with painted Arabic hours - Faded bezel insert - Lemania calibre 827 manual wind movement - Movement serial 250xxxx - Pictured Bulang and Sons strap - Fully serviced by our watchmaker - One-year mechanical warranty - Free worldwide Fedex Priority shipping",Bulang & Sons,2025-08-26,False
Rolex Oyster Precision 6426 Silver Dial FAP Issued Box and Papers,Rolex,7900,https://bulangandsons.com/products/rolex-oyster-precision-6426-issued-to-fuerza-aera-del-peru-w2248,https://cdn.shopify.com/s/files/1/0961/8613/8969/files/W-2248RolexOysterissuedtoFAPboxandpaper_011_1x1_4e09c483-09a3-463a-a756-9178a28cfa3c.jpg?v=1762437352,"This is a very cool but normal looking manual wind Oyster in the classic 34mm Oyster case. The watch was, however, issued to the Fuerza Aérea Peru, or FAP as collectors refer to it, the Peruvian Air Force. This military issued Oyster is the ultimate in stealth cool! The silver soleil dial has applied hour makers and coronet and has matching hands. The case back features the Fuerza Aérea Peru engraving and it also has the last three digits of the serial inside the case back, as you would hope to see with a special delivery watch. The watch also comes with the original guarantee paper,(..in Spanish language !) box and hang tag. The watch comes on a rivet Oyster bracelet reference 7205 in nice condition and has ref 57 endlinks and a clasp stamped ‘1 71’. This reference 6426 houses a manual wind movement that has been fully serviced by our watchmaker. ‌This is a lovely watch with an incredible history…exactly what we love at Bulang and Sons. Please get in touch to discuss any details and let’s do a deal. Specifications: - Reference 6426 - 34mm steel case - FAP case back engraving - Serial 223xxxx dating to 1970 - Sliver dial - Box, papers and hangtag - Oyster rivet bracelet reference 7205 with 57 endlinks - Fully serviced by our watchmaker - One-year mechanical warranty - Free worldwide Fedex Priority shipping",Bulang & Sons,2025-08-26,False
Omega Seamaster 300 2913/6 Broad Arrow,Omega,9900,https://bulangandsons.com/products/omega-seamaster-300-2913-6-w2321,https://cdn.shopify.com/s/files/1/0961/8613/8969/files/W-2321OmegaSeamaster300ref2913-6_007_1x1_1ac2d73a-a611-452f-9919-3e626efd2a9f.jpg?v=1762961590,"This is a lovely, early Seamaster 300 reference 2913/6 with the much-loved broad arrow hands and some superb signs of life that we believe really suits this cool tool! The 39mm straight-lug steel case is in good condition with some delightful signs of life. The dial is in good condition too and the radium hour markers have taken on a deep patina, as has the lume in the broad arrow hands. As is very common with these watches, the bezel has been restored at some point in its life. This SM300 diver is fitted with the pictured Bulang and Sons strap. The red gilded calibre 501 movement has been fully serviced by our watchmaker. We believe that these early Omega tool watches are still a great buy in today’s market and would love to discuss this more with you. Please get in touch and let’s chat! Specifications: - Seamaster 300 m ref 2913/7 - 39mm steel straight-lug case - 12-3-6-9 radium dial - road arrow hands and straight seconds hand - Red gilded calibre 501 movement - Mvt Serial 1646xxxx dating to 1958 - Bulang and Sons leather strap - Fully serviced by our watchmaker - One-year mechanical warranty - Free worldwide Fedex Priority shipping",Bulang & Sons,2025-08-26,False
Omega Railmaster ref 135004-63,Omega,9500,https://bulangandsons.com/products/omega-railmaster-ref-135-004-63-w2168,https://cdn.shopify.com/s/files/1/0961/8613/8969/files/W-2168OmegaRailmasterref135004_07_1x1_63af474a-624e-48c8-a10c-d3bd9ee85c56.jpg?v=1764703237,"Off the beaten path is a cool place to explore sometimes. Finding interesting and unusual vintage tool watches is something we love to do and offer to you guys. This one is very cool! This is an early example of the Railmaster, Omega’s professional series watch for those operating in environments of high magnetic fields. It’s the equivalent of the Rolex Milgauss or the IWC Ingenieur. Dating to 1963, the watch has a 38mm steel case, with extra thick dial (1mm thick instead of the usual 0.4mm) and special antimagnetic inner case back and the case back features a hippocampus. This Railmaster’s dial is in lovely original condition with stunning patina on the hour markers and crisp white text. The manual wind Calibre 286 movement has been fully checked and regulated by our watchmaker. Do you love this watch or are you looking for something similar? If so, get in touch and let us help you find your next beautiful timepiece. Specifications: - Reference 135004-63 - 38mm steel case - Dates to 1963 - 12-3-6-9 dial layout - Calibre 286 movement - Movement serial 2078xxxx dating to 1963 - Comes on the Bulang and Sons strap as pictured - Fully checked by our watchmaker - One-year mechanical warranty - Free worldwide Fedex Priority shipping",Bulang & Sons,2025-08-26,False
Certina 8721.1 Dress Watch in Steel Glossy Black Dial,Certina,1700,https://bulangandsons.com/products/certina-8721-1-dress-watch-in-steel-glossy-black-dial-w1890,https://cdn.shopify.com/s/files/1/0961/8613/8969/files/W-1890CertinaDresswatch_8_1x1_9308dcc9-52e5-4cf1-ae42-06275911026f.jpg?v=1762437447,"Radium Arabic hours and all the class… We love finding unusual and accessible vintage watches and this classic Certina would be ideal for the new vintage fan or equally for a collector with a sharp eye for vintage design. This 1940s dress watch has a 34mm steel case in great condition with a screw case back and anti-magnetic soft iron inner case back. The glossy black dial has radium painted Arabic numerals and silver print and a small seconds in the lower half. The pencil hands we believe may have been relumed at some point. The Certina-signed Kurth Freres movement, KF 320, has been fully serviced by our watchmaker. Specifications: - Certina D8721.1 - Dates to 1940s - 34mm stainless steel case - Black glossy dial with radium Arabic hours - Certina KF 320 manual wind movement - Comes on the pictured leather strap - Fully serviced by our watchmaker - One-year mechanical warranty - Free worldwide Fedex Priority shipping",Bulang & Sons,2025-08-26,False
Rolex Submariner Date Ref. 1680 “Libyan MilSub”,Rolex,28900,https://bulangandsons.com/products/rolex-submariner-date-ref-1680-libyan-milsub-w3269,https://cdn.shopify.com/s/files/1/0961/8613/8969/files/W-3269RolexSubmariner1680millitary_007_1x1_c8602a00-323f-4841-83d7-6ea7c49ff925.jpg?v=1762435545,"We are happy to offer one of the few known examples of the Libyan MilSub 1680. Military Submariners are among the most sought-after watches, and this is one of the rarest—we’ve seen fewer than a handful. The case remains in excellent condition and, importantly, the inside features the full serial number engraved in the correct, accepted font. This was done by Rolex in Geneva for special-order watches such as MilSubs, Comex pieces, and other important references. The case back bears an Arabic inscription that translates to: “Armed Forces Military Shop.” The watch is fitted with a matte Mk2 dial in great condition, featuring a lovely yellow patina on both the hour markers and hands. It also boasts a beautifully faded blue bezel insert that adds vintage character and charm. We received the watch fitted with a non-cyclops plexi crystal—and since we love the look, we decided to leave it just as it is! The solid link Oyster bracelet (reference 93150) is in very good condition, with a clasp stamped ‘S 9’ and 580 end links. The watch has been fully serviced by our watchmaker. We love vintage Rolex; it’s one of the cornerstones of Bulang and Sons. We would love to discuss this watch in more detail with you and share our passion. Get in touch and let’s talk. Specifications: - Rolex Submariner Date Reference 1680 - Issued to the Libyan military “MilSub” - 40mm steel case - Arabic language military engraving on case back - Full serial inside case back in correct fonts for special order pieces - Serial 571xxxx dating to 1978 - Mk2 matte black Submariner Date dial with lovely yellow patina - “no loupe” plexiglass fitted - Faded-to-blue fat font bezel insert - Oyster bracelet 93150 with 580 end links - Fully serviced by our watchmaker - One-year mechanical warranty - Free worldwide FedEx Priority shipping",Bulang & Sons,2025-08-26,False
Rolex Oyster Perpetual Air-King Gilt dial in 9k yellow gold ref. 1002,Rolex,10900,https://bulangandsons.com/products/rolex-oyster-perpetual-air-king-gilt-dial-in-9k-yellow-gold-ref-1002-w3429,https://cdn.shopify.com/s/files/1/0961/8613/8969/files/W-3429RolexOysterPerpetualAir-KingGiltdialin9kyellowgoldref1002_194_1x1_4297d145-e0ed-48ff-b722-592af1b9a4df.jpg?v=1762352228,"Guys, look at this watch! Is this über-rare beauty not the most Calatrava-esque Rolex ever? Just look at it! A stunning 9kt gold case—presumably made for the UK market—with an elegantly machined bezel, high-gloss gilt dial, applied Rolex script, arrow markers, and those iconic applied 3/6/9 Arabic numerals. And let’s not forget that super cool Air-King font and the sharp dauphine hands. What more could you possibly wish for in a time-only watch? Well look at that super cool hand engraving on the case back : “To Fred on his 21st from Mom and Dad 4-1-1968” ,we love it ! Fitted with a Bulang and Sons leather strap and fully checked and regulated by our watchmaker, this elegant Air-King is ready to leave a lasting impression. Don’t blink—because rare pieces like this tend to disappear faster than you can say ""King of the air."" Specifications: - Rolex Reference Air-King reference 1002 - 34mm 9 k yellow gold case with machined bezel - Serial 1124xxx dating to 1965 - Black glossy gilt dial, with Applied Rolex and 3/6/9 , arrow markers - Lovely case back engraving - Bulang and sons leather strap - Automatic movement - Fully checked by our watchmaker - One-year mechanical warranty - Free worldwide Fedex Priority shipping",Bulang & Sons,2025-10-06,False
Rolex GMT-Master 1675 MK1 Long-E Dial Fuchsia Insert with Box and Accessories,Rolex,22900,https://bulangandsons.com/products/rolex-gmt-master-1675-mk1-long-e-dial-fuchsia-insert-with-box-and-accessories-w3848,https://cdn.shopify.com/s/files/1/0961/8613/8969/files/W-3848RolexGmt-MasterLongEmk1dialFuchsiainsertboxandpapers_012_1x1_df563392-f972-4acf-ac9f-b88d8fb4023d.jpg?v=1784709943,"The Rolex GMT-Master was introduced in 1955 to solve a practical challenge of the emerging jet age: enabling commercial pilots to track two time zones simultaneously. Developed in collaboration with Pan American World Airways (Pan Am), it quickly became an indispensable navigation tool for long-haul crews and international travellers alike. Over the decades, the GMT-Master evolved from a purpose-built aviation instrument into one of the world's most iconic sports watches. While its unmistakable design has changed remarkably little, it remains the definitive travel watch—combining rugged functionality with timeless style. Presented here is a wonderful 1970 example, featuring the first-generation matte dial—arguably the most desirable of them all. Collectors refer to it as the ""Long E"" or Mark I dial, named after the elongated middle stroke of the ""E"" in the Rolex logo, a detail unique to this early execution. The case is in beautiful condition, even retaining its original green caseback sticker—always a pleasure to see after more than five decades. Equally impressive is the original ""Pepsi"" bezel insert, which has developed the highly sought-after ""Fuchsia"" coloration, where the red half has taken on a vibrant pinkish-purple hue. For years, collectors have debated whether these inserts left the Rolex factory in this colour or gradually developed it over time. Interestingly, the reverse side of this insert displays the same fuchsia tone, strongly suggesting the colour is original rather than the result of sun exposure. To make things even more convincing, we own an original Rolex brochure illustrating a GMT-Master fitted with an insert in exactly this shade. We like to think this one was simply born a Fuchsia. The Mark I matte dial is equally impressive, displaying beautifully preserved tritium lume with a warm creamy-yellow patina that perfectly complements the colours of the bezel. The watch is fitted with its folded Oyster bracelet, reference 7836, with 258 end links and a clasp stamped 1/71. And there's more. Accompanying the watch is an outstanding and remarkably complete set of original accessories, including the Rolex cardboard outer box, the rare ""coffin"" style inner box, the red seal card, booklets, green document holder, polishing cloth, and the original Rolex UK guarantee booklet, which remains unfilled. A fantastic GMT-Master, a coveted Fuchsia bezel, and a remarkably complete set—this is exactly the kind of vintage Rolex we love. If this one doesn't make you smile, we don't know what will. Specifications: Rolex GMT-Master Reference 1675 40mm steel case Serial 249xxxx dating to 1970 Mk1 “Long E” matte dial, soft yellow patina Fuchsia colour insert Oyster bracelet ref 7836 with 285 end links Rare Rolex inner and outer boxes Red seal card, booklets, green document holder, polishing cloth, and the original Rolex UK guarantee booklet Rolex folded Oyster bracelet 7836 with end links 258 Fully serviced by our watchmaker One-year mechanical wa",Bulang & Sons,2026-07-22,False
Rolex Submariner 5513 Maxi MK1 Dial with Vivid Patina,Rolex,14950,https://bulangandsons.com/products/rolex-submariner-5513-maxi-mk1-dial-with-vivid-patina-w3874,https://cdn.shopify.com/s/files/1/0961/8613/8969/files/W-3866RolexSubmariner5513Maximk1warmpatina_264_1x1_bbc0d3b5-e4d0-4b75-804b-9136d1d4fa5d.jpg?v=1787823295,"One of our all-time favourite watches at Bulang & Sons has always been the no-date Rolex Submariner, and among its many variations, the reference 5513 with the Mk I Maxi dial ranks right at the top of our list. Presented here is exactly that configuration: a wonderful reference 5513 fitted with the highly desirable first-generation ""Maxi"" dial, instantly recognizable by its oversized luminous hour plots. The case remains beautifully preserved, retaining thick crown guards and strong, well-defined lugs. It is paired with a lovely fat-font bezel insert that has escaped heavy wear and has gently faded to a subtle washed dark-blue hue—exactly the kind of honest ageing we love to see on a vintage Submariner. The Mk I Maxi dial is equally impressive. The tritium lume on both the hour plots and hands has developed a rich warm yellow patina, a far less common ageing characteristic than the usual cream tones and one that gives this watch tremendous character. Completing the watch is its correct Rolex Oyster C&I bracelet, produced for the American market, with a clasp stamped 1-73. Fully serviced by our watchmaker, this classic tool watch is ready for many more years of adventures. Maximum Maxi love from the Bulang & Sons team! Specifications: Rolex Submariner reference 5513 40mm steel case Serial 565xxxx dating to 1978 Mk1 Maxi Dial with oversized hour plots and rich cream-colored patina faded to a dark blue fat font bezel insert C&I Rivet style bracelet for the U.S. market Fully serviced by our watchmaker One-year mechanical warranty Free worldwide FedEx Priority shipping",Bulang & Sons,2026-07-28,False
Rolex Explorer II 16570 Black Dial Box and Paper Set,Rolex,8150,https://bulangandsons.com/products/rolex-explorer-ii-16570-black-dial-box-and-paper-set-w3845,https://cdn.shopify.com/s/files/1/0961/8613/8969/files/W-3845RolexExplorerII16570BlackDialBoxandPaperSet_001_1x1_7d2bc3aa-354b-4fa0-8070-d1dcb555ccf5.jpg?v=1784185889,"The Rolex Explorer II was introduced in 1971 as a highly specialised tool watch for speleologists (cave explorers) and polar adventurers. In environments where natural daylight disappears—or never sets—keeping track of day and night becomes surprisingly difficult. To solve this, Rolex equipped the Explorer II with a fixed 24-hour bezel and a bold 24-hour hand, allowing the wearer to distinguish AM from PM at a glance. Although it was a slow seller in its early years, the Explorer II has since become one of the most respected cult classics in Rolex's Professional collection. Presented here is reference 16570, introduced in 1989 and now firmly established as a neo-vintage favourite. With its crisp black dial, brushed steel bezel, and striking red 24-hour hand, it perfectly captures the understated ""cool tool"" character that makes the Explorer II so appealing. The 40mm Oyster case is in outstanding condition, featuring the later no-holes case and a beautifully preserved brushed steel bezel. The black ""SWISS MADE"" dial is equally impressive, remaining crisp and flawless. Adding to its appeal, this Explorer II is offered as a superb full set, complete with its original punched guarantee paper confirming a sale in 2007, together with the original inner and outer Rolex boxes. The watch is fitted with the correct Oyster bracelet, reference 78790, with solid end links and a clasp stamped ""OP3."" It has been fully serviced by our watchmaker and is ready for many more years of adventure. One of Rolex's most understated sports watches—and that's exactly why we love it. Get in touch! Specifications: Rolex Reference 16570 Explorer II 40mm steel case , no lug holes Serial Z32xxxx dating to 2006/7 Black SWISS MADE dial Brushed 24hr steel bezel Bracelet reference 78790 with solid end links Rolex inner and outer boxes Guarantee paper stating sale in 2007 Fully serviced by our watchmaker One-year mechanical warranty Free worldwide Fedex Priority shipping",Bulang & Sons,2026-07-10,False
Rolex Datejust 16234 No-Lume Blue Roman Dial with Original Guarantee Paper,Rolex,7500,https://bulangandsons.com/products/rolex-datejust-16234-no-lume-blue-roman-dial-with-original-guarantee-paper-w3862,https://cdn.shopify.com/s/files/1/0961/8613/8969/files/W-3862RolexDatejust16234No-LumeBlueRomanDialwithOriginalGuaranteePaper_1x1_e3662ff2-b4b9-4986-8f58-b85671789c9e.jpg?v=1785319568,"The Rolex Datejust was introduced in 1945 to celebrate the company's 40th anniversary and has since become one of the oldest and most iconic wristwatches still in continuous production. Combining timeless design with everyday practicality, it set a new benchmark for the modern automatic wristwatch and remains one of the cornerstones of the Rolex collection. Presented here is the Reference 16234, introduced in 1988. With its classic 36 mm Oyster case and elegant white gold fluted bezel, it perfectly captures the enduring appeal of the Datejust. The no-lug-hole case remains in excellent condition and is fitted with an equally well-preserved Jubilee bracelet, reference 62150H, complete with correct 555B end links and an X8-stamped clasp. A particular highlight is the seldom-seen blue soleil-finished dial, featuring applied Arabic numerals, bold Roman-style hour markers, and matching non-luminous hands. It's an unusual and highly attractive configuration that gives this classic Datejust a distinctive character. The watch comes with original guarantee paper stating a sale in the year 2000. This classic Datejust has been fully serviced by our watch maker and ready for upcoming years. Classic Datejust, anything but ordinary get in touch for this Blue wonder Specifications: Rolex Datejust reference 16234 36mm steel case, no lug holes White gold fluted bezel Serial u38xxxx dating to 1997 Blue no lume dial with Arabic numerals hours No lume hand set Quick set movement Jubilee bracelet ref 62150H with 555b end links Guarantee paper stating a sale in 2000 Fully serviced by our watchmaker One-year mechanical warranty Free worldwide Fedex Priority shipping",Bulang & Sons,2026-07-23,False
Rolex Cosmograph Daytona 116520 Panna dial Box and Paper Set,Rolex,36900,https://bulangandsons.com/products/rolex-cosmograph-daytona-116520-panna-dial-box-and-paper-set-w3875,https://cdn.shopify.com/s/files/1/0961/8613/8969/files/W-3875RolexCosmographDaytonaPannadialref116520Boxandpapersset_658_1x1_0eb79513-722b-473d-95a0-498c925f31d8.jpg?v=1783673147,"The Rolex Daytona is one of the most iconic chronographs in watchmaking history. Its story spans more than six decades and is closely tied to motor racing, technical innovation, and collector culture. The ""Panna"" dial is among the rarest and most coveted variations of the stainless steel Rolex Daytona reference 116520. Its nickname is derived from the Italian word for ""cream,"" inspired by the dial's distinctive warm ivory tone. Originally produced as a bright white dial, a subtle imperfection in the varnish caused a small number of examples to naturally develop this beautiful creamy patina over time. These dials are almost exclusively found in watches produced between 2000 and 2003. Unlike the celebrated ""tropical"" dials of vintage Rolex models, which gradually turn brown, the Panna dial evolves into a soft, even cream color, giving each watch its own unique character. Today, the Panna dial is considered one of the most collectible modern Rolex dial variations, representing one of the last documented instances of a naturally occurring production anomaly resulting in a distinct dial color. Offered here is an exceptional P-series example from 2000, placing it within this highly desirable production window. The watch remains in outstanding condition, featuring a strong, well-preserved case with sharp lugs, an unpolished tachymeter bezel, and a beautifully aged cream dial with an even, attractive patina. The watch is fitted with its correct Oyster bracelet, reference 78490, featuring solid end links and a clasp stamped ""DT4."" The movement has been fully serviced by our watchmaker and is running exactly as it should. Further enhancing its collectability, this Daytona is accompanied by its original punched guarantee paper, confirming its original sale in Mexico, along with the inner presentation box, both booklets, the 2001/2002 calendar, and the original calendar holder. Smooth, rare, and impossible to ignore—just like panna cotta. Get in touch! Specifications: Rolex Cosmograph Daytona Reference 116520 Serial p814xxx dating to 2000 Oyster bracelet ref 78490 with solid end links Rare “Panna “dial variation Automatic movement Calibre 4130 Rolex inner box Punched guarantee paper stating a sale in Mexico Two Rolex booklets, 2001-2 calendar card, green paper holder Fully serviced by our watchmaker 1 year mechanical warranty Free worldwide Fedex Priority shipping",Bulang & Sons,2026-07-10,False
Rolex Cosmograph Daytona 6265 MK2 Silver Sigma Panda Dial,Rolex,63900,https://bulangandsons.com/products/rolex-cosmograph-daytona-6265-mk2-silver-sigma-panda-dial-w3820,https://cdn.shopify.com/s/files/1/0961/8613/8969/files/W-3820RolexCosmographDaytona6265SilverSoleilSigmaDial_166_1x1_54b95c8d-e058-4432-b7ff-eec255b7312c.jpg?v=1784107165,"Few watches in modern horology carry the same cultural significance and collector appeal as the Rolex Cosmograph Daytona. While Rolex has created an extraordinary catalogue of icons—including the Submariner, Datejust, and Explorer—the Daytona has achieved a near-mythical status. Once readily available through authorised retailers, the stainless steel Daytona gradually became one of the most difficult sports watches to acquire. Long before today's infamous waiting lists, demand consistently exceeded supply, cementing its place as one of the most coveted modern Rolex references. Today, securing a stainless steel Daytona through official channels is often a prolonged and uncertain process, yet its appeal remains undiminished. For many owners, it represents far more than a timepiece; it is a tangible connection to motorsport history, mechanical precision, and decades of continuous refinement. Interestingly, the Daytona's legendary status was far from guaranteed. When first introduced, it was a relatively slow seller and would take decades before collectors fully appreciated its significance. Its story began with Rolex's early chronograph development in the early 1960s, culminating in the introduction of the Cosmograph in 1963. By 1964, the name ""Daytona"" started appearing on certain dials, giving birth to the identity we know today. The term ""Cosmograph"" itself remains somewhat unusual within watchmaking. While ""chronograph"" derives from the Greek chronos (time) and graph (to write)—a reference to early timing instruments such as Nicolas Rieussec's 19th-century invention that physically recorded elapsed time—""Cosmograph"" feels broader and more aspirational, reflecting Rolex's ambition to elevate the chronograph beyond a simple timing instrument. The name ""Daytona,"" by contrast, is much easier to understand. It directly reflects the watch's motorsport DNA. During the 1960s, Daytona Beach was regarded as one of the most prestigious racing venues in American motorsport, and in 1966 Rolex became the official timekeeper of the Daytona International Speedway. From that moment onward, the ""Daytona"" name began appearing alongside ""Cosmograph"" on the dial, although not always consistently across early production examples. Offered here is a second-generation Cosmograph, reference 6265, featuring the desirable screw-down chronograph pushers. The watch is housed in a sharp 37 mm stainless steel case and fitted with the classic steel tachymeter bezel, giving it the unmistakable vintage Daytona silhouette. The screw-down pushers are later Rolex service replacements, installed to ensure the chronograph functions reliably and in accordance with factory specifications, prioritising usability and mechanical integrity. The dial is a striking silver sunburst ""Panda"" configuration, featuring contrasting black sub-dials and a clean, highly legible layout. At six o'clock, the dial carries Sigma markings—a subtle detail often overlooked, yet highly appreciated by seasoned c",Bulang & Sons,2026-07-15,False
Rolex Cosmograph Daytona 16528 Black Floating Dial in 18k Yellow Gold with Original Guarantee Paper and Accessories,Rolex,69900,https://bulangandsons.com/products/rolex-cosmograph-daytona-16520-black-floating-dial-in-18k-yellow-gold-with-original-guarantee-paper-and-accessories-w3847,https://cdn.shopify.com/s/files/1/0961/8613/8969/files/W-3847RolexDaytonaBlackFloaterdialin18kgoldref1628withoriginalguaranteepaper_507_1x1_a9da31d6-3778-4629-9088-53ab2ef677c8.jpg?v=1783520129,"The Rolex Daytona was introduced in 1963 as a purpose-built chronograph for professional racing drivers. Named after the famous Florida speedway, it quickly became synonymous with motorsport, thanks in part to its distinctive tachymeter bezel. Over the decades, the Daytona evolved from a relatively overlooked manual-wind chronograph into one of the most coveted watches in the world. Ironically, the first 25 years of manual-winding Daytonas were far from commercial successes—a fact that makes them all the more desirable today. In 1988, Rolex introduced its first self-winding Daytona. As the brand had yet to develop its own automatic chronograph movement, it turned to Zenith's legendary El Primero calibre, extensively modifying it to meet Rolex's exacting standards. These new references also introduced the larger 40 mm case and finally propelled the Daytona to the commercial success it enjoys today. Presented here is a very early Rolex Daytona reference 16528 from 1989, preserved in outstanding condition. The 40mm 18 karat yellow gold case remains exceptionally sharp, with beautifully defined bevels and strong, well-proportioned lugs. It is fitted with the desirable early ""Units per Hour"" bezel, where the inscription is positioned adjacent to the crown guards. On later examples, the engraving was relocated towards the 1 o'clock position. The black dial is the sought-after ""floating Cosmograph"" variant, distinguished by the visible gap between the words ""Officially Certified"" and ""Cosmograph”. On later dials, this spacing disappeared. Another charming detail appreciated by Daytona collectors is the inverted ""6"" in the lower chronograph register. The dial itself is in mint condition and is complemented by an equally impressive 18kt yellow gold Oyster bracelet showing virtually no stretch. Adding to its appeal, the watch is accompanied by its original warranty papers, confirming its original sale in the United States, the correct U.S.-market cardboard warranty holder, a rare Daytona booklet, and an additional Rolex booklet. The watch has been fully serviced by our watchmaker and is ready to be enjoyed for many years to come. This really is an incredible opportunity to acquire a very special and sought after example of the mighty Daytona! Specifications: Rolex Cosmograph Daytona Reference 16528 40mm yellow gold case Serial L64xxxx dating to 1989 Black “floating” dial, inverted 6 Yellow Gold Early execution tachymeter bezel Rolex Oyster bracelet ref. 78398 with solid end-links, “P1” stamped clasp Calibre 4030 movement U.S. Market cardboard paper holder, rare Daytona booklet, Rolex booklet, warranty paper Fully serviced by our watchmaker One-year mechanical warranty Free worldwide Fedex Priority shipping",Bulang & Sons,2026-07-07,False
Rolex Datejust 1601 Grey Dial in Steel and 18k Rose Gold,Rolex,8750,https://bulangandsons.com/products/rolex-datejust-1601-grey-dial-in-steel-and-18k-rose-gold-w3859,https://cdn.shopify.com/s/files/1/0961/8613/8969/files/W-3859RolexDatejustGreydialinsteeland18kpinkgoldref1601_540__x1_e5be0480-1d60-4b3a-9ce7-fef24bb65447.jpg?v=1783430145,"The Rolex Datejust was introduced in 1945 to celebrate the 40th anniversary of Rolex. It became the world's first automatic waterproof wristwatch to feature a date display that changed automatically at midnight—a groundbreaking innovation at the time. As one of the foundation models within the modern Rolex catalogue, the Datejust has remained in continuous production for more than 80 years and continues to define timeless everyday elegance. Here at Bulang and Sons, we have always had a soft spot for the Rolex Datejust. Effortlessly versatile and endlessly stylish, it is one of those rare watches that feels appropriate in virtually any setting. We often speak about the charm of two-tone Rolex watches, but when pink gold meets stainless steel, something truly special happens. Combined with a beautifully preserved grey soleil-finished dial, warm pink gold hour markers, and matching rose/pink gold printed text , the result is a configuration that is both uncommon and incredibly attractive. The watch remains in excellent condition, with a strong case retaining a crisp pink gold fluted bezel and matching winding crown. The grey soleil-finished dial features sharp printing and elegant applied pink gold hour markers. Completing the package is the correct and increasingly hard-to-find pink gold and stainless steel Jubilee bracelet, reference 6251H, fitted with reference 255 end links and an E-stamped clasp. The reliable slow-set automatic movement has been fully serviced and regulated by our watchmaker. At Bulang and Sons, we always strive to keep a carefully curated selection of interesting Datejust references in stock. Whether you'd like to know more about this watch or you're searching for your ideal vintage Datejust, we'd be delighted to help. Specifications: Rolex Reference 1601 Datejust 36mm steel and pink gold case, plexi glass Serial 375xxxx dating to 1974 Grey soleil finish dial with pink gold text Steel and pink gold folded Jubilee bracelet ref 6215H with end links 255 slow setting movement Fully serviced by our watchmaker One-year mechanical warranty Free worldwide Fedex Priority shipping",Bulang & Sons,2026-07-07,False
Rolex Datejust Gilt dial ref 1601,Rolex,8900,https://bulangandsons.com/products/rolex-datejust-gilt-dial-ref-1601,https://cdn.shopify.com/s/files/1/0961/8613/8969/files/W-3835RolexDatejustGiltdialref1601_296_1x1_bb9a9764-4891-4458-b8e7-9da3ab8c8e1c.jpg?v=1782827649,"The legendary Rolex Datejust was introduced in 1945 to celebrate Rolex’s 40th anniversary. A landmark model in the history of watchmaking, it was the first self-winding, waterproof wristwatch to feature a date display on the dial. More than eighty years later, it remains one of the most recognizable and enduring luxury watches ever created. We are always delighted to offer unusual and attractive Datejust configurations, and this example is particularly special thanks to its stunning gilt dial. While gilt dials are most commonly associated with vintage Rolex sports models, they occasionally appear on Datejusts, creating a distinctive and highly appealing aesthetic. Produced using a galvanic printing process, gilt dials possess a remarkable depth, warmth, and glossy finish that are impossible to overlook on the wrist. The case remains in excellent condition, displaying strong and well-balanced lugs, while the fluted white-gold bezel is beautifully preserved and perfectly complements the rich character of the dial. The gilt dial itself is in outstanding condition, retaining its glossy surface along with crisp, clear printing throughout. Adding further charm, the luminous material on both the hands and hour markers has aged to a lovely warm yellow tone, creating a striking contrast against the glossy black background. The watch is fitted with a folded Jubilee bracelet, reference 6251H, complete with correct 55 end links, all preserved in very nice condition. To ensure optimal performance, this rare and highly attractive Datejust has been fully serviced by our watchmaker. Combining the timeless elegance of the Datejust ,the warm tones and glossy gilt dial give this rarity a character all its own—an outstanding opportunity for the collector who appreciates vintage Rolex at its most captivating , get in touch with us ! Specifications: Rolex Reference 1601 Datejust 36mm steel case , fluted white gold bezel Serial 275xxxx dating to 1971 Glossy gilt dial Jubilee bracelet 6251H with 55 end links Fully serviced by our watchmaker One-year mechanical warranty Free worldwide Fedex Priority shipping",Bulang & Sons,2026-06-26,False
Rolex Datejust 1601 Tiffany & Co signed Silver Sigma Dial,Rolex,11900,https://bulangandsons.com/products/rolex-datejust-1601-tiffany-co-signed-silver-sigma-dial-w3767,https://cdn.shopify.com/s/files/1/0961/8613/8969/files/W-3767RolexDatejust1601Tiffany_Cosigneddial_500_1x1_52b85491-b418-4f59-90f7-a40b5b7244ce.jpg?v=1781692114,"Founded in 1837 in New York City by Charles Lewis Tiffany and John B. Young, Tiffany & Co. started out as a stationery and “fancy goods” store before evolving into one of the world’s most recognizable names in jewelry. Over time, the house built its reputation on exceptional diamonds, its unmistakable “Tiffany Blue” identity, and signature creations such as the 1886 Tiffany Setting engagement ring. Often referred to as the “King of Diamonds,” Tiffany further cemented its status with landmark acquisitions like the Tiffany Diamond in 1878 and the French Crown Jewels in 1887—firmly placing it at the top of the luxury world. From the 1950s through to the late 1980s, Rolex allowed Tiffany & Co. to co-sign the dials of watches sold through their boutiques. Rolex supplied the watches, while Tiffany added its name—creating what collectors now refer to as “double-signed” pieces. These Tiffany & Co.–signed Rolex watches are highly sought after today, often commanding a significant premium over standard examples. At hand we have a lovely Rolex Datejust 1601. The case is strong and well-preserved, paired with a crisp white gold fluted bezel. The silver dial features a clean soleil finish with applied stick markers, slightly thicker at 6 and 9 o’clock, and of course the coveted “Tiffany & Co.” signature on the lower half of the dial. The lume has aged to a soft cream tone, adding just the right amount of warmth and character. It’s fitted with a Jubilee bracelet (ref. 62510H) with end links 555 and a clasp stamped “U9”—a great, period-correct configuration. The watch and its slow-set movement have been fully serviced by our watchmaker and are ready for many more years on the wrist. Rare double-signed magic—your own Breakfast at Tiffany’s moment ! Specifications: Rolex Reference 1601 Datejust 36mm steel case, plexi-crystal White gold fluted bezel Serial 372xxxx dating to 1974 Silver dial, double signed Tiffany & Co. Jubilee bracelet 62150H with 555 end links Slow set movement Fully serviced by our watchmaker One-year mechanical warranty Free worldwide Fedex Priority shipping",Bulang & Sons,2026-06-17,False
Rolex Datejust 1600 Tropical Gilt Dial with Wood Effect,Rolex,10450,https://bulangandsons.com/products/rolex-datejust-1600-tropical-gilt-dial-with-wood-effect-w3697,https://cdn.shopify.com/s/files/1/0961/8613/8969/files/W-3697RolexDatejust1600TropicalGiltDialwithWoodEffect_002_1x1_9ff13c20-24f9-4559-aa4a-930a4dab6c66.jpg?v=1778664682,"The Rolex Datejust is one of the most iconic and beloved watches ever produced by Rolex. Introduced in 1945, it has remained a timeless classic, instantly recognizable as a symbol of quality, durability, and functional design. Its balanced and versatile style makes the Datejust an ideal everyday watch—equally at home with a suit as it is with jeans and a T-shirt. For many collectors, it represents the perfect starting point into the world of vintage watches, while still being a wonderful addition to a more seasoned collection. We always enjoy offering a beautiful gilt-dial Datejust, as the gilt printing gives the dial remarkable depth and character. The example presented here is particularly special. Its original black gilt dial has developed a tropical patina, gradually turning into a rich brown tone. Even more fascinating is the unique pattern that has formed over time, resembling tiger stripes or a subtle wood-grain effect. The pie-pan dial displays classic gilt printing, complemented by warm cream-coloured lume that adds further charm and character. All of this is housed in a reference 1600 case, featuring the smooth bezel and a pleasingly thick case profile. This nearly 60-year-old Datejust is fitted with a folded Jubilee bracelet, reference 6215H, with end links marked 55 and a clasp stamped 2/67. The watch has been fully checked and regulated by our watchmaker and is ready to be enjoyed. We have a particular fondness for gilt-dial tropical Datejusts. With spring just around the corner, we promise this one will look absolutely stunning in the sunlight. Feel free to get in touch if you would like to have this remarkable piece wrapped around your wrist. Specifications: Rolex Reference 1600 Datejust 36mm steel case , plexi glass Smooth steel bezel Serial 154xxxx dating to 1967 Black, Gilt pie -pan style dial turned brown with “wood grain” effect Slow-set movement Jubilee bracelet 6251H with 55 end links Fully checked by our watchmaker One-year mechanical warranty Free worldwide FedEx Priority shipping",Bulang & Sons,2026-03-13,False
Rolex Datejust Gilt Dial ref 6605 Steel and Gold execution,Rolex,12250,https://bulangandsons.com/products/rolex-datejust-gilt-dial-ref-6605-steel-and-gold-execution-w3109,https://cdn.shopify.com/s/files/1/0961/8613/8969/files/W-3109RolexDatejustgiltSwissonlydialref6605Steelandgoldexecution_533_1x1_2bdb9348-0d1d-44bc-9620-12d0347d2c28.jpg?v=1781680671,"The Rolex Datejust hardly needs an introduction. As one of the most iconic models in the Rolex lineup, it effortlessly blends luxury and sportiness at an accessible price point. The Datejust is versatile enough to be worn by anyone, on any occasion, which is why we consider it the perfect watch. However, within this iconic collection, there’s a particular niche that even the most seasoned collectors find especially captivating: the reference 6605, introduced in the second half of the 1950s—almost a decade after the debut of the first Datejust, reference 4467. What we have here is a steel and gold version featuring an early fine-milled bezel, often called the ""coin edge"" bezel, paired with a super charming ""gilt"" gloss dial. The dial features unusual arrowhead-shaped markers and elegant dauphine hands. Famous for being used on vintage sports watches, gilt dials were made using a galvanic printing process and have a wonderful warmth that makes them incredibly appealing on the wrist ! Furthermore, the pie-pan style dial is signed ""Swiss"" at the six o’clock position, and we absolutely love the “warm golden script” on this particular one—it adds such a unique touch of character to the watch! This early Datejust is fitted with a beautiful Bulang & Sons strap, which we think is a perfect match—complementing the watch’s classic charm with a modern touch & the slow-set movement has been fully serviced by our watchmaker. We don’t see these Gilt dials often anymore , so be quick and get in touch to discuss this cool DJ some more! Specifications: Rolex Reference 6605 Datejust 36mm steel case with 18 k yellow gold “coin edge” fluted bezel Serial 459xxx dating to 1959 Glossy gilt dial with arrow head markers “Swiss only “ Dauphine hands Bulang and sons leather strap Fully serviced by our watchmaker One-year mechanical warranty Free worldwide Fedex Priority shipping",Bulang & Sons,2026-06-15,False
Rolex Day-Date 18038 Purple Jubilee Dial Box and Papers French Hallmarks,Rolex,20900,https://bulangandsons.com/products/rolex-day-date-18038-purple-jubilee-dial-box-and-papers-french-hallmarks-w3677,https://cdn.shopify.com/s/files/1/0961/8613/8969/files/W-3677RolexDay-Date18038PurpleJubileeDialBoxandPapersFrenchhallmarks_009_1x1_e73876b8-748d-4b06-aae5-c105a3575de6.jpg?v=1778664182,"Introduced in 1956, the Rolex Day-Date was the world’s first waterproof, self-winding chronometer wristwatch to display both the date and the day of the week—spelled out in full—across two separate windows. By 1977, Rolex updated the Day-Date with the introduction of the reference 18038, featuring the improved “single quickset” movement. This allowed the wearer to adjust the date independently of the time, alongside the transition from acrylic to sapphire crystal. This particular example stands out with a lovely, full case and crisp fluted bezel. Even better, it features small French hallmarks—subtle but important details indicating precious metal control marks for pieces destined for the French market at the time. The c18k yellow gold case remains in stunning condition, with the factory lines and curves still present. The President bracelet (ref. 8385) remains in strong condition, with tight links, solid end links, and a concealed clasp—exactly how you want to see it. It currently fits wrists up to approximately 18 cm. The dial is where things get especially interesting. This piece features a very cool “Jubilee” dial, with a repeating “Rolex Rolex” motif that creates a subtle three-dimensional effect. The tone leans toward a rare purple hue, combined with applied stick markers, gold printing, and a warm beige patina on the hour plots—giving it real depth and character. Interestingly, Rolex recently reintroduced a similar Jubilee-style motif on the Rolex Oyster Perpetual models, though in a more playful and colorful execution—making this vintage example feel even more relevant today. Adding to the charm, the day disc is in French, perfectly matching the French import hallmarks on the case. The original punched guarantee paper confirms a sale in Paris, tying the whole story together. The watch is accompanied by its original leather Rolex inner box, a polishing cloth, and a translation booklet—nice extras that complete the set. It has also been fully checked amd regulated by our watchmaker and is ready for many years of wear. A proper rare one — Jubilee dial with that purple hue. Don’t wait ! Specifications: Rolex Day-Date Reference 18038 36mm 18k yellow gold case, sapphire crystal Turned to purple Jubilee dial Serial 590xxxx dating to 1979 Small French import hallmarks on the case-back French day-disc Yellow gold President bracelet with concealed clasp Rolex Day-Date box, booklet, polishing cloth Punched guarantee paper stating sale in Paris, France Fully checked and regulated by our watchmaker One-year mechanical warranty Free worldwide FedEx Priority shipping",Bulang & Sons,2026-04-29,False
Rolex Datejust 16013 Black Dial with Papers,Rolex,6700,https://bulangandsons.com/products/rolex-datejust-16013-black-dial-with-papers-w3787,https://cdn.shopify.com/s/files/1/0961/8613/8969/files/W-3787RolexDatejust16013BlackDialwithPapers_340_1x1_b40d9923-aa66-478e-b668-295b1c0ca8b4.jpg?v=1780657299,"Steel and gold is never old…at least in our book! We have long been fans of the bi-colour Rolex and we are always delighted to offer a great one to you guys. This is a very cool example of a Rolesor vintage Datejust. With classic metallic black dial and Jubilee bracelet. The watch remains in excellent condition with strong case and the gold fluted bezel is in good condition. The dial is a rich and deep metallic Black colour and has cool patina on the lume plots. This watch was originally sold in Singapore, as noted on the accompanying papers. Our cool DJ is fitted with a steel and gold Jubilee bracelet, reference 62523, which remains in good condition and has 450 end links and clasp stamped ‘C 10’. The watch has been fully checked and regulated by our watchmaker. Specifications: Rolex Datejust Reference 16013 36mm steel case, plexi-crystal 18k gold fluted bezel and winding crown Serial 5555xxx dating to 1978 Metalic Black dial Punched papers Jubilee bracelet 62523 with 450 end links Fully checked by our watchmaker One-year mechanical warranty Free worldwide Fedex Priority shipping",Bulang & Sons,2026-06-05,False
Rolex Sea-Dweller 116600 Ceramic 2016 Full Set,Rolex,12250,https://bulangandsons.com/products/rolex-sea-dweller-116600-ceramic-2016-full-set-w3901,https://cdn.shopify.com/s/files/1/0961/8613/8969/files/W-3901RolexSea-Dweller116600CeramicBoxandPapers_309_1x1_343ca3cf-f23d-4483-9cd5-d3741f78ed83.jpg?v=1787747329,"Among modern Rolex sports watches, few references have gained the collector following of the Rolex Sea-Dweller 116600. Produced for only a short period between 2014 and 2017, it bridges the gap between the classic aluminium-bezel Sea-Dwellers and the modern 43mm generation. Retaining the traditional 40mm Oyster case while introducing the black Cerachrom bezel, Chromalight lume and the Glidelock clasp, the 116600 has become one of the most desirable contemporary Sea-Dweller references. Offered here is a beautiful example, presented with its original box and warranty card. The watch has been carefully worn and remains in excellent overall condition, showing only the light signs of wear one would expect from responsible ownership. It represents exactly the kind of honest, collector-grade example we always strive to source. Unlike the Submariner, the Sea-Dweller has always been Rolex's professional diving instrument. Its clean dial, free from a Cyclops lens, combined with the perfectly balanced 40mm proportions, gives the 116600 a purposeful appearance that many enthusiasts consider to be the last true traditional Sea-Dweller. It is equally comfortable as an everyday sports watch as it is as part of a serious modern Rolex collection. Powering the watch is Rolex's in-house Calibre 3135, one of the brand's most respected movements. Renowned for its reliability, durability and ease of servicing, it has long been regarded as one of the benchmark automatic movements in the industry. Together with the Cerachrom bezel, Triplock crown and helium escape valve, it makes the 116600 every bit the professional tool watch it was designed to be. The relatively short production run has made the reference increasingly sought-after among collectors. Many consider it to be the final evolution of the classic 40mm Sea-Dweller before Rolex introduced the larger 43mm successor. As a result, demand for well-preserved, complete examples continues to grow year after year. Offered with its original accessories and in excellent overall condition, this is exactly the sort of Sea-Dweller today's collectors are searching for. Please don't hesitate to contact us should you wish to discuss this exceptional Sea-Dweller further. Specifications; Rolex Sea-Dweller reference 116600 Black dial with Chromalight lume Black Cerachrom bezel 40mm Oystersteel case Rolex Calibre 3135 Serial MC08xxxx sold in May 2016 Oyster bracelet with Glidelock extension system Helium escape valve Fully checked and regulated by our watchmaker Offered with original box and warranty card and accessories Free worldwide Fedex Priority shipping",Bulang & Sons,2026-08-26,False
Rolex Cosmograph Daytona 116500LN Black Dial Full Set 2021,Rolex,24900,https://bulangandsons.com/products/rolex-cosmograph-daytona-116500ln-black-dial-full-set-2021-w3900,https://cdn.shopify.com/s/files/1/0961/8613/8969/files/W-3900RolexDaytona116500LNCeramicDaytonaFullSetBlackDial_267_1x1_00ce2310-b783-4ad3-831a-f4ac14dea1a5.jpg?v=1786104414,"Few modern Rolex references have had the impact of the Cosmograph Daytona 116500LN. Introduced in 2016, it combined the familiar 40mm Oyster case with Rolex's highly scratch-resistant black Cerachrom bezel and the proven in-house calibre 4130, creating what has become one of the defining modern sports watches of the last decade. Even after the introduction of its successor, the 116500LN remains one of the most sought-after Daytona references, appreciated for its balanced proportions, slimmer case profile and timeless design. Offered here is a particularly attractive example, originally sold in October 2021 and presented as a complete full set with its original box, warranty card, manuals, booklets and hang tag. The watch has been carefully worn and remains in excellent overall condition, showing only the light signs of wear one would expect from responsible ownership. It represents exactly the type of honest, collector-grade example we always strive to source. The black dial gives the Daytona a more discreet and purposeful character than its white-dial counterpart. Combined with the glossy black Cerachrom bezel and polished Oyster case, it creates a timeless monochromatic aesthetic that remains as contemporary today as when it was first introduced. Whether worn daily or reserved for special occasions, it is a watch that feels equally at home on the wrist as it does within a serious Rolex collection. Powering the watch is Rolex's renowned Calibre 4130, widely regarded as one of the finest automatic chronograph movements ever produced. Designed entirely in-house, it combines outstanding reliability with impressive precision and a practical 72-hour power reserve, making it every bit as enjoyable to wear as it is to admire. An added benefit is that this Daytona remains covered by the original Rolex International Warranty until October 2026, offering complete peace of mind to its next owner. Complete, honest examples of the 116500LN continue to be among the most desirable modern Rolex sports watches on the market. Offered with its full accessories, remaining Rolex warranty and in excellent overall condition, this is exactly the sort of example collectors seek. Please don't hesitate to contact us should you wish to discuss this exceptional Daytona further. Specifications: Rolex Cosmograph Daytona 116500LN Black dial with Chromalight lume 40mm Oystersteel case Serial 5KX2xxxx Originally sold in October 2021 Rolex Chronograph Calibre 4130 Original Oyster bracelet with Oysterlock clasp Offered as a complete full set with original box, warranty card, manuals, booklets and hang tag Covered by the original Rolex International Warranty until October 2026 Free worldwide FedEx Priority shipping",Bulang & Sons,2026-08-07,False
Rolex Oyster Perpetual Date 1500 Taupe Singer Proto/Test Dial in 14k Yellow Gold,Rolex,9900,https://bulangandsons.com/products/rolex-oyster-perpetual-date-1500-taupe-singer-proto-test-dial-in-14k-yellow-gold-w3614,https://cdn.shopify.com/s/files/1/0961/8613/8969/files/W-3614RolexOysterPerpetualDate1500TaupeDialin14kYellowGold_1x1_f8fe3fe8-501a-4e6e-930e-02739f135cad.jpg?v=1782986361,"We always try to offer you something uncommon or seldom seen — and today we have something special to propose once again. At hand is an unusual 14 kt yellow gold Oyster Perpetual Date, made for the British market. Eighteen-karat gold watches were much more expensive to import into certain countries, such as the USA and the UK. For that reason, many brands also offered 14 kt gold models. The most famous examples are the Rolex hand-wound Daytona models, where a 14 kt example can have a huge price difference compared to an 18 kt gold version nowadays — sometimes reaching differences of several hundred thousand! The case of this reference 1500 model, with its smooth bezel, is in excellent condition. Rolex decided to engrave the full serial number of this example inside the case back — a very uncommon feature. It is known that Rolex only did this for special deliveries, such as the famed military Submariners, the first “experimental” Sea-Dwellers (given to professional deep-sea divers for testing), unique pieces, and watches made for important collectors like the late Sultan Qaboos bin Said Al Said, who ordered a number of watches featuring the “Khanjar” coat of arms. The soleil-finished grey non lumed dial is another extremely uncommon feature. In fact, we have never seen another exactly like this. The dial resembles features like these unusual markers, very close in style to those made by the famous dial maker Singer, who produced the dials for what is arguably one of the most collectible watches of all time — the Daytona Exotic Dials. As the story goes, around a decade ago, a number of books containing loose dials were discovered — “study” dials from Singer, created as proposals to various brands including Universal Genève, Omega, and, as mentioned, Rolex. Some of these proposals were eventually used by Rolex in models such as the Daytona as well as in Datejust and other dressier models from that era. If you search “Rolex Singer prototype dials” online, a whole world opens up that helps illustrate what we are referring to. We have also previously had some rarer Datejusts with this feature and shared a small write-up on those as well over HERE We believe this dial was more a proto as “test for the market, meant as a way of testing the waters. It is extremely close to the more Art Deco–esque proposals by Singer, and perhaps this is why Rolex marked the watch with its full serial number inside the case back. To fully appreciate the dial, the decision was made to fit the watch with a non-loupe crystal, allowing a full and uninterrupted view of this rare variant. The watch has been paired with a beautiful Bulang and Sons leather strap, and both the watch and its movement have been fully serviced by our watchmaker. This is a rare opportunity to add a uniquely configured Rolex dress watch to your collection — and a true conversation starter. Let’s talk. Specifications: Rolex Reference 1500 Oyster Perpetual Date 14kt yellow gold 34mm case , smooth bezel , ",Bulang & Sons,2026-02-20,False
Rolex Oyster Perpetual Date Champagne dial Zephyr in 18 k yellow gold ref 1510,Rolex,6250,https://bulangandsons.com/products/rolex-oyster-perpetual-date-champagne-dial-zephyr-in-18-k-yellow-gold-ref-1510-w3690,https://cdn.shopify.com/s/files/1/0961/8613/8969/files/W-3690RolexOysterPerpetualDatechampagnedialZephyrin18kyellowgoldref1510_157_1x1_4ec4519f-2ee4-4f27-927e-357b927a647f.jpg?v=1782641895,"These slightly offbeat “Zephyr” models were introduced in the mid-1950s, beginning with reference 6582, and were marketed—particularly in the United States—as the “world’s handsomest” and highly waterproof watch. The name was primarily used for the American market, giving the model a distinctive position within the broader Rolex Oyster Perpetual family. The most striking feature of reference 1510 is its hand-engraved, dappled bezel finish, often referred to as the “Morellis” finish. Each bezel was individually executed by hand, meaning no two examples are exactly alike—an unusual and charming detail within the typically restrained Rolex catalogue. The dial is divided into four quadrants by a fine crosshair motif and notably omits traditional hour markers—quite a departure from the classic layout normally found on Rolex dress watches of the period. This design gives the watch a slightly avant-garde, almost architectural presence on the wrist. The 34 mm 18k yellow gold case remains in fine condition, as does the beautifully preserved Morellis-finished bezel. The champagne-coloured dial is clean and elegant, free of lume on both dial and hands, maintaining a crisp and refined appearance, interrupted only by the practical date function. Fitted with a Bulang & Sons leather strap—an excellent match in our view—the watch has been fully checked and regulated by our watchmaker and is ready to be worn and appreciated. Enquire now to make this rare and charismatic Zephyr yours ! Specifications: Rolex Oyster Perpetual Date reference 1510 Zephyr 34mm 18k yellow gold case, plexi glass Champagne dial with “crosshairs” Morellis-finished bezel Serial 267xxxx dating to 1971 Date function Bulang and sons leather Strap Fully serviced by our watchmaker Free worldwide Fedex Priority shipping",Bulang & Sons,2026-04-01,False
Rolex Oversized Oyster-Perpetual 1012 Silver Swiss Only Dial in 18k Yellow Gold - 36 mm,Rolex,9900,https://bulangandsons.com/products/rolex-oversized-oyster-perpetual-1012-silver-swiss-only-dial-in-18k-yellow-gold-w3726,https://cdn.shopify.com/s/files/1/0961/8613/8969/files/W-3726RolexOversizedOyster-Perpetual1012SilverSwissOnlyDialin18kYellowGold-36mm_1x1_f934723b-6e25-482c-93f7-86840a28193d.jpg?v=1779369280,"The Rolex reference 1012 is a very rare and oversized 36mm Oyster Perpetual dress watch, produced primarily during the late 1950s and early 1960s. Manufactured exclusively in solid gold — either yellow or rose — it offered a more restrained and elegant alternative to the Datejust, omitting the date function in favour of a cleaner and more symmetrical dial layout. The reference 1012 features a solid 18k gold 36mm Oyster case with a smooth bezel, giving the watch a particularly refined and understated appearance. It is closely related to the reference 1013, which shared the same no-date configuration but was fitted with a fluted bezel instead. This example features a beautifully preserved silver-finished dial with a simple “Swiss” designation at 6 o’clock, indicating an early execution. The dial is wonderfully restrained, with fine black printed text, elegant elongated hour markers and sharp dauphine hands that perfectly capture the understated sophistication of the period. The watch is fitted with its original Rolex leather strap and Rolex plaque buckle, completing the watch beautifully. Both the watch and its automatic calibre have been fully serviced by our watchmaker and are ready to be enjoyed for many years to come. An oversized dress Rolex from a more elegant era and quietly luxurious, exactly as early Rolex intended! Specifications: Rolex Reference 1012 Oyster Perpetual Oversized 36mm 18k yellow gold case, smooth bezel, plexi crystal Serial 966xxx dating to 1963 Swiss only signed, Silver soleil dial with elegant hour markers Dauphine hands Rolex Leather strap, Rolex Plaque pin buckle Fully serviced by our watchmaker 1 year mechanical warranty Free worldwide Fedex Priority shipping",Bulang & Sons,2026-05-15,False
Cartier Tank Américaine Automatique in 18 k yellow gold ref 1740,Cartier,6400,https://bulangandsons.com/products/cartier-tank-americaine-automatique-in-18-k-yellow-gold-ref-1740-w3523,https://cdn.shopify.com/s/files/1/0961/8613/8969/files/W-3523CartierTankAmericainein18kyellowgoldref1740_142_1x1_21d2bb7d-4116-4a3f-bcf6-a4d30bc302ea.jpg?v=1772183165,"The Cartier Tank Américaine was launched in 1989 as a modern interpretation of the classic Tank, inspired by the curved 1921 Tank Cintrée. It features a larger, more elongated case with a more pronounced curve and brancards along the flanks than its predecessor, yet with a flatter caseback. Originally, it was produced exclusively in precious metals. The model was designed to capture a more contemporary and bolder aesthetic, incorporating modern features such as automatic movements and water resistance in its larger versions. This example is an 18k yellow gold ref. 1740, measuring 26.5 × 45 mm. It features the signature Cartier blue cabochon-set crown, a white dial with black painted Roman numerals, a railway-style minute track, a hidden Cartier signature at the VII marker, a date window at six, and blued steel hands. The watch is paired with a Bulang and Sons strap, and its automatic movement has been fully serviced by our watchmaker. A watch built like an American tank, yet effortlessly chic — ready to make it yours? Specifications: Cartier Tank Américaine Reference 1740 775xxx serial dating to the early 2000s “XL” 18kt Yellow gold curved case in 45x26.6mm White dial with ‘hidden signature’ in VII numeral , date function Blued hands Bulang and sons Leather strap Automatic movement Fully serviced by our watchmaker One-year mechanical warranty Free worldwide Fedex Priority shipping",Bulang & Sons,2026-02-27,False
Cartier Vendôme Jumbo automatic “Paris” dial in 18 k yellow gold ref 17003,Cartier,7750,https://bulangandsons.com/products/cartier-vendome-jumbo-automatic-paris-dial-in-18-k-yellow-gold-ref-17003-w3360,https://cdn.shopify.com/s/files/1/0961/8613/8969/files/W-3360CartierGondoleEllipseParisDial_009_1x1_547ff83a-e140-4db7-bda1-71aa29e471fa.jpg?v=1777984852,"The year 1972 marked a turning point in Cartier’s history. A group of investors first acquired Cartier Paris, followed shortly by the acquisition of the New York and London branches. This consolidation reunited the three historically separate houses—divided after the death of Pierre Cartier—and laid the foundation for Cartier’s modern expansion. Another major milestone was Cartier’s partnership with Ebel, which led to relocating its watch production to La Chaux-de-Fonds, Switzerland. Until then, Cartier watches were primarily made in Paris (or occasionally London), using Swiss movements. Although some production continued in Paris during the 1970s, the collaboration with Ebel allowed Cartier to significantly scale up its output in Switzerland. This new chapter began in 1973 with the launch of Cartier’s first true historical reissue line: the Louis Cartier Collection. It started with 12 models that brought iconic designs from Cartier’s golden era—such as the Tank and Santos-Dumont—into serial production, while also introducing entirely new creations like the Cristallor, Fabergé, Gondole, and this example: the Vendôme. This particular example is the largest size at 33mm ( often referred to as Jumbo ”)and features automatic winding. The rounded case has no visible lugs; instead, it has a cutout within the case to accommodate the strap. It also features Cartier’s signature cabochon-topped crown. The classic white dial is signed “Paris. Additional details include a black “train track” minute scale and, of course, the signature black-painted Roman numerals. The blued hands add an elegant touch, and no seconds hand is present, staying true to the minimalist design. This refined Cartier is fitted with a gently worn Cartier leather strap, complete with its original 18k gold Cartier folding clasp and has been fully checked and regulated by our watchmaker. We have a passion for unusual Cartier watches and always aim to keep a diverse selection in stock for fellow Cartier enthusiasts. Let us know what you're looking for! Specifications: Cartier Vendôme Jumbo Reference 17003 18 k Yellow gold case in 33 mm Case number 1700312xx dates to the early 1970s White dial with Roman numerals “Paris” Blue cabochon winding crown Automatic Cal. 2670 movement Pictured Cartier leather strap, slightly used with a 18 k gold Cartier folding clasp Fully checked by our watchmaker One-year mechanical warranty Free worldwide FedEx Priority shipping",Bulang & Sons,2025-08-26,False
Rolex GMT-Master 1675 MK1 Long-E Dial,Rolex,14900,https://bulangandsons.com/products/rolex-gmt-master-1675-mk1-long-e-dial-w3601,https://cdn.shopify.com/s/files/1/0961/8613/8969/files/W-3601RolexGmt-master1675mk1LongEdialref1675_914_1x1_20065bad-a087-4df5-80a1-b124df09b3ca.jpg?v=1771578777,"The Rolex GMT-Master stands out as one of the most iconic and versatile vintage Rolex watches. It offers an extensive range of variations, bezel colors, and style options, making it a coveted choice among watch enthusiasts. We are always happy to offer the Mk1, or “Long-E,” reference 1675—the first version of the matte-dial GMT-Master. This is a watch that has always held a special place in our hearts. Its robust case boasts sturdy, even lugs, a testament to its excellent condition. The case back features an engraving, “K. Curtis,” adding an element of mystery and history to the watch. The dial, in nice original condition, features hour plots with a delightful vanilla hue. The faded red-back Pepsi insert adds an extra layer of vintage charm, with the blue faded to a denim-like tone and the red softened to a light “cherry” color. The watch is paired with an American-made “C&I” spring-loaded rivet-style Oyster bracelet, with a clasp stamped “78.” This iconic Long-E GMT-Master has been fully checked and regulated by our watchmaker and is ready to be enjoyed. Is this GMT-Master the iconic l vintage piece you are searching for? If so, let us know and we would be happy to tell you more. Specifications: Rolex Reference 1675 Gmt-Mater 40mm steel case Serial 204xxx dating to 1971 Mk1 ‘Long E’ matte dial Red-back faded Pepsi insert Rolex C&I Riveted , spring loaded Oyster bracelet Case back engraved Fully checked by our watchmaker One-year mechanical warranty Free worldwide Fedex Priority shipping",Bulang & Sons,2026-02-20,False
Rolex Turn- o-graph Silver linen dial ref 1625,Rolex,5600,https://bulangandsons.com/products/rolex-turn-o-graph-silver-linen-dial-ref-1625-w3630,https://cdn.shopify.com/s/files/1/0961/8613/8969/files/W-3630RolexTurn-o-graphSilverlinendialref1625_297_1x1_e5110729-7d4c-47ef-ba7f-c2570c3e07fe.jpg?v=1770977253,"For those newer to Rolex, the name Turn-O-Graph might not immediately ring a bell. Discontinued in 2011, it no longer appears in the Rolex catalogue and was often overshadowed by models like the Daytona, GMT-Master, and Submariner. Yet the Turn-O-Graph is a watch with a fascinating and significant history. Introduced in 1953, it was Rolex’s first commercially available watch with a rotating bezel—a feature often mistakenly credited to the Submariner—and the first sports model offered in Rolesor, the combination of steel and gold. By blending practical functionality with sporty elegance, the Turn-O-Graph laid the groundwork for what we now recognize as the modern tool watch. Its rotating bezel would go on to inspire defining features of some of Rolex’s most iconic sports watches, including the Submariner, and GMT-Master. Eventually, the Turn-O-Graph became integrated into the Datejust line, serving as its sporty variant. The example we have here is a classic 36 mm steel variant, featuring a turnable bezel in excellent condition and a beautifully preserved case. The stepped, pie-pan style silver dial is highlighted by striking black-topped hour markers, creating a sharp contrast and timeless appeal. It comes on a folded Jubilee bracelet, reference 6251H, with a clasp stamped “S W1” and end links marked 55. This sporty Datejust, complete with its slow-setting movement, has been fully serviced by our watchmaker and is ready to wear. A watch like this, with its silver Linen dial, turnable bezel, and sporty charm, doesn’t come around often. Contact us today to arrange a viewing or to find out more! Specifications: Rolex Datejust Reference 1625 Datejust “Turn-o -graph” 36mm steel case with 18k white gold Turnable bezel Serial 269xxx dating to 1971 Silver linen pie- pan style dial Jubilee bracelet 6215H with 55 end links Fully serviced by our watchmaker One-year mechanical warranty Free worldwide Fedex Priority shipping",Bulang & Sons,2026-02-13,False
Rolex Submariner Date 16610 Swiss Only Dial with Original Guarantee Paper,Rolex,8650,https://bulangandsons.com/products/rolex-submariner-date-16610-swiss-only-dial-with-original-guarantee-paper-w3734,https://cdn.shopify.com/s/files/1/0961/8613/8969/files/W-3734RolexSubmariner16610Swissonlydialwithoriginalguaranteepaper_283_1x1_a3adbcd2-137d-4760-b665-97328f06fef2.jpg?v=1778843655,"The Rolex Submariner Date began its journey in 1969 and has remained in continuous production ever since. Presented here is a particularly cool neo-vintage example — exactly the kind of Submariner that continues to win over collectors looking for the perfect balance between vintage charm and modern usability. This reference 16610 is a beautiful example of the now-discontinued model, featuring a glossy black dial and a strong, well-preserved case. Particularly appealing is the rarer “Swiss” only dial signature at 6 o’clock, marking a short transitional production period and adding an extra layer of collectability to the watch. The 40mm steel Oyster case remains in excellent condition and retains the increasingly appreciated drilled lug holes — a subtle vintage detail that many collectors actively seek out today. The solid-link Oyster bracelet, reference 93150, is in fantastic condition and fitted with 501b end links and a clasp stamped “X2.” This Submariner is accompanied by its original guarantee paper, showing its original sale in 1999. The watch has also been fully serviced by our watchmaker and is ready for many more years of reliable wear. Neo-vintage Rolex sports models continue to offer some of the most compelling value and wearability within the brand’s history — and the early 16610 remains one of the strongest examples of that formula , enquire now! Specifications: Rolex Submariner Date reference 16610 40mm steel case Serial a27xxxx dating to 1999 Glossy “Swiss only” Dial Black bezel insert Oyster bracelet 93150 with 501b end links Original guarantee paper stating a sale in 1999. Fully serviced by our watchmaker One-year mechanical warranty Free worldwide Fedex Priority shipping",Bulang & Sons,2026-05-15,False
Rolex Turn-O-Graph ref 6202,Rolex,21900,https://bulangandsons.com/products/rolex-turn-o-graph-ref-6202-w3707,https://cdn.shopify.com/s/files/1/0961/8613/8969/files/W-3707RolexTurn-O-Graphref6202_07_1x1_b67c1a9e-5696-477c-ba0f-5637171290cd.jpg?v=1775660085,"The Rolex Turn-O-Graph ref. 6202, introduced in 1953, is often called the “grandfather” of the modern Rolex sports watch. While the Submariner receives most of the fame, the 6202 Turn-O-Graph was actually the first mass-produced Rolex to feature a rotating bezel. It established the design language later seen in the Submariner, GMT-Master, and the early Milgauss. Before the 6202, Rolex watches were mostly elegant Oyster Perpetuals; this model marked their first true “tool watch”. The 60-minute graduated bezel allowed users to track elapsed time, a revolutionary feature for professional timing at the time. This example features a lovely 36 mm case with a bezel insert fitted with the distinctive red triangle at the 12 o’clock position. It is paired with a riveted Oyster bracelet, reference 7206, with end links marked 58 and a clasp stamped 1/69. The gilt dial is in lovely condition and fitted with a gilt-coloured handset, including the distinctive “big lollipop” seconds hand. The seconds hand has been relumed in the past but still presents a very nice colour match overall. The watch has been fully serviced by our watch maker and is ready for upcoming years. Often overlooked, yet full of character, these Turn-O-Graphs deserve a closer look. Get in touch to make it yours. Specifications: Rolex Reference 6202 Turn-o-graph 36 mm steel case with rotating bezel Serial 492xxx dating to 1954 Original gilt dial with warm patina Oyster rivet bracelet ref 7206 with 58 end links Fully serviced by our watchmaker 1 year mechanical warranty Free worldwide Fedex Priority shipping",Bulang & Sons,2026-04-07,False
Rolex Submariner 1680 Red MK4 Dial with Vivid Patina,Rolex,19500,https://bulangandsons.com/products/rolex-submariner-1680-red-mk4-dial-with-vivid-patina-w3887,https://cdn.shopify.com/s/files/1/0961/8613/8969/files/W-3887RolexSubmarinerRedmk4dialref1680_008_1x1_e3422204-0cc9-4481-bcab-754911e459ba.jpg?v=1785922195,"Introduced in 1953, the Rolex Submariner is widely regarded as the world's most iconic dive watch. Developed at a time when recreational and professional diving was rapidly gaining popularity, it set the benchmark for underwater wristwatches with its robust Oyster case, rotating timing bezel, and exceptional water resistance. The reference 1680 was introduced in 1969 and marked an important milestone in the Submariner's history as the first model to feature a date display beneath Rolex's signature Cyclops magnifier. It was also the first Submariner to be offered in solid 18k gold, broadening the collection beyond its purely utilitarian origins. Among the early reference 1680s, the ""Red Sub"" occupies a special place in vintage Rolex collecting. Coveted by enthusiasts around the world, it perfectly captures Rolex's golden era of tool watches. For us, it's that iconic line of red text and the unmistakable no-nonsense character that make the Red Submariner so irresistible. Offered here is a beautiful example with a well-preserved case, retaining strong lugs and nicely defined crown guards. The watch is fitted with a desirable fat-font bezel insert that has faded beautifully over the years, developing an attractive soft blue hue, the lume pip is luminova . The Mk4 ""Feet First"" dial is in excellent condition, displaying crisp red-over-white printing alongside beautifully aged lume plots and matching hands that have developed a warm yellow vivid patina. The watch is fitted with a solid Oyster bracelet in equally fine condition, complete with 580 end links and an AB9-stamped clasp. The movement has been fully serviced by our watchmaker and is ready to provide many years of reliable enjoyment. Few vintage Rolex references combine history, character, and everyday wearability quite like the Red Submariner. A true cornerstone of vintage Rolex collecting, this exceptional example is ready for its next custodian. Specifications: Rolex Reference 1680 Submariner date Serial 332xxxx dating to 1973 Mk4 Red Submariner dial “red over white” print and yellow patina Faded to a blue hue fat font bezel insert Oyster bracelet 93150 with 580 end links Fully serviced by our watchmaker One-year mechanical warranty Free worldwide Fedex Priority shipping",Bulang & Sons,2026-08-05,False
Rolex Datejust 16013 Boiler Gauge Champagne Dial with Original Punched Paper in Steel and Yellow Gold,Rolex,7750,https://bulangandsons.com/products/rolex-datejust-16013-boiler-gauge-champagne-dial-with-original-punched-paper-in-steel-and-yellow-gold-w3904,https://cdn.shopify.com/s/files/1/0961/8613/8969/files/W-3904RolexDatejust16013BoilerGaugeChampagneDialwithpapers_146_1x1_79adff27-bd5a-49a2-9961-2e6511e94813.jpg?v=1787908382,"Few watches have had a more lasting influence on modern watchmaking than the Rolex Datejust. Introduced in 1945, it was created to celebrate Rolex’s 40th anniversary and became one of the defining models in the brand’s history. More than eight decades later, its basic formula remains remarkably recognizable: an Oyster case, automatic movement, date display and, eventually, the famous Cyclops lens. At hand, we have a steel and 18k yellow gold specimen, a combination Rolex calls “Rolesor.” The classic 36mm case is in super nice condition, complemented by a strong fluted bezel and, remarkably, the original green caseback sticker still attached. The champagne-coloured dial features a beautiful soleil finish, with an unusual fine railroad track detail running through the central area and wonderfully elegant Breguet-style numerals. These particular dials have earned the collector nickname “Boiler Gauge”—and we absolutely love them. A quirky and highly distinctive detail that gives this Datejust plenty of character. The watch is fitted with its original Oyster-style bracelet, reference 78363, with 458 end links and a clasp stamped K7. Adding to the provenance, the watch comes accompanied by its original punched paper, documenting a sale in Spain in 1984. The watch and its quickset movement have been fully serviced by our watchmaker and are ready to be enjoyed once again. A wonderful example of the Datejust formula, combining classic Rolesor construction with an unusual and highly collectible dial configuration. Specifications: Rolex Reference 16013 Datejust 36mm steel and 18 k yellow gold case Yellow gold fluted bezel Serial 854xxxx dating to 1984 Champagne colour “Boiler “ gauge dial Quick set movement Oyster bracelet ref 78363 with 458 end links Fully serviced by our watchmaker Punched guarantee paper stating sale in 1984 ,Spain One-year mechanical warranty Free worldwide Fedex Priority shipping",Bulang & Sons,2026-08-28,False
Lemania Monopusher Chronograph 6BB Asymmetric Case Military Chronograph Black Dial issued to the Royal Air Force,Lemania,5900,https://bulangandsons.com/products/lemania-monopusher-chronograph-6bb-asymmetric-case-military-chronograph-black-dial-issued-to-the-royal-air-force-w3868,https://cdn.shopify.com/s/files/1/0961/8613/8969/files/W-3868LemaniaMonopusherChronograph6BB_AsymmetricCase_MilitaryChronographBlackDialissuedtotheRoyalAirForce_005_1x1_8eb6d773-2f63-4d17-88e8-0f630b0822d1.jpg?v=1787747111,"Lemania is one of the most historically significant—and often overlooked—manufacturers of Swiss watch movements and chronographs. Founded in 1884, the company built an extraordinary reputation for precision engineering and complex watchmaking, producing legendary calibres that would eventually power watches used by NASA, military organizations and some of the world's most prestigious watch brands. The company was established in L’Orient, Switzerland, by Alfred Lugrin, who specialised in chronographs, stopwatches and repeating mechanisms. Lemania went on to become one of the great names in Swiss chronograph manufacturing, developing movements that earned a reputation for robustness, precision and reliability. In 1932, Lemania joined forces with Omega and Tissot under the newly created SSIH group (Société Suisse pour l’Industrie Horlogère), a structure that would become one of the major forces in Swiss watchmaking. Lemania chronographs became trusted instruments for military use, particularly for their reliability under demanding conditions. During the Cold War era, British military organisations, including the Royal Air Force and Special Forces, used Lemania chronographs, cementing the brand’s reputation for serious military-grade timekeeping. And this is exactly the kind of Lemania we love to find: an asymmetrical, single-pusher military chronograph in very good condition. The case is in fantastic condition, retaining all the little marks and traces of its hard military life. Rather than detracting from the watch, these honest signs of wear tell its story. The case back carries the correct military engravings a wonderful little detail for the collector. In keeping with British Ministry of Defence specifications, the matte black dial features both the Circle T marking, indicating the use of tritium luminous material, and the distinctive Broad Arrow. The dial itself is in great condition, with the original tritium still intact. Combined with the beautifully preserved military engravings and untouched character of the case, this is a wonderfully authentic piece of British military and watchmaking history. Honest, rugged and full of history. A proper military Lemania for the collector who appreciates watches with a story to tell , get in touch ! Specifications: Lemania Monopusher Chronograph ""6BB"" 38mm steel asymmetric case Issued to the British Royal Air Force Black ‘Circle T’ dial with Tritium 12 & 6 Dates to mid-1960's Hand wound cal.2220 movement Bulang and sons leather strap Two register chronograph layout Full military case back engravings for the British armed forces Fully serviced by our watchmaker Free worldwide Fedex Priority shipping",Bulang & Sons,2026-08-26,False
Audemars Piguet Royal-Oak Ultra Thin 56175BA in 18k Yellow Gold Cream Dial,Audemars Piguet,26900,https://bulangandsons.com/products/audemars-piguet-royal-oak-ultra-thin-56175ba-in-18k-yellow-gold-cream-dial-w3863,https://cdn.shopify.com/s/files/1/0961/8613/8969/files/W-3863AudemarsPiguetRoyalOakin18kYellowgoldCreamdialref56175BA_584_1x1_189983fe-2e11-4e55-9fa1-e95816f6f7db.jpg?v=1783673270,"Designed by Gérald Genta and introduced by Audemars Piguet in 1972, the Royal Oak redefined the luxury watch industry. Widely regarded as the world's first luxury stainless steel sports watch, it arrived during the height of the Quartz Crisis and played a pivotal role in securing the future of traditional Swiss watchmaking. Presented here is the Reference 56175BA, introduced in the 1990s, when ultra-thin quartz watches were at the height of fashion. Thanks to its quartz movement, Audemars Piguet was able to reduce the case thickness to just 5.8 mm, creating an exceptionally elegant Royal Oak that slips effortlessly beneath a shirt cuff while retaining all of the collection's unmistakable design cues. The 33 mm 18 ct yellow gold case remains in excellent condition, with the original factory bevels and sharp lines beautifully preserved. The integrated 18 ct yellow gold bracelet is equally impressive, showing very little wear and currently accommodating wrists up to approximately 19 cm. The cream-coloured dial is wonderfully clean and features a finely printed railroad minute track, a date aperture at 3 o'clock, and beautifully aged cream-coloured lume on both the hour markers and hands. The warm patina complements the gold-printed Audemars Piguet signature perfectly, creating a harmonious and refined appearance. The watch has been fully serviced by our watchmaker, with the quartz Calibre 2612 fitted with a fresh battery, and is ready to be enjoyed for many years to come. Elegant, understated, and increasingly difficult to find in this level of preservation, this yellow gold Royal Oak is a wonderful opportunity for collectors looking for a refined interpretation of Gérald Genta's iconic design. We’ve always felt these ultra-thin, midsize Oaks are somewhat underappreciated. On the wrist, they wear incredibly well—balanced, comfortable, and effortlessly cool. A sleeper in the Royal Oak world, don’t overlook this one! Specifications: Audemars Piguet Royal Oak reference 56175BA 33mm 18l gold case Cream coloured dial Serial C33xxx 304xxx-01xx dating to 1992, case-back no 1xx Integrated 18k gold bracelet Quartz driven movement cal. 2612 Fully serviced and new battery fitted by our watch maker 2022 Audemars Piguet service invoice One-year mechanical warranty Free worldwide FedEx Priority shipping",Bulang & Sons,2026-07-10,False
