title,brand,price,url,img,description,source,sold
1991 Patek Philippe Nautilus Yellow Gold Factory Diamonds - Archives (Ref. 3800/3),Patek Philippe,99600,https://huntingtoncompany.com/products/patek-philippe-nautilus-yellow-gold-factory-diamonds-archives-ref-3800-3,https://cdn.shopify.com/s/files/1/0553/8391/6727/files/DSF3935_b4a19d7d-6e17-4168-a2da-4112c1428f32.jpg?v=1789770523,"Worth A Read History and Significance The reference 3800 brought the Nautilus into a more compact format while preserving the defining architecture of the original design. At 37mm, the watch retains the broad, integrated presence associated with the Nautilus while wearing with noticeably more restraint than larger executions. The reference 3800/3 takes that familiar shape into a distinctly luxurious direction through its yellow gold construction and integrated bracelet. It is a combination that feels unmistakably Patek Philippe while still retaining the unconventional sports watch character that made the Nautilus so recognizable. This example moves even further away from the traditional steel sports watch formula with a factory diamond-set bezel and factory diamond dial. The cream dial provides a softer backdrop for the diamond hour markers, preventing the configuration from feeling overly formal or heavily jeweled. A full ring of diamonds follows the rounded geometry of the bezel and emphasizes the unusual shape of the case. Rather than changing the underlying Nautilus design, the setting highlights the architecture already present. The dial has developed light speckling with age, creating subtle variation across the cream surface. That aging gives the watch a character that contrasts with the highly finished yellow gold case and diamond setting. Small changes like these are part of what separates an older watch from a modern equivalent, particularly when the underlying dial remains attractive. The resulting appearance feels distinctly period correct rather than artificially pristine. The reference 3800/3 also demonstrates how successfully the Nautilus design scales down. Its integrated construction means the watch carries greater visual presence than the 37mm measurement might suggest, while the relatively compact dimensions keep the yellow gold and diamonds from becoming overwhelming. The automatic movement preserves the everyday practicality expected from the Nautilus. An Extract from the Archives further accompanies the watch and adds important documentation to an already uncommon configuration. Writer’s Thoughts There are conventional Nautilus configurations, and then there are examples that capture a very specific period of Patek Philippe design. The reference 3800/3 belongs firmly in the latter category. Yellow gold, a cream factory-diamond dial, and a factory-diamond bezel should make for an extremely loud watch, yet the compact 37mm proportions keep everything surprisingly balanced. The light speckling across the dial only makes the watch more interesting, lending an otherwise luxurious configuration visible age and personality that actually looks attractive. Our Promise Every watch is thoroughly vetted, carefully described with complete transparency, and guaranteed authentic. Each piece is offered in honest condition, ensuring collectors receive a timepiece that reflects both originality and integrity. Specifications Brand: Patek Phili",Huntington Company,False
Audemars Piguet Royal Oak Dual Time Tantalum - Box and Papers (Ref. 25730TT),Audemars Piguet,94900,https://huntingtoncompany.com/products/audemars-piguet-royal-oak-dual-time-tantalum-box-and-papers-ref-25730tt,https://cdn.shopify.com/s/files/1/0553/8391/6727/files/DSF4031.jpg?v=1789773583,"Worth A Read History and Significance Tantalum is one of the strangest materials Audemars Piguet ever brought into the Royal Oak. Its dark blue-grey appearance is noticeably different from stainless steel, yet it does not announce itself as obviously as gold or platinum. More importantly, tantalum is exceptionally dense and notoriously difficult to machine and finish. Using it for a watch built around the Royal Oak's precise facets and alternating surface finishes was never the easy choice. Audemars Piguet experimented with tantalum during a fascinating period for the Royal Oak. Long before unusual materials became a regular part of modern luxury sports watches, the manufacture was willing to combine the Gérald Genta design with metals that had almost no established place in traditional watchmaking. Tantalum became one of the most distinctive. Even within the already varied world of neo-vintage Royal Oaks, these watches immediately feel different. The Dual Time complication adds another layer to the reference 25730TT. Instead of disturbing the Royal Oak with a complicated set of pushers or an overly technical display, the additional information is integrated directly into the dial. Local time remains immediately readable while the second time zone, date, and power reserve turn the familiar tapisserie layout into something much more unusual. There is a lot happening, but the watch never loses the visual identity of a Royal Oak. That combination is what makes the reference 25730TT such an interesting piece of Audemars Piguet history. It comes from an era when the Royal Oak was becoming a platform for experimentation, but before that experimentation became expected. An unconventional metal and a genuinely useful complication were placed inside one of watchmaking's most recognizable designs. The result feels distinctly of its period while also anticipating where the Royal Oak collection would eventually go. Writer's Thoughts Tantalum is the entire reason this watch is so much fun. From a distance, the reference 25730TT can almost be mistaken for a familiar steel Royal Oak, but the color and weight immediately give away that something is different. The blue-grey metal has a depth that steel simply does not have, and it works incredibly well with the industrial architecture of the Royal Oak. There is also something appealing about how nerdy the whole combination is. A Dual Time Royal Oak is already less obvious than the standard time-and-date models, and making one in tantalum pushes it even further into enthusiast territory. It is rare without relying on diamonds, bright colors, or obvious precious metal to communicate that rarity. That quiet weirdness is exactly what makes the reference 25730TT so lovable. Our Promise Every watch is thoroughly vetted, carefully described with complete transparency, and guaranteed authentic. Each piece is offered in honest condition, ensuring collectors receive a timepiece that reflects both originality and integrity.",Huntington Company,False
Audemars Piguet Royal Oak Yves Klein City of Sails - Papers (Ref. 25860IS),Audemars Piguet,54900,https://huntingtoncompany.com/products/audemars-piguet-royal-oak-yves-klein-city-of-sails-papers-ref-25860is,https://cdn.shopify.com/s/files/1/0553/8391/6727/files/DSF0388.jpg?v=1787104409,"Worth A Read History and Significance Few Royal Oaks capture the experimental side of Audemars Piguet in the early 2000s quite like the City of Sails. Created in connection with the America's Cup and limited to just 300 pieces, the 25860IS takes the familiar Royal Oak chronograph and gives it one of the most memorable dial configurations of the era. The centerpiece is unquestionably the Yves Klein blue dial. Its intense electric blue is paired with bright yellow accents and contrasting light blue chronograph registers, creating a Royal Oak that feels completely different from the restrained silver, black, and navy configurations normally associated with the model. Despite the color, the underlying design is unmistakably Royal Oak. Gérald Genta's octagonal architecture, exposed bezel screws, integrated bracelet, and tapisserie dial are all present. The result is a watch that manages to be unusual without losing the design language that made the Royal Oak famous in the first place. Writer's Thoughts The City of Sails is one of those watches that makes far more sense once you see it in person. Photographs capture the color, but not quite the way that saturated blue dial changes as light moves across the tapisserie. With only 300 examples produced, it also represents a much more unusual corner of Royal Oak collecting. This particular example is especially attractive thanks to its exceptionally clean presentation. The case was professionally polished and remains very sharp, while the dial is mint. For someone who already understands the standard Royal Oak and wants something genuinely different, the 25860IS is hard to ignore. Our Promise Every watch is thoroughly vetted, carefully described with complete transparency, and guaranteed authentic. Each piece is offered in honest condition, ensuring collectors receive a timepiece that reflects both originality and integrity. Specifications Brand: Audemars Piguet Model: Royal Oak City of Sails Limited Edition Reference: 25860IS Case Material: Stainless steel Dial: Yves Klein blue tapisserie dial with yellow accents and contrasting chronograph registers Movement: Automatic Strap/Bracelet: Stainless steel integrated Royal Oak bracelet Buckle/Clasp: Stainless steel clasp Contents: Watch and papers Condition Case: Professionally polished and presenting in exceptionally clean condition. The case remains very sharp with strong geometry and well-defined brushed and polished surfaces. Dial: Mint Yves Klein blue tapisserie dial with vibrant coloration and beautifully preserved yellow accents and contrasting registers. Hands: Excellent condition with bright yellow luminous inserts. Crystal: Clean and presenting very well with little visible wear. Strap/Bracelet: Integrated stainless steel Royal Oak bracelet remains exceptionally clean with only minor signs of use. Buckle/Clasp: Stainless steel clasp is clean and well preserved.",Huntington Company,False
1970s Cartier Tank Paris Dial Reverso (Ref. 2582),Cartier,34900,https://huntingtoncompany.com/products/1970s-cartier-tank-paris-dial-reverso-ref-2582,https://cdn.shopify.com/s/files/1/0553/8391/6727/files/DSF3272.jpg?v=1770512524,"Worth A Read History and Significance The Tank Reverso is one of the more intriguing and lesser-seen evolutions within Cartier’s Tank lineage. Produced in limited numbers during the 1970s, this reference blends the classic Tank proportions with a reversible case construction, offering both practical protection and a subtle mechanical curiosity. While the Reverso concept is most closely associated with Jaeger-LeCoultre, Cartier’s interpretation stands apart through its unmistakable Paris-era design language and refined execution. This example features a Paris-signed dial, placing it firmly in a period collectors continue to prize for its design purity and smaller production runs. The 24 by 32 mm case wears elegantly, maintaining the Tank’s traditional rectangular balance while offering a slightly more substantial presence than earlier mid-century references. These watches were never mass-market pieces, and surviving examples in honest, well-preserved condition are increasingly difficult to find, particularly when the original deployants are intact. Writer’s Thoughts The proportions are excellent, the dial is crisp and perfectly balanced, and the reversible case adds just enough intrigue without turning the watch into a novelty. On the wrist, it feels thoughtful and intentional, like something chosen carefully rather than impulsively. The fact that it comes with the original deployant clasp only reinforces that sense of completeness. Our Promise Every watch is thoroughly vetted, carefully described with complete transparency, and guaranteed authentic. This watch is offered in honest condition. Specifications Brand: Cartier Model: Tank Reverso (Ref. 2582) Year: 1970s Case Material: Gold case with integrated reversible construction Case Size: 24 x 32 mm Dial: White Paris-signed dial with black Roman numerals Crystal: Mineral crystal Movement: Manual wind Strap/Bracelet: New leather strap Buckle/Clasp: Generic buckle and original Cartier deployant clasp Contents: Watch and original deployant clasp Condition Case: Gold case shows light, honest wear with well-defined lines and appears to retain its original geometry. Crystal: Crystal is clean with no dents or scratches observed. Dial: Paris-signed dial is crisp and well preserved with clean printing and no visible damage other than the 1 o'clock numeral. Hands: Original blued hands are in excellent condition with even coloration. Strap/Bracelet: The new leather strap is unworn. Buckle/Clasp: Original Cartier deployant shows light surface wear consistent with age and functions properly.",Huntington Company,False
1990s Audemars Piguet Royal Oak Mark 2 Blue Dial (Ref. 14790ST),Audemars Piguet,33900,https://huntingtoncompany.com/products/1990s-audemars-piguet-royal-oak-mark-2-blue-dial-ref-14790st,https://cdn.shopify.com/s/files/1/0553/8391/6727/files/DSF2475_16bcfd69-c4eb-4eea-85f9-a4dc3c09a9ac.jpg?v=1788281318,"Worth A Read History and Significance The reference 14790ST represents one of the most appealing proportions from the neo-vintage Royal Oak catalog. Its 36mm stainless steel case sits between the earliest full-size Royal Oaks and the smaller versions that followed, giving the watch substantial presence without losing the thin, architectural quality of the original design. The integrated bracelet extends naturally from the case and makes the watch wear larger than its stated diameter. This balance of compact dimensions and unmistakable Royal Oak presence has become one of the defining characteristics of the reference 14790ST. This example features the later Mark 2 dial, giving it a very different character from the earlier military-dial version of the same reference. The black Petite Tapisserie surface provides the familiar texture associated with the Royal Oak, while slim applied baton markers keep the dial clean and restrained. A date aperture at three o’clock adds everyday practicality without disturbing the symmetry of the design. Against the stainless steel case and bracelet, the black dial creates a classic monochromatic configuration that places the emphasis back on the Royal Oak’s finishing and proportions. The case has recently been polished and presents in particularly nice condition. Brushed surfaces across the case, bezel, and bracelet contrast with the polished bevels that define the geometry of the Royal Oak, giving the exterior the sharp visual separation the design depends upon. At 36mm, those details remain concentrated into a compact package that feels more restrained than the larger Royal Oaks that followed. The reference 14790ST is a particularly strong example of how little the fundamental Royal Oak formula needed to change in order to remain relevant decades after its introduction. Writer's Thoughts The Mark 2 dial is arguably the configuration that allows the proportions of the reference 14790ST to do most of the talking. The black Petite Tapisserie dial, narrow baton markers, and simple date window create a much quieter watch than the more unusual dial variations found within the same reference. That restraint works exceptionally well with the 36mm case because the integrated bracelet supplies plenty of presence without requiring a larger diameter. The recently polished exterior also presents the alternating brushed and polished surfaces particularly well, making this a very clean example of the classic neo-vintage Royal Oak formula. Our Promise Every watch is thoroughly vetted, carefully described with complete transparency, and guaranteed authentic. Each piece is offered in honest condition, ensuring collectors receive a timepiece that reflects both originality and integrity. Specifications Brand: Audemars Piguet Model: Royal Oak Reference: 14790ST Year: Circa 1990s Case Material: Stainless steel Case Size: 36mm Dial: Black Mark 2 Petite Tapisserie dial with applied baton hour markers Movement: Automatic Strap/Bracelet: A",Huntington Company,False
1990s Audemars Piguet Royal Oak Black Dual Time (Ref. 25730ST),Audemars Piguet,33900,https://huntingtoncompany.com/products/1990s-audemars-piguet-royal-oak-black-dual-time-ref-25730st,https://cdn.shopify.com/s/files/1/0553/8391/6727/files/DSF2466-2_03f3e350-5205-46ca-9684-5e0d7b4d8896.jpg?v=1788281097,"Worth A Read History and Significance The Royal Oak Dual Time is one of the more interesting complications found in the neo-vintage Audemars Piguet catalog. The reference 25730ST takes the familiar architecture of the Royal Oak and fits considerably more information into the same compact format without turning the watch into an oversized sports piece. At 36mm, the stainless steel case retains the proportions that make Royal Oaks from this period particularly elegant. The integrated bracelet, octagonal bezel, exposed screws, and alternating brushed and polished surfaces remain unmistakably Royal Oak, but the dial gives the watch an entirely different personality. The black dial combines a second time-zone display, date indication, power-reserve display, and small seconds within a surprisingly balanced layout. Each complication has its own defined area, creating an asymmetrical design that still feels deliberate rather than crowded. The tapisserie texture through the center provides a recognizable connection to the broader Royal Oak family, while the surrounding displays make the reference 25730ST immediately distinguishable from the simpler time-and-date models. There is a level of mechanical information here that rewards closer examination without sacrificing the fundamental geometry of the original design. Age has also begun to show in the luminous material on the dial. The lume displays visible signs of aging, giving the otherwise dark and monochromatic dial a warmer appearance in certain areas. Those changes are consistent with the age of the watch and add character to a Royal Oak that has now entered genuine neo-vintage territory. The dial remains attractive overall, with the complications, printing, and textured center retaining strong visual definition. The case has recently been polished and presents in very good overall condition. The brushing across the case and bracelet works particularly well against the polished bevels and bezel edges, preserving the contrast that is so important to the Royal Oak design. Combined with the black dial and compact 36mm dimensions, the watch feels substantially more restrained than many later complicated Royal Oaks. The reference 25730ST offers the functionality of a complicated travel watch in proportions that remain remarkably close to the elegant character of earlier Royal Oak models. Writer's Thoughts Complicated Royal Oaks became considerably larger over time, which makes the reference 25730ST especially appealing in retrospect. Fitting a second time zone, power reserve, date, and small seconds into a 36mm Royal Oak creates a watch with genuine mechanical interest without requiring additional wrist presence. The black dial is busy in the best possible way, with the tapisserie center anchoring several displays that reveal themselves gradually rather than all at once. The aging luminous material adds another layer of character and makes the watch feel appropriately connected to its 1990s production per",Huntington Company,False
1990s Audemars Piguet Royal Oak Tropical Dial (Ref. 56175ST),Audemars Piguet,33900,https://huntingtoncompany.com/products/1990s-audemars-piguet-royal-oak-tropical-dial-ref-56175st,https://cdn.shopify.com/s/files/1/0553/8391/6727/files/DSF9925-2.jpg?v=1785613558,"Worth A Read History and Significance There are tropical dials, and then there are dials that completely redefine a watch. Over decades of exposure to light and the chemistry of their original lacquer, certain vintage dials undergo transformations that could never have been predicted by the manufacturer. While many collectors casually refer to any faded dial as tropical, truly exceptional examples are extraordinarily uncommon. The finest don't simply change color. They develop entirely new personalities. This Royal Oak is one of those watches. Originally produced with a blue Petite Tapisserie dial, time has transformed it into an incredible blend of bronze, honey gold, and dark espresso tones. The result is a dial that appears different every time it catches the light, ensuring no two viewing angles ever feel exactly the same. Unlike modern patinated finishes that attempt to imitate age, this is something nature created over decades. It cannot be replicated, restored, or ordered from a catalog. It is entirely unique to this watch, making the reference as much a one-of-one piece of history as it is a Royal Oak. Writer’s Thoughts Every now and then a watch arrives that immediately demands your attention before you even look at the reference number. That was exactly the case with this Royal Oak. The dial is simply unbelievable. What began life as blue has naturally shifted into warm golden tones framed by rich brown edges, creating one of the most dramatic tropical dials we've encountered on an Audemars Piguet. The transformation is remarkably even and incredibly attractive, giving the watch a warmth that contrasts beautifully against the cool steel case. It feels completely organic, the kind of aging collectors spend years searching for but rarely find. Beyond the dial, the 56175ST remains a very honest example. The case presents beautifully, the bracelet remains solid, and only minor lume loss on one hand reminds you that this watch has lived an authentic life over the past several decades. References like the Audemars Piguet 56175ST are already icons in their own right, but when paired with a naturally tropical dial of this caliber, they become something far more individual. It is one of those rare watches where the passage of time has only made it more compelling. Our Promise Every watch is thoroughly vetted, carefully described with complete transparency, and guaranteed authentic. Each piece is offered in honest condition, ensuring collectors receive a timepiece that reflects both originality and integrity. Specifications Brand: Audemars Piguet Model: Royal Oak Year: Circa 1990s Case Material: Stainless steel Case Size: 33mm Dial: Original tropical Petite Tapisserie dial, naturally aged from blue to golden bronze Movement: Quartz Strap/Bracelet: Factory stainless steel Royal Oak bracelet Buckle/Clasp: Factory Audemars Piguet folding clasp Contents: Watch only Condition Case: Stainless steel case presents very well with honest signs of wear cons",Huntington Company,False
2025 Czapek Antarctique Passage de Drake Sahara Night,Czapek,33300,https://huntingtoncompany.com/products/czapek-antarctique-passage-de-drake-sahara-night,https://cdn.shopify.com/s/files/1/0553/8391/6727/files/DSF1350.jpg?v=1766117091,"Worth A Read History & Significance Czapek’s Antarctique line is where the brand leaned fully into the modern, integrated-bracelet sports watch category, but with a very Czapek approach: strong finishing, a dial with real depth, and an in-house micro-rotor calibre that keeps the case slim. The Passage de Drake is the time-only core of that family, and it is the one that best shows off the dial work and the profile of the case. The Sahara Night edition is part of a pair of limited releases inspired by desert landscapes, with this version taking the “night sky” direction in deep blue. It keeps Czapek’s registered “Stairway to Eternity” trapezoidal motif, which gives the dial a three-dimensional stamped texture that shifts in the light. For the first time in this configuration, Czapek adds applied Eastern-Arabic numerals at 12, 3, and 9, and carries that theme onto the date disc at 6. Under the hood is the calibre SXH5, Czapek’s in-house automatic with a platinum micro-rotor. It is designed to be both visually impressive through the display back and practical for daily wear, pairing a 60-hour power reserve with a slim case and a 120-meter water resistance rating. This Sahara Night is limited to 25 pieces. Writer’s Thoughts This is a strong modern alternative if you like the integrated-bracelet category but want something less common than the usual names. The dial texture does most of the talking in person, and the Eastern-Arabic numerals give it a clear identity without feeling like a novelty. In a brand new, complete set configuration, it checks the boxes for both collecting and wearing. Our Promise Every watch we offer is fully vetted, described with complete transparency, and guaranteed authentic. This Czapek is carefully inspected and presented with originality intact, a true representation of our commitment to quality and trust. Specifications Brand: Czapek Model: Antarctique Passage de Drake Sahara Night Year: 2025 Case Material: Stainless steel Case Size: 40.5 mm Dial: Deep blue with “Stairway to Eternity” pattern and Eastern-Arabic numerals Crystal: Sapphire Movement: Automatic micro-rotor Strap: Integrated stainless steel bracelet Buckle/Clasp: Stainless steel clasp Contents: Complete set Condition Case: Brand new stainless steel case with factory brushing and polishing intact. Bezel: Polished bezel in brand-new condition. Crystal: Sapphire crystal is clean and free of marks. Dial: Deep blue textured dial in flawless condition with applied numerals. Hands: Original hands in perfect condition. Strap: Integrated stainless steel bracelet in brand new condition. Buckle/Clasp: Clasp is clean and unused.",Huntington Company,False
A. Lange & Söhne 1815 Blue Dial - Box and Papers (Ref. 206.027),A. Lange & Sohne,32900,https://huntingtoncompany.com/products/a-lange-sohne-1815-blue-dial-box-and-papers-ref-206-027,https://cdn.shopify.com/s/files/1/0553/8391/6727/files/DSF0515-2_bb73941e-5f59-4375-b673-cdc460277589.jpg?v=1787102800,"Worth A Read History and Significance When A. Lange & Söhne returned to watchmaking in 1994, the company did not attempt to recreate Swiss watchmaking in Germany. Instead, it revived a distinctly Saxon approach, with three-quarter plates, hand-finished movements, screwed gold chatons, hand-engraved balance cocks, and finishing that made the movement as important as the dial. The 1815 represents that philosophy in its purest form. There are no oversized displays or unusual complications here. Reference 206.027 is a traditional time-only dress watch, but reducing the watch to its basic functions puts considerably more attention on proportion and finishing. The white gold case is paired with one of the most desirable configurations for the model: a rich blue dial with applied white gold markers and subsidiary seconds at six. Turn it over, and the personality changes completely. The exhibition caseback reveals the manually wound Lange movement, where the restrained design of the dial gives way to the elaborate finishing for which the manufacture became famous. The broad German silver three-quarter plate, heat-blued screws, gold chatons, and hand-finished components make the back of the watch every bit as interesting as the front. It is one of the reasons early and understated Lange watches have become so compelling to collectors. The complexity isn't there to attract attention from across the room. It is there for the owner. The reference 206.027 captures what A. Lange & Söhne does exceptionally well. It looks simple until you begin paying attention. Writer's Thoughts White gold and blue might be the best combination for a 1815. From the wrist, this A. Lange & Söhne is incredibly restrained. The white metal case doesn't announce itself as precious metal, while the blue dial gives the watch enough color to keep it from becoming overly formal. That contrast is really the entire appeal. The front is almost austere, while the movement is filled with the kind of tiny finishing details you can spend an unreasonable amount of time examining. The display caseback isn't an afterthought on a Lange. It is a major reason you buy one. This example retains its original strap and buckle and is accompanied by its box and papers, making an already desirable 1815 configuration considerably more complete. Our Promise Every watch is thoroughly vetted, carefully described with complete transparency, and guaranteed authentic. Each piece is offered in honest condition, ensuring collectors receive a timepiece that reflects both originality and integrity. Specifications Brand: A. Lange & Söhne Model: 1815 Reference: 206.027 Case Material: 18k white gold Dial: Blue dial with applied hour markers and subsidiary seconds Movement: Manual wind Strap/Bracelet: Original A. Lange & Söhne leather strap Buckle/Clasp: Original A. Lange & Söhne white gold buckle Contents: Box and papers Condition Case: White gold case presents beautifully with strong proportions and light signs of wear ",Huntington Company,False
2004 A. Lange & Söhne Saxonia Oversized Date Blue - Box and Papers (Ref. 105.027),A. Lange & Sohne,31900,https://huntingtoncompany.com/products/2004-a-lange-sohne-saxonia-blue-box-and-papers-ref-105-027,https://cdn.shopify.com/s/files/1/0553/8391/6727/files/DSF4052_c255bc70-fc36-42cd-a1b6-3a9acb36ef0b.jpg?v=1789773705,"Worth A Read History and Significance The Saxonia is one of the clearest expressions of what A. Lange & Söhne was trying to accomplish after the manufacture returned in the 1990s. The early catalog did not need dozens of collections to establish an identity. Instead, watches like the Lange 1, Arkade, Tourbillon Pour le Mérite, and Saxonia introduced a very specific kind of German watchmaking, one rooted in traditional Glashütte construction but presented as something genuinely contemporary. The reference 105.027 belongs to that formative generation. The oversized date is an important part of modern Lange history. Inspired by the five-minute digital clock at Dresden's Semper Opera House, the display uses two separate apertures to create numerals dramatically larger than a conventional date wheel could accommodate. It became one of the defining signatures of the revived manufacture almost immediately. On the Saxonia, the complication feels particularly striking because the rest of the dial remains so restrained. The blue dial is where the reference 105.027 becomes considerably more distinctive. Early Lange is often imagined through silver dials and precious-metal cases, so the deep blue changes the personality without disrupting the restraint of the Saxonia design. Paired with white gold, the combination feels cool and almost severe at first. Then the applied markers and subsidiary seconds begin to catch the light, and the simplicity becomes much more expressive. Turn the watch over and the other half of the Saxonia story appears. Lange was instrumental in making the movement something owners were expected to admire, even on a simple time-only watch. Traditional Glashütte architecture, elaborate finishing, and the visual depth of a manually wound caliber turn the caseback into something every bit as considered as the dial. The movement is not hidden technical machinery. It is fundamental to the identity of the watch. That is a large part of why early A. Lange & Söhne has developed such a devoted following. These watches come from the period when the modern language of the manufacture was still being established, and the Saxonia shows just how complete that language already was. The reference 105.027 does not need one of Lange's famous complications to make the point. It is a simple watch executed with an almost unreasonable amount of care. Writer's Thoughts This is the kind of Lange that makes early examples so addictive. The blue dial, white gold case, and oversized date provide plenty of personality, but nothing feels excessive. At 34mm, the 105.027 allows the dial architecture to do the talking rather than relying on physical size for presence. The result feels elegant, slightly unusual, and unmistakably A. Lange & Söhne. The oversized date is the detail that really makes the watch. It should almost feel too large for such a restrained design, yet somehow it becomes the element that holds everything together. Pairing that display with the blue d",Huntington Company,False
Audemars Piguet Royal Oak White Dial (Ref. 14790ST),Audemars Piguet,28900,https://huntingtoncompany.com/products/audemars-piguet-royal-oak-white-dial-ref-14790st,https://cdn.shopify.com/s/files/1/0553/8391/6727/files/DSF3907.jpg?v=1789770258,"Worth A Read History and Significance The reference 14790ST occupies an important place in the Royal Oak family. At 36mm, it preserves the compact proportions that defined many of the earlier Royal Oak references while still offering the practicality of an automatic movement and date display. The smaller case gives the watch a distinctly different character from the larger Royal Oaks that followed. It feels closer to the restrained proportions associated with the earlier decades of the collection. The design remains unmistakably Royal Oak from almost any angle. The octagonal bezel, exposed screws, integrated bracelet, and sharply defined case geometry create a watch in which the bracelet and case function as a single design. A white tapisserie dial keeps this example especially clean, allowing the architecture of the case and bracelet to take greater visual importance. The monochromatic combination of steel and white also makes the reference 14790ST unusually versatile. A 36mm Royal Oak also wears very differently from its measurements on paper. The integrated bracelet and broad case give the watch considerably more wrist presence than a conventional round 36mm watch. At the same time, the thinner proportions keep the design elegant rather than oversized. That combination is a major part of the appeal of the reference 14790ST. This particular example has been recently polished and presents in phenomenal condition. The finishing appears exceptionally clean throughout, with the alternating brushed and polished surfaces giving the case and bracelet the contrast that is fundamental to the Royal Oak design. There are no visible signs of wear to distract from the overall presentation. For a watch built around precise geometry and surface finishing, that condition makes an immediate difference. The reference 14790ST has increasingly become a compelling choice for collectors drawn to traditionally sized Royal Oaks. It delivers the essential design language without requiring the larger dimensions of later generations. The white dial gives this example an especially crisp and understated appearance. Combined with its exceptionally clean presentation, the result is a Royal Oak that feels equally suited to collecting and regular wear. Writer’s Thoughts There is something particularly satisfying about a Royal Oak at 36mm. The proportions allow the original idea behind the design to come through without the watch becoming visually dominant, yet the integrated bracelet still gives it plenty of presence. The reference 14790ST feels refined in a way that many larger sports watches simply do not. The white dial makes that restrained character even stronger. This configuration also demonstrates how much the Royal Oak depends on finishing rather than decoration. Brushed steel, polished edges, the octagonal bezel, and the integrated bracelet provide nearly all of the visual interest needed. A clean example of the reference 14790ST allows those details to remain the f",Huntington Company,False
1990s Audemars Piguet Royal Oak Black Military Dial (Ref. 14790ST),Audemars Piguet,27900,https://huntingtoncompany.com/products/1990s-audemars-piguet-royal-oak-black-military-dial-ref-14790st,https://cdn.shopify.com/s/files/1/0553/8391/6727/files/DSF2305-2.jpg?v=1787880425,"Worth A Read History and Significance The Audemars Piguet Royal Oak reference 14790ST has become one of the most interesting places to look within the neo-vintage Royal Oak family. At 36mm, it retains the thin proportions and compact feeling that made earlier Royal Oaks so elegant, while still having enough presence to feel unmistakably like a sports watch. This particular example takes that formula in an entirely different direction with the highly recognizable Mark 1 military dial. Instead of the traditional tapisserie pattern most collectors associate with the Royal Oak, the dial is deep black with oversized luminous Arabic numerals, giving the watch an unexpectedly utilitarian character. These early military dials are especially distinctive because of how dramatically they change the personality of the 14790ST. The large Arabic numerals dominate the dial, while the simple luminous hands and minute track make the watch extremely legible. Against the brushed steel case and integrated bracelet, the black dial feels almost severe compared with a conventional Royal Oak. It is one of those small-production variations that makes you look twice even if you already know the reference well. This example is a Mark 1 configuration from the 1990s and shows some honest aging to the luminous material. There is visible lume loss and wear around the plots at approximately one, two, three, and four o'clock. Rather than hiding that, we think it is an important part of understanding the condition of an uncommon dial like this. The remaining luminous material has also taken on some age, giving the otherwise monochromatic dial a bit more character. The case has recently been polished and presents in very nice condition, with the Royal Oak's combination of brushed surfaces and polished bevels showing clearly throughout. At 36mm, the reference 14790ST also represents a proportion of Royal Oak that has become increasingly difficult to find in the modern catalog. Put everything together and this is not simply another neo-vintage Royal Oak. It is a genuinely unusual version of one, with a dial that gives the familiar Gérald Genta design an entirely different identity. Writer's Thoughts There are plenty of Royal Oaks that I like, but the military-dial 14790 has always felt like something separate from the rest of them. You still have everything that makes a Royal Oak recognizable from across the room, yet the moment you get close, the dial completely changes the watch. The oversized numerals almost feel wrong inside such an elegant case, and that contrast is exactly what makes it interesting. I also think 36mm is one of the best sizes Audemars Piguet ever used for this design. There is wear and some loss to the lume plots, especially between one and four o'clock, and those details are plainly visible. The case, on the other hand, has recently been polished and presents extremely well, so there is an interesting contrast between the aged dial and refreshed exterior. If I",Huntington Company,False
1980 Rolex Day-Date Tropical Purple Dial - Papers (Ref. 18038),Rolex,25900,https://huntingtoncompany.com/products/1980-rolex-day-date-tropical-purple-dial-papers-ref-18038,https://cdn.shopify.com/s/files/1/0553/8391/6727/files/DSF1284_08e45550-9ae9-4b92-a105-a686e6770d13.jpg?v=1787872548,"Worth A Read History and Significance There are tropical dials that require an explanation, and then there are dials that make you stop before you even know what watch you're looking at. This 18038 belongs firmly in the second category. The dial began life blue. More than four decades later, large portions have transformed into a remarkable mixture of purple, brown, burgundy, and traces of the original blue. The change is dramatic, but what makes it especially interesting is the variation across the surface. Different areas react differently to the light, allowing some of the original color to reveal itself while other portions appear almost chocolate brown. It is the sort of aging that could never be reproduced exactly because it was never supposed to happen in the first place. Reference 18038 itself represents an important evolution of the Day-Date. Rolex retained the traditional 36mm solid-gold proportions of the earlier 1803 while introducing a sapphire crystal and quickset date. It feels distinctly vintage on the wrist, but considerably more practical to own and set than the generation that preceded it. Normally, those technical details would form the story of an 18038. Here, they are secondary. This watch is about what happened to that blue dial between 1980 and today. Rolex made plenty of blue-dial Day-Dates. Time made this one. Writer's Thoughts The transformation is insane in person. Calling it brown isn't accurate, and calling it purple isn't either. Depending on the angle, this Rolex moves between both colors with flashes of the original blue still visible underneath. The applied gold markers and hands sit over the changing surface and make the warmth of the dial even more pronounced. Condition helps tremendously. The 18k yellow gold case appears unpolished or possibly very lightly polished once in its life, with thick lugs and strong definition remaining throughout. That is exactly what we want surrounding a dial this special. If the case had been heavily refinished, some of the magic would be lost. This reference 18038 is a good reminder that the best vintage Day-Dates aren't necessarily the rarest configurations on paper. Sometimes decades of aging create a watch Rolex could never have sold you new. Our Promise Every watch is thoroughly vetted, carefully described with complete transparency, and guaranteed authentic. Each piece is offered in honest condition, ensuring collectors receive a timepiece that reflects both originality and integrity. Specifications Brand: Rolex Model: Day-Date Year: 1980 Case Material: 18k yellow gold Case Size: 36mm Dial: Original blue dial naturally tropicalized to purple and brown tones Movement: Automatic Strap/Bracelet: Original President bracelet Buckle/Clasp: Hidden Rolex clasp Contents: Watch with original Rolex warranty papers and accessories Condition Case: The 18k yellow gold case appears unpolished or possibly very lightly polished in the past. The lugs remain thick with strong overall definiti",Huntington Company,False
1960s Vacheron Constantin Royal Chronometer 'Batman' (Ref. 6694),Vacheron Constantin,24900,https://huntingtoncompany.com/products/vacheron-constantin-royal-chronometer-batman-ref-6694,https://cdn.shopify.com/s/files/1/0553/8391/6727/files/DSF5904-2.jpg?v=1776798876,"Worth A Read History and Significance The Royal Chronometer line represents an important chapter in Vacheron Constantin’s mid-century output, where the brand focused on producing high-grade automatic movements with chronometer-level performance in refined, wearable cases. Reference 6694 sits within that era, pairing a clean, balanced dial layout with a robust automatic caliber, often based on the respected K1072 architecture used across high-end Swiss watchmaking at the time. What makes this example stand out is the configuration. The applied markers and handset give it the nickname “Batman” among collectors, with the more angular, stylized shapes offering a subtle departure from the more traditional baton or dauphine designs typically seen on these references. It feels slightly more modern without losing the restraint expected from Vacheron Constantin. Even more notable is the presence of the original 18k gold bracelet. These were produced in far smaller numbers than their leather strap counterparts, and surviving examples are increasingly uncommon. When found together with the watch, it significantly changes how the piece wears and how it is understood as a complete object from the period. Writer’s Thoughts On leather, it would read as a classic dress watch. On the original gold bracelet, it becomes something much more substantial, closer to a full design statement from the era. The dial details keep it interesting, especially the marker shapes, but it is really the overall presence on wrist that makes it stand out. Our Promise Every watch is thoroughly vetted, carefully described with complete transparency, and guaranteed authentic. Each piece is offered in honest condition, ensuring collectors receive a timepiece that reflects both originality and integrity. Specifications Brand: Vacheron Constantin Model: Royal Chronometer (Ref. 6694) Year: Circa 1960s Case Material: 18k Yellow Gold Case Size: 35mm Dial: Silver sunburst with applied gold indices and stylized markers Movement: Automatic chronometer-grade movement Strap/Bracelet: Original 18k yellow gold bracelet Buckle/Clasp: Integrated 18k clasp with Vacheron cross motif Contents: Watch only Condition Case: Strong overall with light surface wear consistent with age. Edges remain well defined, and the case looks unpolished. Light hairlines present throughout. Dial: Clean and original with a consistent silver tone. Light spotting visible under certain angles, typical for the period, but overall well preserved with intact printing and applied markers. Hands: Original and matching, showing light wear and aging consistent with the dial. Crystal: Light surface wear visible. Bracelet: Original 18k bracelet showing surface wear and light stretch consistent with age. Structure remains solid with good overall integrity and is still uncut. Clasp engravings remain visible.",Huntington Company,False
Early 1970s Cartier Tortue Extra Plate Beads Of Rice,Cartier,23900,https://huntingtoncompany.com/products/early-1970s-cartier-tortue-extra-plate-beads-of-rice,https://cdn.shopify.com/s/files/1/0553/8391/6727/files/DSF3275-2.jpg?v=1789169711,"Worth A Read History and Significance The Tortue is one of the foundational shapes in Cartier’s watchmaking history. Created well before the Tank became the house’s defining wristwatch, its curved, almost stretched silhouette showed how early Cartier understood that a wristwatch did not have to begin with a round case. Even among shaped Cartier watches, the Tortue has always occupied its own corner of the catalog. It is recognizable without relying on the visual language that made the Tank famous. The Extra Plate takes that idea in an even more interesting direction. Rather than adding complication or ornament, Cartier pursued thinness, pairing the Tortue case with an ultra-thin Frédéric Piguet movement. That relationship is important because it represents a very Cartier approach to watchmaking: the mechanics serve the shape rather than becoming the visual centerpiece. There is serious traditional watchmaking underneath, but none of it interrupts the elegance of the object. This example appears to come from a particularly early chapter of that story. Most collectors encountering vintage Tortue Extra Plate watches will become familiar with the reference 96069 and 96081 and their more recognizable lacquer dial executions. This watch predates that familiar formula. The serial engraving does not begin with a reference number, and two other known examples with the same engraving format have surfaced only a few serial numbers apart. The dial is another clue, differing from the classic lacquer dials associated with the majority of the later examples. Taken together, those details make this a fascinating look at the Tortue Extra Plate before the model seems to have settled into the configuration collectors now recognize. The factory beads-of-rice bracelet adds another layer to the watch. Cartier has always existed somewhere between watchmaking and jewelry, and putting the Tortue on a finely articulated gold bracelet makes that relationship especially obvious. The case no longer feels like a watch head simply attached to a strap; the entire piece becomes one continuous design. It is a configuration that feels unmistakably vintage Cartier and gives the Extra Plate an entirely different personality from the examples most often encountered on leather. Writer's Thoughts The best vintage Cartier watches tend to have some mystery left in them, and this Tortue has exactly that. The early serial format and unusual dial invite comparison with other examples rather than providing an immediate, neatly packaged answer. Finding two watches only a few serials away with the same characteristics makes the whole thing even more compelling. It feels like discovering a small transitional group within a model that already does not appear very often. Then there is the bracelet. The Tortue is naturally elegant, but the beads of rice makes it feel slightly eccentric in the best possible way. It turns an already unusual Cartier into something that feels much closer to a piece of",Huntington Company,False
2000s A. Lange & Söhne Langematik Oversized Date (Ref. 308.021),A. Lange & Sohne,21900,https://huntingtoncompany.com/products/a-lange-sohne-langematik-oversized-date-ref-308-021,https://cdn.shopify.com/s/files/1/0553/8391/6727/files/DSF4618.jpg?v=1790388659,"Worth A Read History and Significance The Langematik represents one of the most interesting chapters from the early years of the modern A. Lange & Söhne. After the manufacture was revived in 1994, much of the attention naturally centered on watches such as the Lange 1, but the Langematik demonstrated how Lange would approach the automatic dress watch. The reference 308.021 combines the familiar oversized date with a restrained dial and the sort of mechanical solution that made the reborn manufacture so compelling. It is unmistakably Lange without simply repeating the formula of the Lange 1. Inside the reference 308.021 is the automatic caliber L921.4, better known as the Sax-O-Mat. Rather than obscuring the movement beneath a conventional full-sized rotor, Lange used a three-quarter platinum-weighted micro-rotor that leaves much of the architecture visible. The result is an automatic movement that still provides the visual experience normally associated with a finely finished manual-wind caliber. It is a particularly satisfying solution from a manufacture that has always treated the movement as an equally important side of the watch. The most interesting feature, however, is the Zero-Reset mechanism. Pulling the crown stops the movement and instantly returns the seconds hand to zero, making precise synchronization considerably easier. It is one of those complications that sounds almost unnecessary until the mechanism is understood, after which it becomes difficult not to appreciate the thought behind it. Rather than adding another display to the dial, Lange engineered additional complexity into the movement to improve the simple act of setting the time. That philosophy says a great deal about early modern Lange. The reference 308.021 does not need an obviously complicated dial to demonstrate what is happening underneath it. The oversized date provides the recognizable visual signature, while the Sax-O-Mat and Zero-Reset mechanism supply the mechanical character. The Langematik can consequently appear quite conservative at first glance, only to become considerably more interesting once its movement is part of the conversation. At 37mm, the proportions belong to a particularly appealing period of modern German watchmaking. The Langematik has enough presence for its dial architecture to breathe without losing the formality expected from a traditional gold dress watch. More importantly, the reference 308.021 comes from the formative period when the modern identity of A. Lange & Söhne was still being established. That combination of restraint, inventive engineering, and exceptional movement architecture has made the early Langematik increasingly difficult to overlook. Writer's Thoughts The movement is the reason the reference 308.021 is so easy to love. Plenty of automatic dress watches are beautiful from the front, but turning this one over reveals exactly why early modern Lange has developed such a devoted following. The micro-rotor keeps the calibe",Huntington Company,False
2000s Patek Philippe Calatrava Travel Time (Ref. 5134G),Patek Philippe,20900,https://huntingtoncompany.com/products/2000s-patek-philippe-calatrava-travel-time-ref-5134g,https://cdn.shopify.com/s/files/1/0553/8391/6727/files/DSF9962-2.jpg?v=1786555049,"Worth A Read History and Significance A travel watch does not need a rotating bezel, oversized case, or colorful GMT hand. Patek Philippe proved that with the reference 5134G. At first glance, it is simply a beautifully proportioned white gold Calatrava. Look closer and the second hour hand, 24-hour indication, subsidiary seconds, and two discreet pushers on the left side of the case reveal something considerably more interesting. Those pushers allow the local hour hand to move independently in one-hour increments, making the Travel Time complication genuinely useful when crossing time zones without disturbing the minutes or home-time indication. What makes the 5134G particularly successful is how little attention it draws to its complexity. Patek Philippe managed to build a proper travel complication into a classical dress watch without allowing the mechanism to dictate the design. The result belongs to a period of the manufacture that feels increasingly appealing today, when complicated watches could still be relatively small, restrained, and designed primarily to disappear beneath a cuff. Writer’s Thoughts This is one of the easiest complicated Patek Philippe watches to actually live with. Reference 5134G gives you a complication you'll genuinely use, but nothing about the watch feels like it is trying to prove how complicated it is. White gold keeps the case discreet, while the silver dial and oversized applied three and nine give the Calatrava Travel Time enough personality that it never feels generic. The original Patek Philippe strap and white gold deployant are still present, which completes the watch beautifully. The 5134G is the sort of Patek that makes more sense after spending time with it than it does from a specification sheet. It is elegant enough to be a traditional dress watch, useful enough to become a travel companion, and unusual enough that you are unlikely to see another one across the room. Our Promise Every watch is thoroughly vetted, carefully described with complete transparency, and guaranteed authentic. Each piece is offered in honest condition, ensuring collectors receive a timepiece that reflects both originality and integrity. Specifications Brand: Patek Philippe Model: Calatrava Travel Time Year: Circa 2000s Case Material: 18k white gold Case Size: Approximately 37mm Dial: Silver dial with applied hour markers, dual-time display, 24-hour indication, and subsidiary seconds Movement: Manual wind Strap/Bracelet: Original Patek Philippe leather strap Buckle/Clasp: Original Patek Philippe 18k white gold deployant clasp Contents: Watch only Condition Case: White gold case presents exceptionally well with strong proportions and well-defined lugs. Light surface wear is present, consistent with careful use. Dial: Original silver dial is beautifully preserved with clean printing and well-defined applied markers. Hands: Original hands remain clean and well preserved. Crystal: Crystal presents cleanly with no notable distracti",Huntington Company,False
Audemars Piguet Tropical Royal Oak Tropical - Early Dial(Ref. 56303ST),Audemars Piguet,19900,https://huntingtoncompany.com/products/audemars-piguet-tropical-royal-oak-tropical-early-dialref-56303st,https://cdn.shopify.com/s/files/1/0553/8391/6727/files/DSF0372.jpg?v=1787104267,"Worth A Read History and Significance The early Royal Oak is one of those watches where the small details matter. Long before the model became the instantly recognizable icon it is today, Audemars Piguet was still refining how the Royal Oak would look, feel, and even how the brand itself would be presented on the dial and bracelet. This 56303ST is a particularly early example, retaining the early-style Audemars Piguet signature across its petite tapisserie dial and the early AP logo clasp on the bracelet. These details give the watch a distinctly different character from later Royal Oaks. More interesting still is the dial. What began as a dark dial has started to shift with age, developing a subtle tropical quality with warmer brown and bronze tones beginning to emerge throughout the tapisserie. It isn't an exaggerated tropical dial, and that's part of what makes it appealing. The change is subtle enough that the watch still reads as a dark-dial Royal Oak at first glance, but under the right light the warmth becomes immediately apparent. Writer's Thoughts This is exactly the type of Royal Oak we enjoy because its appeal isn't simply that it's an AP. It's the combination of early production details and natural aging that makes this particular watch interesting. The early dial typography and AP clasp are details collectors will appreciate, while the beginning stages of tropicalization give the dial a character that can't really be replicated. Against the heavily brushed steel case and integrated bracelet, those warmer tones work especially well. It's a Royal Oak that rewards a closer look. Our Promise Every watch is thoroughly vetted, carefully described with complete transparency, and guaranteed authentic. Each piece is offered in honest condition, ensuring collectors receive a timepiece that reflects both originality and integrity. Specifications Brand: Audemars Piguet Model: Royal Oak Reference: 56303ST Case Material: Stainless steel Dial: Petite tapisserie dial with early Audemars Piguet signature and subtle tropical aging Movement: Quartz Strap/Bracelet: Stainless steel integrated Royal Oak bracelet Buckle/Clasp: Early AP logo clasp Contents: Watch only Condition Case: The stainless steel Royal Oak case shows visible wear consistent with age and use, including scratches and marks throughout the brushed surfaces. The characteristic case geometry remains clearly defined. Dial: Original early-style petite tapisserie dial with the early Audemars Piguet signature. The dial has begun developing a subtle tropical appearance, with warmer brown and bronze coloration visible throughout portions of the textured surface. Hands: Original-style hands remain well preserved with age consistent with the dial. Crystal: Presents well overall with light signs of use visible under close inspection. Strap/Bracelet: Original integrated stainless steel Royal Oak bracelet showing surface wear and scratching consistent with age. Buckle/Clasp: Desirable early AP logo c",Huntington Company,False
1954 Rolex Datejust Turn-O-Graph Red OCC (Ref. 6309),Rolex,18900,https://huntingtoncompany.com/products/1954-rolex-datejust-turn-o-graph-red-occ-ref-6309,https://cdn.shopify.com/s/files/1/0553/8391/6727/files/DSF3925-2.jpg?v=1789775686,"Worth A Read History and Significance The reference 6309 sits at an especially interesting point in early Rolex history. Introduced in 1954 as the second generation of the Turn-O-Graph, it combined the rotating timing bezel concept with the Datejust format, creating an unusual bridge between Rolex's dress watches and the emerging tool watches of the period. The bezel allowed elapsed time to be measured without the mechanical complexity of a chronograph. This was happening just as Rolex was beginning to establish the design language that would soon define watches such as the Submariner and GMT-Master. The dial is what makes this particular reference 6309 especially compelling. ""Datejust"" is printed in red, immediately separating it from the far more familiar monochromatic Datejust dials that followed. Below it sits the early ""Officially Certified Chronometer"" text, commonly shortened by collectors to OCC. Together, the red Datejust signature and OCC text place the dial firmly within a fascinating transitional period of Rolex production, when many of the conventions associated with later Rolex watches had yet to become standardized. The roulette date wheel adds another wonderfully early detail. Even-numbered dates appear in red while odd-numbered dates appear in black, alternating color as the month progresses. It is a tiny feature, but exactly the kind of detail that makes early Datejust collecting so rewarding. Combined with the red Datejust signature, it gives the reference 6309 considerably more visual character than its restrained silver dial initially suggests. Then there is the construction itself. The early Brevet case belongs to the era of Rolex's larger ""Bubbleback"" automatics, giving the watch a very different physical character from the flatter Datejust cases that would follow. Surrounding the dial is the distinctive rotating bezel, executed here in 18k white gold and engraved with the timing scale that defines the Turn-O-Graph. The result feels experimental in the best possible way, almost as though several important Rolex ideas were being worked out within a single watch. The reference 6309 therefore represents far more than an unusual vintage Datejust. It comes from a brief period when the separation between Rolex's elegant Oyster watches and purpose-built sports watches was still being defined. The Turn-O-Graph took a recognizable Datejust and gave it genuine timing functionality, creating a combination that remains unusual even by modern standards. Add the Red Datejust dial, OCC signature, roulette calendar, early Brevet construction, and white gold bezel, and the individual details tell an unusually rich story about Rolex in the mid-1950s. Writer's Thoughts Early Rolex gets especially interesting when the watches do not fit neatly into the categories that exist today. The reference 6309 looks familiar enough to register immediately as a Datejust, but almost every closer look reveals something unexpected. The red printing, OCC dial",Huntington Company,False
Patek Philippe Rose Gold Calatrava (Ref. 5196R),Patek Philippe,18900,https://huntingtoncompany.com/products/patek-philippe-rose-gold-calatrava-ref-5196r,https://cdn.shopify.com/s/files/1/0553/8391/6727/files/DSF4042-2.jpg?v=1789774427,"Worth A Read History and Significance The reference 5196 is one of the clearest modern descendants of the original Calatrava idea. Its lineage traces directly back to the reference 96, the 1930s Patek Philippe that helped establish what a simple round dress watch could look like. The formula was remarkably spare: a round case, clean dial, small seconds, and almost nothing that did not serve a purpose. The reference 5196 takes that vocabulary and brings it into a more contemporary generation without losing the restraint that made the original so important. That connection is visible in the details. Long applied markers stretch toward the center of the dial, small seconds sit at six o'clock, and the dauphine hands provide just enough sharpness against an otherwise very quiet design. There is no date window and no additional complication trying to modernize the formula. Patek Philippe allowed the Calatrava to remain a Calatrava. The reference 5196R is also a good example of how much personality can come from a simple change of metal. Rose gold gives the familiar Calatrava architecture considerably more warmth and softness, particularly against the restrained dial. It feels traditional without looking old-fashioned. That distinction is important because the reference 5196 was never intended to be a vintage reissue, even if its design clearly acknowledges the watches that came before it. Perhaps the most interesting thing about the reference 5196 is how confidently little it offers. Modern watches are often asked to justify themselves with complications, unusual materials, or increasingly elaborate finishing visible from every angle. The 5196 makes almost the opposite argument. Its appeal is built around proportion, typography, and the idea that a beautifully executed time-only watch can still represent Patek Philippe at its most recognizable. Writer's Thoughts The reference 5196R is one of those watches that becomes better when there is nothing left to add. No date, no automatic rotor, no complication, and no attempt to make the Calatrava something it was never supposed to be. The rose gold gives it warmth, but the underlying design remains wonderfully disciplined. It feels like Patek Philippe understood exactly which parts of the original Calatrava formula were worth preserving and then resisted the temptation to interfere with them. That restraint is what makes the 5196R so lovable. It is not trying to prove anything on the wrist, and it does not need somebody across the room to recognize it. The enjoyment comes from the proportions, the small seconds, the dauphine hands, and the simplicity of the whole thing. Sometimes the most convincing Patek Philippe is the one doing the least. Our Promise Every watch is thoroughly vetted, carefully described with complete transparency, and guaranteed authentic. Each piece is offered in honest condition, ensuring collectors receive a timepiece that reflects both originality and integrity. Specifications Brand: ",Huntington Company,False
1990s Cartier Tank à Vis CPCP Guilloche Dial (Ref. 2484D),Cartier,18900,https://huntingtoncompany.com/products/1990s-cartier-tank-a-vis-cpcp-guilloche-dial-ref-2484d,https://cdn.shopify.com/s/files/1/0553/8391/6727/files/DSF7543-2.jpg?v=1779405569,"Worth A Read History and Significance The Cartier Collection Privée Cartier Paris, better known as CPCP, represents one of the most important modern eras of Cartier watchmaking. Introduced in the late 1990s, the collection was Cartier’s effort to revisit its most historically significant designs with higher-end mechanical movements, precious metal cases, and a level of finishing that differed substantially from the brand’s standard production offerings of the period. The Tank à Vis is among the more unusual and architectural executions within the CPCP line. Rather than the traditional smooth-sided Tank case, the design incorporates exposed screws at each corner, giving the watch a more industrial and technical appearance while still retaining the elegance that defines Cartier. The juxtaposition works remarkably well in person, especially in yellow gold where the polished bezel contrasts beautifully against the brushed case flanks. This example is particularly attractive due to its overall completeness and preservation. The guilloché dial remains extremely crisp with deep black Roman numerals and blued steel hands, while the original Cartier strap and matching deployant clasp further elevate the watch from a collecting standpoint. The manually wound movement also keeps the case profile exceptionally slim on the wrist, which is exactly how a Tank should wear. Writer’s Thoughts There is something very balanced about the Tank à Vis that makes it stand out even within the broader CPCP lineup. It feels slightly more modern and mechanical than a traditional Tank Louis, but still unmistakably Cartier. The proportions are excellent, the thin profile wears beautifully, and the exposed screws give it just enough edge without losing the refinement people want from a dress watch. Also, something no one talks about: you get the classic eagle beak lugs with the Tank à Vis. Our Promise Every watch is thoroughly vetted, carefully described with complete transparency, and guaranteed authentic. Each piece is offered in honest condition, ensuring collectors receive a timepiece that reflects both originality and integrity. Specifications Brand: Cartier Model: Tank à Vis CPCP (Ref. 2484D) Year: circa 1990s Case Material: 18k yellow gold Case Size: 22mm x 38mm Bezel: Fixed polished 18k yellow gold bezel with exposed screws Dial: Silver guilloché dial with Roman numerals Movement: Manual wind Strap/Bracelet: Original Cartier black strap Buckle/Clasp: Original Cartier 18k yellow gold deployant clasp Contents: Watch only Condition Case: Excellent overall condition with strong brushing and polishing throughout; light surface wear visible under close inspection, consistent with careful use. Dial: Excellent overall condition with crisp guilloché finishing, deep black printed numerals, and clean printing throughout. Hands: Original blued steel hands in excellent condition. Crystal: Clean overall, with no visible wear. Strap/Bracelet: Original Cartier black strap showing light",Huntington Company,False
Patek Philippe Calatrava Purple Tropical Dial - COA (Ref. 3601),Patek Philippe,17900,https://huntingtoncompany.com/products/patek-philippe-calatrava-purple-tropical-dial-coa-ref-3601,https://cdn.shopify.com/s/files/1/0553/8391/6727/files/DSF2537-3.jpg?v=1789176073,"Worth A Read History and Significance The reference 3601 belongs to a particularly interesting chapter of Patek Philippe’s dress watches. It has the familiar restraint of a Calatrava, but underneath is an ultra-thin automatic movement, allowing Patek to maintain the slim profile normally associated with a manually wound dress watch. That distinction matters. Automatic winding was convenient, but achieving it without turning an elegant watch into a thick one was a genuine technical exercise. That pursuit of thinness was an important part of high-end watchmaking during this period. The goal was not to make the mechanics visually impressive or to advertise complexity on the dial. Quite the opposite. Considerable mechanical effort went into making the watch appear simpler, slimmer, and more effortless. The reference 3601 is a good example of that philosophy: the sophistication is largely hidden from view. It also represents a type of Patek Philippe that can be easy to overlook today. There is no complication to define it, no oversized case, and no immediately obvious feature that explains the watch in a sentence. The appeal comes from the cumulative effect of the proportions, movement, dial, and the extraordinary level of restraint. These are watches that begin to make more sense as a collection becomes more focused rather than less. Then there is this particular dial. Originally blue and signed with the sigma marks associated with precious-metal dial furniture, it has aged into a remarkable purple tone. Tropical dials are usually discussed in the context of sports watches, where black can become brown or bezels can fade dramatically, but seeing that sort of transformation on a restrained Patek dress watch is an entirely different thing. It takes one of the most conservative forms in watchmaking and gives it an appearance that could never have been specified in a catalog. That is what makes vintage watches like this difficult to replicate. Another reference 3601 can be found, but another dial cannot simply be ordered with decades of aging already built into it. The original design and the passage of time have effectively collaborated on the finished watch. For a Calatrava, a watch family built around consistency and restraint, that bit of unpredictability is especially compelling. Writer's Thoughts A purple Patek Philippe Calatrava sounds like something that should not work. That is probably why this one works so well. The reference 3601 is fundamentally a very serious, restrained watch, and then the dial completely disrupts that expectation. It has gone from blue to a color that feels almost impossibly rich depending on the light, while still clearly belonging to an old Patek rather than looking intentionally flashy. That contrast is the whole appeal. There is proper ultra-thin Patek watchmaking underneath and classic Calatrava design around it, but the dial gives this particular watch an identity that another example of the same reference simply wi",Huntington Company,False
1990s Patek Philippe Gondolo Tonneau (Ref. 5030J),Patek Philippe,17900,https://huntingtoncompany.com/products/1990s-patek-philippe-gondolo-tonneau-ref-5030j,https://cdn.shopify.com/s/files/1/0553/8391/6727/files/DSF7240-2.jpg?v=1779387709,"Worth A Read History and Significance The Patek Philippe Gondolo line has always represented a different side of the brand compared to its more commonly discussed Calatravas, Nautiluses, and perpetual calendars. While many collectors associate Patek Philippe with round dress watches or sports references, the Gondolo collection focused heavily on shaped cases and early 20th century Art Deco influence. The reference 5030J is a strong example of that philosophy, combining a curved tonneau-style case with stylized Breguet numerals and an understated layout that feels distinctly Patek without relying on complicated design cues. Produced during the 1990s, the 5030J came during an era when Patek Philippe was still producing elegant shaped watches in relatively restrained quantities before larger modern case proportions became standard across the industry. At 34mm, the watch wears larger than the number suggests due to the elongated Gondolo case profile and broad dial opening. The white dial paired with black numerals gives the watch a very balanced appearance, while the stepped case construction and gently curved lugs help it sit comfortably on the wrist. One of the more appealing aspects of this reference is how versatile it feels despite being a formal shaped watch. The design has enough personality to stand apart from a traditional round dress watch while remaining understated and highly wearable. The curved case, slim profile, and warm yellow gold construction give the watch a distinctly 1990s Patek Philippe character that has aged exceptionally well. Writer’s Thoughts There is something very easy about this watch. A lot of shaped dress watches can feel overly delicate or too formal, but the 5030J manages to feel casual at the same time. The proportions are excellent, the case wears beautifully on the wrist, and the original strap and buckle make the watch feel complete in the way vintage and neo-vintage Patek Philippe pieces should. Our Promise Every watch is thoroughly vetted, carefully described with complete transparency, and guaranteed authentic. Each piece is offered in honest condition, ensuring collectors receive a timepiece that reflects both originality and integrity. Specifications Brand: Patek Philippe Model: Gondolo (Ref. 5030J) Year: circa 1990s Case Material: 18k yellow gold Case Size: 34mm Bezel: Smooth yellow gold bezel Dial: White dial with stylized numerals and date aperture at 3 o’clock Movement: Automatic Patek Philippe caliber Strap/Bracelet: Original brown alligator leather strap Buckle/Clasp: Original 18k Patek Philippe yellow gold buckle Contents: Watch only Condition Case: Excellent overall condition with light surface wear throughout, consistent with careful use; retains strong definition across the curved Gondolo case profile and lugs. Dial: Clean and well-preserved with crisp printing and no visible damage or discoloration. Hands: Excellent condition with light surface wear visible under magnification. Crystal: Clean wit",Huntington Company,False
1990s Patek Philippe Calatrava Breguet Dial (Ref. 5022J),Patek Philippe,17300,https://huntingtoncompany.com/products/1990s-patek-philippe-calatrava-breguet-dial-ref-5022j,https://cdn.shopify.com/s/files/1/0553/8391/6727/files/DSF4641_aed23094-84e0-451d-a73b-da08b5d7a1bd.jpg?v=1790389553,"Worth A Read History and Significance The reference 5022J is a reminder that even within the Calatrava family, Patek Philippe was willing to depart from the most familiar formula. Instead of the baton markers and restrained modernism associated with many Calatravas, the reference 5022 uses Breguet numerals to give the dial a far more traditional character. The result feels rooted in an earlier era of watchmaking without becoming a literal reproduction of an antique watch. It is an unusual balance of formality and personality from a collection often defined by restraint. Those Breguet numerals are the defining element. Their curved forms immediately soften the otherwise disciplined dial, while the white surface gives them enough space to remain the focus. Patek Philippe has used Breguet numerals sparingly across its history, and they tend to transform even the simplest watches into something more distinctive. On the reference 5022J, they provide almost all of the decoration the watch needs. The reference 5022 also comes from an interesting period for Patek Philippe dress watches. During the 1990s, the manufacture still produced traditionally proportioned watches that were designed around elegance rather than wrist presence. These pieces predate the gradual move toward larger contemporary Calatravas, and their proportions make them feel closely connected to the vintage watches that preceded them. That makes the reference 5022 an appealing bridge between vintage Patek Philippe and the modern catalog. There is very little visual excess here, but that is precisely the point. The reference 5022J relies on typography, proportion, and a few carefully chosen details rather than complication or novelty. It is recognizably a Calatrava while still having enough personality to stand apart from the more common executions of the family. For such a simple watch, there is a surprising amount to keep coming back to. Writer's Thoughts The Breguet numerals make this watch. Without them, the reference 5022J could easily disappear into the enormous history of simple yellow-gold Patek Philippe dress watches, but those numerals give it an identity immediately. They add just enough flourish to make the watch feel special without compromising what a Calatrava is supposed to be. It is elegant without becoming anonymous. There is also something increasingly appealing about this generation of Patek Philippe. The reference 5022J comes from a time when 33mm needed no explanation and a beautifully proportioned dress watch could simply be small, thin, and quiet. Nothing is trying to dominate the wrist. That restraint, paired with the slightly romantic Breguet dial, gives the watch an enormous amount of charm. Our Promise Every watch is thoroughly vetted, carefully described with complete transparency, and guaranteed authentic. Each piece is offered in honest condition, ensuring collectors receive a timepiece that reflects both originality and integrity. Specifications Brand: Pat",Huntington Company,False
Audemars Piguet Jules Audemars Breguet Chronograph - Early Example (Ref. 26100OR),Audemars Piguet,17300,https://huntingtoncompany.com/products/audemars-piguet-jules-audemars-breguet-chronograph-early-example-ref-26100or,https://cdn.shopify.com/s/files/1/0553/8391/6727/files/DSF2510-2.jpg?v=1788281932,"Worth A Read History and Significance The reference 26100OR comes from a very different side of Audemars Piguet than the Royal Oak watches that dominate the modern identity of the manufacture. Its round case, traditional chronograph layout, and highly stylized dial place the emphasis on classical watchmaking rather than integrated-bracelet sports-watch design. At 41mm, the case sounds substantial for a traditional chronograph, but the relatively short lugs keep the proportions controlled and allow the watch to sit compactly on the wrist. The result is a large dress chronograph that wears far more naturally than the diameter alone would suggest. The lacquer dial is the defining feature of this configuration. Oversized Breguet-style Arabic numerals are surrounded by multiple scales, with blue, black, and red printing creating an unusually dense but carefully organized display. Twin registers maintain the traditional chronograph symmetry, while the dramatic black hands give the dial enough visual strength to remain legible against all of that information. It is an expressive dial, but the classical typography and balanced architecture prevent it from feeling excessive. This particular example is also notable for being an earlier production watch. The rose gold alloy used on these earlier examples has a noticeably more yellow appearance than the warmer and redder rose gold commonly associated with later pieces. Audemars Piguet did not produce the reference 26100 in yellow gold, making these earlier cases particularly interesting for the distinctive color they achieve. The same warmer alloy appearance can be seen in the gold seconds hand, creating a subtle detail that helps distinguish the watch from later examples of the reference 26100OR. The case remains in mint overall condition and retains the crisp surfaces and proportions that give the design its presence. A new pebble-grain leather strap has been fitted, introducing a more casual texture against the highly polished precious-metal case. The original Audemars Piguet deployant clasp remains with the watch and preserves the correct factory hardware. Between the early gold alloy, Breguet numeral lacquer dial, unusual chronograph layout, and exceptional condition, the reference 26100OR represents an especially distinctive period of Audemars Piguet production. Writer's Thoughts The color of the case is what makes this particular reference 26100OR especially compelling. The earlier rose gold alloy reads much closer to yellow gold than later Audemars Piguet rose gold, giving the watch an appearance that was never formally offered as a yellow gold configuration. That warmer case color works particularly well with the white lacquer dial, dark Breguet numerals, and small red and blue accents throughout the scales. The 41mm measurement initially sounds large for this style of watch, but the short lugs keep the case remarkably contained and make the proportions far more wearable than expected. Our Promise E",Huntington Company,False
Audemars Piguet Jules Audemars Breguet Dial Chronograph (Ref. 26100OR),Audemars Piguet,17300,https://huntingtoncompany.com/products/audemars-piguet-jules-audemars-breguet-dial-chronograph-ref-26100or,https://cdn.shopify.com/s/files/1/0553/8391/6727/files/DSF2501.jpg?v=1788281731,"Worth A Read History and Significance The Jules Audemars collection represents the traditional side of Audemars Piguet, far removed from the angular cases and integrated bracelets that have come to define the manufacture in the modern era. The reference 26100OR takes that classical foundation and gives it considerably more presence through a 41mm rose gold case and an unusually expressive chronograph dial. Despite the stated diameter, the relatively short lugs keep the watch compact across the wrist and prevent the proportions from feeling excessive. The result is a substantial precious-metal chronograph that retains the formality expected from the Jules Audemars collection. The lacquer dial is where the reference 26100OR develops most of its personality. Large Breguet-style Arabic numerals sit among several concentric scales, while touches of red and blue introduce color without overwhelming the predominantly monochromatic display. Two recessed chronograph registers create symmetry across the lower half of the dial, and the dark hands provide enough contrast to remain legible against the various scales. There is an enormous amount of information present, yet the organization of the dial prevents the watch from feeling visually confused. Rose gold works particularly well with this configuration because the warmth of the case provides a strong contrast against the crisp lacquer dial. The gold accents visible from the front connect the dial back to the case, while the polished surfaces emphasize the rounded architecture of the Jules Audemars design. At 41mm, there is also enough dial space for the Breguet numerals and multiple scales to breathe rather than overlap visually. The shorter lugs remain an important part of the equation, allowing the case to wear considerably more naturally than the measurement might suggest. This example presents in mint condition and is fitted to a new pebble-grain leather strap with the original Audemars Piguet deployant clasp retained. The texture of the strap provides a slightly more relaxed counterpoint to the polished rose gold case while preserving the formality of the watch. Combined with the Breguet numeral lacquer dial and unusual chronograph architecture, the reference 26100OR offers an entirely different expression of Audemars Piguet from the manufacture’s better-known sports watches. It is a complicated dress watch whose personality comes equally from its dial, proportions, and rich rose gold case. Writer's Thoughts The reference 26100OR is a strong example of why Audemars Piguet should never be viewed exclusively through the Royal Oak. The lacquer dial has considerably more character than a conventional dress chronograph, with oversized Breguet numerals and layers of scales creating a design that feels almost like a vintage instrument enlarged into modern proportions. The rose gold case complements that complexity particularly well, adding warmth without competing with the typography and color found across",Huntington Company,False
2026 Bulgari Octo Finissimo 37mm - Box and Papers (Ref. 104089),Bvlgari,15900,https://huntingtoncompany.com/products/2026-bulgari-octo-finissimo-37mm-box-and-papers-ref-104089,https://cdn.shopify.com/s/files/1/0553/8391/6727/files/DSF9547.jpg?v=1785174462,"Worth A Read History and Significance Not every iconic watch has been around for fifty years. The Octo Finissimo reached icon status in little more than a decade because Bulgari approached modern watchmaking from an entirely different perspective. Rather than trying to recreate vintage designs or compete directly with established sports watches, the brand focused on architecture. Every surface, angle, and facet of the Octo case feels more like contemporary Italian design than traditional Swiss watchmaking. That philosophy extends well beyond the exterior. Since its introduction, the Finissimo collection has repeatedly broken world records for ultra-thin mechanical watchmaking, proving that technical innovation and modern aesthetics can exist together. The result is a watch that feels incredibly light on the wrist while maintaining remarkable presence through its geometric design. Reference 104089 perfectly captures everything that has made the collection so successful. At 37mm, it offers proportions that appeal to a wide range of wrists without sacrificing the unmistakable silhouette that has become synonymous with the Octo Finissimo. While trends within the luxury watch market continue to evolve, this is one of the few modern designs that already feels timeless. Writer’s Thoughts The first time you handle an Octo Finissimo, it's almost surprising how thin and light it feels. Yet despite those dimensions, it has incredible wrist presence because of the way Bulgari designed the case. Every edge catches light differently, giving the watch far more visual impact than its size would suggest. This particular reference 104089 is exactly what we'd hope to find. Purchased in April 2026, it remains in near mint condition and is accompanied by a true complete set with everything originally supplied by Bulgari. Whether you're already familiar with the Octo Finissimo or looking to experience one for the first time, this is the kind of example worth waiting for. Our Promise Every watch is thoroughly vetted, carefully described with complete transparency, and guaranteed authentic. Each piece is offered in honest condition, ensuring collectors receive a timepiece that reflects both originality and integrity. Specifications Brand: Bulgari Model: Octo Finissimo Year: 2026 Case Material: Titanium Case Size: 37mm Dial: Grey Movement: Automatic Strap/Bracelet: Integrated titanium bracelet Buckle/Clasp: Original Bulgari folding clasp Contents: Complete set Condition Case: Near mint with only the faintest signs of careful handling. Dial: Original dial in excellent condition. Hands: Original hands in excellent condition. Crystal: Clean and free of notable wear. Strap/Bracelet: Original integrated titanium bracelet in near mint condition. Buckle/Clasp: Original Bulgari folding clasp in near mint condition.",Huntington Company,False
A. Lange & Söhne Saxonia White Gold (Ref. 219.026),A. Lange & Sohne,15600,https://huntingtoncompany.com/products/a-lange-sohne-saxonia-white-gold-ref-219-026,https://cdn.shopify.com/s/files/1/0553/8391/6727/files/DSF8965_e87f874c-582c-454b-8888-563cf69a347f.jpg?v=1783443001,"Worth A Read History and Significance The Saxonia has always represented A. Lange & Söhne at its most restrained. While the Datograph and Lange 1 often receive the headlines, the Saxonia demonstrates that true watchmaking doesn't require visual complexity. Every proportion, every polished bevel, and every hand-finished component exists for a reason, resulting in one of the finest modern dress watches ever produced. Turn the watch over and the personality changes completely. Beneath the sapphire caseback sits one of the most beautifully finished manual movements in contemporary watchmaking. German silver bridges, hand-engraved balance cock, polished chatons, blued screws, and exceptional finishing transform the movement into something that deserves as much attention as the dial itself. At 35mm, the Saxonia also reflects Lange's confidence in traditional proportions. Rather than chasing larger case sizes, the watch wears exactly as a refined dress watch should. Elegant, comfortable, and understated, it remains one of the purest expressions of German horology. Writer’s Thoughts The A. Lange & Söhne Saxonia, ref. 219.026, perfectly captures why Lange has become one of the most respected names in modern watchmaking. From the front it's beautifully simple, but turning the watch over completely changes the experience as the movement becomes the centerpiece. It's the kind of watch that rewards quiet appreciation rather than demanding attention, and that's exactly what makes it so special. Our Promise Every watch is thoroughly vetted, carefully described with complete transparency, and guaranteed authentic. Each piece is offered in honest condition, ensuring collectors receive a timepiece that reflects both originality and integrity. Specifications Brand: A. Lange & Söhne Model: Saxonia (Ref. 219.026) Year: Circa 2000s Case Material: White gold Case Size: 35mm Dial: Silver Movement: Manual wind Strap/Bracelet: Original leather strap Buckle/Clasp: Original A. Lange & Söhne white gold buckle Contents: Watch only. Condition Case: The white gold case remains in excellent overall condition with crisp factory lines and only light signs of careful wear. Dial: The original silver dial remains exceptionally clean, with crisp printing and no blemishes aside from some edge wear. Hands: The original hands remain in excellent condition with clean surfaces and sharp finishing. Crystal: The sapphire crystal is clean overall with no scratches or distractions. Strap/Bracelet: The original Lange strap shows light wear consistent with age while remaining in very nice overall condition. Buckle/Clasp: The original white gold Lange buckle remains in excellent condition with light signs of careful use.",Huntington Company,False
1977 Rolex Submariner Maxi MK1 Dial Pre-Comex (Ref. 5513),Rolex,15300,https://huntingtoncompany.com/products/1977-rolex-submariner-maxi-mk1-dial-pre-comex-ref-5513,https://cdn.shopify.com/s/files/1/0553/8391/6727/files/DSF6873-2_25726adc-6a86-44fa-aafa-1a08a0c26b82.jpg?v=1778012859,"Worth A Read History and Significance The reference 5513 is one of the longest-running Submariner references, produced from the early 1960s through the late 1980s. Over that span, it saw a number of subtle dial and configuration changes, many of which have become highly collectible in their own right. Among them, the Maxi dial variants stand out as some of the most visually distinctive. The Mk. I Maxi dial represents the first of these larger lume configurations, characterized by noticeably bigger hour plots compared to earlier matte dials. This change improved legibility but also gave the watch a more balanced, bolder look. Paired with the simplicity of the two-line Submariner text, it creates a dial that feels both functional and well-proportioned. The fat font bezel insert complements the dial well, with its thicker numerals adding another layer of vintage character. Together, these details define the watch in a way that goes beyond the standard 5513, placing it firmly in a category that collectors actively seek out. Writer’s Thoughts The Mk. I Maxi dial is the highlight. The larger lume plots give the watch more presence without changing the overall proportions. It still feels like a classic Submariner, just slightly more expressive. The condition of the dial is what sets this example apart. It is rare to see one this clean, especially on a Maxi dial. The slight wear at the 1 o’clock marker is worth noting, but it does not take away from how strong the dial presents overall. The bezel insert has also started to fade evenly into grey. With the fat font insert and a well-preserved case, this is a very complete and honest example of a reference that continues to define vintage Rolex collecting. Our Promise Every watch is thoroughly vetted, carefully described with complete transparency, and guaranteed to be authentic. This Watch is presented in original condition, representing both timeless style and enduring quality. Specifications Brand: Rolex Model: Submariner (Ref. 5513) Year: 1977 Case Material: Stainless steel Case Size: 40mm Bezel: Fade black bezel with fat font insert Dial: Mk. I Maxi matte black dial with tritium lume Movement: Automatic Strap/Bracelet: Stainless steel Oyster bracelet Buckle/Clasp: Rolex folding clasp Contents: Watch only Condition Case: Strong overall case with defined edges; shows normal wear consistent with age and minimal evidence of previous polishing present. Dial: Mk. I Maxi dial in exceptional original condition; minimal aging with slight wear to the 1 o’clock minute marker. Hands: Matching lume with dial; consistent aging throughout. Crystal: Light wear visible consistent with use. Strap/Bracelet: Bracelet shows some stretch and surface wear consistent with age.",Huntington Company,False
Audemars Piguet Cobra White Gold (Ref. 14126BC),Audemars Piguet,14900,https://huntingtoncompany.com/products/audemars-piguet-cobra-white-gold,https://cdn.shopify.com/s/files/1/0553/8391/6727/files/DSF3946.jpg?v=1789774192,"Worth A Read History and Significance The Cobra belongs to a side of Audemars Piguet that tends to disappear behind the Royal Oak. Before integrated steel sports watches came to dominate the modern identity of the manufacture, Audemars Piguet produced an extraordinary variety of small, highly designed precious-metal watches. Many blurred the line between conventional watchmaking and jewelry, with the bracelet often receiving just as much attention as the dial or movement. The Cobra is one of the more distinctive results of that approach. Its defining feature is the bracelet. Rather than treating the bracelet as something attached to a separate watch case, the links flow directly into the watch and create a continuous piece of white gold around the wrist. The construction gives the Cobra its name, with the tightly articulated bracelet wrapping around the wrist almost like scales. It is an approach to integrated design that feels very different from the Royal Oak, despite both watches exploring the relationship between case and bracelet. The dark blue dial and factory diamond setting push the design even further into jewelry territory. Audemars Piguet was particularly good at making these elements feel like part of the architecture rather than additions made simply to increase luxury. The diamonds frame the dial, while the blue center provides a strong visual break from the white metal surrounding it. There is almost no conventional case shape left to separate the watch from the bracelet. Watches like the Cobra are also an important reminder of just how broad Audemars Piguet's design language once was. The manufacture could produce complicated traditional watches, experimental sports watches, and highly sculptural jewelry watches without any of them needing to resemble one another. Today, when Audemars Piguet is so closely associated with a single case shape, these earlier creations can feel almost surprising. That difference is precisely what makes them worth rediscovering. Writer's Thoughts The Cobra is the kind of Audemars Piguet that makes the brand's older catalog so much fun to explore. It is strange, elegant, and completely committed to its design. The bracelet does not feel like an accessory to the watch. It is the watch, with the dial almost appearing as a small interruption in a continuous piece of gold. The blue and white gold combination is especially good. Add the factory diamonds and the entire thing could easily become too much, but the tiny dial and slim profile keep it sophisticated rather than flashy. There is also something refreshing about an Audemars Piguet that has absolutely nothing to do with the Royal Oak. The Cobra shows a manufacture willing to be playful with form, and that is exactly what makes these lesser-known vintage AP watches so lovable. Our Promise Every watch is thoroughly vetted, carefully described with complete transparency, and guaranteed authentic. Each piece is offered in honest condition, ensuring collect",Huntington Company,False
2015 Jaeger-LeCoultre Grande Reverso Ultra Thin Duoface Bleu - Papers (Ref. Q378858J / 278.8.54),Jaeger-LeCoultre,14900,https://huntingtoncompany.com/products/jaeger-lecoultre-grande-reverso-ultra-thin-duoface-bleu-papers-ref-q378858j-278-8-54,https://cdn.shopify.com/s/files/1/0553/8391/6727/files/DSF3987_0014a2b8-cb79-4f44-b411-59e7155c0f04.jpg?v=1789771913,"Worth A Read History and Significance The Reverso began with a practical idea, but the rotating case eventually gave Jaeger-LeCoultre something far more interesting than a protective sports watch. It created a watch with two distinct surfaces and, eventually, the opportunity to display two entirely different personalities. The Duoface is one of the smartest uses of that architecture. Instead of treating the reverse as empty space for engraving, Jaeger-LeCoultre turned it into a second watch. The Grande Reverso Ultra Thin Duoface takes that concept and keeps the execution remarkably elegant. One side follows the more traditional Reverso language, while the reverse transforms into a darker and more contemporary display. Both are powered by the same mechanical movement, yet each face feels complete enough to stand on its own. The ability to move between them by simply rotating the case remains one of those mechanical interactions that never really gets old. This Boutique Edition becomes particularly memorable because of its blue reverse dial. Reversos are so strongly associated with silver and cream dials that a saturated blue display immediately changes the character of the watch. The color also works especially well within the Art Deco geometry of the case, making the reverse feel genuinely different rather than simply like an alternate version of the front. That contrast is exactly what the Duoface concept should accomplish. There is a lot of watchmaking packed into the idea without the watch ever feeling like it exists to show off complication. Two displays, two personalities, and the mechanical theater of the reversible case are all present, but the Reverso remains fundamentally elegant. That is an unusually difficult balance. The reference Q378858J is a good reminder that Jaeger-LeCoultre can make a complicated watch feel simple. Writer's Thoughts The Duoface might be the purest argument for owning a Reverso. Flipping the case has always been satisfying, but having something genuinely different waiting on the other side gives the action a reason beyond novelty. The blue dial makes that contrast even better. One side can feel unmistakably classic, then a quick rotation produces a watch with an entirely different mood. That is what makes this particular Reverso so easy to love. It is clever without becoming gimmicky, complicated without looking complicated, and unmistakably Jaeger-LeCoultre from either side. Very few watches can genuinely offer two personalities without either one feeling compromised. The Grande Reverso Ultra Thin Duoface manages it beautifully. Our Promise Every watch is thoroughly vetted, carefully described with complete transparency, and guaranteed authentic. Each piece is offered in honest condition, ensuring collectors receive a timepiece that reflects both originality and integrity. Specifications Brand: Jaeger-LeCoultre Model: Grande Reverso Ultra Thin Duoface Bleu Reference: Q378858J / 278.8.54 Year: 2015 Case Material:",Huntington Company,False
2006 Rolex GMT-Master II Faded Pepsi - Papers and Service Papers (Ref. 16710),Rolex,14900,https://huntingtoncompany.com/products/2006-rolex-gmt-master-ii-faded-pepsi-papers-and-service-papers-ref-16710,https://cdn.shopify.com/s/files/1/0553/8391/6727/files/DSF2374_d227dd04-32d3-4dd4-a2c0-a800422b45e8.jpg?v=1787881899,"Worth A Read History and Significance The Rolex GMT-Master II is one of the few watches that can evolve significantly while still remaining immediately recognizable, and the reference 16710 represents one of the final expressions of the traditional GMT formula. By 2006, the model had gained several practical updates while retaining the aluminum bezel, comparatively slim case, and proportions associated with earlier generations. This particular example features the familiar red and blue “Pepsi” bezel configuration, but decades of aging have transformed the original colors into something far more individual. The result sits at an appealing intersection between modern Rolex construction and the character normally associated with an older sports watch. The bezel insert is especially attractive. The red portion has faded toward a soft pink tone, while the blue has also mellowed from the deeper color originally seen when new. Aluminum inserts naturally develop differently depending on exposure and use, meaning two examples of the same age can eventually look completely different. On the reference 16710, that aging can become one of the most visually compelling aspects of the entire watch. This 2006 example also belongs to the later generation of the reference 16710, featuring a no-holes case and solid end links. Those details give the watch a more substantial and refined feeling than earlier examples while preserving the slimmer profile that disappeared with the ceramic GMT-Master II generation. The case appears unpolished, an especially desirable characteristic on a Rolex sports watch where repeated refinishing can gradually soften the original geometry. Strong case proportions combined with a naturally faded insert give this example a particularly attractive balance between preservation and age. Documentation further separates this watch from many examples on the market. The original Rolex papers remain with the watch, along with Rolex service papers documenting part of its history after the original sale. Those materials add useful context to a sports watch that is now roughly two decades old and make the overall package considerably more complete. Between the papers, later-case configuration, apparently unpolished condition, and beautifully faded Pepsi insert, the reference 16710 captures many of the qualities that make neo-vintage Rolex increasingly interesting. Writer's Thoughts The reference 16710 occupies an unusually appealing position in the history of the GMT-Master II. It has the convenience and construction of a relatively modern Rolex, including solid end links and the no-holes case on this example, but still has the aluminum insert and slimmer architecture that give older GMTs so much personality. The faded pink tone across the Pepsi insert makes this particular watch immediately distinguishable from a cleaner modern example. That combination creates a watch that can be worn every day while still possessing the individual aging collector",Huntington Company,False
1970s Cartier Tank Extra Plate - Box and Papers (Ref. 96065),Cartier,14600,https://huntingtoncompany.com/products/1970s-cartier-tank-extra-plate-box-and-papers-ref-96065,https://cdn.shopify.com/s/files/1/0553/8391/6727/files/DSF3332_c8370093-3d0a-41e9-a423-3721633b010e.jpg?v=1789174149,"Worth A Read History and Significance The Tank Extra Plate is Cartier reduced to almost nothing. There is no complication competing for attention and very little visual excess to hide behind. Instead, the entire watch depends on proportion: the relationship between the brancards and dial, the placement of the Roman numerals, the railroad minute track, and the way an exceptionally thin case sits against the wrist. It is a simple formula, but simplicity is exactly what makes these watches so difficult to get right. The reference 96065 belongs to a particularly interesting period of Cartier collecting. These watches came before the modern era of neatly organized collections and easily searchable reference histories, when Cartier's dress watches still retained much of the character associated with the earlier Paris-made pieces. The Extra Plate name was literal, describing watches built around thin movements and cases rather than functioning as another stylistic designation. That pursuit of thinness gave the Tank a different personality from more conventional executions. There is also something important about the reference 96065 as a reminder that vintage Cartier is not just about finding the most recognizable Tank Louis. Once the catalog is explored more deeply, small differences in proportion, construction, movements, and references begin to matter enormously. The Extra Plate occupies that more nuanced end of Cartier collecting. It looks familiar immediately, yet becomes increasingly specific the more closely it is studied. Writer's Thoughts This is the sort of Cartier that explains why a watch does not need to do very much to be special. The Tank shape is already one of the strongest designs in watchmaking, and making it thinner only emphasizes what was good about the design to begin with. There is an almost unreasonable elegance to how little watch is actually required. The reference 96065 is also appealing because it feels like something a collector arrives at rather than starts with. The differences are subtle, and that is the point. It takes the familiar Tank and makes the experience more about proportion and refinement than recognition. Among vintage Cartier, that quietness is incredibly appealing. Our Promise Every watch is thoroughly vetted, carefully described with complete transparency, and guaranteed authentic. Each piece is offered in honest condition, ensuring collectors receive a timepiece that reflects both originality and integrity. Specifications Brand: Cartier Model: Tank Extra Plate Reference: 96065 Year: Not specified Case Material: 18k yellow gold Case Size: 23mm x 30mm Dial: White Roman numeral dial Movement: Manual-wind Strap/Buckle: Original Cartier leather strap Buckle/Clasp: Original Cartier gold-plated buckle Contents: Box, booklets, warranty card, and two service booklets Condition Case: The case remains unpolished with strong original definition and sharp hallmarks. Dial: The dial is in mint condition with no cracks. Ha",Huntington Company,False
Panerai Luminor Black Seal Hunter Case (Ref. PAM00076),Panerai,13900,https://huntingtoncompany.com/products/panerai-luminor-black-seal-hunter-case-ref-pam00076,https://cdn.shopify.com/s/files/1/0553/8391/6727/files/DSF0527_af186e29-40f3-43b2-83c5-bbb60af27ad2.jpg?v=1787102551,"Worth A Read History and Significance Panerai built its modern identity around function. Oversized cases, highly luminous dials, locking crown guards, and military-inspired design were all meant to make the watches feel like instruments. The PAM00076 takes that formula and adds something completely unexpected: hand engraving. Limited to just 300 pieces, the PAM00076 features an elaborate hand-engraved hunter cover decorated with scrolling motifs across its surface. The ornate workmanship feels almost at odds with the industrial Luminor case surrounding it, and that contrast is precisely what makes the reference so interesting. Panerai took one of its most recognizable tool-watch designs and introduced a form of decoration more commonly associated with traditional engraved pocket watches and highly ornamental watchmaking. From the front, the watch is unmistakably Panerai. The 44mm steel case, crown-protection bridge, black dial, oversized luminous numerals, and subsidiary seconds at nine are all familiar. It isn't until you interact with the hunter cover that the personality of the watch begins to change. This particular example also comes with something especially unusual: an additional blank front hunter case display. Rather than another caseback, it is a separate blank hunter-style front cover/display piece without the elaborate engraving found on the watch. Having both allows you to see the contrast between the undecorated component and the painstaking hand engraving used to create the finished piece. The completeness doesn't end there. Boxes, papers, booklets, an additional strap, the blank hunter display, and the accompanying accessories have remained together. On a limited edition of only 300 watches, preserving all of these individual components makes the set considerably more compelling. Writer's Thoughts There are certain Panerais where the limited-edition designation feels like little changes. The PAM00076 is not one of them. The hand-engraved hunter cover completely changes the experience of the watch. You still have everything that makes a Luminor immediately recognizable, but then you encounter this incredibly ornate piece of metalwork attached to what is fundamentally a large military-inspired sports watch. It shouldn't necessarily make sense, which is exactly why we like it. What makes this example particularly fun is the additional blank front hunter case display included with the set. Seeing the undecorated piece alongside the finished hand-engraved cover gives you a much better appreciation for how much work went into the final design. And then there is the completeness. This reference was limited to only 300 examples, and this one comes with the kind of crazy set we hope to find: its boxes, papers, booklets, extra strap, accessories, and the additional blank hunter display. For a collector who cares about having all of the unusual pieces that originally accompanied a limited-production Panerai, this PAM00076 is a fantastic pack",Huntington Company,False
2021 Rolex Datejust Two Tone Motif Dial - Box and Papers (Ref. 126203),Rolex,13900,https://huntingtoncompany.com/products/2021-rolex-datejust-two-tone-motif-dial-box-and-papers-ref-126203,https://cdn.shopify.com/s/files/1/0553/8391/6727/files/DSF4774_a135238a-e029-4c89-baf1-62042c2ee1bf.jpg?v=1773370031,"Worth A Read History and Significance The ref. 126203 represents the modern evolution of the two-tone Datejust, pairing a smooth yellow-gold bezel with an Oystersteel case and an updated movement. While most two tone Datejusts are ordered with a fluted bezel, the smooth bezel configuration is less common and gives the watch a more contemporary feel. The champagne motif dial is also an uncommon variant within the current catalog, adding a distinctive texture that sets it apart from the traditional sunburst champagne tone. This example retains its original factory finish and shows honest wear from use. Writer's Thoughts The smooth bezel and motif dial combination makes this one stand out from typical two-tone Datejust offerings. It wears clean and modern while still keeping the familiar warmth of yellow gold, and the Jubilee bracelet brings the look together nicely. Our Promise Every watch is carefully inspected, fully vetted, and described with full transparency. This Rolex is guaranteed authentic and comes backed by our commitment to honesty, quality, and trust. Specifications Brand: Rolex Model: Datejust 36 ref. 126203 Year: 2021 Case Material: Stainless steel Case Size: 36mm Bezel: Smooth yellow gold Dial: Champagne motif Crystal: Sapphire Movement: Automatic Bracelet : Two-tone Jubilee bracelet Buckle/Clasp: Folding clasp Contents: Box, booklets, and papers Condition Case: Unpolished with normal wear and visible marks from use Bezel: Shows signs of wear with scratches Dial: Excellent with no flaws Crystal: Clean with no notable marks Bracelet: Wear on the bracelet with no stretch Buckle/Clasp: Surface wear present",Huntington Company,False
1990s Vacheron Constantin Gold Patrimony Chronograph (Ref. 49003),Vacheron Constantin,12900,https://huntingtoncompany.com/products/1990s-vacheron-constantin-gold-patrimony-chronograph-ref-49003,https://cdn.shopify.com/s/files/1/0553/8391/6727/files/DSF3980_4adbd15a-c140-4a27-a38f-19c11dc9e87e.jpg?v=1789771620,"Worth A Read History and Significance The reference 49003 comes from a period of Vacheron Constantin that feels increasingly interesting today. During the 1990s, the manufacture was still producing complicated watches with a distinctly traditional sensibility, before larger cases and more overtly contemporary styling became common across the industry. The Patrimony Chronograph fits naturally into that era. It takes one of the most functional complications in watchmaking and presents it with the restraint of a proper Vacheron dress watch. The dial is where that balance becomes especially apparent. Chronographs can become visually busy very quickly, but the reference 49003 keeps the information organized and remarkably elegant. The registers sit comfortably within the dial rather than dominating it, while the applied markers and slender hands retain the formality expected from the Patrimony family. There is enough happening to make the watch interesting, but never enough to make it feel crowded. That approach says quite a bit about Vacheron Constantin during this period. Complication did not necessarily mean spectacle. A chronograph could still be thin, refined, and designed to disappear beneath a cuff rather than announce itself across a room. The reference 49003 feels rooted in the same traditional Geneva watchmaking that defined the manufacture's simpler dress watches, only with another layer of mechanical interest underneath. Writer's Thoughts There is something particularly good about a chronograph that does not look like it was designed around speed. No tachymeter is needed, no oversized pushers are fighting for attention, and nothing about the reference 49003 feels remotely sporty. Instead, Vacheron Constantin treated the chronograph as another traditional complication and gave it the same elegance expected from the rest of the Patrimony family. That is what makes this watch so appealing. It has enough going on mechanically and visually to reward attention, but the overall impression remains quiet. The yellow gold and classical dial give it an old-world quality that feels especially appropriate for Vacheron Constantin. It is a complicated watch for someone who does not need the complication to be the first thing anybody notices. Our Promise Every watch is thoroughly vetted, carefully described with complete transparency, and guaranteed authentic. Each piece is offered in honest condition, ensuring collectors receive a timepiece that reflects both originality and integrity. Specifications Brand: Vacheron Constantin Model: Patrimony Chronograph Reference: 49003 Year: 1990s Case Material: 18k yellow gold Case Size: 38mm Dial: White chronograph dial Movement: Automatic chronograph Strap/Buckle: New H.C. leather strap; original Vacheron Constantin strap included Buckle/Clasp: Original Vacheron Constantin 18k yellow gold buckle Contents: Original Vacheron Constantin strap Condition Case: Presents attractively with signs of wear consistent with age",Huntington Company,False
1982 Rolex Submariner Date Matte Dial - Cream Lume (Ref. 16800),Rolex,12900,https://huntingtoncompany.com/products/1982-rolex-submariner-datematte-dial-cream-lume-ref-16800,https://cdn.shopify.com/s/files/1/0553/8391/6727/files/DSF0433-2.jpg?v=1787106192,"Worth A Read History and Significance This 1982 Submariner is all about the details that only age can create. The tritium has matured into an incredibly attractive cream color across the dial and hands, but our favorite detail is the bezel pip. It has developed a much richer pumpkin tone that immediately catches your eye against the black insert. Those subtle differences in aging are exactly what make vintage Rolex interesting to us. Nothing is perfectly uniform because none of it was manufactured to look old. The case is equally important. Reference 16800 examples have often seen decades of polishing, but this one remains sharp with attractive chamfers still clearly visible along the lugs. That combination of strong case geometry and beautifully aged lume gives the watch the balance we look for in an early transitional Submariner. Rolex produced the 16800 to improve the Submariner technically. More than forty years later, it is the parts Rolex never intended, the cream tritium, pumpkin pip, and character accumulated through age, that make this particular example so compelling. Writer's Thoughts The lume is what makes this one for us. Across the dial, the original tritium has matured into a rich creamy tone that immediately gives the watch warmth without looking forced or overly aged. Against the black dial and bezel, it is exactly the kind of patina we hope to see on an early Tudor Submariner. Then there is the case. This 1992 reference 79090 remains remarkably sharp, with clean chamfers still visible along the lugs and strong overall proportions. Those details matter because once they're polished away, they never really come back. The original folded-link bracelet completes the watch and gives it the light, slightly mechanical feel that is so different from a modern Tudor bracelet. It is an honest Submariner with all the details we want left intact. Our Promise Every watch is thoroughly vetted, carefully described with complete transparency, and guaranteed authentic. Each piece is offered in honest condition, ensuring collectors receive a timepiece that reflects both originality and integrity. Specifications Brand: Rolex Model: Submariner Date Year: 1982 Case Material: Stainless steel Case Size: 40mm Dial: Black dial with tritium lume Movement: Automatic Strap/Bracelet: Stainless steel Oyster bracelet Buckle/Clasp: Rolex Oyster clasp Contents: Watch only Condition Case: Sharp stainless steel case retaining attractive chamfers and strong overall proportions. Surface wear is present throughout consistent with age and honest use. Dial: Original black dial presents beautifully with evenly aged creamy tritium hour plots. Hands: Original hands show attractive aged tritium that complements the dial. Crystal: Sapphire crystal presents cleanly overall with light signs of use. Strap/Bracelet: Stainless steel Oyster bracelet shows normal surface wear consistent with the age of the watch. Buckle/Clasp: Rolex Oyster clasp presents well with honest wear from",Huntington Company,False
1979 Rolex Day-Date White Gold (Ref. 18039),Rolex,12900,https://huntingtoncompany.com/products/1980s-rolex-day-date-white-gold-ref-18039,https://cdn.shopify.com/s/files/1/0553/8391/6727/files/DSF9974.jpg?v=1786556674,"Worth A Read History and Significance White gold might be the best metal for a vintage Day-Date. You get the weight and presence of a solid gold Rolex without the immediate recognition of yellow gold, allowing one of the brand's most prestigious watches to become surprisingly discreet. Reference 18039 belongs to an important generation of the Day-Date, combining the traditional 36mm proportions with a sapphire crystal and the convenience of a quickset date. But the real attraction here is the configuration. A factory diamond-set dial sits inside the white gold case, adding just enough extravagance to a watch that otherwise appears almost monochromatic. The luminous material in the hands has a rich pumpkin color, introducing a small flash of warmth against the silver dial. It is precisely the sort of natural aging that makes vintage watches impossible to duplicate. Writer's Thoughts The lugs remain remarkably thick and sharp. Precious-metal Rolex cases can lose their definition quickly after repeated polishing, so seeing an 18039 retain this much presence immediately changes how we look at the watch. The white gold case still has the substantial profile that Rolex intended. We've fitted the Rolex to a new unworn leather strap with a generic buckle, which also changes the character of the Day-Date considerably. Without the President bracelet, the reference 18039 feels less formal and puts much more emphasis on that sharp white gold case and factory dial. It is a familiar model in a configuration that feels anything but ordinary. Our Promise Every watch is thoroughly vetted, carefully described with complete transparency, and guaranteed authentic. Each piece is offered in honest condition, ensuring collectors receive a timepiece that reflects both originality and integrity. Specifications Brand: Rolex Model: Day-Date Year: 1979 Case Material: 18k white gold Case Size: 36mm Dial: Factory silver diamond-set dial Movement: Automatic Strap/Bracelet: New unworn generic leather strap Buckle/Clasp: Generic buckle Contents: Watch only Condition Case: White gold case is exceptionally well preserved with notably thick, sharp lugs and strong overall definition. Light signs of honest wear are present consistent with age. Dial: Original factory diamond-set dial is beautifully preserved with clean printing and well-preserved diamond hour markers. Hands: Original color-matched hands show attractive pumpkin-colored luminous material. Crystal: Sapphire crystal presents cleanly with no notable distractions. Strap/Bracelet: New unworn generic leather strap. Buckle/Clasp: New generic buckle.",Huntington Company,False
1982 Rolex Sea-Dweller Triple Six (Ref. 16660),Rolex,12900,https://huntingtoncompany.com/products/1982-rolex-sea-dweller-triple-6-ref-16660,https://cdn.shopify.com/s/files/1/0553/8391/6727/files/DSF8593-2.jpg?v=1781550309,"Worth A Read History and Significance Few references represent the evolution of the Sea-Dweller quite like the Rolex 16660. Nicknamed the ""Triple Six"" by collectors, it introduced several major upgrades to the Sea-Dweller platform including sapphire crystal, a higher depth rating, and the transition toward modern Rolex dive-watch construction. Produced throughout the late 1970s and 1980s, the 16660 occupies a unique position between vintage and modern generations. It retains much of the charm of the earlier Double Red Sea-Dwellers while offering substantially improved robustness. Service components are a reality for many professional dive watches. Unlike dress watches that spend decades in drawers, Sea-Dwellers were often purchased as tools. Over the years, Rolex service centers commonly replaced worn bezels, bracelets, and hands to keep these watches functional. This example remains attractive because it still retains an honest vintage appearance despite its service components. The aging dial and lume tell the story of a watch that has seen use while remaining faithful to its intended purpose. Writer’s Thoughts There are two types of vintage Rolex sports watches: those that sat in safes and those that were actually worn. This Rolex Sea-Dweller Ref. 16660 clearly falls closer to the latter category. This dive watch was well-worn and well-loved. With the upgraded bracelet, you can wear this vintage watch while feeling like you are experiencing something more modern. Our Promise Every watch is thoroughly vetted, carefully described with complete transparency, and guaranteed authentic. Each piece is offered in honest condition, ensuring collectors receive a timepiece that reflects both originality and integrity. Specifications Brand: Rolex Model: Sea-Dweller (Ref. 16660) Year: 1982 Case Material: Stainless steel Case Size: 40mm Dial: Black dial Movement: Automatic Strap/Bracelet: Rolex Oyster bracelet Buckle/Clasp: Rolex folding clasp Contents: Watch only Condition Case: Previously polished with light wear visible throughout. Dial: Shows aging, patina, and consistent lume loss typical of age. Hands: Rolex service hands are clean. Crystal: Clean overall. Strap/Bracelet: Rolex service Oyster bracelet in very good condition. Buckle/Clasp: Functions properly with normal signs of wear.",Huntington Company,False
1940s Vacheron Constantin Cornes de Vache Jumbo,Vacheron Constantin,12900,https://huntingtoncompany.com/products/1940s-vacheron-constantin-corne-de-vache-jumbo,https://cdn.shopify.com/s/files/1/0553/8391/6727/files/DSF7485-2.jpg?v=1779405907,"Worth A Read History and Significance Mid-century Vacheron Constantin dress watches remain some of the most understated and elegant watches produced during the post-war era, particularly when found in oversized cases such as this example. At 38mm, this “Jumbo” Cornes de Vache configuration is exceptionally uncommon for the 1940s, especially from one of the traditional Geneva maisons where most dress watches of the period measured closer to 32mm to 35mm. The case design is what immediately separates this watch from more conventional round dress references of the era. The elongated “cow horn” lugs give the watch a far more sculptural appearance and create substantial wrist presence despite the thin case profile. Combined with the larger diameter, the watch wears surprisingly modern while still retaining all of the warmth and proportions expected from a true 1940s Vacheron Constantin. The dial remains original and shows evidence of a past cleaning, something commonly encountered on vintage watches of this era. Fortunately, the overall character remains intact with attractive applied markers, alternating Roman numerals, and a clean sector-style layout that still presents very well. The crown also appears period-correct in style and closely resembles the original configuration historically seen on these references. Writer’s Thoughts Finding oversized 1940s dress watches is difficult enough on its own, but examples from Vacheron Constantin with this kind of lug architecture are on another level entirely. The proportions feel incredibly balanced on the wrist and the watch carries the sort of quiet presence that only early oversized vintage pieces seem to have. It feels elegant without being delicate. Our Promise Every watch is thoroughly vetted, carefully described with complete transparency, and guaranteed authentic. Each piece is offered in honest condition, ensuring collectors receive a timepiece that reflects both originality and integrity. Specifications Brand: Vacheron Constantin Model: Cornes de Vache Jumbo Year: circa 1940s Case Material: Yellow gold Case Size: 38mm Bezel: Fixed yellow gold bezel Dial: Original silver dial with applied markers and Roman numerals Movement: Manual wind Strap/Bracelet: Leather strap Buckle/Clasp: Generic buckle Contents: Watch only Condition Case: Excellent overall condition with strong lug definition and light surface wear consistent with age; case appears previously polished but retains attractive overall proportions. Dial: Original dial showing evidence of past cleaning; retains strong overall presentation with no signs of refinishing. Hands: Gold tone hands in very good overall condition with light age consistent wear. Crystal: Clean overall with light surface wear visible under close inspection. Strap/Bracelet: Leather strap is new.",Huntington Company,False
2023 Rolex Sea-Dweller Deepsea - Box and Papers (Ref. 136660),Rolex,12900,https://huntingtoncompany.com/products/rolex-sea-dweller-deepsea-box-and-papers-ref-136660,https://cdn.shopify.com/s/files/1/0553/8391/6727/files/DSF1441-2.jpg?v=1766116909,"Worth A Read History and Significance The Rolex Deepsea ref. 136660 sits at the top of Rolex’s professional dive watch range. It was developed as part of the Sea-Dweller line and engineered to handle depths far beyond recreational or even most commercial diving needs. With a 44mm case, helium escape valve, and the Ringlock System, the Deepsea is rated to 3,900 meters, making it one of the most technically capable watches Rolex has ever produced. The ref. 136660 represents the modern generation of the Deepsea, featuring a fully matte black dial, large Chromalight hour markers, and the updated bracelet with Glidelock extension for fine sizing. This reference bridges true tool-watch capability with everyday usability, offering extreme engineering in a format that is unmistakably Rolex. Writer's Thoughts This is a watch that wears with real presence. The proportions are substantial, but the bracelet balance and caseback design help it sit more comfortably than the size suggests. For someone who wants a modern Rolex that still feels purpose-built and uncompromising, the Deepsea delivers exactly that. Our Promise Every watch is carefully inspected, fully vetted, and described with full transparency. This Rolex is guaranteed authentic and comes backed by our commitment to honesty, quality, and trust. Specifications Brand: Rolex Model: Deepsea ref. 136660 Year: circa 2023 Case Material: Stainless steel Case Size: 44 mm Bezel: Black Cerachrom ceramic bezel with engraved dive scale Dial: Black Crystal: Sapphire Movement: Automatic Strap: Stainless steel Oyster bracelet Buckle/Clasp: Rolex Oysterlock clasp with Glidelock extension Contents: Box and papers Condition Case: Very good condition with regular signs of wear from use. The case remains full with no structural issues. Bezel: Clean with light surface wear consistent with wear. Insert is crisp and intact. Crystal: Sapphire crystal is clear with no visible chips or cracks. Dial: The Black dial is clean and free of damage. All markers and printing are sharp. Hands: Original Rolex hands in excellent condition with matching lume. Strap: Stainless steel Oyster bracelet shows surface wear throughout consistent with use. Bracelet remains tight. Buckle/Clasp: Original Rolex clasp with visible surface scratches from wear, functioning properly.",Huntington Company,False
IWC Da Vinci Perpetual Calendar - Papers (Ref. 3750),IWC,11900,https://huntingtoncompany.com/products/1993-breguet-triple-date-calendar-serpentine-service-papers-ref-3040-copy,https://cdn.shopify.com/s/files/1/0553/8391/6727/files/DSF3350_435f34d4-4d93-45be-a76f-627eccd11309.jpg?v=1789175337,"Worth A Read History and Significance The IWC reference IW3750 is one of those watches that becomes far more interesting once the story behind the movement is understood. During the 1980s, complicated mechanical watchmaking was hardly the obvious direction for a company to pursue. Quartz had fundamentally changed the industry, and the perpetual calendar remained the sort of complication associated with expensive, delicate watches that required an expert to adjust. Kurt Klaus approached the problem differently. His perpetual calendar mechanism was designed around usability. Instead of giving the owner separate correctors for the different calendar indications, the system allows the calendar to be advanced through the crown, with the displays moving together in synchronization. Day, date, month, moon phase, and year remain mechanically connected. It was an unusually practical solution to one of traditional watchmaking's least practical complications. The four-digit year display is perhaps the most charming part of the entire idea. There is something wonderfully ambitious about building a mechanical wristwatch with a physical year indication designed to continue well beyond the era in which the watch was created. The little century insert also turns an otherwise abstract promise of longevity into something tangible. It is a tiny component, but it perfectly captures the thinking behind the entire watch. The IW3750 matters because it helped establish complicated watchmaking as a major part of modern IWC. It was not an exercise in making a perpetual calendar more mysterious or difficult. The cleverness was in making an intimidating complication unusually approachable. That philosophy would become enormously important to the manufacture, and the Kurt Klaus perpetual calendar remains one of the clearest examples of engineering being used to make traditional watchmaking more enjoyable rather than simply more complicated. Writer's Thoughts The best thing about the IW3750 is that the clever part is not immediately obvious. At first it is simply a handsome complicated IWC with a lot happening on the dial. Then the Kurt Klaus mechanism is understood, and suddenly the watch has an entirely different personality. The complication feels like it was designed by someone who actually wanted the owner to use it. There is also something wonderfully optimistic about that year display. A mechanical watch carrying around the information needed to keep track of years far into the future feels almost absurd, but in exactly the right way. That mixture of old-school watchmaking and extremely practical engineering is what makes the IW3750 lovable. It is complicated without being complicated for complication's sake. Our Promise Every watch is thoroughly vetted, carefully described with complete transparency, and guaranteed authentic. Each piece is offered in honest condition, ensuring collectors receive a timepiece that reflects both originality and integrity. Specifications ",Huntington Company,False
1990s Patek Philippe Yellow Gold Calatrava (Ref. 3796D),Patek Philippe,11900,https://huntingtoncompany.com/products/1990s-patek-philippe-yellow-gold-calatrava-ref-3796d,https://cdn.shopify.com/s/files/1/0553/8391/6727/files/DSF2344-2.jpg?v=1787881343,"Worth A Read History and Significance The Patek Philippe Calatrava has always been at its best when very little is happening. The reference 3796D follows that philosophy closely, combining traditional proportions with one of the more decorative case treatments found within the Calatrava family. Instead of relying on complications or an unusual case shape, the design creates its character through texture, proportion, and an exceptionally clean dial. It is a distinctly restrained Patek Philippe that becomes considerably more interesting under closer examination. The hobnail bezel is what separates the reference 3796D from a more conventional Calatrava. Its repeating pyramidal pattern creates a sharp border around the dial and catches light differently from the polished surfaces of the case. That small amount of texture is enough to give the watch a much stronger identity without compromising its formality. The decoration feels architectural rather than ornamental, which suits the otherwise disciplined design particularly well. The white lacquer dial remains remarkably clean and provides an almost porcelain-like backdrop for the black Roman numerals. There is strong contrast throughout the dial, allowing the typography to become one of the dominant visual elements of the watch. The slender hands maintain the same classical language and keep the overall composition appropriately delicate. With no unnecessary elements competing for attention, the proportions of the dial remain exceptionally balanced. At approximately 31mm, the case reflects the dimensions expected from a traditional Patek Philippe dress watch of the period. The smaller diameter works especially well with the thin profile and narrow bezel, creating a watch intended to sit discreetly rather than dominate the wrist. The manually wound movement further supports that philosophy by allowing the case to remain particularly slim. Everything about the reference 3796D feels designed around elegance rather than wrist presence. This example retains its original Patek Philippe leather strap and original gold buckle, an important combination for a watch with such a formal character. The lacquer dial remains in beautiful condition, and the hobnail bezel continues to provide the visual detail that makes the configuration so distinctive. Original accessories such as the strap and buckle help preserve the presentation intended for the watch when new. Taken together, the reference 3796D represents a particularly pure expression of neo-vintage Patek Philippe dress-watch design. Writer's Thoughts The reference 3796D demonstrates how little a great dress watch actually needs. A white lacquer dial, black Roman numerals, a thin gold case, and a hobnail bezel provide enough detail to make the watch immediately interesting without allowing any one element to overwhelm the design. The compact proportions are an essential part of that formula, giving the watch the understated presence expected from a traditional",Huntington Company,False
1967 Rolex Day-Date White Gold Door Stop (Ref. 1803),Universal Genève,11900,https://huntingtoncompany.com/products/1967-rolex-day-date-white-gold-door-stop-ref-1803,https://cdn.shopify.com/s/files/1/0553/8391/6727/files/DSF1257-2.jpg?v=1787616847,"Worth A Read History and Significance The Day-Date has been Rolex's flagship dress watch since its introduction in 1956, but the earliest examples of the reference 1803 feel noticeably different from the watches that followed. Acrylic crystals, pie-pan dials, slender case proportions, and the details of early dial production give these watches a distinctly mid-century character that gradually disappeared as the Day-Date evolved. This example dates to 1967 and is made considerably more unusual by its 18k white gold construction. Yellow gold defined the public image of the Day-Date, while white gold offered the same precious-metal construction in a much quieter package. Even today, an early white gold 1803 can easily be mistaken for a steel watch from a distance. The dial is where this particular watch really sets itself apart. It features the desirable early ""door stop"" hour markers, named for their unusually broad, raised shape. They give the dial far more dimension than conventional baton markers and are a wonderful example of the small design details found across early Rolex production. Combined with the vertically brushed silver surface, pie-pan profile, and warm aged luminous material, the dial feels unmistakably 1960s. There is nothing flashy about this Day-Date despite being one of the most prestigious watches Rolex offered in 1967. That is exactly what makes the configuration work. White gold disguises the precious-metal case, while the unusual doorstop dial gives collectors something to notice only when they get close. Writer's Thoughts White gold 1803s have always been among our favorite vintage Day-Dates because they almost disguise their identity. There is none of the immediate flash associated with a yellow gold President. From across the room, this could almost pass for a steel watch. The early doorstop markers completely change the watch's personality. They are substantial without being decorative, and against the vertically brushed silver dial they give the watch a distinctly 1960s appearance. The warm aging of the luminous plots and hands adds just enough contrast to an otherwise monochromatic watch. Our Promise Every watch is thoroughly vetted, carefully described with complete transparency, and guaranteed authentic. Each piece is offered in honest condition, ensuring collectors receive a timepiece that reflects both originality and integrity. Specifications Brand: Rolex Model: Day-Date Year: 1967 Case Material: 18k white gold Case Size: 36mm Dial: Silver door stop dial Movement: Automatic Strap/Bracelet: New leather strap Buckle/Clasp: Generic buckle Contents: Watch only Condition Case: The 18k white gold case presents well with visible signs of previous wear and polishing consistent with age. The lugs retain an attractive overall shape, and the white gold fluted bezel remains well defined. Dial: The silver door stop dial is well preserved overall, retaining its finish and distinctive applied markers. There is a small more next ",Huntington Company,False
1940s Patek Philippe Tegolino - Early Long Signature (Ref. 425),Patek Philippe,11900,https://huntingtoncompany.com/products/1940s-patek-philippe-tegolino-early-long-signature-ref-425,https://cdn.shopify.com/s/files/1/0553/8391/6727/files/DSF9865-4.jpg?v=1759352831,"Worth A Read History & Significance The Ref. 425 “Tegolino” is regarded as one of Patek Philippe’s most iconic rectangular watches. Its Italian nickname translates to “little tile,” referencing its slim, elongated, and architectural form. This case design, crafted by the renowned Genevan case maker Markowski, is celebrated for its sculptural lines and symmetry. The dials of this reference were produced by Stern Frères, and in the finest tradition of early Patek Philippe, feature hand-applied raised enamel signatures. This finishing technique gave the lettering and minute tracks a unique texture, distinguishable even today as a marker of originality. Inside, the manually wound caliber 9-90 provided precise timekeeping in a compact, elegant form, making it one of Patek’s most admired early rectangular calibers. Often given as gifts, many examples of the Ref. 425 were engraved on the caseback with initials or dedications, further cementing their role as timepieces of both horological and personal importance. Writer’s Thoughts The charm of the Tegolino Ref. 425 lies in its details. The subtle curvature of the dial creates a two-tone effect, while the raised enamel signature is a tactile reminder of Stern Frères’ craftsmanship. This example shows honest signs of wear but retains its character and originality, from the sharp hallmarks on the case to the distinctive long signature with its charming hand-applied enamel finish. It is both a design object and a slice of Patek Philippe’s history. Our Promise Every watch is thoroughly vetted, carefully described with complete transparency, and guaranteed authentic. This Patek Philippe Ref. 425 is offered in honest condition, representing one of the most iconic rectangular watches of the mid-20th century. Specifications Brand: Patek Philippe Model: Tegolino Ref. 425 Year: 1940s Case Material: 18k Yellow Gold Case Size: 20 by 42mm Bezel: This case design does not feature a bezel Dial: Slightly curved dial giving a subtle two-tone effect; raised enamel signature and minute track by Stern Frères, showcasing the hand-applied technique of the era Crystal: Acrylic crystal with roof slant effect Movement: Manual wind, caliber 9-90 Strap: New black lizard strap Buckle: Generic gold-tone buckle Contents: Watch only Condition Case: The top of the case shows light polishing, while the case sides retain sharp hallmarks; caseback features a hand-engraving with initials, typical of many Ref. 425s gifted during this period. Crystal: Excellent condition, free of chips or cracks. Dial: Original dial with light wear, primarily around the sub-seconds register; long raised enamel signature intact with correct early details, including the cut “&” and hand-applied imperfections visible only under magnification. Hands: Original yellow gold hands in near-perfect condition with minimal wear. Strap: New black lizard strap in like-new condition. Buckle: Generic gold-tone buckle in like-new condition.",Huntington Company,False
2018 Bvlgari Octo Finissimo Titanium - Box and Papers (Ref. BGO40TXT),Bulgari,10300,https://huntingtoncompany.com/products/2018-bvlgari-octo-finissimo-titanium-box-and-papers-ref-bgo40txt,https://cdn.shopify.com/s/files/1/0553/8391/6727/files/DSF5982_9223a87e-69ba-4a90-8881-740c1ddbc238.jpg?v=1776485593,"Worth A Read History and Significance Bvlgari’s Octo Finissimo line changed how people looked at modern watch design. While many brands stayed within traditional shapes and proportions, Bvlgari pushed forward with something distinctly architectural. The Octo case, with its layered geometry and sharp transitions, feels closer to industrial design than classical watchmaking, yet it remains balanced on the wrist. This reference in titanium highlights what the Finissimo concept is really about. The ultra-thin profile, combined with lightweight material, creates a wearing experience noticeably different from most steel sports watches. It almost disappears on the wrist, but visually it still carries a strong presence due to the case design and integrated bracelet. The movement is just as important here. Bvlgari’s use of a micro-rotor automatic caliber allows the watch to stay extremely thin while still offering the convenience of automatic winding. Through the open caseback, the finishing and layout are clean and modern, aligning with the overall design language rather than trying to mimic traditional decoration. Writer’s Thoughts The weight, or lack of it, is the first thing that stands out. The monochromatic look keeps it restrained even though the case design is complex. It’s also one of the few pieces that can sit between sport and dress without feeling out of place in either setting, thanks to its thinness. Our Promise Every watch is thoroughly vetted, carefully described with complete transparency, and guaranteed authentic. Each piece is offered in honest condition, ensuring collectors receive a timepiece that reflects both originality and integrity. Specifications Brand: Bvlgari Model: Octo Finissimo (Ref. BGO40TXT) Year: 2018 Case Material: Titanium Case Size: 40mm Dial: Grey dial with small seconds Movement: Automatic Bvlgari micro-rotor caliber Strap/Bracelet: Integrated titanium bracelet Buckle/Clasp: Bvlgari folding clasp Contents: Complete set Condition Case: Case shows light wear consistent with use, with sharp edges retained throughout. Dial: Clean with no imperfections. Hands: Hands are clean. Crystal: Clear, with almost no wear. Strap/Bracelet: Bracelet is in excellent condition with no stretch and light wear only.",Huntington Company,False
1989 Rolex Datejust 26 Matte Blue Roman Dial (Ref. 69178),Rolex,10300,https://huntingtoncompany.com/products/1989-rolex-datejust-26-matte-blue-roman-dial-ref-69178,https://cdn.shopify.com/s/files/1/0553/8391/6727/files/DSF3214-2_4f2fb9d1-832d-4511-a98e-68abf5f14f40.jpg?v=1770512736,"Worth A Read History & Significance The Rolex Datejust 69178 represents the classic ladies Datejust in solid yellow gold, paired with the fluted bezel and President bracelet that defined Rolex’s luxury identity in the late 1980s. While the reference itself is well known, dial variations are where true distinction appears, and this example stands apart for that reason alone. Most 69178s are found with champagne, black, or white dials, often with glossy finishes or diamond markers. This watch features an uncommon matte blue Roman numeral dial, a configuration produced in far smaller numbers and rarely seen today. The matte finish gives the dial a flatter, more understated appearance compared to lacquered variants, while the Roman numerals add a distinctly vintage Rolex aesthetic that feels closer to earlier Datejust executions. The contrast between the warm yellow gold case and bracelet and the cooler blue dial gives the watch a balanced, elegant presence that is immediately noticeable on the wrist. This combination makes the watch especially appealing to collectors who value originality and subtle rarity rather than overt flash, even within a solid gold Rolex. Writer’s Thoughts What makes this watch special is how quietly different it is. At first glance it reads as a classic gold Datejust, but once you notice the matte blue Roman dial, everything changes. The color has a soft, almost denim-like tone that works incredibly well with yellow gold, and the Roman numerals give it a strong vintage feel without being loud. I also love that the dial isn’t glossy; it feels simpler and crisper. This is the kind of Datejust that rewards a second look and feels far more personal than the standard configurations you usually see. Our Promise Every watch is thoroughly vetted, carefully described with complete transparency, and guaranteed authentic. This watch is offered in honest condition. Specifications Brand: Rolex Model: Datejust (Ref. 69178) Year: 1989 Case Material: 18k yellow gold Case Size: 26 mm Case: Solid 18k yellow gold case with fluted yellow gold bezel Dial: Matte blue Roman numeral dial Crystal: Sapphire crystal Movement: Rolex automatic movement Strap/Bracelet: 18k yellow gold President bracelet Buckle/Clasp: Rolex hidden clasp Contents: Watch only Condition Case: Solid gold case and fluted bezel show honest wear consistent with age, with defined bezel fluting and no signs of over-polishing. Crystal: Sapphire crystal is clean with no visible chips or cracks. Dial: Original matte blue Roman numeral dial in excellent condition with even color and no visible damage. Hands: Original hands in good condition with matching lume. Strap/Bracelet: The President bracelet shows minimal stretch and surface wear consistent with vintage gold bracelets. Buckle/Clasp: Clasp functions properly with light surface wear.",Huntington Company,False
1960s Vacheron Constantin Dress Watch - Mint and Rare (Ref. 2144),Vacheron Constantin,9900,https://huntingtoncompany.com/products/1960s-vacheron-constantin-dress-watch-mint-and-rare-ref-2144,https://cdn.shopify.com/s/files/1/0553/8391/6727/files/DSF2575-2.jpg?v=1788283160,"Worth A Read History and Significance The reference 2144 comes from a period when Vacheron Constantin could create an exceptionally distinctive watch without relying on complication or excessive decoration. This example dates to the 1960s and combines a 34mm stainless steel case with a wonderfully restrained Roman numeral dial. That diameter is particularly appealing for the era, providing noticeably more presence than many contemporary dress watches while retaining the thin proportions expected from Vacheron Constantin. The manually wound movement keeps the construction appropriately slim and reinforces the traditional character of the watch. The case is one of the most compelling aspects of this example. Stainless steel gives the reference 2144 a considerably different personality from the precious-metal dress watches more commonly associated with Vacheron Constantin, while the screw-down caseback introduces a surprisingly robust element to an otherwise elegant design. More importantly, the case appears unpolished and retains strong original definition throughout. The preserved edges and proportions allow the architecture of the 34mm case to remain exactly as intended rather than softened by decades of refinishing. The Roman numeral dial provides the perfect counterpoint to the more purposeful steel construction. Its surface remains in exceptional condition, with the printing and hour markers presenting remarkably cleanly for a watch dating to the 1960s. The elongated numerals give the dial a distinctly classical appearance without making it feel crowded, while the restrained hands preserve the simplicity of the overall composition. There is very little happening visually, but every element has enough character to keep the dial from feeling generic. This example also retains its original leather strap and original Vacheron Constantin steel buckle, details that become increasingly difficult to find together on watches of this age. The original fittings complement the unpolished case and remarkably preserved dial, creating a package that feels unusually intact more than half a century after production. Between the 34mm dimensions, steel construction, screw-down caseback, and manual-wind movement, the reference 2144 has a versatility not always associated with vintage Vacheron Constantin. The exceptional preservation makes those qualities even more compelling. Writer's Thoughts Steel Vacheron Constantin dress watches have a particular appeal because the material changes the personality of an otherwise extremely traditional design. The reference 2144 has the elegance expected from a 1960s Vacheron, but the stainless steel construction and screw-down caseback give the watch a subtle utilitarian quality that would disappear in yellow gold. The 34mm size is another major strength, providing enough wrist presence to feel substantial while remaining completely faithful to the proportions of the period. Add an unpolished case and a Roman numeral dial in ",Huntington Company,False
1950s IWC White Gold Diamond Cocktail Watch - Rare,IWC,9900,https://huntingtoncompany.com/products/1950s-iwc-white-gold-diamond-cocktail-watch-rare,https://cdn.shopify.com/s/files/1/0553/8391/6727/files/DSF3181-2.jpg?v=1770512675,"Worth A Read History & Significance During the mid-20th century, International Watch Company produced a small number of fine jewelry watches that sat outside their better-known pilot and tool watch catalog. These cocktail watches were made in precious metals and often paired with elaborate gem-set bracelets, intended for formal evening wear rather than everyday use. Production numbers were low, and many were custom-ordered through jewelers, which makes surviving examples highly individual. This piece is crafted in white gold and features an integrated bracelet fully set with diamonds, including a halo surrounding the dial. The dial itself is restrained and understated, allowing the case and bracelet to carry the visual weight. Unlike many diamond watches of the era that feel decorative first and horological second, this retains the proportions and balance of a proper watch, scaled down intentionally rather than compromised. The result is a piece that reflects both IWC’s technical discipline and the mid-century appetite for refined luxury. Writer’s Thoughts This is one of those watches that stops you once you really look at it. The diamond work is extensive but surprisingly tasteful, and the small silver dial keeps everything grounded. It feels like a true period piece that hasn’t been altered or over-polished, which is rare with watches like this. I love how it balances restraint and excess at the same time. It’s unmistakably special, but still feels honest and original. Our Promise Every watch is thoroughly vetted, carefully described with complete transparency, and guaranteed authentic. This watch is offered in honest condition. Specifications Brand: International Watch Company Model: Cocktail Watch Year: 1950s Case Material: White gold case with diamond-set bezel integrated into the case design Case Size: 18 mm Dial: Silver dial with applied hour markers Crystal: Acrylic Movement: Manual wind IWC movement Strap/Bracelet: Integrated white gold bracelet fully set with diamonds Buckle/Clasp: Integrated concealed clasp Contents: Watch only Condition Case: White gold case and diamond-set bezel are exceptionally well preserved with crisp edges and minimal wear consistent with careful use. Crystal: The unique art deco crystal is in mint condition. Dial: In mint condition, with clean printing and no discoloration or damage. Hands: The original hands are well-preserved and match the dial beautifully. Strap/Bracelet: Integrated diamond bracelet is in excellent condition with tight links and strong presence. Buckle/Clasp: Original clasp functions properly and shows light wear consistent with age.",Huntington Company,False
2016 Rolex Datejust 41 Blue Roman Dial - Box and Papers (Ref. 116334),Rolex,9900,https://huntingtoncompany.com/products/rolex-datejust-41-blue-roman-dial-box-and-papers-ref-116334,https://cdn.shopify.com/s/files/1/0553/8391/6727/files/DSF1387.jpg?v=1766116774,"Worth A Read History and Significance The Datejust 41 represents Rolex’s modern evolution of its most recognizable model, offering larger proportions while preserving the design language that has defined the Datejust since 1945. Introduced in the mid 2010s, the Datejust 41 replaced the short lived Datejust II and refined the case shape with slimmer lugs, improved bracelet taper, and a more balanced profile overall. Reference 116334 pairs a stainless steel Oyster case with an 18k white gold fluted bezel, a combination that has long been considered the quintessential Datejust configuration. The blue Roman numeral dial adds a more expressive character compared to standard stick dials, while still remaining unmistakably Rolex. It is a configuration that bridges classic styling with contemporary sizing. Writer's Thoughts The 41 mm case wears confidently without feeling oversized, and the blue Roman dial gives the watch personality without sacrificing versatility. This is a modern Datejust that still feels rooted in tradition, making it easy to wear daily while offering just enough distinction to stand out. Our Promise Every watch is carefully inspected, fully vetted, and described with full transparency. This Rolex is guaranteed authentic and comes backed by our commitment to honesty, quality, and trust. Specifications Brand: Rolex Model: Datejust ref. 116334 Year: 2016 Case Material: Stainless steel with 18k white gold bezel Case Size: 41 mm Bezel: 18k white gold fluted bezel Dial: Blue sunburst Roman numeral dial Crystal: Sapphire Movement: Automatic Strap: Stainless steel Oyster bracelet Buckle/Clasp: Rolex folding Oysterclasp Contents: Box and papers Condition Case: Stainless steel case shows surface wear from normal use with no structural issues. Bezel: White gold fluted bezel shows light wear consistent with age. Crystal: Sapphire crystal is clean with no chips or cracks. Dial: Blue Roman numeral dial is clean with even color throughout. Hands: Original Rolex hands in excellent condition. Strap: Oyster bracelet shows wear throughout from regular use. Buckle/Clasp: The Rolex clasp functions properly with visible surface wear.",Huntington Company,False
2000s Ralph Lauren White Gold Slim Classique - Box and Booklets (Ref. 867),Ralph Lauren,8900,https://huntingtoncompany.com/products/2000s-ralph-lauren-white-gold-slim-classique-box-and-booklets-ref-867,https://cdn.shopify.com/s/files/1/0553/8391/6727/files/DSF4688.jpg?v=1790390473,"Worth A Read History and Significance Ralph Lauren's earliest serious watchmaking efforts were far more ambitious than the fashion name on the dial might initially suggest. Rather than treating watches as simple accessories, the collection leaned heavily into traditional Swiss watchmaking and paired it with the visual language that had defined Ralph Lauren for decades. The Slim Classique 867 is one of the clearest examples of that approach. Its square profile and highly graphic dial draw heavily from the geometry of Art Deco design while still feeling distinctly modern. The 867 name itself comes from Ralph Lauren's historic 867 Madison Avenue flagship in New York. That connection is fitting because the watch feels less like a conventional Swiss dress watch and more like an extension of the architecture, tailoring, and decorative arts that inform the broader Ralph Lauren world. The square case frames the dial almost like a piece of graphic design. Roman numerals, Arabic numerals, and the railroad-style minute track are layered together in a way that should feel busy, yet the symmetry keeps everything remarkably controlled. What really elevates the Slim Classique is what sits behind that design. The manual-wind movement comes from Piaget, a manufacture with an extraordinary history of producing thin movements for elegant watches. That choice allowed the 867 to maintain the slim profile that its design demanded rather than compromising the proportions with a thicker caliber. It is an important distinction because the movement was chosen to support the design rather than simply fill the case. Writer's Thoughts The 867 is one of those watches that becomes much more interesting once the assumptions surrounding the name on the dial disappear. There is real thought behind the proportions, typography, movement, and overall execution. The silver dial against white gold is particularly good because it allows the unusual layout to provide all of the personality without relying on color. It feels more like a tiny piece of Art Deco design than a conventional dress watch. There is also something great about how committed Ralph Lauren was to making this properly. Using a manual-wind Piaget movement in a slim white gold case is not the easy way to make a fashion watch. The reference 867 has the substance to match the design, and that makes it far more interesting than its relative obscurity suggests. Add the original buckle, box, tag, and booklet, and the entire package captures an unusually ambitious period of Ralph Lauren watchmaking. Our Promise Every watch is thoroughly vetted, carefully described with complete transparency, and guaranteed authentic. Each piece is offered in honest condition, ensuring collectors receive a timepiece that reflects both originality and integrity. Specifications Brand: Ralph Lauren Model: Slim Classique 867 Reference: 867 Year: 2000s Case Material: 18k white gold Case Size: 27mm Dial: Silver dial with Roman and Arabic numerals Mo",Huntington Company,False
Cartier Tank New York Jumbo Blue Dial (Ref. 5512116),Cartier,8900,https://huntingtoncompany.com/products/cartier-tank-new-york-jumbo-blue-dial-ref-5512116,https://cdn.shopify.com/s/files/1/0553/8391/6727/files/DSF8829-2.jpg?v=1783443214,"Worth A Read History and Significance Few names in watchmaking carry the design legacy of Cartier. While many brands built their reputation through mechanical innovation, Cartier revolutionized the idea of what a wristwatch could look like. The Tank remains one of the most recognizable designs ever produced, proving that timeless proportions often outlive changing trends. This particular example is one of the more collectible variations: the New York Jumbo Tank. Produced during the period when Cartier operated separate workshops in Paris, London, and New York, these regional pieces have become highly sought after for their subtle differences and comparatively low production numbers. The standout feature here is undoubtedly the blue lacquer dial. Unlike the traditional white Roman numeral dials associated with the Tank, this vibrant blue dial with gold printing completely transforms the personality of the watch. It feels bold without sacrificing elegance, making it one of the most distinctive Tank configurations ever offered. At 28mm by 38mm, the Jumbo wears substantially larger than a traditional vintage Tank. Combined with its stepped case architecture and deep blue dial, it has a wrist presence that feels remarkably contemporary despite its vintage origins. Writer’s Thoughts Many vintage Tanks blend together after you've seen enough of them. The Cartier Tank New York Jumbo Reference 5512116 doesn't. The blue lacquer dial immediately sets it apart from traditional white Roman-numeral examples, while the larger case gives it a presence that feels remarkably modern. It's a watch that delivers all the elegance expected from Cartier, yet enough individuality to make it memorable long after it's left the wrist. Our Promise Every watch is thoroughly vetted, carefully described with complete transparency, and guaranteed authentic. Each piece is offered in honest condition, ensuring collectors receive a timepiece that reflects both originality and integrity. Specifications Brand: Cartier Model: Tank New York Jumbo (Ref. 5512116) Year: Circa 1970s–1980s Case Material: Gold electroplated Case Size: 28mm x 38mm Dial: Blue lacquer with gold Roman numerals Movement: Manual wind Strap/Bracelet: Leather strap Buckle/Clasp: Generic pin buckle Contents: Watch only Condition Case: Excellent condition with no gold loss and only light signs of normal wear. Dial: Near perfect with no notable cracks, chips, or fading. Hands: Excellent condition. Crystal: Clean overall. Strap/Bracelet: New leather strap. Buckle/Clasp: Generic buckle in excellent condition.",Huntington Company,False
Breitling Montbrillant Limited Edition Venus Chronograph (Ref. 175),Breitling,8600,https://huntingtoncompany.com/products/breitling-montbrillant-limited-edition-venus-chronograph-ref-175,https://cdn.shopify.com/s/files/1/0553/8391/6727/files/DSF5496-2.jpg?v=1744141654,"Worth A Read Léon Breitling, a renowned watchmaker, began working in Saint-Imier in 1884 and later established a new workshop in La Chaux-de-Fonds in 1892. He moved to the city to begin mass production of chronographs due to its new steam-powered factories and plentiful labor. Breitling's new workshop was located on Boulevard du Petit-Château, a popular street for watchmakers. The company, which included Charles Couleru-Meuri, was a respected manufacturer of stopwatches and pocket watches. Breitling and Couleru-Meuri highlighted their new factory in 1894 advertisements, omitting the fact that the large building was shared by multiple companies. The Beautification Society purchased the open land next to the building, which was later transformed into a public park called Bois du Petit-Château. This project rerouted or eliminated many roads, including Boulevard du Petit-Château, transforming the Northwestern side of the city. The Montbrillant Watch Manufactory, a historic location in Hanover, was referred to as the Montbrillant Watch Manufactory by G.-Léon Breitling S.A., giving it a sense of being a destination. The name was de-emphasized in the 1960s and 1970s, but Breitling revived the Montbrillant brand in recent decades after new owner Ernest Schneider took ownership in 1979. Montbrillant has been used as a model name for various Breitling watches over the past four decades, with limited edition Navitimer Montbrillant models featuring the name engraved on the caseback and later models with ""Montbrillant"" on the dial. The Montbrillant complex is mostly hidden from view, but Google Street View photos reveal the historic facade from almost the same angle as the historic images above. Specifications Model: Montbrillant Movement: A vintage manual Venus chronograph that was used for this limited edition chronograph in the 90s. Year: 1990s Contents: Watch Only Case: The size is 36mm, which is phenomenal for a chronograph. The case looks unpolished with normal signs of wear. Dial: A silver brushed dial with a layout similar to Breightling Chronographs from the 40s and 50s. Strap & Buckle: The watch has its original buckle.",Huntington Company,False
2021 Bulgari Octo Finissimo Blue (Ref. 103431),Bvlgari,8300,https://huntingtoncompany.com/products/2021-bulgari-octo-finissimo-blue-ref-103431,https://cdn.shopify.com/s/files/1/0553/8391/6727/files/DSF9982.jpg?v=1786557367,"Worth A Read History and Significance The Octo Finissimo is one of the rare modern watches that managed to establish its own identity almost immediately. Bulgari didn't need to reinterpret a vintage sports watch to create it. Instead, the Octo was built around architecture, extreme thinness, and an almost obsessive use of angles and contrasting surfaces. That architecture becomes especially interesting when paired with color. Reference 103431 features a rich blue dial surrounded by the unmistakable geometry of the Octo case. The dial brings warmth and depth to a design that can otherwise feel almost industrial, changing considerably depending on the lighting while remaining remarkably clean. There is no unnecessary decoration competing for attention. The case, bracelet, and dial do the work. Much of the Finissimo's reputation has been built on Bulgari's technical accomplishments in ultra-thin watchmaking, but focusing exclusively on records misses what makes these watches important. Thin watches existed long before the Octo. What Bulgari did differently was make thinness part of an entirely new visual language. The case doesn't simply disappear on the wrist. Its layers, facets, and integrated bracelet give it tremendous presence despite its remarkably slim profile. The result is a watch that already feels important to modern design. It isn't trying to be a Royal Oak, Nautilus, or any other established luxury sports watch. It looks like an Octo Finissimo, and that distinction is becoming increasingly difficult to achieve in contemporary watchmaking. Writer's Thoughts The blue dial completely changes this watch for us. Against the case and integrated bracelet, it gives the reference 103431 a focal point without taking anything away from the architecture that makes the Octo Finissimo so recognizable. Depending on the light, the blue can move from deep and restrained to noticeably brighter, which makes the watch much more dynamic on the wrist than photographs initially suggest. Condition is the other major reason we like this example. This Bulgari is from 2021 and isn't being represented as brand new, but there is remarkably little evidence that it has actually been worn. The case and bracelet remain phenomenal with almost no signs of wear, which is especially impressive on a watch with this many broad surfaces and sharply defined facets. It is also accompanied by its complete original set. For someone looking for a modern Octo Finissimo without wanting to compromise on condition or accessories, this is exactly the sort of example we'd want to find. Our Promise Every watch is thoroughly vetted, carefully described with complete transparency, and guaranteed authentic. Each piece is offered in honest condition, ensuring collectors receive a timepiece that reflects both originality and integrity. Specifications Brand: Bulgari Model: Octo Finissimo Year: 2021 Case Material: Stainless steel Case Size: 40mm Dial: Blue Movement: Automatic Strap/Bracelet: Or",Huntington Company,False
2023 TAG Heuer Monaco Night Driver Chronograph - Box and Papers (Ref. CBL2181.FC6515),TAG Heuer,8300,https://huntingtoncompany.com/products/tag-heuer-monaco-night-driver-chronograph-box-and-papers-ref-cbl2181-fc6515,https://cdn.shopify.com/s/files/1/0553/8391/6727/files/DSF1520.jpg?v=1766116557,"Worth A Read History and Significance The TAG Heuer Monaco Night Driver was released in 2010 as a limited-production reinterpretation of the brand’s most recognizable chronograph. While the Monaco’s roots trace back to 1969 and its pioneering square automatic chronograph case, the Night Driver was conceived as a distinctly modern variant, aimed at collectors who wanted something darker, more technical, and less overtly nostalgic. The watch takes its name from the automotive concept of night driving, reflected in its black Titanium DLC case and predominantly dark dial. In contrast to traditional Monaco layouts, the Night Driver features silver sunken chronograph registers, applied markers, and a layered dial construction that emphasizes depth and legibility. Inside is the Calibre 12 automatic chronograph, a movement derived from the ETA 2892 base with a Dubois-Dépraz chronograph module, chosen for its reliability and thin profile. Produced in limited numbers and never part of the core Monaco lineup, the Night Driver occupies an interesting position in TAG Heuer’s modern history. It represents a period where the brand was experimenting with contemporary materials and finishes while still respecting its historical icons. Writer's Thoughts This is a Monaco that feels purposeful rather than nostalgic. The black case and restrained dial give it a more understated presence compared to classic blue or white Monaco references, yet it remains instantly recognizable on the wrist. It wears larger than its dimensions suggest, as all Monacos do, but the darker palette makes it easier to live with day to day. For someone who appreciates the Monaco design but wants something less traditional, this is one of the most compelling executions. Our Promise Every watch is carefully inspected, fully vetted, and described with full transparency. This TAG Heuer is guaranteed authentic and comes backed by our commitment to honesty, quality, and trust. Specifications Brand: TAG Heuer Model: Monaco Night Driver Chronograph ref. CBL2181.FC6515 Year: circa 2010 Case Material: Titanium DLC Case Size: 39 mm Dial: Black with silver chronograph sub-dials Crystal: Sapphire Movement: Automatic chronograph Strap: Perforated leather Buckle/Clasp: Titanium DLC deployant Contents: Box and papers Condition Case: The black case shows no signs of wear and looks almost brand new. Crystal: Sapphire crystal is clean with no visible chips or cracks. Dial: Dial and sub-dials are clean with no visible blemishes. Hands: Original hands with even finish and proper alignment. Strap: Perforated leather strap shows close to zero signs of wear. Buckle/Clasp: Deployant clasp shows almost no signs of wear.",Huntington Company,False
2000s Gérald Genta Retrograde Jump Hour Guilloche Pearl Dial  (Ref. G.3614),Gerald Genta,7900,https://huntingtoncompany.com/products/2000s-gerald-genta-retrograde-jump-hour-guilloche-pearl-dial-ref-g-3614,https://cdn.shopify.com/s/files/1/0553/8391/6727/files/DSF4625-2.jpg?v=1790389134,"Worth A Read History and Significance Before Gérald Genta became a name most commonly discussed in connection with watches designed for other manufactures, there was an entire collection of watches carrying the designer's own name. Those pieces gave Genta considerably more freedom to experiment with displays, case shapes, and complications that rarely appeared in conventional Swiss watches. Retrograde indications and jumping hours became particularly important parts of that vocabulary. The reference G.3614 belongs squarely to this wonderfully unconventional period. The time display immediately separates the reference G.3614 from an ordinary dress watch. Rather than using conventional centrally mounted hour and minute hands, the jumping-hour mechanism advances the hour instantaneously while the retrograde display travels across its scale before snapping back to begin again. Reading the time becomes part of the personality of the watch rather than a purely functional exercise. It is mechanical watchmaking used to create visual theater. The dial makes the unusual display even more interesting. Mother of pearl brings natural variation to the surface, while the guilloché treatment introduces a geometric texture underneath the shifting color. Those two decorative techniques could easily compete with one another, yet here they suit the eccentricity of the complication. The result feels luxurious without becoming predictable. What makes these early Gérald Genta watches especially interesting today is how little they resemble the safer luxury watches that surrounded them. The reference G.3614 was not trying to reinterpret a traditional round dress watch or imitate an established sports-watch formula. It came from a brand willing to make the movement, display, and exterior design equally unconventional. That willingness to be strange is a large part of why this era of Gérald Genta remains so rewarding to rediscover. Writer's Thoughts There is something wonderfully unapologetic about the reference G.3614. The mother of pearl, guilloché, retrograde display, and jumping hour sound like far too many ideas for one watch, yet the result somehow feels cohesive. Gérald Genta understood that an unusual complication could also be playful, and this watch embraces that idea completely. It is exactly the sort of forgotten early-2000s watch that makes digging through old catalogs more interesting. The 34mm proportions are also a huge part of the charm. Instead of turning the complication into a large technical object, the reference G.3614 keeps everything compact and elegant. That contrast makes the unconventional display feel even more unexpected. There are plenty of watches designed by Gérald Genta worth discussing, but the watches bearing his own name reveal a much stranger and more personal side of his work. Our Promise Every watch is thoroughly vetted, carefully described with complete transparency, and guaranteed authentic. Each piece is offered in honest conditio",Huntington Company,False
1948 Vacheron Constantin Square Fancy Lugs (Ref. 4369),Vacheron Constantin,7900,https://huntingtoncompany.com/products/1948-vacheron-constantin-square-fancy-lugs-ref-4369,https://cdn.shopify.com/s/files/1/0553/8391/6727/files/DSF4611-2.jpg?v=1790388424,"Worth A Read History and Significance Vacheron Constantin's mid-century catalog is full of watches that make a strong case for looking beyond the familiar round dress watch. The reference 4369 is a perfect example, pairing a square case with an architectural set of fancy lugs that give the watch far more presence than its dimensions suggest. This was a period when case design itself could be a major point of expression, and Vacheron Constantin was particularly good at turning small dress watches into genuinely interesting objects. The reference 4369 captures that approach without becoming overly decorative. The lugs are really what define the design. Rather than extending straight from the case, they flare outward into sharply formed facets, creating a silhouette that changes considerably depending on the viewing angle. That geometry gives the reference 4369 an almost sculptural quality, particularly when the original edges and chamfers remain visible. Many surviving examples have been polished repeatedly over the decades, softening exactly the details that made the case interesting in the first place. The dial is equally thoughtful. Raised enamel text gives the Vacheron & Constantin signature a subtle dimensionality that is difficult to appreciate until viewed closely, while the combination of applied markers, Roman numerals, and subsidiary seconds keeps the design unmistakably rooted in the 1940s. Nothing is unnecessarily elaborate, yet nearly every element has some small detail worth examining. It is the kind of dial that becomes more interesting with time rather than relying on an immediately obvious flourish. At 25mm by 37mm, the reference 4369 also demonstrates why rectangular and square watches cannot be understood by width alone. The long case and projecting fancy lugs give it a much stronger wrist presence than a 25mm measurement would suggest. Those proportions are integral to the design rather than a compromise imposed by the period. The result is a distinctly vintage watch that still feels deliberate and wearable today. Writer's Thoughts There is an enormous amount of personality packed into the reference 4369. The combination of a square case, those exaggerated lugs, and the restrained dial makes it feel like something that could only have come from this particular period of Vacheron Constantin. Nothing about it needs to be loud because the architecture does all of the work. This is exactly the sort of vintage Vacheron that makes the deeper corners of the brand so rewarding. Sharpness matters tremendously with a watch like this. Once those facets and chamfers have been polished away, a large part of the original design disappears with them. Seeing the reference 4369 with its geometry still clearly defined makes the intention behind the case much easier to understand. It turns what could simply be another small 1940s dress watch into something genuinely special. The raised enamel signature might be the favorite detail. It is subtle en",Huntington Company,False
Universal Genève 18k Gold Skeleton (Ref. 151.11.662),Universal Genève,7900,https://huntingtoncompany.com/products/universal-geneve-18k-gold-skeleton-ref-151-11-662,https://cdn.shopify.com/s/files/1/0553/8391/6727/files/DSF3300.jpg?v=1789170433,"Worth A Read History and Significance Universal Genève is usually discussed through the watches that made the brand famous: Compax chronographs, Polerouters, and the various complications that helped establish its reputation as one of Switzerland’s great 20th-century manufactures. The reference 151.11.662 comes from a very different corner of that history. Instead of building the watch around a recognizable dial or complication, Universal Genève effectively removes the dial altogether and makes the movement the entire point. That decision becomes considerably more interesting because this is not simply a conventional movement with a few openings cut into it. The micro-rotor architecture is particularly well suited to skeletonization. A conventional full rotor would obscure much of the mechanism every time it moved across the back of the watch, while the small winding mass leaves the gear train and hand-finished bridges exposed. The automatic winding system becomes another component within the composition rather than something covering it. Skeleton watches can easily become exercises in excess. The best ones avoid that by making the movement itself feel architectural, and the reference 151.11.662 has that quality. Bridges become shapes, gears provide depth, and the negative space between components becomes as important as the components themselves. It is less about quickly reading the time and more about being able to see how much mechanical activity can exist inside a relatively simple wristwatch. The watch also represents an unusual side of Universal Genève collecting. The brand is so closely associated with a handful of famous families that pieces outside those families can be surprisingly overlooked. A hand-finished skeletonized micro-rotor watch in gold is certainly not the first image that comes to mind when Universal Genève is mentioned. That is precisely why the reference 151.11.662 is worth knowing. Writer's Thoughts The micro-rotor is what makes this one. Skeleton watches are interesting on their own, but seeing Universal Genève expose a movement architecture that is already unusual gives the whole thing a reason to exist beyond decoration. There is something satisfying about being able to follow the mechanism visually while the tiny rotor sits almost tucked into the movement. It is also refreshingly strange for Universal Genève. This is not the obvious UG to buy, and that makes it more appealing. The reference 151.11.662 feels like a watch for someone who already understands why the Polerouter and Compax matter and wants to see another side of the manufacture. The fact that it can be appreciated equally as a piece of watchmaking and as a tiny mechanical object is probably the best part. Our Promise Every watch is thoroughly vetted, carefully described with complete transparency, and guaranteed authentic. Each piece is offered in honest condition, ensuring collectors receive a timepiece that reflects both originality and integrity. Speci",Huntington Company,False
1961 Rolex Disco Volante Tropical Taupe Dial (Ref. 9522),Rolex,7600,https://huntingtoncompany.com/products/1961-rolex-disco-volante-tropical-taupe-dial-ref-9522,https://cdn.shopify.com/s/files/1/0553/8391/6727/files/DSF5302-2_be3e7d38-62bc-4251-b724-7e6358e9f015.jpg?v=1774406367,"Worth A Read History and Significance The Rolex reference 9522 is part of a lesser seen group of manually wound dress watches that showcase a more experimental side of the brand’s mid century design language. Often referred to as “Disco Volante,” or flying saucer, the case is defined by its wide, rounded profile and thin midsection, giving it a distinctive silhouette that stands apart from traditional Oyster cases. Produced during a period when Rolex was still exploring a range of dress watch designs, the 9522 reflects a balance between form and function. While it retains the brand’s focus on durability and precision, the emphasis here is clearly on case architecture and dial presence. This example features a grey dial that has aged into a tropical taupe tone, creating a soft, almost brown hue that adds depth without overpowering the simplicity of the layout. Combined with the small seconds register and minimal text, the watch maintains a very clean and refined appearance. Writer’s Thoughts The case is what immediately draws attention. At 36mm with that wide, sloping profile, it wears larger than expected and has a strong presence on the wrist. The tropical dial really completes the watch. It brings warmth to what would otherwise be a very minimal design, and the aging feels natural and even. It is the kind of piece that feels subtle at first but becomes more interesting the longer you look at it. Our Promise Every watch is thoroughly vetted, carefully described with complete transparency, and guaranteed authentic. Each piece is offered in honest condition, ensuring collectors receive a timepiece that reflects both originality and integrity. Specifications Brand: Rolex Model: Disco Volante (Ref. 9522) Year: 1961 Case Material: Yellow gold Case Size: 36mm Dial: Grey dial aged to tropical taupe tone with small seconds Movement: Manual wind Rolex movement Strap/Bracelet: Black leather strap Buckle/Clasp: Generic pin buckle Contents: Watch only Condition Case: Yellow gold case appears unpolished with sharp edges and strong overall definition. Light surface wear consistent with age is present. Dial: Grey dial has aged into a tropical taupe tone with light, even signs of aging throughout. Hands: Hands show light aging consistent with the dial and remain well preserved. Crystal: Acrylic crystal shows light surface wear and scratches. Strap/Bracelet: New leather strap in excellent condition with a generic buckle.",Huntington Company,False
1990s Jaeger-LeCoultre Master Black Réserve de Marche (Ref. 140.8.93.S),Jaeger-LeCoultre,7300,https://huntingtoncompany.com/products/1990s-jaeger-lecoultre-master-black-reserve-de-marche-ref-140-8-93-s,https://cdn.shopify.com/s/files/1/0553/8391/6727/files/DSF4677_970e2e6b-2c8f-4320-9796-ad1d96d7f2ee.jpg?v=1790390189,"Worth A Read History and Significance The Master Réserve de Marche comes from a particularly interesting period in modern Jaeger-LeCoultre. During the 1990s, the manufacture was rebuilding its identity around watches that emphasized traditional complications and serious movement making without chasing the size or visual drama that would define much of the following decade. The reference 140.8.93.S captures that philosophy beautifully. It manages to offer a useful set of complications while still feeling restrained and distinctly classical. The dial architecture is one of the strongest parts of the design. A power-reserve indicator occupies the upper portion of the dial, the date receives its own subsidiary display, and the running seconds completes the arrangement below. There is plenty of information present, yet none of it feels forced into the available space. Jaeger-LeCoultre managed to give each indication a clear purpose while preserving the visual hierarchy of a traditional watch. The black dial changes the personality considerably. Much of the Master collection from this era is associated with lighter, more formal dials, while this execution has a sportier and slightly more unusual character. The tritium has aged into a rich pumpkin tone, creating a warm contrast against the black surface. It gives an otherwise restrained Jaeger-LeCoultre an enormous amount of character without changing the underlying design. Turning the reference 140.8.93.S over reveals another important part of the story. The exhibition caseback places the automatic movement on display, reinforcing Jaeger-LeCoultre's long-standing reputation as a manufacture rather than treating the caliber as something purely functional and hidden away. During an era when many watches of this size and style still used closed casebacks, that decision mattered. The Master Réserve de Marche was designed to make the mechanics part of the experience. At 37mm, the entire package represents a sweet spot for this generation of complicated Jaeger-LeCoultre watches. The proportions allow the multiple displays to breathe without turning the watch into something oversized, while the bracelet gives the traditionally styled Master case a less formal personality. Watches like the reference 140.8.93.S demonstrate why 1990s Jaeger-LeCoultre has become such an interesting area to revisit. There is serious watchmaking here, but it remains subtle enough to reward discovery rather than demand attention. Writer's Thoughts This is exactly the kind of 1990s Jaeger-LeCoultre that deserves more attention. The reference 140.8.93.S has enough complication to remain interesting, but it never feels like the dial is trying to show off. The black dial and pumpkin-colored tritium make what could have been a very conservative Master-series watch feel considerably more playful. On the bracelet, it becomes even easier to imagine wearing regularly rather than reserving it for formal occasions. Our Promise Every watch is t",Huntington Company,False
Jaeger-LeCoultre Polaris Date (Ref. Q9068671),Jaeger-LeCoultre,7300,https://huntingtoncompany.com/products/jaeger-lecoultre-polaris-date-ref-q9068671,https://cdn.shopify.com/s/files/1/0553/8391/6727/files/DSF5990-2.jpg?v=1776801279,"Worth A Read History and Significance When Jaeger-LeCoultre reintroduced the Polaris line in 2018, the goal was not to recreate a single vintage reference, but to reinterpret the design language of their late 1960s sport watches in a more wearable, modern format. The Polaris Date sits at the center of that lineup, offering the aesthetic of the original Polaris with a simplified, time-and-date execution. This reference keeps the signature internal rotating bezel, operated via the upper crown, which ties it directly back to the vintage models. The case is contemporary at 42mm but remains restrained thanks to the slim bezel and balanced lug profile. The dial is one of the more considered elements here, constructed in layers with a matte center, grained mid-section, and opaline outer track, giving depth without relying on color or contrast. Inside is the in-house automatic caliber 899, visible through the display caseback and finished in a clean, functional manner. It is a reliable, modern movement designed for everyday use, aligning with the Polaris Date’s role as a versatile sports watch rather than a complication-focused piece. Writer’s Thoughts This is one of the more understated modern sports watches from a serious manufacture. The case proportions feel right, the bracelet integrates well, and the dial has just enough detail to keep it interesting without becoming busy. It wears easily and doesn’t demand attention, which is part of the appeal. It feels like a watch you can keep on for most situations without needing to think about it. Our Promise Every watch is thoroughly vetted, carefully described with complete transparency, and guaranteed authentic. Each piece is offered in honest condition, ensuring collectors receive a timepiece that reflects both originality and integrity. Specifications Brand: Jaeger-LeCoultre Model: Polaris Date (Ref. Q9068671) Year: Circa 2018 Case Material: Stainless steel Case Size: 42mm Bezel: Internal rotating bezel controlled by crown Dial: Black multi-finish dial with applied luminous markers Movement: Jaeger-LeCoultre automatic caliber Strap/Bracelet: Original stainless steel bracelet Buckle/Clasp: Jaeger-LeCoultre signed folding clasp Contents: Watch only Condition Case: Light surface wear throughout, including fine hairlines along the lugs and case sides. Overall, strong case geometry with no major dents or polishing evident. Dial: Clean and well-preserved with no marks or discoloration. Hands: Clean and matching with no wear. Crystal: Light marks visible at certain angles, no cracks or chips observed. Bracelet: Original bracelet with light wear throughout from normal use.",Huntington Company,False
Cartier Obus Paris Dial Blue Enamel - Cartier Service Papers,Cartier,7300,https://huntingtoncompany.com/products/cartier-obus-paris-dial-blue-lacquer,https://cdn.shopify.com/s/files/1/0553/8391/6727/files/DSF4120_a3172550-084e-4206-b9cf-76ebc53e6a0f.jpg?v=1771638030,"History and Significance The Cartier Obus is one of the brand’s more architectural case designs, produced in the late 1970s and 1980s. The name “Obus,” meaning shell in French, refers to the rounded cylindrical lugs that anchor the strap to the case. It is a shape that feels distinct from the more common Tank or Santos lines, yet unmistakably Cartier. This example features a bold blue Roman numeral surround set against a gold-tone square case, with a smaller inner dial signed “Cartier” and “Paris.” The strong contrast between the blue numerals and gold case gives the watch presence despite its compact size. The Paris signature is an important detail and ties the piece to Cartier’s traditional design language. Powered by a quartz movement, the Obus was positioned as an elegant daily wear piece, combining classic Roman numerals with a sculptural case profile. Writer’s Thoughts The Obus wears differently than a Tank. The rounded lugs soften the square case and make it sit comfortably on the wrist. Even in the smaller size, the bold blue numerals give it personality. This is not a loud watch, but it is distinctive. The blue on gold combination stands out, and the Paris dial adds an extra layer of appeal for someone who appreciates traditional Cartier details. On a dark strap, it feels balanced and intentional. Our Promise Every watch is thoroughly vetted, carefully described with complete transparency, and guaranteed authentic. Each piece is offered in honest condition, ensuring collectors receive a timepiece that reflects both originality and integrity. Specifications Brand: Cartier Model: Obus Year: Circa 1980s Case: Gold-tone square case Case Size: Small size with blue Roman numeral surround Dial: Cream center, signed Paris Crystal: Mineral crystal Movement: Quartz Strap/Bracelet: Black Cartier strap Buckle/Clasp: Cartier 18k tang buckle Contents: Box and service papers Condition Case: Case shows visible surface wear and scratching consistent with age. Bezel: Bezel area shows scratching and wear consistent with regular use. Crystal: Crystal shows light surface wear. Dial: Dial remains intact with strong blue numerals and clear Paris signature. Hands: Hands appear correct and intact. Strap/Bracelet: Leather strap shows wear consistent with use. Buckle/Clasp: Buckle shows light surface wear and functions properly.",Huntington Company,False
1990s Blancpain Léman Flyback 34mm Military Dial (Ref. 1185F-1130M-63),Blancpain,6900,https://huntingtoncompany.com/products/blancpain-leman-flyback-34mm-military-dial-ref-1185f-1130m-63,https://cdn.shopify.com/s/files/1/0553/8391/6727/files/DSF4585.jpg?v=1790387098,"Worth A Read History and Significance The Blancpain Léman Flyback is familiar territory for collectors of 1990s Blancpain, but the reference 1185F-1130M-63 is a version that seems to have largely disappeared from the conversation. Most encounters with the 34mm Flyback lead to the better-known 2100 series, with its thicker case and screw-down chronograph pushers. The reference 1185F takes a noticeably different approach, placing the flyback chronograph into a slimmer, more traditional case reminiscent of Blancpain's Villeret designs. It gives the watch an elegance that feels almost unexpected for a military-inspired automatic chronograph. That distinction becomes especially important on the wrist. The smaller conventional pushers allow the case to remain visually clean, while the thin bezel and rounded profile keep the watch from feeling overly technical. It is an interesting reminder that a complicated sports watch did not always need to announce itself through size or bulk. Blancpain managed to fit a serious automatic flyback chronograph into proportions that still feel like a traditional mechanical wristwatch. At the center of the reference 1185F is Blancpain's automatic flyback chronograph architecture, allowing the chronograph to be reset and restarted with a single press while it is running. During this period, the flyback became one of the signatures of Blancpain's sportier watches, particularly within the Léman family. Yet the military-style dial gives this execution a personality distinct from the more restrained dress watches associated with the manufacture. Large Arabic numerals, luminous hands, and a three-register layout make the watch immediately legible without losing the refinement expected from Blancpain. What makes the reference 1185F particularly compelling today is how little attention it receives compared with neighboring references. Production appears to have been limited, and examples surface far less frequently than the 2100 Flyback that followed. That relative obscurity has left one of the most appealing configurations of the Léman chronograph hiding in plain sight. It belongs to the category of watches that becomes considerably more interesting once the small differences between references start to matter. The original bracelet changes the character again. Rather than turning the watch into a conventional modern sports chronograph, its articulated design feels distinctly tied to Blancpain's design language of the period. Combined with the military dial and compact case architecture, the result sits somewhere between dress watch, complicated chronograph, and understated sports watch. The reference 1185F-1130M-63 is an unusually complete expression of what Blancpain was doing during an era that remains underexplored by collectors. Writer's Thoughts There is something especially appealing about a complicated watch that does not need to be large to prove its point. The reference 1185F-1130M-63 has all of the mechanical intere",Huntington Company,False
1991 Rolex Datejust Tropical Dial (Ref. 16234),Rolex,6900,https://huntingtoncompany.com/products/1991-rolex-datejust-tropical-dial-ref-16234,https://cdn.shopify.com/s/files/1/0553/8391/6727/files/DSF3916-2.jpg?v=1789769891,"Worth A Read History and Significance The Datejust has spent decades proving that a watch does not need to be complicated to become one of the most recognizable designs in watchmaking. The reference 16234 represents an especially appealing period of the model, pairing the familiar 36mm proportions with a fluted white gold bezel and automatic movement. It sits at the point where vintage character and modern everyday usability overlap particularly well. That balance has made the reference 16234 one of the most approachable ways into five-digit Rolex. What separates this example is the dial. Originally silver, decades of aging have transformed its surface toward a warm champagne tone that changes the personality of the watch completely. The creamy tritium plots complement that color beautifully and give the dial a warmth that a conventional silver example simply does not have. Tropical aging is never completely uniform, and that unpredictability is exactly what makes naturally changed dials so interesting. The Datejust format also works particularly well with this type of aging because everything surrounding the dial remains restrained. Applied baton markers, simple hands, a date aperture beneath the Cyclops, and the fluted bezel leave the unusual color as the focal point. At 36mm, the case retains the proportions that defined the Datejust for generations. Nothing about the design needs to be oversized or exaggerated for the watch to have presence. Another important part of this example is the condition of the case. The case remains unpolished, preserving the shape and surfaces that are so often softened on watches of this age. The later bracelet is also unpolished and shows normal wear throughout rather than having been refinished to appear artificially new. Combined with the naturally aged dial, the result is a reference 16234 that presents with the kind of honest character that makes an older Rolex compelling. Writer’s Thoughts A tropical Datejust can be far more interesting than its reputation as the safe Rolex choice suggests. The reference 16234 already has nearly ideal everyday proportions, but the champagne-like transformation of this dial makes the watch feel completely different from a standard silver example. The creamy tritium adds another layer of warmth without overwhelming the simplicity of the design. Most importantly, the aging gives this Rolex an identity that cannot simply be ordered from a catalog or recreated on another watch. Our Promise Every watch is thoroughly vetted, carefully described with complete transparency, and guaranteed authentic. Each piece is offered in honest condition, ensuring collectors receive a timepiece that reflects both originality and integrity. Specifications Brand: Rolex Model: Datejust Reference: 16234 Year: 1991 Case Material: Stainless steel with white gold fluted bezel Case Size: 36mm Dial: Silver dial aged to a warm champagne tone with creamy tritium lume Movement: Automatic Strap/Buckle: Later R",Huntington Company,False
2021 Omega Speedmaster Racing Panda Chronograph - Box and Papers (Ref. 329.30.44.51.04.001),Rolex,6900,https://huntingtoncompany.com/products/2021-omega-speedmaster-racing-panda-chronograph-box-and-papers-ref-329-30-44-51-04-001,https://cdn.shopify.com/s/files/1/0553/8391/6727/files/DSF1363.jpg?v=1766116965,"Worth A Read History and Significance The Speedmaster has been central to Omega’s identity since the late 1950s, but the introduction of the in-house Co-Axial chronograph movements marked a major technical shift for the line. The caliber 9900 represented Omega’s first fully integrated, column-wheel chronograph designed from the ground up around the Co-Axial escapement, rather than adapting older Lemania architecture. This reference belongs to the modern Speedmaster Professional family but departs from the traditional Moonwatch format with a larger 44.25 mm case, automatic winding, and a two-register layout. The movement is METAS certified as a Master Chronometer, tested for accuracy, power reserve, and resistance to magnetic fields up to 15,000 gauss. While not a direct Moonwatch descendant, these models represent Omega’s contemporary vision for the Speedmaster as a technically advanced everyday chronograph rather than a purely historical piece. Writer's Thoughts This is a great example of Omega doing modern sports watches correctly. The watch wears substantial but balanced, and the white dial with black sub-registers keeps things legible and restrained. The caliber 9900 is genuinely impressive to view through the caseback and makes this feel like a modern tool rather than a heritage reissue. A strong option for someone who wants a Speedmaster they can wear daily without compromise. Our Promise Every watch is carefully inspected, fully vetted, and described with full transparency. This Omega is guaranteed authentic and comes backed by our commitment to honesty, quality, and trust. Specifications Brand: Omega Model: Speedmaster Co-Axial Chronograph Reference: ref. 329.30.44.51.04.001 Year: 2021 Case Material: Stainless steel Case Size: 44.25 mm Bezel: Black ceramic tachymeter bezel Dial: White Crystal: Sapphire Movement: Automatic chronograph Strap: Stainless steel bracelet Buckle/Clasp: Folding clasp Contents: Box and papers Condition Case: Stainless steel case in excellent condition with light surface wear consistent with careful use. Bezel: Clean ceramic bezel insert with no notable chips or cracks. Crystal: Sapphire crystal is clean with no visible scratches. Light marks on the AR coating. Dial: White dial is crisp with clean printing and evenly colored sub-registers. Hands: Original hands with intact lume and no corrosion. Bracelet: Stainless steel bracelet in strong condition with light wear marks. Buckle/Clasp: Folding clasp functions properly with noticeable wear.",Huntington Company,False
Jaeger-LeCoultre Master Control Memovox (Ref. 174.8.96),Jaeger-LeCoultre,6600,https://huntingtoncompany.com/products/jaeger-lecoultre-master-control-memovox-ref-174-8-96,https://cdn.shopify.com/s/files/1/0553/8391/6727/files/DSF9519-2_0d8b4f96-12bb-4715-a9ab-fdc714d857e5.jpg?v=1785173823,"Worth A Read History and Significance Few manufacturers have contributed more to the technical advancement of Swiss watchmaking than Jaeger-LeCoultre. Often referred to as the ""watchmaker's watchmaker,"" the manufacture has supplied movements to many of the industry's most prestigious names while simultaneously producing some of the most innovative watches under its own signature. Among those innovations, the Memovox remains one of its greatest achievements. Introduced in the early 1950s, the Memovox brought a practical mechanical alarm complication to the wrist at a time when wristwatches were becoming indispensable everyday tools. Rather than simply telling the time, it could audibly remind its wearer of an appointment, departure, or meeting, making it one of the first truly functional complications designed for daily life. The distinctive dual-crown layout and rotating alarm disc quickly became defining characteristics of the collection. Reference 174.8.96 represents the modern interpretation of that historic design. While preserving the unmistakable appearance of the original Memovox, it benefits from contemporary manufacturing and finishing, allowing collectors to enjoy one of Jaeger-LeCoultre's most celebrated complications in a watch that remains perfectly suited for everyday wear. Writer’s Thoughts Complicated dress watches are always appealing, but there's something especially charming about a mechanical alarm. Even decades after smartphones made alarms commonplace, hearing the Memovox come to life through nothing more than springs, gears, and levers never gets old. This example is made even better by retaining its original Jaeger-LeCoultre leather strap and signed buckle, details that are often replaced over time. Reference 174.8.96 remains one of the most enjoyable watches in the brand's catalog because it combines genuine horological significance with a complication you'll actually find yourself using. Whether you're already a Jaeger-LeCoultre enthusiast or looking to experience the Memovox for the first time, this is an outstanding example. Our Promise Every watch is thoroughly vetted, carefully described with complete transparency, and guaranteed authentic. Each piece is offered in honest condition, ensuring collectors receive a timepiece that reflects both originality and integrity. Specifications Brand: Jaeger-LeCoultre Model: Memovox Year: Circa 2000s Case Material: Stainless Steel Case Size: 37mm Dial: Silver Movement: Automatic alarm Strap/Bracelet: Original Jaeger-LeCoultre leather strap Buckle/Clasp: Original Jaeger-LeCoultre signed buckle Contents: Watch only Condition Case: Case shows light signs of careful wear while remaining well preserved. Dial: Original dial in excellent condition. Hands: Original hands in excellent condition. Crystal: Clean with minimal signs of use. Strap/Bracelet: Original Jaeger-LeCoultre leather strap showing light wear consistent with careful use. Buckle/Clasp: Original Jaeger-LeCoultre signed buc",Huntington Company,False
Jaeger-LeCoultre Memovox International Limited Edition (Ref. 174.8.96),Jaeger-LeCoultre,6600,https://huntingtoncompany.com/products/jaeger-lecoultre-memovox-international-ref-174-8-96,https://cdn.shopify.com/s/files/1/0553/8391/6727/files/DSF8385.jpg?v=1780722316,"Worth A Read History and Significance Few complications are as charming as a mechanical alarm. While chronographs and perpetual calendars often dominate conversations among collectors, the alarm watch remains one of the most genuinely useful complications ever developed. Jaeger-LeCoultre has long been associated with the category thanks to the legendary Memovox line, which remains one of the most important alarm-watch families in watchmaking history. The Memovox International takes that heritage and packages it into a surprisingly modern design. Measuring 40mm, the watch offers significantly more wrist presence than most vintage Memovox references while retaining the functionality and charm that made the collection famous. The world-time inspired inner disc adds an additional layer of visual interest and reinforces the travel-oriented theme suggested by the name. Produced as a limited edition, the reference offers collectors something considerably less common than standard production Memovox models. The combination of the alarm complication, limited production, and larger case size makes it one of the more versatile pieces in the broader Jaeger-LeCoultre catalog. Examples in this level of preservation are becoming increasingly difficult to find. The original strap and buckle further enhance its appeal from a collector's standpoint. Writer’s Thoughts There is something inherently fun about a mechanical alarm watch. Unlike many complications that you admire visually, this is one you actually interact with. The 40mm case size makes it easy to wear daily, and the alarm complication never seems to lose its novelty, no matter how long you've owned the watch. Our Promise Every watch is thoroughly vetted, carefully described with complete transparency, and guaranteed authentic. Each piece is offered in honest condition, ensuring collectors receive a timepiece that reflects both originality and integrity. Specifications Brand: Jaeger-LeCoultre Model: Memovox International (Ref. 174.8.96) Year: Circa 2000s Case Material: Stainless steel Case Size: 40mm Dial: Silver dial with alarm and international city display Movement: Automatic Strap/Bracelet: Original leather strap Buckle/Clasp: Original Jaeger-LeCoultre buckle Contents: Watch only Condition Case: Mint condition overall with minimal signs of wear visible throughout. Dial: Excellent condition with crisp printing and no blemishes. Hands: Original hands in excellent condition. Crystal: Clean overall with no imperfections visible. Strap/Bracelet: Original strap in excellent condition. Buckle/Clasp: Original Jaeger-LeCoultre buckle showing minimal wear.",Huntington Company,False
Vacheron Constantin Coin Edge Bezel - Türler Signed (Ref. 6406),Vacheron Constantin,6300,https://huntingtoncompany.com/products/vacheron-constantin-coin-edge-bezel-turler-signed-ref-6406,https://cdn.shopify.com/s/files/1/0553/8391/6727/files/DSF8789-2.jpg?v=1783443275,"Worth A Read History and Significance Double-signed dials have become one of the most sought-after specialties within vintage collecting. Rather than simply carrying the manufacturer's name, these watches also feature the signature of the prestigious retailer that originally sold the watch. The practice was reserved for only a handful of the world's finest retailers, making surviving examples exceptionally scarce. Türler of Zurich remains one of the most respected names among those retailers. For decades, the family-owned jeweler worked closely with the finest Swiss manufactures, and today double-signed Türler watches rank among the most collectible examples from nearly every major brand. Reference 6406 is itself an uncommon Vacheron Constantin, distinguished by its beautifully coined bezel. Combined with the rare Türler signature, it becomes a watch that collectors may search years to encounter again. The restrained 32.5mm proportions perfectly capture the elegance of mid-century Vacheron Constantin. Sharp lugs, refined finishing, and beautifully faceted hour markers give the watch remarkable presence despite its modest size. Writer’s Thoughts The retail signature almost feels like discovering a hidden chapter of the watch's history. It transforms an already elegant Vacheron Constantin into something far more personal, tying it to one of Switzerland's great retailers. Pieces like this remind you that provenance can be just as exciting as the watch itself. Our Promise Every watch is thoroughly vetted, carefully described with complete transparency, and guaranteed authentic. Each piece is offered in honest condition, ensuring collectors receive a timepiece that reflects both originality and integrity. Specifications Brand: Vacheron Constantin Model: Ref. 6406 Year: Circa 1960s Case Material: Yellow gold Case Size: 32.5mm Dial: Silver double-signed Türler Movement: Manual wind Strap/Bracelet: Leather strap Buckle/Clasp: Generic pin buckle Contents: Watch only Condition Case: Sharp case with crisp lugs that appears to be unpolished. Dial: Honest aging with attractive patina. Hands: Excellent condition. Crystal: Clean overall. Strap/Bracelet: New brown leather strap. Buckle/Clasp: Generic buckle in excellent condition.",Huntington Company,False
Jaeger-LeCoultre Master Control Memovox Reveil (Ref. 141.8.97/1),Jaeger-LeCoultre,6300,https://huntingtoncompany.com/products/jaeger-lecoultre-master-control-memovox-reveil-ref-141-8-97-1,https://cdn.shopify.com/s/files/1/0553/8391/6727/files/DSF8876_cf817e59-90c2-4326-87e1-4abd5cd2d8b2.jpg?v=1783443322,"Worth A Read History and Significance Alarm watches occupy one of the most fascinating corners of mechanical watchmaking. Long before digital reminders existed, manufacturers competed to create wristwatches capable of producing an audible alarm, each developing its own engineering solution. Jaeger-LeCoultre has remained one of the masters of the complication, with the Memovox becoming one of the manufacture's defining creations. The Master Reveil represents a modern evolution of that legacy. While earlier Memovox models relied on rotating discs to indicate the alarm setting, the Reveil introduced an entirely new movement that made interacting with the alarm far more intuitive. Setting the alarm is quicker, more precise, and easier to understand without sacrificing the charm of a fully mechanical complication. Beyond the movement itself, the attention to detail throughout the watch is exceptional. Applied lume plots surround each hour marker, while even the alarm indicator receives luminous treatment—a small detail that demonstrates the thoughtful engineering Jaeger-LeCoultre devoted to every aspect of the watch. At 39mm, the case strikes an ideal balance between modern proportions and classic dress-watch restraint. It remains one of the most wearable complicated watches Jaeger-LeCoultre has produced. Writer’s Thoughts Complicated watches often become intimidating to use, but the Reveil does the opposite. It feels intuitive after only a few minutes, and once you hear that crisp mechanical alarm, it's hard not to appreciate how much personality this watch has. It's one of those pieces that reminds you why mechanical watchmaking is still so enjoyable. Our Promise Every watch is thoroughly vetted, carefully described with complete transparency, and guaranteed authentic. Each piece is offered in honest condition, ensuring collectors receive a timepiece that reflects both originality and integrity. Specifications Brand: Jaeger-LeCoultre Model: Master Control Memovox Reveil (Ref. 141.8.97/1) Year: 1990s Case Material: Stainless steel Case Size: 39mm Dial: Silver Movement: Automatic Strap/Bracelet: Leather strap Buckle/Clasp: Original Jaeger-LeCoultre deployant clasp Contents: Original box and papers Condition Case: Clean case with no notable major signs of wear. Dial: Perfect condition with a clean date aperture. Hands: Excellent condition with blued central seconds hand. Crystal: Clean with no chips, edge damage, or deep scratches. Strap/Bracelet: New leather strap. Buckle/Clasp: Original deployant clasp in excellent condition.",Huntington Company,False
2000 Omega Speedmaster Professional Moon to Mars (3577.50),Omega,6300,https://huntingtoncompany.com/products/2000-omega-speedmaster-professional-moon-to-mars-3577-50,https://cdn.shopify.com/s/files/1/0553/8391/6727/files/DSF2401-2.jpg?v=1768850552,"Worth A Read History and Significance This Speedmaster belongs to one of Omega’s most playful and concept-driven modern Speedmaster releases, the “Moon to Mars” edition. Introduced as a limited production run, the watch reinterprets the classic Speedmaster Professional by replacing the traditional monochrome subdials with vivid planetary imagery representing Earth and Mars. While unmistakably modern in execution, it remains mechanically and dimensionally faithful to the Speedmaster that has defined Omega’s chronograph identity since the 1960s. At its core, this watch is still a Moonwatch. It uses the hand-wound calibre 1861 architecture, a direct descendant of the movement that powered NASA-qualified Speedmasters worn during Apollo missions. The familiar 42mm asymmetrical case, black tachymeter bezel, hesalite crystal, and manually wound chronograph layout are all present, ensuring continuity with the historic Speedmaster Professional lineage. What sets this reference apart is its dial. The Earth and Mars subdials introduce color and texture without compromising legibility or balance. The execution is precise and deliberate rather than novelty driven, and the result is a Speedmaster that remains serious in construction while offering a distinct visual identity. For collectors, this reference represents a modern Omega experiment done correctly, grounded in genuine Speedmaster DNA rather than superficial design changes. Writer’s Thoughts This is one of the few modern Speedmasters that feels both fun and legitimately collectible. It wears exactly like a traditional Moonwatch, but the dial gives it personality without crossing into gimmick territory. For someone who already owns a standard Speedmaster, this is a compelling alternative that still feels correct on the wrist. Our Promise Every watch we offer is carefully inspected and verified for authenticity. We stand behind the integrity of each piece and represent it accurately and transparently. Our goal is to ensure complete confidence when purchasing from Huntington Company. Specifications Brand: Omega Model: Speedmaster Professional Moon to Mars (Ref. 31130423001001) Year: 2000 Case Material: Stainless steel Case Size: 42mm Bezel: Black aluminum tachymeter bezel Dial: Black dial with Earth and Mars subdials Crystal: Hesalite Movement: Omega calibre 1861 hand-wound chronograph Strap/Bracelet: Stainless steel bracelet Buckle/Clasp: Omega folding clasp Contents: Watch only Condition Case: Stainless steel case shows light surface wear consistent with careful use. Brushed surfaces remain even with minor contact marks visible under close inspection, primarily along the case sides and lug edges. No evidence of aggressive refinishing observed. Bezel: Tachymeter bezel is clean with light hairline wear and fully legible printing throughout. Crystal: Hesalite crystal shows faint surface marks consistent with normal wear, with no chips or cracks. Dial: Dial is in perfect condition with no signs of wear. Han",Huntington Company,False
1980s Vacheron Constantin Yellow Gold Dress Watch - Unpolished (Ref. 31015),Vacheron Constantin,5900,https://huntingtoncompany.com/products/1980s-vacheron-constantin-yellow-gold-dress-watch-unpolished-ref-31015,https://cdn.shopify.com/s/files/1/0553/8391/6727/files/DSF2359_bd368b4b-0c74-4dd6-afff-4307f3b9f3cc.jpg?v=1787881694,"Worth A Read History and Significance The strongest Vacheron Constantin dress watches are often defined by proportion rather than complication, and the reference 31015 is a particularly clean expression of that idea. Its 31mm case is unmistakably traditional, yet the thin bezel and expansive dial allow the watch to wear larger than the measurement suggests. The 18k yellow gold case provides warmth without overwhelming the restrained design of the dial. A manual-wind movement completes the formula and allows the case to maintain the slim profile expected from a classical Vacheron Constantin. Time has also given this particular case something that cannot be recreated through restoration. The yellow gold has developed a beautiful natural patina, adding subtle variation to the surface while preserving the character accumulated through age. Rather than appearing tired, the case remains remarkably well preserved and shows very little evidence of actual wear. The combination of minimal use and visible gold patina gives the watch an especially appealing vintage appearance. The dial remains in mint condition and provides a sharp contrast to the warmth that has developed across the case. Its restrained layout allows the applied markers, slender hands, and Vacheron Constantin signature to carry the design without unnecessary decoration. That simplicity becomes especially effective within a case this compact because nothing feels crowded or disproportionately large. The reference 31015 is a reminder that a traditional dress watch can have considerable wrist presence without relying on diameter. Completeness adds another important layer to this example. The watch retains its original Vacheron Constantin leather strap and gold buckle and is accompanied by its original Vacheron Constantin pouch. Finding a dress watch from this period with the appropriate original fittings and accessories makes the overall presentation considerably more satisfying. Combined with the mint dial, lightly worn case, natural gold patina, and classical dimensions, the reference 31015 represents an exceptionally well-preserved example of traditional Vacheron Constantin design. Writer's Thoughts Measurements can be particularly misleading with thin vintage dress watches, and the reference 31015 demonstrates that perfectly. The 31mm diameter sounds extremely restrained on paper, but the narrow bezel, open dial, and case proportions allow the watch to occupy more space on the wrist than expected. The natural patina across the yellow gold case adds another dimension that a freshly polished example simply would not possess. With the dial remaining in mint condition, the contrast between the preserved face and naturally aged case gives the watch a particularly strong appearance. Our Promise Every watch is thoroughly vetted, carefully described with complete transparency, and guaranteed authentic. Each piece is offered in honest condition, ensuring collectors receive a timepiece that reflects",Huntington Company,False
2014 Panerai Luminor Submersible Titanium - Box and Papers (Ref. PAM00364),Panerai,5900,https://huntingtoncompany.com/products/panerai-luminor-submersible-titanium-box-and-papers-ref-pam00364,https://cdn.shopify.com/s/files/1/0553/8391/6727/files/DSF1513.jpg?v=1766116359,"Worth A Read History and Significance The PAM00364 sits within Panerai’s Submersible line, a family rooted in the brand’s military dive heritage. This reference uses a titanium case paired with the trademark Luminor crown-locking system, combining tool-watch purpose with Panerai’s unmistakable design language. Rated to 2500 meters, it represents one of the more serious professional dive configurations Panerai has produced, built for function rather than ornament. This reference features a no-nonsense black dial with applied luminous markers, small seconds at 9, and a date at 3. The use of titanium keeps the watch wearable despite its substantial presence, while the matte finishing reinforces its utilitarian character. Writer's Thoughts This is a true tool Panerai. The titanium case wears lighter than expected, and the proportions feel purposeful rather than oversized. It is the kind of watch that makes sense on rubber and looks right doing exactly what it was designed for. Our Promise Every watch is carefully inspected, fully vetted, and described with full transparency. This Panerai is guaranteed authentic and comes backed by our commitment to honesty, quality, and trust. Specifications Brand: Panerai Model: Luminor Submersible Reference: PAM00364 Year: 2014 Case Material: Titanium Case Size: 47mm Bezel: Unidirectional rotating titanium bezel Dial: Black with luminous hour markers and date Crystal: Sapphire Movement: Automatic Strap: Rubber Buckle/Clasp: Tang buckle Contents: Box and papers Condition Case: Titanium case shows visible surface wear consistent with use, including light scratches and handling marks. Case proportions remain strong. Bezel: Titanium unidirectional bezel shows light surface wear with clean engravings and intact edges. Crystal: Sapphire crystal is clean with no visible chips or cracks. Some light marks are noticeable in certain lighting. Dial: Black dial is clean with crisp printing and well-preserved luminous markers. Hands: Original hands with matching lume, showing no corrosion. Strap: Rubber strap shows signs of wear consistent with use. Buckle/Clasp: Tang buckle shows light cosmetic wear and functions properly.",Huntington Company,False
1997 Rolex Datejust Silver Dial (Ref. 16200),Rolex,5600,https://huntingtoncompany.com/products/1997-rolex-datejust-silver-dial-ref-16200,https://cdn.shopify.com/s/files/1/0553/8391/6727/files/DSF8571.jpg?v=1781550241,"Worth A Read History and Significance The Rolex Datejust 16200 sits in a particularly interesting period of Datejust production. Introduced during the late 1980s and produced through much of the 1990s, the reference bridges the gap between vintage and modern Rolex. It retains the slimmer proportions and acrylic-era charm collectors appreciate while benefiting from sapphire crystal durability and the upgraded caliber 3135. Unlike its fluted-bezel siblings, the smooth bezel of the 16200 gives the watch a more understated appearance. The design feels almost utilitarian, allowing the dial and case proportions to take center stage. It is a configuration that has become increasingly appreciated by collectors who prefer subtlety over flash. The silver dial found on this example is among the most versatile offerings Rolex produced. Depending on lighting, it can appear bright silver, warm champagne, or nearly white. Combined with the Oyster bracelet, the watch has a distinctly sportier character than a traditional Jubilee-equipped Datejust. As a one-owner watch, this example carries an added level of appeal. Watches that remain with their original owner for decades often tell a story of long-term enjoyment rather than frequent trading, and that continuity is becoming increasingly difficult to find. Writer’s Thoughts The Rolex Datejust Ref. 16200 has always been one of those references that quietly does everything well. This particular example stands out because it is a one-owner watch, something that immediately adds character beyond the watch itself. The smooth bezel and Oyster bracelet combination is one of the most underrated Datejust configurations ever made. It feels more purposeful and less formal than the typical fluted Datejust, making it incredibly easy to wear every day. Our Promise Every watch is thoroughly vetted, carefully described with complete transparency, and guaranteed authentic. Each piece is offered in honest condition, ensuring collectors receive a timepiece that reflects both originality and integrity. Specifications Brand: Rolex Model: Datejust (Ref. 16200) Year: 1997 Case Material: Stainless steel Case Size: 36mm Dial: Silver dial with applied baton markers Movement: Automatic Strap/Bracelet: Rolex Oyster bracelet Buckle/Clasp: Rolex folding clasp Contents: Watch only Condition Case: Appears well preserved with strong overall proportions and honest signs of wear from use. Dial: Excellent condition with clean printing and attractive silver coloration throughout. Hands: Original matching handset showing light age consistent with the watch. Crystal: Clean overall with no notable distractions. Strap/Bracelet: Oyster bracelet remains in very good condition with normal wear. Buckle/Clasp: Functions correctly with expected signs of use.",Huntington Company,False
2023 Breitling Super AVI B04 Chronograph GMT - Box and Papers (Ref. AB0445),Breitling,5600,https://huntingtoncompany.com/products/breitling-super-avi-b04-chronograph-gmt-box-and-papers-ref-ab0445,https://cdn.shopify.com/s/files/1/0553/8391/6727/files/DSF1527.jpg?v=1766116498,"Worth A Read History and Significance The Super AVI collection draws directly from Breitling’s aviation heritage, specifically the oversized pilot chronographs produced in the 1940s for military and civilian aviation use. These early tool watches were designed for maximum legibility, robust construction, and practical complications suited for long-distance flight. The modern Super AVI reinterprets that lineage with contemporary materials and movements while preserving the purposeful design language. The reference AB0445 is powered by Breitling’s in-house caliber B04, an automatic chronograph movement with an independently adjustable GMT hand. This movement represents a significant technical milestone for Breitling, combining an integrated chronograph architecture with true traveler GMT functionality. The large 46 mm case, oversized crown, and high-contrast dial are all intentional, staying faithful to the oversized cockpit instruments that inspired the original AVI watches. This reference sits at the intersection of heritage styling and modern mechanical capability, making it one of the more serious aviation chronographs in Breitling’s current catalog. Writer's Thoughts Despite the 46 mm case size, the Super AVI wears with purpose rather than excess. The proportions, short lugs, and clear dial layout keep it balanced on the wrist. The GMT function is genuinely useful for travel, and the B04 movement gives the watch real substance beyond its visual presence. This is a watch that feels engineered first and styled second. Our Promise Every watch is carefully inspected, fully vetted, and described with full transparency. This Breitling is guaranteed authentic and comes backed by our commitment to honesty, quality, and trust. Specifications Brand: Breitling Model: Super AVI B04 Chronograph GMT Reference: ref. AB0445 Year: circa 2010s Case Material: Stainless steel Case Size: 46 mm Bezel: Bidirectional rotating bezel Dial: Black chronograph dial with applied Arabic numerals Crystal: Sapphire Movement: Automatic chronograph with GMT function Strap: Leather Buckle/Clasp: Breitling folding clasp Contents: Box and papers Condition Case: Stainless steel case with surface wear consistent with normal use. Overall structure remains strong. Bezel: Light handling wear visible on the bezel surface and markings. Crystal: Sapphire crystal is clean with no chips or cracks observed. Some noticeable scratches on the AR coating. Dial: Dial is clean with crisp printing and evenly aged luminous elements. Hands: Original hands with intact lume and no visible oxidation. Strap: Leather strap shows signs of wear and natural creasing. Buckle/Clasp: Breitling clasp with visible scratches from regular use.",Huntington Company,False
1995 Rolex Cellini Yellow Gold Dress Watch (Ref. 5115),Rolex,5300,https://huntingtoncompany.com/products/1995-rolex-cellini-yellow-gold-dress-watch-ref-5115,https://cdn.shopify.com/s/files/1/0553/8391/6727/files/DSF4602-2.jpg?v=1790388130,"Worth A Read History and Significance The Cellini has always occupied a very different corner of the Rolex catalog. While the brand built its reputation around Oyster cases, waterproof crowns, rotating bezels, and watches designed around some practical purpose, the Cellini line allowed Rolex to make something far more traditional. The reference 5115 belongs firmly to that side of the brand. It is a simple, elegant dress watch from a company that is much better known for making almost everything else. That simplicity is what makes the reference 5115 interesting. There is no date window, seconds hand, luminous material, or sports-watch language competing for attention. Instead, the design relies on a beautifully clean white dial with applied gold Roman numerals and a pair of slender gold hands. Even the Cellini signature is handled quietly, giving the dial just enough personality without disturbing its symmetry. There is also something refreshing about seeing Rolex reduced to the fundamentals of a traditional dress watch. The reference 5115 comes from an era when 32mm was an entirely natural size for this kind of watch, and the restrained proportions allow the design to remain elegant rather than becoming an oversized interpretation of one. It represents a version of Rolex that receives considerably less attention than the Submariners, Daytonas, and GMT-Masters surrounding it in the collector world. That is precisely why the Cellini catalog remains such an interesting place to look. Writer's Thoughts The appeal here is how little the reference 5115 feels like the Rolex that dominates the modern conversation. The white dial, gold Roman numerals, and thin hands make the watch feel almost anonymous until the coronet comes into focus. There is a confidence in that restraint that is difficult to recreate with a larger or more complicated watch. It is Rolex without the sports-watch baggage, and that makes it unexpectedly charming. The Cellini line also feels increasingly interesting as collectors dig deeper into overlooked parts of familiar brands. There are plenty of recognizable Rolex watches, but considerably fewer that can still surprise someone who already knows the catalog. The reference 5115 manages to do exactly that without resorting to anything unusual or eccentric. Its appeal comes simply from being an exceptionally pure dress watch wearing an unexpected name on the dial. Our Promise Every watch is thoroughly vetted, carefully described with complete transparency, and guaranteed authentic. Each piece is offered in honest condition, ensuring collectors receive a timepiece that reflects both originality and integrity. Specifications Brand: Rolex Model: Cellini Reference: 5115 Year: 1995 Case Material: 18k yellow gold Case Size: 32mm Dial: White dial with applied gold Roman numerals Movement: Manual wind Strap/Buckle: Leather strap Buckle/Clasp: Original Rolex yellow gold buckle Contents: Watch only Condition Case: Unpolished yellow gold case rem",Huntington Company,False
1978 Rolex Datejust IBM Grey Dial  (Ref. 1603),Rolex,4900,https://huntingtoncompany.com/products/1978-rolex-datejust-ibm-grey-dial-ref-1603,https://cdn.shopify.com/s/files/1/0553/8391/6727/files/DSF1262-2.jpg?v=1787617108,"Worth A Read History and Significance Corporate presentation watches occupy a fascinating corner of vintage Rolex collecting because they give us something most watches cannot: a reason for why the watch was originally purchased. During the twentieth century, major companies regularly presented watches to employees to recognize long careers and important milestones. Rolex became one of the names most closely associated with that tradition. This stainless steel Datejust reference 1603 dates to 1978 and was presented by IBM in 1980. The caseback carries the IBM Quarter Century Club engraving along with the recipient's name, Aaron M. Rosenberg, commemorating 25 years with the company. Rather than being an engraving added casually by an owner years later, it is part of the history of why this watch was given in the first place. The watch itself is a classic late-production 1603, with its 36mm Oyster case and engine-turned bezel, but the dial makes this example particularly attractive. Its unusual light grey color has an almost taupe quality in certain lighting, creating a warmer appearance than the conventional silver dials normally associated with the Datejust. The aged luminous material adds another subtle layer of warmth. The IBM connection transforms what could otherwise be a great vintage Datejust into a specific artifact from another era. Someone spent a quarter century at one of the most important technology companies in the world, and in 1980 this Rolex was given to recognize it. More than four decades later, that story is still permanently engraved into the watch. Writer's Thoughts The IBM Quarter Century Club engraving is fantastic. It gives this 1603 an identity beyond its reference number and connects it directly to the corporate culture of the period, when a mechanical watch was something significant enough to commemorate decades of someone's career. But even without the engraving, we would have stopped for the dial. The light grey surface has a subtle taupe tone that changes depending on the lighting and looks especially good against the steel case and engine-turned bezel. It is understated, but noticeably different once you put it beside a conventional silver Datejust. This is a 1978 Rolex Datejust with a genuinely interesting dial and a piece of its original history permanently attached to the case. For us, that is considerably more interesting than another anonymous 1603. Our Promise Every watch is thoroughly vetted, carefully described with complete transparency, and guaranteed authentic. Each piece is offered in honest condition, ensuring collectors receive a timepiece that reflects both originality and integrity. Specifications Brand: Rolex Model: Datejust Year: 1978 Case Material: Stainless steel Case Size: 36mm Dial: Light grey dial with subtle taupe coloration Movement: Automatic Strap/Bracelet: New leather strap Buckle/Clasp: Generic buckle Contents: Watch only Condition Case: Stainless steel Oyster case presents attractively ",Huntington Company,False
2002 Ulysse Nardin San Marco GMT Diamond - Box & Papers (Ref. 223-88),Ulysse Nardin,4900,https://huntingtoncompany.com/products/2002-ulysse-nardin-san-marco-gmt-diamond-box-papers-ref-223-88,https://cdn.shopify.com/s/files/1/0553/8391/6727/files/DSF6425.jpg?v=1777326818,"Worth A Read History and Significance The San Marco line represents a period where Ulysse Nardin was leaning into practical complications with a slightly more expressive design language than the traditional Swiss houses. The GMT function here is straightforward and usable, built around the idea of tracking a second time zone without overcomplicating the dial. Reference 223-88 follows that formula but adds a bit more presence through its configuration. The dual time display is handled through the main hands and the “home time” subdial at 9 o’clock, while the oversized date window keeps things easy to read at a glance. It is a layout that prioritizes usability first. What sets this example apart is the factory diamond dial. Instead of feeling overly decorative, the diamonds are applied in a restrained way that still keeps the watch grounded. Combined with the silver dial and polished case, it adds just enough variation to make it stand out from standard San Marco GMTs without losing its purpose-built feel. Writer’s Thoughts The GMT function is done very well, with the two pushers, it lets you adjust the second time very quickly. The diamond dial is actually pretty uncommon for the San Marco. It could have been too much, but it's not. It still reads like a tool-oriented watch, just with a bit more character. On the bracelet, it wears like a proper everyday piece. It is not trying too hard, which is probably why it works. Our Promise Every watch is thoroughly vetted, carefully described with complete transparency, and guaranteed authentic. Each piece is offered in honest condition, ensuring collectors receive a timepiece that reflects both originality and integrity. Specifications Brand: Ulysse Nardin Model: San Marco GMT (Ref. 223-88) Year: 2002 Case Material: Stainless steel Case Size: 40mm Bezel: Smooth stainless steel bezel Dial: Silver dial with factory diamond hour markers Movement: Automatic Ulysse Nardin GMT caliber Strap/Bracelet: Stainless steel bracelet Buckle/Clasp: Ulysse Nardin folding clasp Contents: Complete set with box and papers Condition Case: The case shows light wear and is unpolished. Dial: Factory diamond dial is clean with no issues; markers are intact and well set. Hands: Hands are original and in excellent condition. Crystal: Crystal shows no wear consistent with careful use. Strap/Bracelet: Bracelet is in good condition with light wear and no stretch.",Huntington Company,False
1964 Omega Constellation 14k Gold Chronometer (Ref. 167.005),Omega,4600,https://huntingtoncompany.com/products/1964-omega-constellation-14k-gold-chronometer-ref-167-005,https://cdn.shopify.com/s/files/1/0553/8391/6727/files/DSF3285-2.jpg?v=1789170053,"Worth A Read History and Significance The Constellation was Omega making a very specific statement. It was not simply meant to be the more expensive dress watch in the catalog; it was built around the idea that precision could be luxurious. By the time the reference 167.005 arrived in the 1960s, the Constellation had already established itself as one of Omega’s flagship chronometer families. That is why the name has always carried a little more weight than the typical mid-century Omega dress watch. The reference 167.005 belongs to one of the great periods for the Constellation. This was an era when the model still had all of the little details that made early Constellations distinctive: the applied star on the dial, the observatory medallion on the back, and the restrained chronometer text that quietly explained what separated the watch from the rest of the catalog. None of those elements feels particularly dramatic on its own. Together, they give the watch an identity that is difficult to mistake for anything else. What is especially good about the 167.005 is how comfortably it sits between a traditional dress watch and something with a little more personality. The Constellation was never as anonymous as many of the simple round watches being produced during the same period. There was always some architecture to it, some additional thought given to the case and dial, and enough visual distinction to make the model recognizable from across a table. That balance has helped make these early Constellations increasingly interesting to collectors who want something more specific than simply “a vintage Omega.” There is also an appealing seriousness to a chronometer from this period. Today, chronometer certification can read like another line on a specification sheet. On a watch like the reference 167.005, it is fundamental to what the Constellation was supposed to represent. Omega was building an entire luxury collection around precision, and the observatory emblem on the back served as a reminder of that obsession. The Constellation was a dress watch, but its identity was built as much around what was happening inside the watch as what could be seen from the outside. Writer's Thoughts There is something wonderfully complete about an early gold Constellation. The brushed gold dial gives this one a warmth that feels completely appropriate for a 1960s Omega, but it never becomes overly formal or ornate. The applied furniture, crosshair layout, Constellation script, little star, and chronometer text create just enough going on that the dial rewards a closer look. It feels expensive in an old-fashioned way, where the appeal comes from proportion and small details rather than obvious decoration. The reference 167.005 also represents a category of vintage watch that has become increasingly easy to overlook. There are more exotic references, more complicated watches, and certainly louder ways to spend money, but a good Constellation has a quiet confidence tha",Huntington Company,False
1984 Rolex Datejust Two Tone (Ref. 16013),Rolex,4600,https://huntingtoncompany.com/products/1984-rolex-datejust-two-tone-ref-16013,https://cdn.shopify.com/s/files/1/0553/8391/6727/files/DSF9541-2.jpg?v=1785174309,"Worth A Read History and Significance There was a period when collectors overlooked two-tone Rolex watches. Stainless steel sports models dominated conversations, while references like the Datejust quietly sat in dealers' cases waiting for someone to appreciate them. That has changed dramatically over the last few years. Collectors have begun looking back at the watches that defined the 1980s, and few represent the decade better than the reference 16013. It combines everything that made the Datejust successful for generations: the instantly recognizable fluted bezel, the practical date complication, and proportions that remain nearly perfect more than forty years later. Unlike modern examples, these watches still feature acrylic crystals and tritium lume, details that give them a warmth impossible to recreate today. One of the greatest strengths of the 16013 is its versatility. It has enough gold to feel special without becoming flashy, while the 36mm case remains one of the most universally wearable sizes Rolex has ever produced. It is equally comfortable under a suit cuff as it is with a polo shirt on a summer afternoon. As collectors continue rediscovering neo-vintage Rolex, honest two-tone Datejusts have become increasingly difficult to find. Sharp cases, attractive tritium, and original components are no longer the norm, making untouched examples like this one far more desirable than they once were. Writer’s Thoughts Before we even looked at the dial, the case immediately stood out. This reference 16013 still has the crisp definition that disappears after repeated polishing, giving the watch the same confident profile it left the factory with decades ago. The tritium lume has also aged beautifully. Rather than remaining stark white, it has developed an attractive creamy tone that gives the dial considerably more character without distracting from its clean appearance. We've paired the watch with a new leather strap to offer a different look from the traditional Jubilee bracelet, and we think it suits the watch exceptionally well. Rolex produced countless Datejusts during this era, but examples that have remained this honest become more difficult to source every year. Our Promise Every watch is thoroughly vetted, carefully described with complete transparency, and guaranteed authentic. Each piece is offered in honest condition, ensuring collectors receive a timepiece that reflects both originality and integrity. Specifications Brand: Rolex Model: Datejust Year: 1984 Case Material: Stainless Steel and 18K Yellow Gold Case Size: 36mm Dial: Champagne with tritium lume Movement: Automatic Strap/Bracelet: New leather strap Buckle/Clasp: Generic buckle Contents: Watch only Condition Case: Unpolished case retaining crisp factory edges with light honest wear throughout. Dial: Original dial in excellent condition with attractive creamy tritium lume. Hands: Original hands with matching tritium lume. Crystal: Acrylic crystal showing light signs of caref",Huntington Company,False
Chopard Casino Pearl Dial Limited Edition (Ref. 987),Chopard,4500,https://huntingtoncompany.com/products/chopard-casino-pearl-dial-limited-edition-ref-987,https://cdn.shopify.com/s/files/1/0553/8391/6727/files/DSF6191-2.jpg?v=1747269520,"Worth The Read Chopard was founded in 1860 by Louis-Ulysse Chopard in Sonvilier, Switzerland, with a clear focus on precision timekeeping. Early on, the brand built a strong reputation for crafting accurate pocket watches and chronometers, supplying clients like the Swiss Railway Company. For decades, Chopard remained a quiet but respected name in fine watchmaking. That changed in 1963, when Karl Scheufele III—a German goldsmith and watchmaker—acquired the company and ushered it into the world of modern luxury. Under his leadership, Chopard began to merge high jewelry with horology, most famously with the launch of the Happy Diamonds collection in 1976, featuring free-floating diamonds between sapphire crystals. In the 1990s, Chopard made a decisive return to high-end mechanical watchmaking with the creation of its own manufacture in Fleurier, Switzerland. This move led to the development of the L.U.C. line—named after its founder—which features in-house calibers, hand-finishing, and complications rivaling the finest in Swiss horology. Alongside technical achievement, Chopard positioned itself as a lifestyle brand, forming long-term partnerships with the Cannes Film Festival and the Mille Miglia classic car rally. Today, Chopard stands at the intersection of craftsmanship and glamour—blending rich heritage, innovation, and design into some of the most refined timepieces in contemporary watchmaking. Specifications Reference: 987 Model: Casino Movement: Manual Year: 1990s Contents: Watch only Case: The white gold case is unpolished and the bezel has normal signs of wear. Dial: The factory pearl dial is in amazing condition with no cracks. Strap & Buckle: Comes with a Chopard buckle.",Huntington Company,False
1980s Audemars Piguet Classique Ultra-Slim - Rose Gold,Audemars Piguet,4300,https://huntingtoncompany.com/products/1980s-audemars-piguet-classique-ultra-slim-rose-gold,https://cdn.shopify.com/s/files/1/0553/8391/6727/files/DSF8847-2.jpg?v=1783443246,"Worth A Read History and Significance The Classique collection reflects Audemars Piguet at its most restrained. Long before oversized sports watches became synonymous with the brand, AP quietly produced some of the finest ultra-thin dress watches in Switzerland, placing elegance and movement finishing above all else. Ultra-thin watchmaking has always been one of Audemars Piguet's greatest strengths. Building a movement that is exceptionally slim while remaining reliable requires extraordinary precision, and the manufacture became one of the industry's leaders in the category throughout the twentieth century. This rose gold example has a character quite different from modern pink gold alloys. Rather than displaying a vivid copper tone, the alloy has mellowed over time into a warm golden hue with just enough rosy warmth to distinguish itself from yellow gold. It feels understated rather than flashy, perfectly matching the minimalist Roman numeral dial. Finding these watches, complete with their original rose gold buckle, has become increasingly uncommon, making this an especially attractive example for collectors. Writer’s Thoughts The beauty of this watch isn't found in complexity; it's found in restraint. Every line, every proportion, and every detail feels deliberate. The subtle warmth of the vintage rose gold gives it just enough personality without ever demanding attention, which is exactly what a great dress watch should do. Our Promise Every watch is thoroughly vetted, carefully described with complete transparency, and guaranteed authentic. Each piece is offered in honest condition, ensuring collectors receive a timepiece that reflects both originality and integrity. Specifications Brand: Audemars Piguet Model: Classique Ultra-Thin Year: Circa 1980s Case Material: Rose gold Case Size: 31mm Dial: White Roman numeral Movement: Quartz Strap/Bracelet: Suede leather strap Buckle/Clasp: Original Audemars Piguet rose gold pin buckle Contents: Watch only Condition Case: Unpolished with sharp hallmarks. Dial: Very clean with minor edge wear at 12 o'clock. Hands: Black leaf hands in excellent condition. Crystal: Clean overall. Strap/Bracelet: Leather strap in excellent condition. Buckle/Clasp: Original rose gold buckle in excellent condition.",Huntington Company,False
Hermès Cape Cod Grandes Heures - Box (Ref. CD6.810),Hermes,3900,https://huntingtoncompany.com/products/hermes-cape-cod-grandes-heures-box-ref-cd6-810,https://cdn.shopify.com/s/files/1/0553/8391/6727/files/DSF3998-2.jpg?v=1789772338,"Worth A Read History and Significance The Cape Cod is one of the best examples of Hermès approaching watch design in the same way the house approaches almost everything else. The shape is familiar but slightly strange, taking inspiration from the Chaîne d’Ancre motif and turning it into a rectangular watch case. That connection to an existing Hermès design language is important. The Cape Cod does not feel like a generic Swiss watch with a fashion name attached to the dial. The Grandes Heures takes that already unconventional foundation and makes the display of time itself behave differently. Rather than allowing the hour hand to travel around the dial at a constant pace, the mechanism varies its speed as it moves between the hour markers. The numerals are positioned at irregular intervals, so the hand accelerates and slows down throughout its journey to arrive at the correct hour. Minutes continue to be read conventionally, while the hour indication turns something completely ordinary into a mechanical trick. There is something wonderfully Hermès about that complication. It does not exist because the conventional method of displaying hours needed improvement, nor does it make the watch more practical. Instead, it plays with the perception of time and gives the dial a reason to look the way it does. The distorted numerals are not simply graphic design. They are tied directly to what the movement is doing underneath. The result sits somewhere between serious watchmaking and a visual joke, which is exactly why the Grandes Heures is so memorable. Complications are often judged by how much information they provide, but this one takes information already available on every watch and makes the process of displaying it more interesting. That is a much more playful way to think about mechanical watchmaking. It also gives the reference CD6.810 an identity that goes far beyond being an unusual version of the Cape Cod. Writer's Thoughts The Grandes Heures is exactly the kind of complication that makes watch collecting more fun. Nobody needed a variable-speed hour hand, and that is precisely the point. Watching the hand accelerate and slow down while navigating that wonderfully distorted dial turns something as mundane as checking the hour into an experience. There is also something refreshing about Hermès being willing to make a watch this strange without making it visually ridiculous. From across the room it is still clearly a Cape Cod. Only after looking at the dial does the joke begin to reveal itself. The reference CD6.810 is clever, slightly absurd, and genuinely interesting mechanically, which is a difficult combination not to love. Our Promise Every watch is thoroughly vetted, carefully described with complete transparency, and guaranteed authentic. Each piece is offered in honest condition, ensuring collectors receive a timepiece that reflects both originality and integrity. Specifications Brand: Hermès Model: Cape Cod Grandes Heures Reference: CD6.8",Huntington Company,False
"2006 Omega Seamaster Professional 300 ""Peter Blake"" (Ref. 2254.50)",Omega,3900,https://huntingtoncompany.com/products/2006-omega-seamaster-professional-300-peter-blake-ref-2254-50,https://cdn.shopify.com/s/files/1/0553/8391/6727/files/DSF8828-2.jpg?v=1783443507,"Worth A Read History and Significance Among modern Omega dive watches, few references have developed the following of the Seamaster 2254.50. Often referred to as the ""Peter Blake,"" the watch refined the familiar Seamaster formula with a more tool-focused design centered around legibility and functionality. Unlike the skeleton hands found on many Seamaster models of the era, the broad sword hands dramatically improve readability while giving the watch a more purposeful appearance. Combined with the wave-pattern dial, aluminum bezel insert, and helium escape valve, the result is one of Omega's most recognizable dive watches. The 41mm case wears comfortably while offering the durability expected from a professional dive watch. Today, many enthusiasts consider the 2254.50 to be one of the strongest values in modern Omega collecting due to its classic proportions and increasingly loyal collector following. As appreciation for early 2000s sports watches continues to grow, the Peter Blake has steadily earned recognition as one of the defining Seamaster references of its generation. Writer’s Thoughts There is a reason this reference continues to have such a devoted following. The sword hands are a staple of the Seamaster, giving it a cleaner and more purposeful look than many of its siblings. It strikes an ideal balance between everyday practicality and collectible appeal. All this at a fantastic price point. Our Promise Every watch is thoroughly vetted, carefully described with complete transparency, and guaranteed authentic. Each piece is offered in honest condition, ensuring collectors receive a timepiece that reflects both originality and integrity. Specifications Brand: Omega Model: Seamaster Professional (Ref. 2254.50) Year: 2006 Case Material: Stainless steel Case Size: 41mm Dial: Black wave dial Movement: Automatic Strap/Bracelet: Omega bracelet Buckle/Clasp: Omega folding clasp Contents: Watch only Condition Case: Light signs of honest wear throughout. Dial: Mint condition. Hands: Mint condition. Crystal: Clean overall. Strap/Bracelet: Tight bracelet with no noticeable stretch. Fits just under a 7-inch wrist; additional links can be sourced. Buckle/Clasp: Functions properly with normal signs of wear.",Huntington Company,False
2025 Tudor Ranger 36 Sand Beige - Box and papers (Ref. M79930),Tudor,3900,https://huntingtoncompany.com/products/2025-tudor-ranger-36-sand-beige-box-and-papers-ref-79930,https://cdn.shopify.com/s/files/1/0553/8391/6727/files/DSF2315-2.jpg?v=1787880713,"Worth A Read History and Significance The Tudor Ranger has always occupied a different position from the brand’s dive watches and chronographs. Its design is rooted in the traditional field watch, with an emphasis on legibility, simplicity, and durability rather than complications or decorative finishing. The reference 79930 continues that philosophy while introducing a warmer and more distinctive aesthetic. The result is recognizably a Ranger, but with considerably more personality than the familiar black-dial configuration. The sand beige dial is the defining feature of this example. Its warm surface is paired with high-contrast black Arabic numerals and markers, creating an extremely clean and functional layout. The familiar Ranger numerals at three, six, nine, and twelve remain central to the design, while the black hands reinforce the utilitarian character of the watch. Depending on the lighting, the dial can shift from a muted beige to a warmer sandy tone. At 39mm, the stainless steel case keeps the proportions versatile without pushing the Ranger into oversized territory. The broad bezel and relatively open dial make the watch feel substantial, while the straightforward case architecture maintains the tool-watch character expected from the collection. The automatic movement underneath adds modern practicality without changing the simplicity of the design from the wrist. This particular Tudor was purchased new in 2025 and has remained with its original owner. It has been barely worn and is accompanied by its complete original set, preserving the boxes, paperwork, and accessories that belong with the watch. The combination of the sand beige dial, exceptional condition, and completeness makes the reference 79930 an especially attractive example of the modern Ranger. Writer's Thoughts The sand beige dial completely changes the Ranger. A model that is normally very restrained becomes noticeably warmer without losing the simplicity that makes the design work in the first place. The black numerals and hands provide enough contrast that the dial remains highly legible, while the unusual color gives the reference 79930 a personality of its own. It is still unmistakably Tudor, but it feels considerably less predictable than a conventional black field watch. Condition is another major strength of this example. The watch has had only one owner, was purchased in 2025, and has been barely worn, leaving the case and bracelet in exceptional condition. The complete original set has remained with the watch as well, making the package particularly appealing for a modern Tudor. Very little needs to be explained with an example preserved this well. Our Promise Every watch is thoroughly vetted, carefully described with complete transparency, and guaranteed authentic. Each piece is offered in honest condition, ensuring collectors receive a timepiece that reflects both originality and integrity. Specifications Brand: Tudor Model: Ranger Reference: M79930 Year: 20",Huntington Company,False
Breitling Chronomat Chronograph Pearl Dial (Ref. A13352),Breitling,3900,https://huntingtoncompany.com/products/breitling-chronomat-chronograph-pearl-dial-ref-a13352,https://cdn.shopify.com/s/files/1/0553/8391/6727/files/DSF0442_42e4540e-b01c-4341-84d3-7ea6e495503d.jpg?v=1787106401,"Worth A Read History and Significance The Chronomat is one of those watches that immediately transports you to a particular period of Breitling. Polished steel, prominent rider tabs, an intricate chronograph dial, and a substantial bracelet gave the model an identity that was unmistakably its own. Breitling wasn't trying to make a restrained chronograph. The Chronomat was technical, complicated, and designed to have presence. This reference A13352 becomes considerably more interesting because of its dial. Rather than one of the conventional configurations commonly encountered on the model, it features a mother-of-pearl dial with an unusual hammered finish. Mother-of-pearl already reacts dramatically to changing light, but the additional texture breaks up the surface even further. Depending on the viewing angle, different areas of the dial can move through silver, charcoal, green, violet, and other subtle tones. Because mother-of-pearl is a natural material, those variations are inherently individual. No two pieces of the material develop exactly the same pattern or coloration. The hammered treatment adds another dimension, making the dial appear almost metallic from certain angles before the iridescence of the mother-of-pearl becomes visible again. It is a surprisingly decorative centerpiece for what is otherwise a purposeful steel chronograph, and that contrast is precisely what makes this particular Chronomat so interesting. Writer's Thoughts We've handled plenty of Breitling chronographs, but the combination of mother-of-pearl and this hammered finish is something we rarely encounter. From straight on, the A13352 can appear relatively restrained. Move it toward the light and the texture suddenly becomes much more pronounced, with different colors appearing across the surface and around the chronograph registers. More importantly, the dial is mint. There are no distracting flaws taking attention away from the finish, and the rest of the watch is similarly impressive. The case and bracelet show very little evidence of wear, leaving this Chronomat in the kind of condition that allows its unusual dial to remain the entire focus. Our Promise Every watch is thoroughly vetted, carefully described with complete transparency, and guaranteed authentic. Each piece is offered in honest condition, ensuring collectors receive a timepiece that reflects both originality and integrity. Specifications Brand: Breitling Model: Chronomat Year: Circa 2000s Case Material: Stainless steel Case Size: 39mm Dial: Mother-of-pearl chronograph dial with hammered finish Movement: Automatic chronograph Strap/Bracelet: Stainless steel Breitling bracelet Buckle/Clasp: Breitling folding clasp Contents: Watch only Condition Case: Stainless steel case remains exceptionally clean with little evidence of wear. The bezel, rider tabs, pushers, and surrounding case surfaces are very well preserved. Dial: Original mother-of-pearl dial with distinctive hammered finish remains in mint co",Huntington Company,False
DeLaneau Tonneau Leather Dial White Gold Dress Watch,DeLaneau,3600,https://huntingtoncompany.com/products/delaneau-tonneau-leather-dial-white-gold-dress-watch,https://cdn.shopify.com/s/files/1/0553/8391/6727/files/DSF2416-2.jpg?v=1787882672,"Worth A Read History and Significance DeLaneau has always approached watchmaking from a more decorative perspective than most traditional Swiss manufactures, and this tonneau-shaped dress watch demonstrates that philosophy particularly well. The 18k white gold case measures 30mm by 35mm, giving the watch elongated proportions that feel substantially different from a conventional round dress watch. Its curved tonneau profile creates much of the visual interest before the dial is even considered. The result is an elegant design that feels distinctly individual without relying on an oversized case or complicated movement. The brown alligator dial is the feature that completely transforms the watch. Rather than simply using an alligator strap as an accessory, the material becomes part of the watch itself, introducing natural texture and variation directly onto the dial. Against the cool tone of the white gold case, the rich brown surface creates an unusual contrast that gives the watch considerably more warmth. It is a detail rarely encountered in traditional dress watches and immediately separates this DeLaneau from more conventional designs of the period. The reference’s 30mm by 35mm dimensions also suit the tonneau architecture particularly well. A shaped watch occupies the wrist differently from a round watch, with the elongated case providing additional presence without requiring excessive width. A new HC leather strap has been fitted while the original DeLaneau buckle remains with the watch, preserving an important original component. The original box is also included, adding another welcome element of completeness to an already unusual piece. Writer's Thoughts The strongest part of this DeLaneau is the way the materials interact. White gold normally creates a relatively restrained foundation for a dress watch, but the brown alligator dial introduces enough texture to make the entire design feel unexpected. The tonneau case then adds another layer of personality without making the watch visually complicated. At 30mm by 35mm, the proportions remain elegant and allow the unusual dial to remain the obvious focal point. The small amount of dust visible on the crystal should also be understood for what it is rather than confused with deterioration of the dial. It can be noticed under close examination but becomes effectively unnoticeable during normal wear. The new HC strap gives the watch a clean presentation, while the original buckle and original box preserve important elements of the original package. For a dress watch outside the usual handful of major manufactures, this DeLaneau offers a particularly unusual combination of shape, material, and texture. Our Promise Every watch is thoroughly vetted, carefully described with complete transparency, and guaranteed authentic. Each piece is offered in honest condition, ensuring collectors receive a timepiece that reflects both originality and integrity. Specifications Brand: DeLaneau Model: Tonneau D",Huntington Company,False
IWC GST Steel Chronograph (Ref. IW372703),IWC,3300,https://huntingtoncompany.com/products/iwc-gst-steel-chronograph-ref-iw372703,https://cdn.shopify.com/s/files/1/0553/8391/6727/files/DSF4056_7fbda45f-a5f9-4045-8a3c-1b55fdcb7cb0.jpg?v=1771638285,"Worth A Read History and Significance The GST line marked an important period for IWC in the late 1990s and early 2000s. “GST” stood for Gold, Steel, and Titanium, reflecting the materials used across the collection. These watches leaned into a more industrial, tool-oriented aesthetic while maintaining the restrained design language IWC is known for. The IW372703 is a quartz chronograph housed in a solid stainless steel case with integrated bracelet. The design is purposeful, with broad lugs that flow directly into the bracelet and a tachymeter scale framing the dial. The silver dial features applied markers, three sub-registers, and a date window, creating a layout that is sporty without feeling cluttered. Quartz in this context was not about compromise but precision and practicality. During this era, IWC produced high-quality quartz chronographs aimed at buyers who wanted accuracy, durability, and everyday usability in a well-built case. Writer’s Thoughts The GST Steel wears with real presence. The integrated bracelet and substantial case give it weight and structure on the wrist, while the silver dial keeps it from feeling visually heavy. What stands out most is how balanced the design feels. The applied markers and subtle warmth of the hands add depth without distracting from the chronograph layout. It is the kind of watch that feels equally appropriate in a business setting or on a weekend. The quartz movement makes it easy to live with, which is part of the appeal. Our Promise Every watch is thoroughly vetted, carefully described with complete transparency, and guaranteed authentic. This watch is offered in honest condition. Specifications Brand: IWC Model: GST Steel Quartz (Ref. IW372703) Year: Circa early 2000s Case: Stainless steel Case Size: 40mm Dial: Silver dial with applied markers, chronograph sub-registers, and date display Crystal: Sapphire Movement: Quartz chronograph movement Strap/Bracelet: Stainless steel integrated bracelet Buckle/Clasp: IWC folding clasp Contents: Watch only Condition Case: The case is very clean overall with light surface wear consistent with normal use. Bezel: Bezel shows light surface wear consistent with age and use. Crystal: Crystal appears clean with no visible cracks. Dial: Clean, with intact printing and markers; a small scratch is visible near the 7 o’clock position . Hands: Hands appear correct and clean. Strap/Bracelet: Bracelet shows light surface wear consistent with normal use. Buckle/Clasp: Clasp functions properly with light surface wear.",Huntington Company,False
1979 Hermès Calèche Black Tank Manual Wind - Box and Papers,Hermes,2900,https://huntingtoncompany.com/products/1979-hermes-caleche-black-tank-manual-wind-box-and-papers,https://cdn.shopify.com/s/files/1/0553/8391/6727/files/DSF4660.jpg?v=1790389996,"Worth A Read History and Significance The Calèche belongs to an earlier chapter of Hermès watchmaking that feels increasingly interesting today. Long before the brand's modern watches became widely discussed by collectors, Hermès was already approaching watches through the same design-first lens found throughout its leather goods, jewelry, and accessories. The Calèche is a particularly elegant example of that philosophy. Its elongated rectangular form feels unmistakably Parisian without borrowing too heavily from the better-known rectangular watches of other maisons. The name itself comes from one of the most recognizable symbols in Hermès history. The duc carriage and horse motif, known as the ""Duc attelé, groom à l'attente,"" became closely associated with the house and inspired the Calèche name across several Hermès creations. On the wrist, however, the watch is remarkably restrained. Rather than leaning heavily on equestrian imagery, the design allows the case shape, dial, and typography to carry the identity. The black lacquer dial is the strongest visual element. Against the steel case, it gives the Calèche a much sharper and more graphic appearance than a conventional silver dress dial would have produced. The gold-tone crown introduces a small contrasting detail without turning the watch into a traditional two-tone design. It is exactly the sort of subtle styling decision that makes older Hermès watches feel more like designed objects than exercises in conventional Swiss watchmaking. Finding a Calèche accompanied by its original presentation material adds another dimension to the watch. These pieces were not historically collected with the same intensity as comparable watches from traditional Swiss manufactures, so boxes, papers, straps, and buckles were often separated from the watch over time. A surviving set provides a much more complete picture of how Hermès originally presented the Calèche. For an already uncommon model, that completeness makes the watch considerably more interesting. Writer's Thoughts Vintage Hermès watches are at their best when they feel unmistakably like Hermès rather than an attempt to compete with traditional watch brands. The Calèche gets that balance exactly right. It is elegant, slightly unusual, and immediately stylish without needing a complicated movement or an elaborate dial. The rectangular proportions and black lacquer surface give it a personality that feels completely different from the typical Swiss dress watch. The spidering in the lacquer dial is especially charming. Rather than hiding the watch's age, the fine cracking gives the glossy black surface a texture that could only develop naturally over time. Combined with how well preserved the rest of the watch is, it creates a wonderful contrast between age and preservation. Add the original box, papers, strap, and buckle, and this becomes the sort of complete vintage Hermès package that rarely seems to survive intact. Our Promise Every watch is thor",Huntington Company,False
IWC Portofino Silver Dial (Ref. IW356303),IWC,2900,https://huntingtoncompany.com/products/iwc-portofino-silver-dial-ref-iw356303,https://cdn.shopify.com/s/files/1/0553/8391/6727/files/DSF3972-2.jpg?v=1789771442,"Worth A Read History and Significance The Portofino has always represented the quieter side of IWC. While collections like the Pilot and Ingenieur are defined by a particular purpose, the Portofino is built around a much simpler idea: a clean, traditional wristwatch that does not need a complicated story to justify its design. The reference IW356303 captures that philosophy particularly well. It is unmistakably modern IWC, but its influences reach much further back into the manufacture's history of restrained round watches. Part of the appeal is how little visual information is required. Thin baton markers surround the dial, slender feuille hands provide just enough flourish, and a discreet date window sits at three o'clock. There are no unnecessary scales or decorative elements competing for attention. The result is the sort of design that can initially seem almost too simple, only to make more sense after spending time with it. That restraint is also what separates the Portofino from many modern dress watches. Rather than leaning heavily into vintage styling, the reference IW356303 feels like a continuation of a traditional idea. The design is clean without becoming sterile and formal without becoming precious. It is a watch that makes a strong case for simplicity being an identity of its own. Writer's Thoughts There is something refreshing about a watch that does not need a hook. The reference IW356303 is simply a handsome IWC with good typography, elegant hands, and a dial that has been allowed to breathe. Nothing is fighting for attention, and that makes the little details matter considerably more. The Portofino is also an easy reminder that interesting watches do not always need to be rare, complicated, or historically significant. Sometimes the attraction is simply that the proportions and design feel right. The reference IW356303 has that quality, and its understated personality makes it the kind of watch that can quietly become a favorite. Our Promise Every watch is thoroughly vetted, carefully described with complete transparency, and guaranteed authentic. Each piece is offered in honest condition, ensuring collectors receive a timepiece that reflects both originality and integrity. Specifications Brand: IWC Model: Portofino Automatic Reference: IW356303 Year: 2000s Case Material: Stainless steel Case Size: 39mm Dial: Silver dial with applied baton hour markers Movement: Automatic Strap/Buckle: New H.C. leather strap Buckle/Clasp: Generic buckle Contents: Watch only Condition Case: Presents attractively with light signs of wear consistent with normal use. Dial: Presents cleanly with crisp printing and applied hour markers. Hands: Present cleanly and complement the dial well. Crystal: Presents well overall with no notable wear. Strap/Buckle: New H.C. leather strap. Buckle/Clasp: Generic buckle.",Huntington Company,False
Cartier Must de Tank Mechanical True Red Dial,Cartier,2900,https://huntingtoncompany.com/products/cartier-must-de-tank-mechanical-true-red-dial,https://cdn.shopify.com/s/files/1/0553/8391/6727/files/DSF3965-2_37d867ab-c2fa-46b6-9ba4-60003ca26b08.jpg?v=1789771327,"Worth A Read History and Significance The Must de Cartier Tank represents one of the most interesting chapters in the history of the Tank. Introduced as a more accessible expression of Cartier design, the Must line preserved the proportions and visual language that made the Tank instantly recognizable while approaching materials and production differently from the precious-metal models. That distinction helped place Cartier design on the wrists of an entirely new audience. Decades later, these watches have developed a collecting identity completely separate from simply being an entry point into Cartier. Color is a major reason the Must de Cartier watches have become so distinctive. Rather than relying exclusively on the traditional white dial with Roman numerals, Cartier produced rich monochromatic dials that transformed the familiar Tank silhouette into something considerably more playful. The red dial seen here is one of the strongest expressions of that idea, eliminating hour markers entirely and leaving only the hands, signatures, and Cartier emblem. Against the gold-tone case, the saturated dial gives the watch a presence that feels unmistakably Cartier while remaining far removed from the traditional Tank aesthetic. The 23mm by 30mm dimensions preserve the compact proportions associated with vintage Tank watches. More importantly, the rectangular architecture allows those measurements to carry differently than those of a similarly sized round watch. Long vertical brancards frame the dial, while the blue cabochon crown introduces the small contrasting detail closely associated with Cartier. A manual-wind movement completes the experience with the mechanical simplicity expected from a traditional dress watch. Preservation becomes particularly important with colored Must de Cartier dials because age can often result in visible cracking, deterioration, or surface damage. The red dial on this example remains notably sharp, without the cracking or wear that can dramatically change the appearance of these watches. Combined with the crisp overall presentation, the result is a particularly attractive example of the classic Must de Cartier formula. The enduring appeal of the Must Tank comes from the fact that it never needed to imitate a precious-metal Tank Louis exactly. Its strongest examples have a personality entirely their own, especially when paired with the more adventurous colored dials. The red dial, compact case, black leather strap, and blue cabochon create an unusually strong combination of color within an otherwise restrained design. It is a small watch with considerably more visual character than its dimensions suggest. Writer's Thoughts Few watches demonstrate the strength of a design as clearly as the Must de Cartier Tank. Strip away numerals, complications, and nearly every unnecessary dial element, and the Tank remains immediately identifiable. The red dial makes this example particularly enjoyable because it pushes the familiar Car",Huntington Company,False
1970s Baume Et Mercier White Gold Ellipse (Ref. 38297),Baume & Mercier,2900,https://huntingtoncompany.com/products/1970s-baume-et-mercier-white-gold-ellipse-ref-38297,https://cdn.shopify.com/s/files/1/0553/8391/6727/files/DSF7423-2.jpg?v=1779382751,"Worth A Read History and Significance By the late 1970s and 1980s, Baume & Mercier leaned heavily into elegant dress-focused designs, often experimenting with softer case forms and jewelry-inspired proportions. The reference 38297 reflects that direction well, combining a minimalist dial with an elongated oval case and integrated loop-style lugs. The design is intentionally understated. Rather than relying on numerals or complications, the watch focuses entirely on shape, negative space, and proportion. The black dial creates strong contrast against the white gold case, while the sharply faceted hands add just enough visual tension to keep the watch from feeling overly delicate. The oval case also wears differently from its dimensions. While technically compact at 24mm, the elongated silhouette and open lug design give it a larger wrist presence than a traditional round dress watch of similar size. Writer’s Thoughts This feels much more like a design object than a traditional dress watch. The black dial is what makes it really special. Without any markers interrupting the surface, it almost disappears until the light catches the hands. It has a very clean and graphic look in person. The oval shape and loop lugs could have easily become excessive, but everything stays balanced and thin. It is the kind of watch that works best with very simple styling and lets the shape do all the talking. Our Promise Every watch is thoroughly vetted, carefully described with complete transparency, and guaranteed authentic. Each piece is offered in honest condition, ensuring collectors receive a timepiece that reflects both originality and integrity. Specifications Brand: Baume & Mercier Model: Oval (Ref. 38297) Year: circa 1990s Case Material: White gold Case Size: 24mm Bezel: White gold oval bezel Dial: Black minimalist dial Movement: Manual Strap/Bracelet: Generic leather strap Buckle/Clasp: Generic buckle Contents: Watch only Condition Case: Strong overall condition with light wear consistent with careful use. Dial: Clean with no visible imperfections. Hands: Excellent condition with no visible wear. Crystal: Clean with minor signs of wear visible under close inspection. Strap/Bracelet: Strap shows light wear consistent with use.",Huntington Company,False
1970s Baume & Mercier Gold Hexagon Dress Watch (Ref. 37097),Baume & Mercier,2900,https://huntingtoncompany.com/products/1970s-baume-mercier-gold-hexagon-dress-watch-ref-37097,https://cdn.shopify.com/s/files/1/0553/8391/6727/files/DSF7415.jpg?v=1779382800,"Worth A Read History and Significance Throughout the 1970s and 1980s, many Swiss manufacturers began experimenting with geometric case designs that moved away from traditional round dress watches. Baume & Mercier produced a number of elegant shaped references during this period, with the reference 37097 standing out for its clean hexagonal profile and restrained dial execution. The case design is what immediately defines the watch. The hexagonal shape gives it a strong architectural presence, yet the thin bezel and minimalist dial prevent it from feeling overly aggressive or stylized. It captures the design language of the era well, where unconventional forms were paired with extremely clean layouts. Its simplicity is also part of the appeal. With no seconds hand, date window, or unnecessary text, the watch focuses entirely on proportion and shape. The warm yellow gold case paired with the matching dial creates a very cohesive look, especially when contrasted against a darker strap. Writer's Thoughts The hexagonal case gives this watch a lot more personality than the dimensions suggest. Even at 30mm, it has real presence because the case stretches outward visually. Condition matters a lot on a watch like this, and having the original caseback sticker still intact says a lot about how carefully it was worn over the years. It presents almost like a time capsule. Our Promise Every watch is carefully inspected, fully vetted, and described with full transparency. This Panerai is guaranteed authentic and comes backed by our commitment to honesty, quality, and trust. Specifications Brand: Baume & Mercier Model: Hexagon (Ref. 37097) Year: circa 1980s Case Material: Yellow gold Case Size: 30mm Bezel: Yellow gold hexagonal bezel Dial: Champagne dial with baton markers Movement: Manual wind Strap/Bracelet: New leather strap Buckle/Clasp: Generic buckle Contents: Watch only Condition Case: Mint overall condition with strong edges and original caseback sticker still present. Dial: Clean with no visible imperfections or discoloration. Hands: Excellent condition with no visible wear. Crystal: Clean with no signs of wear. Strap/Bracelet: New leather strap fitted with generic buckle.",Huntington Company,False
Oris ProPilot X Calibre 400 - Box and Booklet (Ref. 01 400 7778 7158-07 7 20 01TLC),Oris,2300,https://huntingtoncompany.com/products/oris-propilot-x-calibre-400-ref-01-400-7778-7158-07-7-20-01tlc,https://cdn.shopify.com/s/files/1/0553/8391/6727/files/DSF2355.jpg?v=1768848685,"Worth A Read History and Significance The ProPilot X Calibre 400 represents a major turning point for Oris as a modern independent manufacture. Introduced as part of Oris’ push into fully in-house movements, the Calibre 400 series marked the brand’s commitment to long power reserves, extended service intervals, and real-world durability rather than marketing-driven complications. This ProPilot X takes that philosophy and applies it to a contemporary, lightweight titanium platform. The watch draws inspiration from Oris’ aviation heritage but strips the design down to its essentials. The angular case architecture, turbine-style bezel, and integrated bracelet feel purposeful and modern while remaining restrained. The salmon dial adds an unexpected warmth and personality, setting this reference apart from more conservative pilot watches. The Calibre 400 inside is the real story. With a five-day power reserve, twin barrels, enhanced anti-magnetic properties, and a 10-year warranty from Oris, it is designed to be worn daily with minimal concern. This is not a fragile high-horology movement, but a robust, well-finished engine built for long-term ownership. As Oris continues to refine and expand its in-house offerings, early ProPilot X Calibre 400 models like this are likely to be viewed as foundational pieces in the brand’s modern era. Writer’s Thoughts The size and proportions are excellent, wearing comfortably thanks to the titanium case and bracelet. The salmon dial gives the watch character without feeling loud, and the bracelet integrates seamlessly with the case. This is a modern daily watch done thoughtfully, with substance behind the design. Our Promise Every watch we offer is carefully inspected and verified for authenticity. We stand behind the integrity of each piece and represent it accurately and transparently. Our goal is to ensure complete confidence when purchasing from Huntington Company. Specifications Brand: Oris Model: ProPilot X Calibre 400 (Ref. 01 400 7778 7158-07 7 20 01TLC) Year: Circa 2020s Case Material: Titanium Case Size: 39mm Bezel: Fixed titanium turbine-style bezel Dial: Salmon dial with applied hour markers Crystal: Sapphire crystal Movement: Manual winding Oris Calibre 400 with five-day power reserve Strap/Bracelet: Titanium integrated bracelet Buckle/Clasp: Titanium folding clasp Contents: Box, booklet, extra links, and hangtag Condition Case: Titanium case shows light surface wear consistent with careful use. Bezel: Titanium bezel shows minor hairlines visible under close inspection. Crystal: Sapphire crystal is clean with no visible chips or cracks. Dial: Salmon dial is clean with even color and well-preserved printing. Hands: Original hands are in excellent condition with no corrosion or damage. Strap/Bracelet: Original titanium bracelet shows light handling marks and remains tight. Buckle/Clasp: Original Oris clasp functions properly and shows light wear consistent with use.",Huntington Company,False
1970s Omega Constellation Linen Dial - Brick Bracelet (Ref. 168.027),Omega,2300,https://huntingtoncompany.com/products/1970s-omega-constellation-linen-dial-brick-bracelet-ref-168-027,https://cdn.shopify.com/s/files/1/0553/8391/6727/files/DSF1081-2.jpg?v=1765089348,"Worth A Read Timeless and Attainable Welcome to our curated collection of vintage Omega watches—an accessible, trustworthy entry point into the world of vintage horology. Every piece in this category has been carefully selected for its clean, original condition and timeless design, with each one fully inspected, serviced, and backed by our extended 2-year warranty . Whether you're just getting started, shopping for a memorable gift, or looking to add a classic Omega to your collection without breaking the bank, this series represents both value and authenticity. Most models here are priced under $2,500, offering an easy and elegant way to wear a piece of history. Start your vintage journey with confidence. History & Significance The Constellation line has been Omega’s flagship chronometer series since the 1950s, known for its precision ratings and distinctive star at six o’clock. By the late 1960s Omega introduced the “C-case” Constellation, a modernized design with an integrated profile, sharper geometry, and hidden lugs. These models have become an important chapter in the evolution of the Constellation as Omega shifted toward more architectural styling. Reference 168.027 is part of that early C-case generation and houses Omega’s chronometer-rated caliber 564, one of the brand’s most respected automatic movements from the era. This example features a clean silver dial with applied indexes and its original fluted bezel, paired with an Omega beads-of-rice bracelet for a cohesive period-correct look. Writer’s Thoughts A great everyday Omega for someone who wants a chronometer-rated vintage piece with personality but without the bulk of later sports watches. The C-case wears flat and balanced on the wrist, and the original bracelet adds a lot of charm. Our Promise Every watch is thoroughly vetted, carefully described with complete transparency, and guaranteed authentic. This Omega is offered in original condition, representing an uncommon and stylish take on one of Omega’s most iconic model families. Specifications Brand: Omega Model: Constellation ref. 168.027 Year: circa 1970s Case Material: Stainless steel Case Size: 35mm Bezel: Fluted bezel Dial: Silver Linen Crystal: Acrylic Movement: Automatic Strap: Original Omega bracelet Buckle/Clasp: Omega-signed clasp Contents: Watch only Condition Case: Strong case with light wear and consistent brushing throughout. Bezel: Crisp fluted bezel with light age toning. Crystal: Light surface marks are present but do not affect overall visibility. Dial: Linen dial is perfect with cream tritium lume. Hands: Original hands with black paint. Strap: Omega stainless steel bracelet with minimal stretch. Buckle/Clasp: Omega-signed clasp functioning properly with expected surface wear.",Huntington Company,False
1947 Omega Pre-Seamaster Sword Hands (Ref. 2513-2),Omega,1900,https://huntingtoncompany.com/products/1947-omega-cream-dial-and-sword-hands-ref-2513-2,https://cdn.shopify.com/s/files/1/0553/8391/6727/files/DSF6827-2.jpg?v=1777605533,"Worth A Read History and Significance The reference 2513 sits within a strong era for Omega, when the brand was producing a wide range of manually wound dress watches with subtle variations in dial design and handset execution. While many examples follow a similar formula, small details like hand shape, numeral configuration, and dial tone are what separate the more compelling pieces from the standard. This example stands out for its sword hands, which are less commonly seen on references of this type. They add a bit more presence to an otherwise restrained design and shift the watch slightly away from purely formal territory. The applied Arabic numerals at the cardinal positions give it balance, while the remaining indices keep the dial open and easy to read. The dial itself has aged into a warm cream tone, showing even patina throughout. It complements the gold case well and reinforces the mid-century character of the watch. At 33mm, it sits right in line with the period, though the thin bezel and longer lugs allow it to wear closer to a modern 34mm on wrist. Writer’s Thoughts The proportions are right, the dial has just enough variation, and the hands give it character without overdoing it. The patina is doing a lot of the work here. It adds a lot of charm to the watch and makes it feel lived in without looking tired. It’s simple, but not boring, which is refreshing. Our Promise Every watch is thoroughly vetted, carefully described with complete transparency, and guaranteed to be authentic. This Omega Seamaster is presented in original condition, representing both timeless style and enduring quality. Specifications Brand: Omega Model: Dress Watch (Ref. 2513-2) Year: 1947 Case Material: Gold plated Case Size: 33mm Bezel: Smooth gold-plated bezel Dial: Cream dial with applied Arabic numerals and indices, aged patina Movement: Manual wind Omega caliber Strap/Bracelet: Brown leather strap Buckle/Clasp: Generic pin buckle Contents: Watch only Condition Case: Shows minimal wear, and all the gold plating is still intact. Dial: Evenly aged with warm patina throughout; minor spotting and light surface marks consistent with age. Hands: In good condition with light wear; retain strong shape and tone. Crystal: Light surface wear present. Strap/Bracelet: Strap is new.",Huntington Company,False
1970s Omega Seamaster Tonneau - Beads Of Rice (Ref. 166.0167),Omega,1900,https://huntingtoncompany.com/products/1970s-omega-seamaster-tonneau-beads-of-rice-ref-166-0167,https://cdn.shopify.com/s/files/1/0553/8391/6727/files/DSF9867-4.jpg?v=1759350916,"Worth A Read Timeless & Attainable Welcome to our curated collection of vintage Omega watches—an accessible, trustworthy entry point into the world of vintage horology. Every piece in this category has been carefully selected for its clean, original condition and timeless design, with each one fully inspected, serviced, and backed by our extended 2-year warranty . Whether you're just getting started, shopping for a memorable gift, or looking to add a classic Omega to your collection without breaking the bank, this series represents both value and authenticity. Most models here are priced under $2,500, offering an easy and elegant way to wear a piece of history. Start your vintage journey with confidence. History & Significance Introduced in 1948 to commemorate Omega’s 100th anniversary, the Seamaster line quickly established itself as the brand’s best-selling model family. Built on lessons from waterproof military watches of World War II, the early Seamasters used O-ring gaskets for improved water resistance. In 1957, Omega expanded the line with the Seamaster 300, a professional diver’s watch famously worn by Jacques Cousteau’s team during the Conshelf II experiments. By the 1990s, the Seamaster had evolved into a cultural icon, chosen as the official James Bond watch beginning with GoldenEye (1995). Today, it remains one of Omega’s most versatile and recognized collections. The Ref. 166.0167 reflects Omega’s 1970s approach to the Seamaster—streamlined, versatile, and paired with the beloved beads-of-rice bracelet, a design that adds both comfort and period-correct character. Writer’s Thoughts This Seamaster is an understated classic. The no-lume dial variant feels especially clean, giving the watch a minimalist elegance that pairs beautifully with the sharp contrast of black inlay markers and pencil hands. Add the original beads-of-rice bracelet, and you have a quintessential 1970s Omega that works as both a vintage daily wearer and a fun watch to swap to a leather strap with. Our Promise Every watch is thoroughly vetted, carefully described with complete transparency, and guaranteed authentic. This Omega Seamaster Ref. 166.0167 is offered in original condition, representing a refined and versatile take on one of Omega’s most enduring collections. Specifications Brand: Omega Model: Seamaster Ref. 166.0167 Year: 1970s Case Material: Stainless steel Case Size: 35mm, 18mm lug width Bezel: This case design does not feature a bezel Dial: Silver sunburst no-lume dial with black inlay hour markers and pencil hands Crystal: Omega-signed acrylic Movement: Automatic wind Bracelet: Factory beads-of-rice bracelet with seven center links Clasp: Steel Omega-signed clasp Contents: Watch only Condition Case: Very clean with rounded lugs; brushed finish on the lugs with polished surfaces around the dial. Crystal: Original Omega acrylic crystal in excellent condition. Dial: Original silver sunburst dial, uncommon no-lume variant with black inlay hour markers. Ha",Huntington Company,False
1974 Omega Gold Seamaster Date - Unsigned Dial (Ref. 166.0202),Omega,1900,https://huntingtoncompany.com/products/1974-omega-gold-seamaster-date-unsigned-dial-ref-166-0202,https://cdn.shopify.com/s/files/1/0553/8391/6727/files/DSF9870-4.jpg?v=1759339658,"Worth A Read Timeless & Attainable Welcome to our curated collection of vintage Omega watches—an accessible, trustworthy entry point into the world of vintage horology. Every piece in this category has been carefully selected for its clean, original condition and timeless design, with each one fully inspected, serviced, and backed by our extended 2-year warranty . Whether you're just getting started, shopping for a memorable gift, or looking to add a classic Omega to your collection without breaking the bank, this series represents both value and authenticity. Most models here are priced under $2,500, offering an easy and elegant way to wear a piece of history. Start your vintage journey with confidence. History & Significance The Seamaster began life as Omega’s 100th-anniversary tribute in 1948, inspired by waterproof military watches from World War II. Known for its O-ring gasket and improved water resistance, it quickly became Omega’s best seller. In 1957, Omega introduced the Seamaster 300, designed for diving and professional use, worn by Jacques Cousteau’s team during the Conshelf II experiments. By the 1990s, the Seamaster’s popularity was revitalized when it was chosen as the official James Bond watch, beginning with Pierce Brosnan’s GoldenEye (1995). Today, the Seamaster remains one of Omega’s most recognized collections, bridging heritage and modern pop culture. The Ref. 166.0202 captures a transitional period in the Seamaster line. With its champagne dial, slimmer profile, and rare unsigned execution, it shows how Omega balanced experimentation with classic design. Writer’s Thoughts The charm of this Seamaster lies in its subtleties. The champagne dial with its vertical brushing feels both vintage and refined, while the warm pumpkin patina on the tritium lume adds character only decades can create. The fact that this example is part of a rarer group of unsigned Seamaster models makes it even more appealing to collectors who enjoy spotting the unusual within a classic family line. Additionally, the gold dial catches light in a particularly striking way. Our Promise Every watch is thoroughly vetted, carefully described with complete transparency, and guaranteed authentic. This Omega Seamaster Ref. 166.0202 is offered in original condition, representing an uncommon and stylish take on one of Omega’s most iconic model families. Specifications Brand: Omega Model: Seamaster Ref. 166.0202 Year: 1974 Case Material: Stainless steel and gold-plated Case Size: 35mm, 10mm thick, 18mm lug width Bezel: Smooth gold-tone bezel Dial: Champagne vertical brushed dial; uncommon variant produced without Seamaster signature on dial or caseback Crystal: Omega-signed acrylic Movement: Automatic wind Strap: New brown calfskin strap Buckle: Generic gold-tone buckle Contents: Watch only Condition Case: Unpolished with sharp lugs and light signs of wear; beautiful patina visible with chamfers still present on the lugs. Bezel: Smooth gold-tone bezel, sharp and unp",Huntington Company,False
1966 Omega Geneve Grey Linen Dial (Ref. 132.019),Omega,1900,https://huntingtoncompany.com/products/1966-omega-geneve-grey-linen-dial-ref-132-019,https://cdn.shopify.com/s/files/1/0553/8391/6727/files/DSF9402-2.jpg?v=1756406571,"Timeless & Attainable Welcome to our curated collection of vintage Omega watches—an accessible, trustworthy entry point into the world of vintage horology. Every piece in this category has been carefully selected for its clean, original condition and timeless design, with each one fully inspected, serviced, and backed by our extended 2-year warranty . Whether you're just getting started, shopping for a memorable gift, or looking to add a classic Omega to your collection without breaking the bank, this series represents both value and authenticity. Most models here are priced under $2,500, offering an easy and elegant way to wear a piece of history. Start your vintage journey with confidence. Worth The Read These vintage Genevés are classic. The model range always features simple designs, making it the perfect Rolex Datejust alternative. Pair it with a Beads of Rice bracelet or the rarer tank track bracelet, and you have a super sporty daily watch. The Brand - Omega, a Swiss watchmaker founded in 1848, has a rich history of innovation and precision. The company's vision was carried on by its sons Louis-Paul and César, who pioneered full watch production under the brand's roof. In 1894, the company unveiled the world's first mass-produced, interchangeable watch movement, the Omega Calibre, which streamlined production and propelled the brand to international fame. As the 20th century began, Omega watches became at the forefront of timekeeping technology and revolutionized sports watches with their precision. The Olympic Games provided an ideal stage for Omega to demonstrate its exceptional timekeeping abilities. In 1932, Omega began its role as Official Olympic Timekeeper, starting an enduring partnership spanning over 80 years. With each Games, Omega introduced groundbreaking timekeeping innovations, such as the first photo finish camera at the 1948 London Olympics. Omega's contributions to spaceflight began in 1962 when the Omega Speedmaster became the first watch worn in space on Mercury-Atlas 6. Its defining moment came in 1969 with the Apollo 11 moon landing, where Buzz Aldrin stepped onto the moon wearing his trusty Omega Speedmaster Moonwatch. The company played an indispensable role in NASA's pioneering '60s space missions, including the Apollo 13 mission, where the Speedmaster timed the engine burn, ensuring the crew's safe descent to Earth. Omega's cultural impact extends into pop culture through a long-running cinematic partnership with James Bond Movies. Since 1995's GoldenEye, James Bond has sported Omega watches on the silver screen, wearing the Seamaster Diver 300M and the rugged Omega Seamaster Planet Ocean. Omega remains dedicated to exploring new technological frontiers today, with innovations like the battery-free Pictograms model, wearable tech collaborations, and energy-harnessing movements driving progress and cementing its place in history. Specifications Reference: 132.019 Movement: Manual movement that has been serviced wit",Huntington Company,False
1972 Omega Constellation Automatic Chronometer (Ref. 157.0001),Omega,1600,https://huntingtoncompany.com/products/1972-omega-constellation-automatic-chronometer-ref-157-0001,https://cdn.shopify.com/s/files/1/0553/8391/6727/files/DSF0275-2.jpg?v=1762814835,"Worth A Read Timeless and Attainable Welcome to our curated collection of vintage Omega watches—an accessible, trustworthy entry point into the world of vintage horology. Every piece in this category has been carefully selected for its clean, original condition and timeless design, with each one fully inspected, serviced, and backed by our extended 2-year warranty . Whether you're just getting started, shopping for a memorable gift, or looking to add a classic Omega to your collection without breaking the bank, this series represents both value and authenticity. Most models here are priced under $2,500, offering an easy and elegant way to wear a piece of history. Start your vintage journey with confidence. History and Significance The De Ville line began in the early 1960s as part of Omega’s effort to separate its refined dress watches from the sportier Seamaster range. By the late 1970s, models like the reference 162.0063 reflected Omega’s modern design direction with slimmer automatic movements housed in minimal gold-accented cases that focused on precision and wearability. This reference features a gold-plated steel case, stepped bezel, and a clean champagne dial that typifies the brand’s late 1970s aesthetic. It runs on Omega’s automatic caliber family from the same era, known for durability and consistent timekeeping. This piece represents the bridge between Omega’s mid-century heritage and the transitional period that led toward quartz technology while retaining the mechanical craftsmanship collectors value today. Writer’s Thoughts The proportions are ideal, and the stepped bezel adds presence without losing the simplicity that defines a good De Ville. It is a straightforward, well-built automatic Omega that wears well and delivers real value for what it is, a reliable vintage daily wearer. Our Promise Every watch is thoroughly vetted, carefully described with complete transparency, and guaranteed authentic. This Omega is offered in original condition, representing an uncommon and stylish take on one of Omega’s most iconic model families. Specifications Brand: Omega Model: De Ville Ref. 162.0063 Year: 1977 Case Material: Stainless steel with gold plating Case Size: 32mm diameter, 39.5mm lug-to-lug, 18mm lug width, 9mm thick Bezel: Stepped bezel Dial: Champagne dial with applied indices and hands Crystal: Sapphire crystal Movement: Automatic Strap: New leather strap Buckle/Clasp: Generic buckle Contents: Watch only Condition Case: Unpolished with sharp lugs; minimal surface wear. Bezel: Stepped and unpolished with light marks. Crystal: Sapphire crystal in excellent condition. Dial: Original brushed dial in excellent shape with no imperfections. Hands: Original black stick hands in near-perfect condition. Strap: New strap in like-new condition. Buckle: Generic steel buckle in like-new condition.",Huntington Company,False
1970s Omega Geneve Automatic Day Date (Ref. 166.0117),Omega,1600,https://huntingtoncompany.com/products/1970s-omega-geneve-automatic-day-date-ref-166-0117,https://cdn.shopify.com/s/files/1/0553/8391/6727/files/DSF0075-2.jpg?v=1760644087,"Worth A Read Timeless & Attainable Welcome to our curated collection of vintage Omega watches—an accessible, trustworthy entry point into the world of vintage horology. Every piece in this category has been carefully selected for its clean, original condition and timeless design, with each one fully inspected, serviced, and backed by our extended 2-year warranty . Whether you're just getting started, shopping for a memorable gift, or looking to add a classic Omega to your collection without breaking the bank, this series represents both value and authenticity. Most models here are priced under $2,500, offering an easy and elegant way to wear a piece of history. Start your vintage journey with confidence. History & Significance The 1970s marked a period of both innovation and refinement for Omega. As the brand transitioned from the space-age designs of the 1960s into the clean minimalism of the following decade, models like the Ref. 166.0117 captured the essence of functional elegance. Equipped with the Caliber 1022, one of Omega’s most reliable automatic movements of the era, this watch offered chronometer-level precision, quick-set day and date functionality, and a smooth 28,800 vph beat rate. The silver sunburst dial and tritium lume details reflected Omega’s attention to both form and function, while the 34mm case remained versatile enough for daily wear. Today, watches like this stand as perfect examples of the brand’s commitment to design integrity and mechanical excellence during a transformative time in horology. Writer’s Thoughts This is the kind of vintage Omega that never goes out of style. The proportions are balanced, the silver dial catches light beautifully, and the Caliber 1022 movement offers a satisfying smoothness when worn. It’s reliable, versatile, and representative of why Omega’s 1970s lineup continues to attract collectors looking for authenticity and value in equal measure. Our Promise Every watch is thoroughly vetted, carefully described with complete transparency, and guaranteed authentic. This Omega is offered in original condition, representing an uncommon and stylish take on one of Omega’s most iconic model families. Specifications Brand: Omega Model: Ref. 166.0117 Year: 1970s Case Material: Stainless steel Case Size: 34mm diameter, 18mm lug width Dial: Silver sunburst dial with applied indices and tritium lume plots Crystal: Acrylic crystal with Omega logo Movement: Omega Caliber 1022 automatic movement Strap: New Alran leather strap Buckle: Generic steel buckle Contents: Watch only Condition Case: Unpolished with sharp lugs; minimal surface wear consistent with age. Crystal: Acrylic crystal in excellent condition, Omega logo faintly visible at center. Dial: Original silver sunburst dial with a subtle warm hue; tritium lume aged evenly to a creamy tone. Hands: Original stick hands with matching patinated tritium lume. Strap: New Alran leather strap in like-new condition. Buckle: Generic steel buckle in like-new condi",Huntington Company,False
1960s Omega De Ville Automatic Ultra-Slim (Ref. 165.008),Omega,1600,https://huntingtoncompany.com/products/1960s-omega-de-ville-automatic-ultra-slim-ref-165-008,https://cdn.shopify.com/s/files/1/0553/8391/6727/files/DSF0069-2.jpg?v=1760636732,"Worth A Read Timeless & Attainable Welcome to our curated collection of vintage Omega watches—an accessible, trustworthy entry point into the world of vintage horology. Every piece in this category has been carefully selected for its clean, original condition and timeless design, with each one fully inspected, serviced, and backed by our extended 2-year warranty . Whether you're just getting started, shopping for a memorable gift, or looking to add a classic Omega to your collection without breaking the bank, this series represents both value and authenticity. Most models here are priced under $2,500, offering an easy and elegant way to wear a piece of history. Start your vintage journey with confidence. History & Significance The De Ville collection began as a subline of the Seamaster in the early 1960s before becoming its own distinct series. It was conceived as Omega’s more refined offering, tailored for a dressier look rather than the sports-oriented focus of its Seamaster and Speedmaster siblings. By the mid-1960s, Omega transitioned to sleeker, more contemporary case shapes and thinner automatic movements like the Caliber 711, allowing for a slimmer profile without sacrificing precision. These watches embodied the aesthetic of the time: clean dials, narrow bezels, and restrained use of lume, reflecting the sophistication of mid-century Swiss design. This reference 165.008 stands out for its combination of subtlety and craftsmanship. The sunburst silver dial with creamy tritium plots and its unpolished case preserve the character collectors seek in honest vintage examples. It’s a testament to Omega’s mastery of understated design and technical refinement. Writer’s Thoughts This is the kind of vintage Omega that quietly impresses. The proportions are perfect, the finishing elegant, and the patina authentic. The warm tritium lume and the silver sunburst texture give the watch a charm that’s distinctly 1960s. It’s timeless, wearable, and versatile, exactly what makes the De Ville line such an enduring favorite among collectors. Our Promise Every watch is thoroughly vetted, carefully described with complete transparency, and guaranteed authentic. This Omega is offered in original condition, representing an uncommon and stylish take on one of Omega’s most iconic model families. Specifications Brand: Omega Model: De Ville Ref. 165.008 Year: 1960s Case Material: Stainless steel Case Size: 34mm diameter, 41mm lug-to-lug, 18mm lug width, 11mm thick Bezel: Smooth steel bezel Dial: Silver sunburst dial with applied indices and tritium lume plots Crystal: Acrylic crystal Movement: Omega Caliber 711 automatic movement Strap: New suede strap Buckle: Generic steel buckle Contents: Watch only Condition Case: Unpolished with sharp lugs and visible chamfers; minimal surface wear. Bezel: Smooth and unpolished with only faint handling marks. Crystal: Acrylic crystal in excellent condition. Dial: Original silver sunburst dial with light natural aging that is alm",Huntington Company,False
1970s Omega De Ville Blue Dial Ultra Slim (Ref. 105.0001),Omega,1600,https://huntingtoncompany.com/products/1970s-omega-de-ville-blue-dial-ultra-slim-ref-105-0001,https://cdn.shopify.com/s/files/1/0553/8391/6727/files/DSF9879-4.jpg?v=1759335966,"Worth A Read Timeless & Attainable Welcome to our curated collection of vintage Omega watches—an accessible, trustworthy entry point into the world of vintage horology. Every piece in this category has been carefully selected for its clean, original condition and timeless design, with each one fully inspected, serviced, and backed by our extended 2-year warranty . Whether you're just getting started, shopping for a memorable gift, or looking to add a classic Omega to your collection without breaking the bank, this series represents both value and authenticity. Most models here are priced under $2,500, offering an easy and elegant way to wear a piece of history. Start your vintage journey with confidence. History & Significance The Omega De Ville line emerged in the 1960s as an offshoot of the Seamaster family, eventually standing on its own as a more refined, dress-oriented collection. The model quickly gained popularity thanks to its understated elegance and slim, wearable cases. Omega itself has a long and storied history, founded in 1848 and pioneering milestones that shaped the watch world: First mass-produced interchangeable watch movement (1894). Official Olympic Timekeeper since 1932, innovating with technologies like the first photo-finish camera in 1948. Spaceflight legacy with the Speedmaster—worn during the 1969 Apollo 11 moon landing and famously instrumental during Apollo 13. A cultural icon, Omega has been James Bond’s watch of choice since GoldenEye in 1995. Against this backdrop of innovation and pop culture relevance, models like the De Ville provided a more attainable, stylish entry point into Omega ownership. Writer's Thoughts Affordable vintage Omega watches like this De Ville Ref. 105.0001 offer an elegant way to begin—or expand—a collection. With its royal blue dial, original buckle, and classic steel case, this watch delivers the reliability and heritage of Omega at a price point under $2,500. A versatile, historically significant timepiece, ready to be worn and enjoyed for years to come. Our Promise Every watch we list is carefully inspected, fully vetted, and described with complete transparency. This Omega De Ville is guaranteed authentic, serviced, and comes with our extended 2-year warranty as part of our Timeless & Attainable Collection . Specifications Brand: Omega Model: De Ville Ref. 105.0001 Year: 1970s Case Material: Stainless steel Case Size: 33mm, 17mm lug width Bezel: Smooth steel bezel Dial: Royal blue brushed dial with applied white hour markers and matching white hands Crystal: Acrylic, Omega-signed Movement: Manual wind Strap: Generic black leather strap Buckle: Original steel Omega-signed buckle Contents: Watch only Condition Case: Unpolished with sharp brushed lugs; surfaces remain crisp and even. Bezel: Smooth steel bezel, sharp and unpolished. Crystal: Acrylic Omega-signed crystal in excellent shape with light micro-scratches. Dial: Original brushed royal blue dial is clean, with a small mark at 12 o’c",Huntington Company,False
1969 Omega Geneve Tonneau Turler Retail Signed (Ref. 165.041),Omega,1600,https://huntingtoncompany.com/products/omega-geneve-tonneau-turler-retail-signed-ref-165-041,https://cdn.shopify.com/s/files/1/0553/8391/6727/files/DSF9451-3.jpg?v=1756406476,"Timeless & Attainable Welcome to our curated collection of vintage Omega watches—an accessible, trustworthy entry point into the world of vintage horology. Every piece in this category has been carefully selected for its clean, original condition and timeless design, with each one fully inspected, serviced, and backed by our extended 2-year warranty . Whether you're just getting started, shopping for a memorable gift, or looking to add a classic Omega to your collection without breaking the bank, this series represents both value and authenticity. Most models here are priced under $2,500, offering an easy and elegant way to wear a piece of history. Start your vintage journey with confidence. Worth The Read These vintage Genevés are classic. The model range always features simple designs, making it the perfect Rolex Datejust alternative. Pair it with a Beads of Rice bracelet or the rarer tank track bracelet, and you have a super sporty daily watch. The Brand - Omega, a Swiss watchmaker founded in 1848, has a rich history of innovation and precision. The company's vision was carried on by its sons Louis-Paul and César, who pioneered full watch production under the brand's roof. In 1894, the company unveiled the world's first mass-produced, interchangeable watch movement, the Omega Calibre, which streamlined production and propelled the brand to international fame. As the 20th century began, Omega watches became at the forefront of timekeeping technology and revolutionized sports watches with their precision. The Olympic Games provided an ideal stage for Omega to demonstrate its exceptional timekeeping abilities. In 1932, Omega began its role as Official Olympic Timekeeper, starting an enduring partnership spanning over 80 years. With each Games, Omega introduced groundbreaking timekeeping innovations, such as the first photo finish camera at the 1948 London Olympics. Omega's contributions to spaceflight began in 1962 when the Omega Speedmaster became the first watch worn in space on Mercury-Atlas 6. Its defining moment came in 1969 with the Apollo 11 moon landing, where Buzz Aldrin stepped onto the moon wearing his trusty Omega Speedmaster Moonwatch. The company played an indispensable role in NASA's pioneering '60s space missions, including the Apollo 13 mission, where the Speedmaster timed the engine burn, ensuring the crew's safe descent to Earth. Omega's cultural impact extends into pop culture through a long-running cinematic partnership with James Bond Movies. Since 1995's GoldenEye, James Bond has sported Omega watches on the silver screen, wearing the Seamaster Diver 300M and the rugged Omega Seamaster Planet Ocean. Omega remains dedicated to exploring new technological frontiers today, with innovations like the battery-free Pictograms model, wearable tech collaborations, and energy-harnessing movements driving progress and cementing its place in history. Specifications Reference: 165.041 Movement: Automatic movement that has been serviced ",Huntington Company,False
Omega De Ville Silver Dial Ultra Slim,Omega,1300,https://huntingtoncompany.com/products/omega-de-ville-silver-dial-ultra-slim-1,https://cdn.shopify.com/s/files/1/0553/8391/6727/files/DSF4096-2.jpg?v=1771638080,"History and Significance The Omega De Ville line emerged in the 1960s as a more refined, dress-oriented alternative to the sportier Seamaster models. By the early 1970s, De Ville had become its own standalone collection, focused on clean dials, slim cases, and understated proportions. This 33mm example captures that approach well. The dial is simple and balanced, with applied baton markers and slender hands over a light silver surface. There is no date window or excess text to interrupt the layout, just the Omega signature and De Ville designation. The result is a watch built around proportion and restraint rather than complication. With its thin case profile and manually wound or automatic dress movement typical of the era, the De Ville was designed to slip easily under a cuff and serve as a daily companion rather than a statement piece. Writer’s Thoughts A 33mm dress watch like this reminds you how good smaller watches can feel on the wrist. The case is slim, the lugs are narrow, and the dial has real breathing room. It does not try to do too much, and that is the point. On wrist, it feels elegant without being fragile. The size works especially well if you appreciate vintage proportions or prefer something that does not dominate your wrist. Paired with a textured leather strap, it becomes an easy watch to wear to work, dinner, or anything in between. Our Promise Every watch is thoroughly vetted, carefully described with complete transparency, and guaranteed authentic. Each piece is offered in honest condition, ensuring collectors receive a timepiece that reflects both originality and integrity. Specifications Brand: Omega Model: De Ville Year: Circa 1970s Case: Stainless steel Case Size: 33mm Dial: Silver with applied baton markers Crystal: Acrylic Movement: Swiss mechanical movement Strap/Bracelet: Brown leather strap Buckle/Clasp: Stainless steel tang buckle Contents: Watch only Condition Case: Case shows light surface wear consistent with age and retains a slim, defined profile. Bezel: Smooth bezel with minor hairlines. Crystal: Acrylic crystal shows light wear consistent with use. Dial: Clean, with even tone and intact applied markers. Hands: Correct for the model and period. Strap/Bracelet: The leather strap is new. Buckle/Clasp: Buckle is new.",Huntington Company,False
1968 Omega Geneve Tonneau Shape (Ref. 135.041),Omega,1300,https://huntingtoncompany.com/products/omega-geneve-tonneau-shape,https://cdn.shopify.com/s/files/1/0553/8391/6727/files/DSF0273-2_21664767-0fb2-4f3b-b739-9d8e2feae38f.jpg?v=1762979907,"Worth A Read Timeless and Attainable Welcome to our curated collection of vintage Omega watches—an accessible, trustworthy entry point into the world of vintage horology. Every piece in this category has been carefully selected for its clean, original condition and timeless design, with each one fully inspected, serviced, and backed by our extended 2-year warranty . Whether you're just getting started, shopping for a memorable gift, or looking to add a classic Omega to your collection without breaking the bank, this series represents both value and authenticity. Most models here are priced under $2,500, offering an easy and elegant way to wear a piece of history. Start your vintage journey with confidence. History and Significance Introduced in the 1950s and continuing through the 1970s, the Omega Genève line was created to offer refined, reliable timepieces at an approachable price point. While positioned below the Seamaster and Constellation families, the Genève models shared the same mechanical excellence and understated design language that defined Omega’s mid-century production. This 1970s stainless-steel example captures the minimalist aesthetic of its era, featuring a clean silver sunburst dial, slender applied indices, and a practical automatic movement. The design reflects Omega’s commitment to precision and elegance during a period when the brand balanced classic watchmaking with the growing influence of modern industrial design. Writer’s Thoughts The charm of the Omega Genève lies in its restraint. It is elegant without pretense, perfectly sized for daily wear, and represents a genuine slice of Omega’s mechanical heritage at an attainable level. For many collectors, it remains the ideal introduction to vintage Omega ownership, authentic, versatile, and quietly sophisticated. Our Promise Every watch is thoroughly vetted, carefully described with complete transparency, and guaranteed authentic. This Omega is offered in original condition, representing an uncommon and stylish take on one of Omega’s most iconic model families. Specifications Brand: Omega Model: Genève Year: 1970s Case Material: Stainless steel Case Size: 34mm diameter, 19mm lug width Dial: Silver sunburst dial with applied indices and tritium lume plots Crystal: Acrylic crystal with Omega logo Movement: Automatic movement Strap: New leather strap Buckle: Generic steel buckle Condition Case: Unpolished with sharp lugs, minimal surface wear consistent with age Crystal: Acrylic crystal in excellent condition, Omega logo faintly visible at center Dial: Original silver sunburst dial, tritium lume aged evenly to a creamy tone Hands: Original stick hands with tritium lume Strap: New leather strap in like-new condition Buckle: Generic steel buckle in like-new condition",Huntington Company,False
