title,brand,price,url,img,description,source,date,sold
Rolex Day-Date Ref. 18038 - 'Burlwood' Dial,Rolex,27850,https://oliverandclarke.com/products/rolex-day-date-ref-18038-burlwood-dial-2,https://cdn.shopify.com/s/files/1/0765/6138/3741/files/ROLEX_DAYDATE_GLD_WOOD_WEB_1_6039101f-ec18-4931-8c11-61bf7eb184c4.jpg?v=1791331001,"When the Day-Date was released in 1956, Rolex had made numerous attempts to capture the market with more complicated timepieces such as the Ref. 6036, the Ref. 8171, and the Ref. 6062, but it seemed like buyers were not particularly fond of complicated Rolexes. All of that changed when President Lyndon B. Johnson was spotted wearing one Rolex in particular: a Day-Date. The model has since become known worldwide as ‘The President’ and as a symbol of success and prestige. Simply put, this one stuck. The Day-Date was available for many years on a leather strap with a matching gold buckle, but also on a solid gold bracelet (called a 'President' bracelet), like the example that we have here. However, this isn't your run of the mill Day-Date... Dating to circa 1982, the Reference 18038 that we have here features a special lacquered wood dial. During this time, there where a few different wood dial variants available, with the example that we have here being of the walnut variant. It remains in excellent overall condition, with a smooth glossy surface and clear gold printing throughout. It has applied indices, framed day and date apertures, an applied logo at the 12 o'clock position, and a matching handset. The case, bracelet and bezel are also in strong condition overall, having been lightly previously polished in the past and showing normal signs of wear throughout. Additionally, this piece features the almost magical 'quickset' movement function for setting the date. A real treat if you have ever owned a 4-digit Day-Date! The combination of the brown wood dial within the yellow gold case is undeniably a very of-it's-time combination... We think it had aged beautifully and collectors seem to agree. As a result, these remain sought after and collectible — and its not everyday that they surface in condition like this.",Oliver & Clarke,2026-10-08,False
Rolex GMT-Master Date Ref. 16758 - Black 'Nipple' Dial,Rolex,34950,https://oliverandclarke.com/products/rolex-gmt-master-date-ref-16758-black-nipple-dial,https://cdn.shopify.com/s/files/1/0765/6138/3741/files/ROLEX_GMT_GLD_BLK_WEB_1.jpg?v=1791330960,"The Rolex GMT-Master is one of the most historic and iconic watches the brand ever produced. Its origin dates back to a commission request by Pan American World Airways in the early 50’s for their fleet of pilots who needed access to different time zones. These pieces would feature a similar design to another watch that Rolex was developing around that time, the Submariner, but would include a fourth hand running on 24-hr time, and a bi-colored bezel insert to represent AM/PM times. Those colors, naturally, would be the PanAm colors: Red & Blue. Thus, in 1953, the Ref. 6542 GMT-Master was born. These early pieces were ultimately, fragile arguably flawed in some ways, and were therefor succeeded by the updated Reference 1675 in 1959. Like many Rolex models, the 1675 underwent many small changes over its 21-year production run, with a slew of dial, bezel, bracelet, and hand variations, and would eventually evolve into the 5-digit GMT-Master and GMT-Master IIs. Enter the Reference 16758. These pieces carry over a very similar brown 'nipple' dial and brown bezel insert, while also upgrading the movement with a quickset date function, as well as increased water resistance by way of a sapphire crystal and case redesign. The example that we have here dates to circa 1980 and comes to us in excellent overall condition. The case retains tick and symmetrical lugs at each corner, with those gorgeous factory chamfers clearly visible. It shows normal signs of wear throughout with no damage or blemishes of note. The bezel shows normal wear and retains nice definition and houses an black 24-hr bezel. The matte black dial inside features applied 'nipple' indices filled with Tritium, which show even patina throughout with a beautifully matching handset. This piece comes fitted to a matching, albeit later yellow gold 'rivet' Oyster bracelet with a signed adjustable blade-style clasp. Solid gold sports watches present great value next to their steel siblings... This strong example in particular even a greater value play.",Oliver & Clarke,2026-10-08,False
Patek Philippe Calatrava Ref. 96 - Silver 'Sigma' Dial,Patek Philippe,12750,https://oliverandclarke.com/products/patek-philippe-calatrava-ref-96-silver-sigma-dial,https://cdn.shopify.com/s/files/1/0765/6138/3741/files/PATEK_CALATRAVA_GLD_STRAP_WEB_1_65cdb32d-1c07-4906-9e68-5d9230607c88.jpg?v=1791330918,"The Patek Philippe Calatrava. Arguably the brands most iconic model line, and purest expression of the brand. Their raison d'etre if you will. The line has been a hit since its debut in 1932. So much so, that the name ""Calatrava"" itself has become something of a byword within the watch industry for traditionally styled, no-frills dress watches that simply tell the time. Over the course of its nearly 100-years of production, there have been seemingly countless iterations within the line, with variations in the metal they are made in, with their size, dial configurations, and eventually, complications. The Calatrava that we have here is perhaps the quintessential vintage Calatrava reference: the Reference 96. Coming in at approximately 30.5mm in diameter, this example dates to circa 1940 and is executed in yellow gold. The case itself is healthy and retains symmetrical lugs at all four corners, with a hallmark present on the left case profile and a gently 'rosy' oxidation developing throughout. It presents nicely shows normal signs of wear from age. Inside, the brushed silver dial is a later service unit, featuring 'Sigmas' at the 6 o'clock position, applied 'flat'-style indices, a 'concentric' subsidiary seconds register at the 6 o'clock position, and a matching yellow gold 'feuille' handset. The word icon gets thrown around a lot in the world of watches and horology... this one is absolutely worthy of it. There are watches, and then there are watches! This is one of the latter.",Oliver & Clarke,2026-10-08,False
Rolex Daytona Ref. 6263 - Matte Black 'Sigma' Dial,Rolex,88500,https://oliverandclarke.com/products/rolex-daytona-ref-6263-matte-black-sigma-dial,https://cdn.shopify.com/s/files/1/0765/6138/3741/files/ROLEX_DAYTONA_BLK_WEB_1_81ae98e6-1d03-45ca-9c83-68279642bdb7.jpg?v=1791330881,"The Rolex Daytona model, since its initial release, has been at the forefront of the market as the most desirable chronograph in production, and of almost any vintage. Early Daytona’s in particular can be a lot of fun to collect not just because of the recognition they have these days, but also, as with so many other Rolex models early in their life-cycles, because of how many subtle changes they underwent in the fist decade or so, resulting in a plethora of nuanced configurations. One element that was shared throughout the model family, however, was the movement. Prior to the introduction of the automatic-winding Daytonas beginning in circa 1988, all previous Rolex chronographs had been manually-wound, and anything with ""Daytona"" on the dial, powered by a modified version of Valjoux's highly respected and now very desirable, Calibre 72. The piece that we have here, a Reference 6263, dates to circa 1974 comes to us in excellent overall condition. The 37mm case shows signs of having been very lightly, yet tastefully previously polished, retaining correct proportions and finishing where appropriate. The correct bezel assembly houses a correct 'MK1' black acrylic insert, both of which show normal signs of wear that matches the case. The screw-down pushers are correct 'MK2' units and of course have a screw-down crown between them. Inside, the matte black dial features a pair of 'Sigmas' flanking the Tritium text at the 6 o'clock position, which is correct for this era. The surface remains nice and clean with minimal aging within the 'concentric' silver subsidiary registers, which of course lend themselves to that highly desirable contrast that we love about 'reverse-panda' dials. The Tritium plots exhibit a light and even patina throughout, with only partial loss at a few positions, and a beautifully matching handset. Last but not least, this piece comes fitted to a period-correct Oyster bracelet with a signed blade clasp. Its hard to say more said about vintage Daytonas that hasn't already been said over and over... They are highly collectible, beautiful to behold, and of course, functional and robust watches to wear. This is an excellent, well-rounded example and we're certain its next owner will agree.",Oliver & Clarke,2026-10-08,False
Breitling Premier Ref. 777 - Silver Dial w/ Portuguese Hallmark,Breitling,6250,https://oliverandclarke.com/products/breitling-premier-ref-777-silver-dial-w-portuguese-hallmark,https://cdn.shopify.com/s/files/1/0765/6138/3741/files/BREITLING_ANTICHOC_CHRONO_STRAP_WEB_1.jpg?v=1791330823,"Breitling has a long and rich history in chronographs — with an emphasis on aviation chronographs. And like so many other brands who have a watch model, or family that has become synonymous with the brand name itself, the Navitimer is just that for Breitling. As a result, the Navitimer casts a substantial shadow over all of its siblings.... even over firmly planted models like the SuperOcean, Top Time, and lesser-known pieces that pre-date model ranges all together. The example that we have here is one of the latter: A chronograph from the Premier family dating to circa 1951. Offered in phenomenal overall condition, this piece possesses many of the hallmark design characteristics found in both vintage Breitling chronographs as well as a handful of other stunning chronographs from this era. The stainless steel case comes in at 37mm in diameter, with attractive, downward curving lugs, 'pump' pushers, a screw-down caseback, and a 'stepped' bezel. It shows only light signs of wear with nice, defined finishing present throughout and a rare hallmark found only on watches imported to Portugal in a certain era on the upper left lug. The dial is simply gorgeous. Wonderfully preserved, the silver surface features a gently 'brushed' finishing along with excellent printed scales, 'concentric' subsidiary registers, and beautifully patinated 'Arabic' numerals with a blued-steel 'syringe' handset tying it all together. It is powered by a manual-winding Calibre 175 from Venus. Vintage chronographs in condition like this, from any brand, are elusive. Collectors tend to hold onto fantastic examples like this one regardless of brand, making this a great opportunity to secure one with a desirable size like this.",Oliver & Clarke,2026-10-08,False
Ulysse Nardin Monopusher Chronograph - White 'Porcelain' Dial w/ Box & Papers,Other,5650,https://oliverandclarke.com/products/ulysse-nardin-monopusher-chronograph-white-porcelain-dail-w-box-papers,https://cdn.shopify.com/s/files/1/0765/6138/3741/files/NARDIN_CALATRAVA_STRAP_WEB_1.jpg?v=1791330791,"Ulysse Nardin was founded in 1846 by its namesake, a twenty-three-year-old watchmaker who set up shop in Le Locle, Switzerland. From the very beginning, Nardin was interested in producing high-functioning instruments that could be trusted at sea. That focus on precision soon turned the company into a quiet powerhouse among navigators. The marine chronometer became the brand's calling card, and it proved to be a serious business. Ulysse Nardin's chronometers were adopted by more than fifty navies around the world, and the company collected award after award for accuracy along the way. By the late nineteenth century, the name was synonymous with reliable timekeeping on the open water. With the rising popularity of wrist watches in the early twentieth century, UN adapted to the shift and carried much of what they had previously been known for into their wrist-bound timepieces. The piece that we have here is a chronograph dating to circa the 1930s, and what a beauty it is! The case measures approximately 33mm in diameter and features 'fixed' bar lugs, a flat 'pumpkin' crown, and an 'oval' pusher at the 2 o'clock position to operate all functions of the chronograph. The case itself is excellent, very nicely preserved with symmetrical proportions, sharp edges on the lug undersides, and shows normal wear from age with some light tooling marks. Inside, the stark white dial is almost entirely devoid of wear or patina, largely due to its porcelain composition. The surface has a recessed inner-circle with subsidiary registers that are recessed further still, a outer scale rendered in red, and stunning black printed 'Breguet' indices, minute markers, and UN text. The blued-steel 'syringe' handset ties it all together nicely and exhibits a light oxidation. It is powered by the Valjoux Cal. 22 — a robust and proven monopusher chronograph movement that found its way into a myriad of delightful chronographs in the first half of the twentieth century. Last but not least, this piece is accompanied by its inner box and serialized guarantee papers. An incredibly rare find for a watch thats pushing 100-years old. Even in the world of vintage, UN flies under the radar and remain largely overlooked. A shame, because if you dig deep enough into their catalog, there are absolute stunners to be found. This piece offers looks, pedigree, and presence that just exudes special. Thats because it is.",Oliver & Clarke,2026-10-08,False
Rolex Datejust Ref. 16014 - Grey 'Tapestry' Dial W/ Box & Papers,Rolex,7500,https://oliverandclarke.com/products/rolex-datejust-ref-16014-grey-tapestry-dial-w-box-papers,https://cdn.shopify.com/s/files/1/0765/6138/3741/files/ROLEX_DATEJUST_WHT_GLD_CORD_WEB_1.jpg?v=1791330755,"Hard to believe - but the Datejust has been around since 1945. It is far older than its bigger and attention-hogging Submariner brethren. The Datejust was Rolex’s idea of the perfect everyday watch. The robustness of the Oyster case, combined with the elegance of an Oyster Perpetual. The 4-Digit Datejusts was the first series to become available with a myriad of dial colors and case and bracelet materials — something that has stuck with the Datejust name ever since. What the 4-digits watches do lack, is a quickset date — something that was resolved with the introduction of the 5-digit pieces in the late 1970s. The piece that we have here, a Reference 16014 dates to circa 1978 and comes to us in fantastic overall condition. The case and matching Jubilee bracelet shows signs of very light previously polished and light signs of wear, with correct finishing present throughout. The characteristic 'fluted' white gold bezel has seemingly been spared of previous polishing and retains excellent definition and matching light wear. The dial within is exceptionally well-preserved and beautiful to behold. The grey surface features a 'tapestry' finishing with white text, applied indices, and gently patinated Tritium plots with a matching handset tying it all together. Of course, this piece also features a handy quickset date function. Last but not least, this piece comes accompanied by a inner box, outer box with a 16014 reference tag still present, COSC hangtag, and punched papers dating to 1979. All things considered, this is tough to beat, be it for your one vintage watch, or as an additional to a growing collection. Either way, these don't surface all too often and this is a fantastic example.",Oliver & Clarke,2026-10-08,False
Benrus Type I Class A - Matte Black 'Sterile' Dial Military-Issued,Other,8650,https://oliverandclarke.com/products/benrus-type-i-class-a-matte-black-sterile-dial-military-issued,https://cdn.shopify.com/s/files/1/0765/6138/3741/files/BENRUS_TYPE1_WEB_1_95d47e29-a891-4bd5-a0ce-8ce91950d1f2.jpg?v=1791330698,"Watches still played a critical role in military service in the 1970s. As a result of the need for a more robust dive watch tailored to the military's needs, the United States Department of Defense issued the MIL-W-50717 standard, which put forth a more robust list of required specifications, more so than any prior contract. There were many options for lower level officers and platoons when it came to timepieces, but for the best of the best including the renowned Navy Seals, the Benrus Type I and Type II were the best option. The Type I was the earliest version and notably more rare, making this piece one of only a handful ever produced. Benrus made these pieces exclusively for the military from 1972 to 1980, with this particular example dating to circa 1979 (April of 1979 to be exact). The 42.5mm asymmetrical case is one of the nicest that we have seen, offered in unpolished condition with excellent original 'parkerized' finishing and normal signs of wear. Flip it over, and the engravings on the caseback denoting it's military provenance and year of manufacture are crisp and clear. It even retains its original 'hash' marked screw-down crown. The bi-directional rotating bezel matches the condition of the case, with a very nicely-preserved black acrylic 12-hr insert. The matte black 'sterile' dial within shows only faint wear on the surface with evenly patinated Tritium elements and a matching white-painted handset. It comes with its original black single-pass nylon strap with PVD buckle. Due to their limited production, active use during military trials, decommissioning, and flat out loss, not all that many of these pieces survive today — particularly in this kind of condition. We are pleased to offer this Type I up for its next tour of duty, and invite you to strap a real piece of history to your wrist.",Oliver & Clarke,2026-10-08,False
Breitling SuperOcean Ref. 1004 - Gloss Black Patina Dial Unpolished,Breitling,20950,https://oliverandclarke.com/products/breitling-superocean-ref-1004-gloss-black-patina-dial-unpolished,https://cdn.shopify.com/s/files/1/0765/6138/3741/files/BREITLING_SUPER_OCEAN_BLK_MESH_WEB_1.jpg?v=1790719170,"Breitling has a long and rich history in chronographs — with an emphasis on aviation chronographs. And like so many other brands who have a watch model, or family that has become synonymous with the brand name itself, the Navitimer is just that for Breitling. As a result, the Navitimer casts a substantial shadow over all of its siblings.... even over firmly planted models like the SuperOcean and Top Time ranges. The piece that we have here is the very first SuperOcean: the Ref. 1004. Conceived in the late 1950s as Breitling's answer to underwater timekeeping, these pieces never caught on quite like their contemporaries and remain incredible elusive. It is distinguished by its incredible attractive mid-century dial configuration with the bold 'broad arrow' handset, the wonderfully thin case, and the oversized concave bezel. The case itself measures 35mm in diameter but the bezel stretches another 4mm to 39mm in diameter, making for an excellent feel on the wrist. The glossy black dial with Radium is nicely preserved, showing minimal degradation and uniform patina compared other examples that have surfaced. The aforementioned 'Broad Arrow' handset shows some oxidation and matches nicely. The crown is signed and the engravings on the caseback remain clear and defined. The bezel shows normal wear and presents nicely. This piece comes fitted to period-correct stainless steel woven 'mesh' bracelet with a 'belt'-style buckle and is powered by Breitling's surprisingly thin, automatic-winding Cal. B125. Produced for only a few years and in extremely limited numbers, its not everyday a Ref. 1004 surfaces on the open market — let alone in strong condition like this example. This is a completely unique design coveted by enthusiast, dealers, and collectors alike and we're thrilled to be able to be offering this example.",Oliver & Clarke,2026-10-01,False
Cartier Tank Louis Ref. 78086 - White Gold 'Paris' Dial,Cartier,23250,https://oliverandclarke.com/products/cartier-tank-louis-ref-78086-white-gold-paris-dial-1,https://cdn.shopify.com/s/files/1/0765/6138/3741/files/CARTIER_TANK_WHT_GLD_STRAP_WEB_1.jpg?v=1790719201,"The Cartier Tank was one of the first wristwatches. Full stop! Inspired by the Renault Tanks used on the battlefield in WWI — yes, true story. Revolutionary at the time, Louis Cartier took inspiration from the profile of the treads on a period Renault tank, and based the case on them by way of the of brancards doubling as the lugs themselves. Over the course of the 20 th Century, the Tank became the watch to wear. Silent movie stars like Rudolph Valentino, artists like Andy Warhol, and even Jackie Kennedy were all fans of the signature timepiece from the King of Jewelers and the Jeweler of Kings. An icon indeed in the truest sense of the word. The model was first introduced in a few different case shapes which bore different names that intertwine with the inspiration behind them. Perhaps the most significant, well-known, and debatably desirable of these first pieces, the Tank Louis Cartier, was introduced in 1922 and was named after Louis Cartier himself. When people think of a Cartier Tank, theres a good change that this is the model that comes to mind. The example that we have here is one of those pieces. Dating to the early 1970s, it features the classically-sized 23mm x 31mm rectangular case that everyone loves, but rather than being crafted out of yellow gold, this example is of white gold. It comes to us in strong, nicely preserved overall condition, having been very lightly previously polished, with clear and defined hallmarks and correct factory proportions. It shows normal signs of wear and some sleeve-polish throughout from age and is devoid of any major damage. Inside, the white enamel 'Paris' signed dial inside retains its crisp white color and strong black printed text. When viewed under magnification, a faint and even 'crazing' is present throughout. Of course, it also features a blued-steel 'sword' handset, which is complimented by a blue sapphire cabochon winding crown at the 3 o'clock position. Last but not least, this example is accompanied by its period-correct Cartier signed white gold deployant clasp — a rare find! While production numbers are unclear, we probably see one white gold Tank for every twenty or so in yellow... This is a great opportunity to add what is not only a very uncommon Tank from this era, but a piece worthy of the iconic nomenclature that it bears to your collection.",Oliver & Clarke,2026-10-01,False
Universal Genève Compur Ref. 22445 - Luminous Black Dial Unpolished,Other,16450,https://oliverandclarke.com/products/universal-geneve-compur-ref-22445-luminous-black-dial-unpolished,https://cdn.shopify.com/s/files/1/0765/6138/3741/files/UG_COMPUR_BLK_STRAP_WEB_1.jpg?v=1790719130,"Universal Genève was one of the many great brands that succumbed to the quartz crisis of the 1970s. While they disappeared, it was not for their lack of impressive watches. To underscore that fact, keep in mind that Henri Stern Watch Agency in their nearly 80-year history has only ever sold two brands: Patek Philippe, and Universal Genève. The piece that we have here hails from the early 1940s — a time when the world was at war. Predating the more recognizable ‘Compax’ line of watches were a few different chronographs produced with specific use-cases in mind (e.g., Film-Compax, Medico-Compax, Dato-Compax, etc.) this 'Compur' chronograph was a relatively straightforward two-register chronograph in the family. Far simpler than their perhaps better known high complication ‘Tri-Compax,' the Compur were still offered with a variety of cases and dial variants and utilized in-house Universal Genève calibres. This particular Reference 22445 is amongst the finest we have ever seen. Dating to circa 1941, the 37mm stainless steel case remains in unpolished condition, with nice symmetrical lugs, square pushers, and a snapback caseback. Inside, unlike so many Compurs out there, this one not only features a stunning glossy black dial, but one in fantastic condition. Beautifully preserved throughout, the surface is largely clean and devoid of any major wear or moisture incursion, with excellent text, 'concentric' finishing within the subsidiary registers, attractive patinated numerals, and a beautifully matching 'kite' handset. This piece is powered by UG's manual-winding Cal. 287. Examples in condition like this with a desirable configuration simply do not surface on the open market all that often... and with the recent re-launch of the brand, collectors seem to be holding on to pieces like this, making for a great opportunity to grab this one.",Oliver & Clarke,2026-10-01,False
Girard-Perregaux 'Mid Size' Chronograph Ref. 5070 - Silver 'Breguet' Dial Unpolished,Breguet,7650,https://oliverandclarke.com/products/girard-perregaux-mid-size-chronograph-ref-5070-silver-breguet-dial-unpolished,https://cdn.shopify.com/s/files/1/0765/6138/3741/files/GIRARD_CALATRAVA_STRAP_WEB_1.jpg?v=1790719096,"Girard-Perregaux can trace its roots to 1791, when Jean-François Bautte began producing watches in Geneva, though the name we know came later. In 1856, Constant Girard married Marie Perregaux, and the two joined their surnames into a single company in La Chaux-de-Fonds. Girard-Perregaux wasn't chasing trends, but rather building a reputation on refined movements and serious technical ambition. That ambition produced one of the most iconic pieces in horology: the Tourbillon with Three Gold Bridges, patented by Constant Girard in 1884. It went on to win gold medals at the Paris Exposition Universelle in 1889, cementing the brand's standing among the elite Swiss manufacturers of the era. That is to say, GP has some real chops. Today, they are perhaps best known for the Laureato, the integrated-bracelet sports watch that has been revived in recent years and become a thoughtful alternative to some of the more sought-after pieces in the segment. Even in the world of vintage GP flies under the radar and remain largely overlooked. A shame, because if you dig deep enough into their catalog from the first half of the twentieth century, there are absolute stunners to be found. The piece that we have here is one such example, a chronograph dating to circa the 1940s. The 'mid size' case comes in at 30mm in diameter and remains in fantastic unpolished condition throughout. The flat bezel design, lugs, square pushers, and mid-case all retain crisp factory finishing and show just light wear given its age. The dial inside, however, is no doubt the highlight here... in equally fantastic condition, the silver surface shows only faint wear under magnification and features a two-register layout with stunning enamel 'Breguet' indices with a blued-steel 'feuille' handset tying everything together. As a cherry on top, the Calibre 281 movement powering this is sourced from another, prominent manufacturer of chronographs in this era: Universal Gevève. Even with its 30mm case diameter, this piece offers looks, pedigree, and presence that just exudes special. Thats because it is.",Oliver & Clarke,2026-10-01,False
Longines 'Tre Tacche' Ref. 22243 - Black 'Gilt' Non-Luminous Dial,Longines,8350,https://oliverandclarke.com/products/longines-tre-tacche-ref-22243-black-gilt-non-luminous-dial,https://cdn.shopify.com/s/files/1/0765/6138/3741/files/LONGINES_CALATRAVA_BLK_STRAP_WEB_1.jpg?v=1790718826,"Longines is one of the most well respected manufacturers of the 20th century, full stop. Founded in 1832 in Saint-Imier, Switzerland, the company built a name for themselves early on as a manufacturer of quality in-house movements right from the start. Throughout the late 19th and early 20th centuries, Longines also built a reputation for precision timekeeping, earning accolades at international exhibitions and becoming a trusted name in sports timing, particularly in horse racing and aviation — an association with continues until today. By the mid-20th century, especially from the 1930s to the 1960s, Longines was at the peak of its technical and aesthetic prowess, producing a range of high-grade wristwatches admired today by collectors and vintage enthusiasts. The brand was known for its beautifully finished in-house movements, such as the 13ZN and 30CH chronographs, which are considered some of the finest column-wheel chronographs ever produced. The piece that we have here is a simple, no-frills calatrava-style watch that has developed a cult following in the world of vintage Longines for its high-grade movement, robust case construction, and attractive, legible dial layouts. Known to collectors as a 'Tre-Tacche' for its distinct 'three notches' in the caseback, these pieces were available with a few case sizes, dial configurations, and even different time-only movements. This example features a non-luminous black dial within a 35mm stainless steel case; a very uncommon configuration. The case has bene previously polished and retains correct proportions with its distinct 'stepped' top-case, curved down lugs, and screw-down caseback. The black dial inside is nicely-preserved and shows light wear and signed of aging, with clear minute markers and 'Arabic' indices with a matching gold-tone 'pencil' handset. Powering this piece is Longines legendary manual-winding Calibre 12.68. The Tre-Tacche can best be described as an early tool watch. Almost like something of a predecessor to the Rolex Explorer, Omega Seamaster, etc. We feel that these day, Longines doesn't quite get the respect that they once had, making this a great time to grab a strong, honest example like this.",Oliver & Clarke,2026-10-01,False
Cartier Tank Louis Ref. 78086 - 'Paris' Dial,Cartier,10950,https://oliverandclarke.com/products/cartier-tank-louis-ref-78086-paris-dial-2,https://cdn.shopify.com/s/files/1/0765/6138/3741/files/CARTIER_TANK_PARIS_WEB_1_abcde7db-5ab0-471d-8bda-f7b3b17a3f00.jpg?v=1790028830,"The Cartier Tank was one of the first wristwatches. Full stop! Inspired by the Renault Tanks used on the battlefield in WWI — yes, true story. Revolutionary at the time, Louis Cartier took inspiration from the profile of the treads on a period Renault tank, and based the case on them by way of the of brancards doubling as the lugs themselves. Over the course of the 20 th Century, the Tank became the watch to wear. Silent movie stars like Rudolph Valentino, artists like Andy Warhol, and even Jackie Kennedy were all fans of the signature timepiece from the King of Jewelers and the Jeweler of Kings. An icon indeed in the truest sense of the word. The model was first introduced in a few different case shapes which bore different names that intertwine with the inspiration behind them. Perhaps the most significant, well-known, and debatably desirable of these first pieces, the Tank Louis Cartier, was introduced in 1922 and was named after Louis Cartier himself. When people think of a Cartier Tank, theres a good change that this is the model that comes to mind. The example that we have here is one of those pieces. Dating to the mid 1970s, it features a classically sized 23mm x 31mm rectangular case, with clear hallmarks and engravings with correct factory proportions. It shows normal signs of wear throughout and is devoid of any major damage. Inside, the white enamel 'Paris' signed dial is devoid of any major 'crazing' and shows signs of aging on the outer edge with excellent black printing throughout. The correct blued-steel 'sword' handset is complimented by that ubiquitous blue sapphire cabochon crown. Last but not least, this example comes fitted to a black strap which is joined by its period-correct Cartier signed yellow gold deployant clasp. This piece is not only an excellent example fit for any collection, but a piece worthy of the iconic nomenclature that it bears.",Oliver & Clarke,2026-09-24,False
Audemars Piguet Yellow Gold 'Coin' Watch - Satin Silver Dial,Audemars Piguet,8750,https://oliverandclarke.com/products/audemars-piguet-yellow-gold-coin-watch-satin-silver-dial,https://cdn.shopify.com/s/files/1/0765/6138/3741/files/AP_GLD_COIN_WEB_1.jpg?v=1790028780,"The year 1972 was the advent of what is undeniably Audemars Piguet's most famous, significant, and yes, iconic line of watches, the Royal Oak. It was also the year that the 'high-end dress watch' would forever change. Prior to 1972, ultra-thin and design-focused precious metal watches represented the pinnacle of the genre, not what appears to be an industrial-styled stainless steel sports watch with a bracelet. While the brand never stopped producing traditional dress watches, per-se, production of their new golden goose would dominate the rest of the lineup. And this is after considering that prior to the Royal Oak, AP made far fewer watches to start with... That said, you may have noticed that this isn't a watch. So whats going on? What we have here is what is known as a 'coin watch' — a concept adopted a number of prominent brands in this era. These are generally made by using two gold coins, one for each side, with another watch case housed inside. Some were even produced with lugs and designed to be worn on a leather strap, but are the pieces like this one that almost perfectly resemble a coin that are the most interesting. This example, of course, is an AP. A good start! The yellow gold case comes in at 34mm in diameter, and features 'coin edge' finishing on the profile with a 'hidden' push button to open the closure at the 3 o'clock position. Once opened, the actual timepiece becomes visible and can be tilted up on a hinge by way of a tab at the 6 o'clock position. The crown at the 1 o'clock position then becomes usable to both wind and set the timepiece. The dial within is silver in color and has a satin finished surface, along with simple printed 'stick' indices and a matching blued-steel 'pencil' handset. Inside the watch case, the movement is an ultra-thin manually-would calibre. On top of being an obscure piece that is not immediately associated with AP, this watch — an 'object' really, is a glimpse into an era when subtlety and ultra-thin watchmaking rained supreme. The phrase 'if you know, you know' may never be more perfectly applied to a timepiece....",Oliver & Clarke,2026-09-24,False
Lemania Monopusher Chronograph Ref. 0552/924-3312 - 'Brushed' Silver Non-Luminous Dial British Military Issued,Other,9850,https://oliverandclarke.com/products/lemania-monopusher-chronograph-ref-0552-924-3312-brushed-silver-non-luminous-dial-british-military-issued,https://cdn.shopify.com/s/files/1/0765/6138/3741/files/LEMANIA_INCABLOC_STRAP_WEB_1.jpg?v=1790028743,"Lemania can trace its roots back to the Vallée de Joux, where it was founded in 1884 by Alfred Lugrin, a former Jaeger-LeCoultre craftsman with a talent for complicated movements. Operating first under his own name, Lugrin built a modest but formidable reputation through his chronograph work before his son-in-law Marius Meylan took the reins around 1930 and renamed the company Lemania. Survival through the Great Depression came by joining forces with Omega and Tissot in 1932, and it was within the newly-formed alliance that Lemania's true legacy was forged: Every Omega chronograph movement for the next four decades, including the the iconic Calibre .321, would be supplied or closely based off Lemania calibres. The Quartz Crisis of the 1970s nearly unravelled it all, and by 1981 Lemania had separated from the group and reborn itself as Nouvelle Lemania. A decade later, Breguet brought it into the fold, and when the Swatch Group absorbed Breguet in 1999, the Lemania name was quietly retired — though its workshops now forming movements for Manufacture Breguet. The piece that we have here is a monopusher chronograph issued to the British Royal Navy for one very specific use-case. Like virtually every military-issued watch for decades prior be it a diver or for aviation, they were produced with luminous dials for legibility in generally low-light environments, at night, and for underwater use. In the 1970s, the luminous element of choice was Tritium, which while extremely low relative to its predecessor, Radium, does emit a radioactive signature. On nuclear-powered submarines, the worst case scenario is a reactor leak (see K19: The Widowmaker), so as a preventative measure, these subs had radiation detectors everywhere to monitor and ultimately prevent an almost certainly catastrophic event like a nuclear reactor meltdown. So, had the occupants been wearing watches with Tritium all over the dial and hands, the geiger readings would be completely inaccurate and constantly firing. Thats where this piece comes in, with a dial devoid of any radioactive material. Dating to circa the 1960s, this piece remains in strong overall condition given its past history. It features a wonderfully-sized 38mm case with a winding crown at the 3 o'clock position, a single 'pump' pusher at 2 o'clock, and a screw-down caseback with the appropriate military engravings. Inside, the silver dial retains excellent printed text and shows signs of a life lived with some aging and wear present on the surface and that desirable 'broad arrow' logo prominently featured on the lower half. The correct 'syringe' handset is the correct black-painted non-luminous set. Not only is this a piece of history, but when compared to other military-issued pieces from other brands, this actually is fantastic value, and they sure don't grow on trees!",Oliver & Clarke,2026-09-24,False
Rolex Datejust Ref. 1601  - 'Lavender' Dial W/ Papers,Rolex,8750,https://oliverandclarke.com/products/rolex-datejust-ref-1601-lavender-dial-w-papers,https://cdn.shopify.com/s/files/1/0765/6138/3741/files/ROLEX_DATEJUST_LAVENDER_WEB_1_852f0714-f3f6-4661-85f1-e3ccb9e3f0ce.jpg?v=1790028713,"Hard to believe - but the Datejust has been around since 1945. It is far older than its bigger and attention-hogging Submariner brethren. The Datejust was Rolex’s idea of the perfect everyday watch. The robustness of the Oyster case, combined with the elegance of an Oyster Perpetual. The ‘4 digit’ series of Datejust are particularly attractive for their pie-pan dials which offer a layer of three-dimensionality to the dials that went away with the advent of quickset date and 5-digit Datejusts. These early Datejusts were available as the 1601, with a fluted white gold bezel, or the 1603, with an engine-turned steel bezel. The 4-Digit Datejusts were also the first series to become available with a myriad of dial colors and case and bracelet materials. This particular piece is a Reference 1601 from circa 1970 and it comes to us in fantastic overall condition. The case has been very gently and tastefully previously polished, retaining correct proportions and shows normal wear. The characteristic white gold 'fluted' bezel and the Jubilee bracelet have seemingly been spared of previous polishing and shows matching wear. Inside, this piece features a stunning and rare dial. Purple in color, it has a vibrant sunburst finishing with black printed text and applied indices and is seemingly devoid of any wear or inconsistencies. The Tritium plots remain fully intact and exhibit a rich and even patina throughout, with a nicely matching handset. Additionally, this piece is accompanied by punched guarantee papers. These Lavendar-dialed Datejusts are quite a bit rarer than you may think... We only see one or two per year, so don't miss out on this fantastic example.",Oliver & Clarke,2026-09-24,False
Universal Genève Compax Ref. 12558 - Patinated Pink Dial,Other,7850,https://oliverandclarke.com/products/universal-geneve-compax-ref-12558-patinated-pink-dial,https://cdn.shopify.com/s/files/1/0765/6138/3741/files/UG_COMPAX_STRAP_WEB_1_f8591d9d-0b37-4276-9790-4841295e96c2.jpg?v=1790028680,"Universal Genève was one of the many great brands that succumbed to the quartz crisis of the 1970s. While they disappeared, it was not for their lack of impressive watches. To underscore that fact, keep in mind that Henri Stern Watch Agency in their nearly 80-year history has only ever sold two brands: Patek Philippe, and Universal Genève. Far simpler than their perhaps more well-known high complication ‘Tri-Compax,' this piece comes from the long-running family of 'Compax' watches, which it shares its name with. Some of which were produced with specific use-cases in mind (e.g., Film-Compax, Medico-Compax, Dato-Compax, etc.), in different metals, sizes, etc., with this piece being a relatively straightforward three-register chronograph. The example that we have here is Ref. 12558 dating to circa 1945. It features a very desirable pink-on-pink configuration, with a rose gold case and pink dial within. More on that later. The case measures approximately 36mm in diameter and features subtle but thoughtful facets on the lugs, with beautiful brushed profiles, square pushers, and a a polished rose gold bezel. Inside, the pink dial possesses a matte surface with applied 'dot' indices and 'concentric' subsidiary registers. The surface has developed a light and uniform patina from age, no resembling more of a warm taupe tone. The indices also show oxidation when inspected closely and the rose gold-tone handset with blued-steel chronograph hands match wonderfully. It is powered by UG's Cal. 287 manual-winding movement, which is tucked behind a snapback caseback with deep and clear engravings. Examples in condition like this with a desirable configuration simply do not surface on the open market all that often... and with the recent re-launch of the brand, collectors seem to be holding on to pieces like this, making for a great opportunity to grab this one.",Oliver & Clarke,2026-09-24,False
Rolex Day-Date Ref. 1803/9 - Sunburst Silver 'Door Stop' Dial,Rolex,11350,https://oliverandclarke.com/products/rolex-day-date-ref-1803-9-sunburst-silver-door-stop-dial-1,https://cdn.shopify.com/s/files/1/0765/6138/3741/files/ROLEX_DAYDATE_WHT_GLD_STRAP_WEB_1_7dd2f65e-8c52-48b6-a6ec-15c89c8b09ff.jpg?v=1790028642,"When the Day-Date was released in 1956, Rolex had made numerous attempts to capture the market with more complicated timepieces such as the Ref. 6036, the Ref. 8171, and the Ref. 6062, but it seemed like buyers were not particularly fond of complicated Rolexes. All of that changed when President Lyndon B. Johnson was spotted wearing one Rolex in particular: a Day-Date. The model has since become known worldwide as ‘The President’ and as a symbol of success and prestige. Simply put, this one stuck. The Day-Date was available for many years on a matching solid gold bracelet (called a 'President' bracelet), but also on a leather strap like the example that we have here. This Reference 1803 dates to circa 1966 and is constructed out of solid white gold. It comes to us with a strong, gently previously polished case with a correct 'fluted' white gold bezel, and even an original white gold crown. Inside, the silver dial remains in simply fantastic condition, with a vibrant sunburst surface and applied indices with 'door stop' indices at the 6 & 9 o'clock positions. Especially when fitted to a leather strap, this 'elevated' piece remains very much under-the-radar. If you know, you know.",Oliver & Clarke,2026-09-24,False
Rolex Oysterquartz Day-Date Ref. 19018 - Sunburst Champagne Dial W/ Box & Papers,Rolex,23850,https://oliverandclarke.com/products/rolex-oysterquartz-day-date-ref-19018-sunburst-champagne-dial-w-box-papers,https://cdn.shopify.com/s/files/1/0765/6138/3741/files/ROLEX_DAYDATE_GLD_QUARTZ_WEB_1.jpg?v=1790028549,"The 1970s were an interesting time for the watch industry. The Great Quartz Crisis from Japan offered the world better quality watches, that were more accurate, more reliable, and generally much more affordable. A kiss of death for mechanical watchmaking at the time. Even the very best of Switzerland will still lose accuracy over time — an issue that a quartz watch virtually solved (though not perfect). Great, beloved Swiss brands like Universal Genève, Gallet, Zodiac, and Blancpain would disappear — some of which were acquired by holding companies, other brands, etc. and eventually resurface, but hundreds of smaller brands were completely wiped away. Rolex responded by producing their own version of the quartz watch called it the Oysterquartz, which introduced a more style-forward and angular design that was becoming popular in the 1970s, and of course, a quartz movement inside. On top of this new model line name, these pieces utilized existing cornerstone model names to denote specific models with the Oysterquartz range, such as the Datejust and Day-Date. By the middle of the 1980s, the Swiss watch industry was able to pivot and re-establish itself as a luxury product worthy of higher prices that could justify the cost and complexity of designing and manufacturing a mechanical watch. So, the Oysterquartz is massively important in the history of Rolex, representing the only time in its nearly 120-years of business that it was ever under siege in a truly threatening way. These did not stay in the Rolex lineup for long and are therefore surprisingly unusual to come by. The piece that we have here is a Day-Date variant dating to circa 1978, and as with all other pieces in Rolex's flagship line, it is constructed out of solid gold. Inside, it has a classic, sunburst champagne dial with applied indices and both day and date apertures. The case and integrated bracelet are in fantastic overall condition and showing normal signs of wear throughout with visible factory finishing. The characteristic 'fluted' yellow gold bezel retains crisp finishing and also shows normal signs of wear. Inside, the dial is crisp and vibrant and is seemingly devoid of any wear or damage on the surface. The Tritium plots are evenly patinated and complimented perfectly by a matching handset. Additionally, this piece is accompanied by its inner ad outer boxes, booklets, and papers. This then, is a strange yet important piece from the pages of Rolex's history, and is a must if you are looking to add a Day-Date to a collection of many, or simply snag a lesser-known piece thats a bit out of the ordinary.",Oliver & Clarke,2026-09-24,False
Tudor Submariner Date Ref. 76100 - Blue Dial Unpolished W/ Papers,Tudor,11950,https://oliverandclarke.com/products/tudor-submariner-date-ref-76100-blue-dial-unpolished-w-papers,https://cdn.shopify.com/s/files/1/0765/6138/3741/files/TUDOR_SUB_BLUE_WEB_1_930bad2e-29a9-4c5e-8276-e0bd4eea6a0a.jpg?v=1789502652,"The Submariner, namely those produced by Rolex, has long been considered the cream of the crop when it comes to watch collecting as a whole. Possibly the most iconic watch ever produced, the Submariner has long standing utilitarian roots that span decades, and everyone who’s anyone has been spotted wearing one. However, if you look deeper into the Submariner line, you may find a less known but just as incredible model manufactured by Tudor. These pieces are not only more unique and rare than the traditional Submariner, but offer much greater value. Designed as a replacement for the quintessential Tudor ‘Snowflake’ Submariners, the References 76100 and 79090 is in many collectors eyes, the last great vintage Tudor Submariner. These pieces all had matte dials with Tritium plots and matching Tritium-filled handsets, cases with lug-holes, acrylic crystals, and folded-link Oyster bracelets. In many ways, This is all stuff that we see in Rolex and Tudor models as early as the 1960s, but were produced well-into the 1990s! The example that we have here dates to circa 1987 and remains in fantastic overall condition. The case remains unpolished, with clear factory finishing visible throughout and shows normal wear from age. The bezel also remains unpolished, with strong knurling and houses a gorgeous faded blue insert. Inside, it features a desirable blue dial, which retains a rich deep blue color with gently patinated Tritium indices and a matching handset. It comes fitted to its correct steel Oyster bracelet with a Rolex-signed fliplock clasp. Additionally, this piece is accompanied by papers. These Tudor Subs of the mid 1980s into the mid 1990s not only present great value next to their Rolex cousins, but are very interesting in that they offer nearly all the feel of a Rolex Submariner Date dating back to the 1960s — with the charm of an acrylic crystal, a matte dial, and even a folded-link bracelet — for only a fraction of the entry cost. And Rolex sure never made a steel Submariner with a blue dial!",Oliver & Clarke,2026-09-17,False
Breitling Duograph Ref. 766 'Rattrapante' - Silver Patina Dial,Breitling,29850,https://oliverandclarke.com/products/breitling-duograph-ref-766-rattrapante-silver-patina-dial,https://cdn.shopify.com/s/files/1/0765/6138/3741/files/BREITLING_DUOGRAPH_STRAP_WEB_1.jpg?v=1789502682,"Breitling has a long and rich history in chronographs — with an emphasis on aviation chronographs. And like so many other brands who have a watch model, or family that has become synonymous with the brand name itself, the Navitimer is just that for Breitling. As a result, the Navitimer casts a substantial shadow over all of its siblings.... even over firmly planted models like the SuperOcean, Top Time, and lesser-known pieces that pre-date model ranges all together. The piece that we have here is one of the latter. The 1940s was a time when Breitling was rapidly expanding their chronograph offerings, and the Duograph represented a significant step forward for the manufacture, combining the elegant proportions of the period with one of the most sophisticated complications available at the time: the split-seconds, or 'rattrapante,' chronograph. Like many of Breitling’s chronographs from this period, the Duograph was offered in both steel and precious metals, with variations in case design, pushers, and dial configurations adding further character to an already elusive model. The example that we have here Ref. 766 dating to circa 1951 and is offered in strong overall condition. The case comes in at 35mm and features gorgeous, prominent 'stepped' lugs, square pushers, a snapback caseback, and a crown at 3 o'clock that functions as the split-seconds activation in addition to winding and setting the movement. Inside, the silver dial has aged to show an attractive and largely uniform patina, while retaining clear printing throughout with patinated indices and a nicely matching blued-steel handset. Powering this piece is the highly-complex Venus Caliber 185, which incorporate both the split-seconds function and a three-register design, all in a form that is no larger than that of a typical chronograph from the era. Even today, a remarkable achievement. As it pertains to vintage collecting, it is precisely this combination of rarity, mechanical complexity, and unmistakable 1940s design language that makes a Duograph such a compelling timepiece, full stop.",Oliver & Clarke,2026-09-17,False
Rolex Datejust Ref. 1601 - Matte Black Dial,Rolex,6250,https://oliverandclarke.com/products/rolex-datejust-ref-1601-matte-black-dial-2,https://cdn.shopify.com/s/files/1/0765/6138/3741/files/ROLEX_DATEJUST_BLK_WEB_1.jpg?v=1771469254,"Hard to believe - but the Datejust has been around since 1945. It is far older than its bigger and attention-hogging Submariner brethren. The Datejust was Rolex’s idea of the perfect everyday watch. The robustness of the Oyster case, combined with the elegance of an Oyster Perpetual. The ‘4 digit’ series of Datejust are particularly attractive for their pie-pan dials which offer a layer of three-dimensionality to the dials that went away with the advent of quickset date and 5-digit Datejusts. These early Datejusts were available as the 1601, with a fluted white gold bezel, or the 1603, with an engine-turned steel bezel. The 4-Digit Datejusts were also the first series to become available with a myriad of dial colors and case and bracelet materials. This particular piece is a Reference 1601 from circa 1972 and it comes to us in strong overall condition. The case retains symmetrical proportions at all four concerns and shows normal signs of wear throughout. The characteristic 'fluted' white gold bezel shows matching wear and retains its 'fluted' finishing. Inside, the black dial shows some is largely clean and presents nicely, with crisp silver text, fully-intact Tritium plots, and a matching handset. It comes fitted to a period correct 'oval'-link Jubilee bracelet with a signed blade clasp. All things considered, be it for your one vintage watch, or as an additional to a growing collection, this is a great example.",Oliver & Clarke,2026-09-17,False
Rolex Antimagnetic Chronograph Ref. 3233 - Silver Patina Dial,Rolex,16850,https://oliverandclarke.com/products/rolex-antimagnetic-chronograph-ref-3233-silver-patina-dial,https://cdn.shopify.com/s/files/1/0765/6138/3741/files/ROLEX_ANTIMAGNET_STRAP_WEB_1.jpg?v=1789502858,"The Rolex Daytona has long been one of the most desirable chronographs in production, which is funny for a model that was initially off to a slow sales start! …but this comes before all of that! Predating even what are known as ‘Pre-Daytonas' are the non Oyster-style case chronographs. Produced from roughly the 1930s through the 1940s, these chronographs generally utilize a snapback case with a wide variety of lug designs, silver or black dials with numerous handsets, and two-register layouts. The piece that we have here is simply known as an Antimagnetic Chronograph. It features a 35mm case with 'oval' pushers, a beautiful 'onion' crown, and 'hinged' lugs. Inside, the white dial has developed a very attractive and largely even 'toasted' patina across the satin surface, while retains excellent black printing with a telemetré scale on the outside edge and a black-painted handset. It is powered by a manual-winding chronograph movement with a Rolex-signed bridge. The 1930s-1950s are an era where Rolex was not yet the big guy on the scene. The brad was still figuring out what works and what would stick, so there is a huge variety of designs to be discovered that can seem almost unique. This piece embodies that belief, and for far, far less than a steel Daytona produced in much greater numbers.",Oliver & Clarke,2026-09-17,False
Rolex Day-Date Ref. 1803 - Sunburst Champagne Dial Unpolished,Rolex,19500,https://oliverandclarke.com/products/rolex-day-date-ref-1803-sunburst-champagne-dial-unpolished-1,https://cdn.shopify.com/s/files/1/0765/6138/3741/files/ROLEX_DAYDATE_GLD_WEB_1_81a5f730-3ab6-44e5-a7dc-c59b0c843bae.jpg?v=1789502958,"When the Day-Date was released in 1956, Rolex had made numerous attempts to capture the market with more complicated timepieces such as the Ref. 6036, the Ref. 8171, and the Ref. 6062, but it seemed like buyers were not particularly fond of complicated Rolexes. All of that changed when President Dwight D. Eisenhower was spotted wearing one Rolex in particular: a Day-Date. The model has since become known worldwide as ‘The President’ and as a symbol of success and prestige. Simply put, this one stuck. The Day-Date was available for many years on a leather strap with a matching gold buckle, but also on a solid gold bracelet (called a 'President' bracelet), like the example that we have here. The Reference 1803 that we have here dates to circa 1974 and comes to us in excellent overall condition. The case, characteristic 'fluted' yellow gold bezel, and 'President' bracelet all remain unpolished and show matching normal wear throughout. The 'champagne' dial within features a sunburst finishing is beautifully preserved, with fully-intact and evenly patinated Tritium plots and a perfectly matching handset. The 'President' bracelet is fitted with a 'hidden' clasp and bears a few rare stamps indicating that it was originally for the South American market. This is a fantastic example of an icon, full stop.",Oliver & Clarke,2026-09-17,False
Cartier Cristallor Ref. 78096 - White Enamel 'Paris' Dial,Cartier,26350,https://oliverandclarke.com/products/cartier-cristallor-jumbo-ref-78096-white-enamel-paris-dial,https://cdn.shopify.com/s/files/1/0765/6138/3741/files/CARTIER_TANK_OCTO_STRAP_WEB_1.jpg?v=1788281608,"Cartier's catalog is full of pieces that don't bear ""Tank"" in front of the model name, and many remain overlooked or flat out unknown to the vast majority of consumers. Introduced in 1973 as a part of the Louis Cartier Collection, the Cristallor is a textbook example of one such model. Produced in a handful of variants over the years, in a number of different metals, sizes, and with different movements, this is another gorgeous execution of Cartiers ubiquitous design language. The piece that we have here is an early example from circa the early 1970s. The solid yellow gold case comes in at 28mm x 34mm and features a hexagonal 'stepped' design with 'hidden' lugs, a sapphire cabochon crown, and a manual-winding movement within. The dial inside is exactly what you'd expect to find from Cartier during this era, with a white enamel surface, printed black 'Roman' indices with an inner chemin de fer minute track. Of course, everything is tied together with a blued-steel 'sword' handset. If nothing from the Tank or Santos family speaks to you, this might just be a perfect alternative, and quite a bit more rare.",Oliver & Clarke,2026-09-10,False
Rolex Datejust Ref. 1603 - Sunburst Grey 'Sigma' Dial,Rolex,5850,https://oliverandclarke.com/products/rolex-datejust-ref-1603-sunburst-grey-sigma-dial-2,https://cdn.shopify.com/s/files/1/0765/6138/3741/files/ROLEX_DATEJUST_GREY_WEB_1_ecd062d2-fbe8-4cd4-b60c-ebc2a5ef4e7d.jpg?v=1788281809,"Hard to believe - but the Datejust has been around since 1945. It is far older than its bigger and attention-hogging Submariner brethren. The Datejust was Rolex’s idea of the perfect everyday watch. The robustness of the Oyster case, combined with the elegance of an Oyster Perpetual. The ‘4 digit’ series of Datejust are particularly attractive for their pie-pan dials which offer a layer of three-dimensionality to the dials that went away with the advent of quickset date and 5-digit Datejusts. These early Datejusts were available as the 1601, with a fluted white gold bezel, or the 1603, with an engine-turned steel bezel. The 4-Digit Datejusts were also the first series to become available with a myriad of dial colors and case and bracelet materials. This particular piece is a Reference 1603 from circa 1972 and it comes to us in strong overall condition, with a gently previously polished case, an 'engine-turned' steel bezel, and a matching Jubilee bracelet — all showing uniform normal wear. Inside, the sunburst grey 'Sigma' dial is beautifully preserved, retaining a crisp and vibrant sunburst finishing seemingly devoid of the usual degradation found on colored dials from this era. The Tritium plots remain fully-intact and show an attractive and even patina throughout with a handset that has ages a bit darker. All things considered, this is tough to beat, be it for your one vintage watch, or as an additional to a growing collection.",Oliver & Clarke,2026-09-10,False
Rolex Datejust Ref. 16014 - Black Dial,Rolex,6450,https://oliverandclarke.com/products/rolex-datejust-ref-16014-black-dial,https://cdn.shopify.com/s/files/1/0765/6138/3741/files/ROLEX_DATEJUST_BLK_WEB_1_95e4d452-28f4-42c4-92d1-62e9827f5d3e.jpg?v=1788210208,"Hard to believe - but the Datejust has been around since 1945. It is far older than its bigger and attention-hogging Submariner brethren. The Datejust was Rolex’s idea of the perfect everyday watch. The robustness of the Oyster case, combined with the elegance of an Oyster Perpetual. The 4-Digit Datejusts was the first series to become available with a myriad of dial colors and case and bracelet materials — something that has stuck with the Datejust name ever since. What the 4-digits watches do lack, is a quickset date — something that was resolved with the introduction of the 5-digit pieces in the late 1970s. The piece that we have here, a Reference 16014 from circa 1982, comes to us with an excellent, gently and tastefully previously polished Oyster case with the correct 'fluted' white gold bezel seemingly spared of previous polished. Inside, the black dial presents nicely, with a deep glossy surface and evenly patinated Tritium plots with a matching handset. Of course, this piece also features a handy quickset date function and comes fitted to a correct solid-link Jubilee bracelet with a signed blade clasp. Black-dialed Datejusts are less common than you may think... And there is almost some Explorer-like sportiness about them, while of course, still being a Datejust. This one, like virtually any Datejust , can be your one vintage watch, or as an additional to a growing collection.",Oliver & Clarke,2026-09-03,False
Rolex King Midas Ref. 4315 - 'Brushed' Champagne Dial W/ Hangtag,Rolex,62500,https://oliverandclarke.com/products/rolex-king-midas-ref-4315-brushed-champagne-dial-w-hangtag,https://cdn.shopify.com/s/files/1/0765/6138/3741/files/ROLEX_CELLINI_KNG_MIDAS_WEB_1.jpg?v=1787696622,"In the late 1960s, Rolex was looking to expand their lineup of watches with both more traditional designs, as well as design-forward offerings. This line of watches became known called the Cellini line with a subsidiary lineup called 'Midas.' Like the rest of the Cellini line, the Midas pieces would come in a wide variety of shapes, sizes, and dial options, and all in solid gold. The flagship offering within the Midas line, the 'King Midas' were amongst the most expensive models the brand had ever produced and, at the time, limited in their production. The piece that we have here is one of those watches, a King Midas Reference 4315. This very special piece features a five-sided case with a screw-down caseback, ""King Midas"" engraved into the left case profile, a truly integrated 'flat-link' bracelet with a 'hidden' deployant clasp, and a recessed crown at the 9 o'clock position styled to look like a sun. This particular yellow gold example dates to circa 1976 and is offered in excellent overall condition. The case and bracelet both show normal signs of wear from age with no notable damage or blemishes and no 'stretch.' The dial within features a 'brushed' texture on the champagne dial with an applied coronet logo, Cellini script on the bottom half, and a simple yellow gold stick handset. Most of the Cellini family features manual-winding movements, and this piece is no different. This then, is a brilliant example of Rolex displaying a more artistic side, all while very much being a Rolex at heart. Low production, precious materials, and its a Rolex. Hard to beat.",Oliver & Clarke,2026-08-27,False
Omega 6B/542 Ref. 2777-1 - Matte Black 'Fat Arrow' Dial RAF-Issued Unpolished,Omega,5650,https://oliverandclarke.com/products/omega-6b-542-ref-2777-1-matte-black-fat-arrow-dial-raf-issued-unpolished,https://cdn.shopify.com/s/files/1/0765/6138/3741/files/OMEGA_EXPLORER_STRAP_WEB_1.jpg?v=1787696843,"Omega is undeniably one of the most historically important timepiece manufactures of all time. In fact, the Speedmaster is probably the most important wrist watch of all time. As a result, the Speedmaster casts a massive shadow over all of its siblings.... even over firmly planted models like the Seamaster and Constellation ranges. The resulting effect is double sided: many vintage Omegas, we feel are incredibly undervalued in the market as it exists today, with the other side of that being that hidden gems are shocking attainable. The piece that we have here is special for a multitude of reasons. Not dissimilar to the 'Dirty Dozen' watches of WWII, this piece was commissioned by the British Ministry Of Defence to produce a watch that met a series of standards. Omega, along with a handful of other prominent watch manufacturers would rise to the challenge to produce a timepiece that had a certain level of resistance to shock, magnetism, dust, and of course, excellent timekeeping. Dating to circa 1953, this example is offered in fantastic overall condition. The 36mm case remains unpolished and shows normal wear with no notable damage or indication this ever really saw the action that it was intended... It features 'fixed' lug bars and a screw-down caseback with all of the correct engravings. No doubt the most intriguing element of the condition on this piece, is the dial. As a general rule with military watches, hands and dials were replaces under contract service, and as a result is accepted in the collector community. The result is that many military-issued piece prior to the 1960s no longer have their original dials with Radium paint, rather later dials with Tritium (this is where the 'Circle T' comes from). With the 6B/542, however, rather than a 'circle T' the MOD choose to denote the presence of Tritium on the new dials with a thicker 'fat' Broad Arrow. The dial itself presents nicely, showing light wear throughout with clear printing and evenly patinated Tritium elements and a correct Tritium 'sword' handset. This piece comes fitted to a very appropriate Admiralty Grey NATO strap from Phoenix and is powered by Omegas Cal. 283 manual-winding movement. Rumored to have only been produced for a year or two, there's no saying how many examples survive today, let alone in condition as well-rounded as this. To many collectors of vintage, regardless of whether the focus is of military watches or not, this piece has everything going for it. Military issued, properly vintage, and its from one of the most storied brands in the history of watchmaking. This is a real piece of history — a phrase often repeated in the world of watches, though rarely as deservedly as in this case.",Oliver & Clarke,2026-08-27,False
Tudor Submariner Ref. 7928 'PCG' - Gilt 'Tropical' Dial,Tudor,21850,https://oliverandclarke.com/products/tudor-submariner-ref-7928-pcg-gilt-tropical-dial,https://cdn.shopify.com/s/files/1/0765/6138/3741/files/TUDOR_SUB_TROPICAL_WEB_1_442517cd-5030-4f6e-902b-ddb6103a363d.jpg?v=1787696902,"The Submariner, namely those produced by Rolex, has long been considered the cream of the crop when it comes to watch collecting as a whole. Possibly the most iconic watch ever produced, the Submariner has long standing utilitarian roots that span decades, and everyone who’s anyone has been spotted wearing one. However, if you look deeper into the Submariner line, you may find a less known but just as incredible model manufactured by Tudor. The Ref. 7928 that we have here dates to circa 1961 and is offered in strong overall condition. The case remains thick and symmetrical, with the 'pointed crown guards' clearly on display and factory chamfers visible. Inside, the glossy black 'gilt' dial has aged to various shades of brown, resulting in a wildly tropical patina. The luminous plots also shows patina from age and are complimented by a matching handset. The knurled bezel houses an excellent black 'fat font' insert with a patinated pip and it comes fitted to a slightly later 'stretch-rivet' Oyster bracelet with a blade clasp. For many of us, this is what vintage is all about: subtle details, honest condition that tells a story, and uniqueness in wear/patina. This one embodies all of the above!",Oliver & Clarke,2026-08-27,False
Vacheron Constantin Rectangular Dress Watch Ref. 7139 - 'Brushed' Silver Dial,Vacheron Constantin,5450,https://oliverandclarke.com/products/vacheron-constantin-rectangular-dress-watch-ref-7139-brushed-silver-dial,https://cdn.shopify.com/s/files/1/0765/6138/3741/files/VACHERON_TANK_STRAP_WEB_1.jpg?v=1787696697,"Vacheron Constantin can trace its roots back to 1755 and along with only a handful of other brands, is credited as one of the oldest manufacturers of mechanical clocks, pocket-watches, and of course, watches. In fact, Vacheron enjoys the prestige as the oldest continually operating manufacturer that still operates today. Vacheron is also a member of what has become known as The Holy Trinity , along with Patek Philippe and Audemars Piguet. All three of these manufactures have very different identities and focus areas within the industry, with VC generally regarded as the technical innovator. And despite a bevy of both technical and mechanical firsts, including the most complicated watch ever at the time of writing this, VC remains the lesser known name of the three in the broader watch community and certainly least understood. The piece that we have here is a yellow gold rectangular dress watch dating to circa 1960. The case comes in at 19mm x 29mm and remains in excellent condition, showing just normal wear with a gentle warmth to the gold. The dial inside is silver in color and features an elegant, vertically 'brushed' finishing with applied indices and is complimented by a matching 'pencil' handset. It comes fitted to a signed black alligator strap with a gold tone buckle and is powered by Vacheron's Calibre K1001/2 manual-winding movement. In some ways, this piece is very different for Vacheron. Highly restrained when it comes to eccentric, daring details and 'simple' in its design. That of course means, like other Swiss watches from this era, the execution and simplicity speaks for itself.",Oliver & Clarke,2026-08-27,False
Audemars Piguet 'Hinged-Lug' Dress Watch - Satin Silver Dial W/ Box,Audemars Piguet,26750,https://oliverandclarke.com/products/audemars-piguet-hinged-lug-dress-watch-satin-silver-dial-w-box,https://cdn.shopify.com/s/files/1/0765/6138/3741/files/AP_TANK_SQ_STRAP_WEB_1.jpg?v=1787100809,"The year 1972 was the advent of what is undeniably Audemars Piguet's most famous, significant, and yes, iconic line of watches, the Royal Oak. It was also the year that the 'high-end dress watch' would forever change. Prior to 1972, ultra-thin and design-focused precious metal watches represented the pinnacle of the genre, not what appears to be an industrial-styled stainless steel sports watch with a bracelet. While the brand never stopped producing traditional dress watches, per-se, production of their new golden goose would dominate the rest of the lineup. So, watches like the svelte and, frankly, stunning yellow gold dress watch that we have here offer offer not just a ton of value next to their iconic siblings, but were produced in relatively limited quantities. The piece that we have here is one of those pre-Royal Oak era watches: a rare yellow gold 'Tank'-style dress watch dating to circa the 1950s. Noticeable even at a glance, the lugs hint at their fully-articulating nature, with fine spacing between them and the case itself. When turned to profile view, the articulating nature of the lugs becomes apparent, as well as the intricate, sculpted finishing that they possess throughout. The bezel has a high-polish finish, framing the satin silver dial within. The dial itself shows honest signs of aging, with applied yellow gold 'dart' and 'Arabic' indices, a subsidiary seconds register on the lower half, and a yellow gold 'pencil' handset typing it all together. It is powered by a manual-winding movement by AP. Last but not least, this piece is accompanied by its box and comes fitted with a 'Saffiano'-textured brown leather strap with its original yellow gold signed buckle. This then, is a representation of a bygone era not just for Audemars Piguet, but for what a high-end dress watch used to be. Only in the last few years have collectors and enthusiasts alike started to pay a bit more attention to pieces like these and, we think, its long overdue.",Oliver & Clarke,2026-08-20,False
Abercrombie & Fitch Co. Seafarer Ref. 2443 'Second Execution' - Silver Dial Unpolished,Other,26350,https://oliverandclarke.com/products/abercrombie-fitch-co-seafarer-ref-2443-second-execution-silver-dial-unpolished,https://cdn.shopify.com/s/files/1/0765/6138/3741/files/ABERCROMBIE_SEAFARER_CHRONO_STRAP_WEB_1.jpg?v=1786570193,"Abercrombie & Fitch Co., long before its modern reinvention, was one of America’s preeminent sporting outfitters. From its midtown Manhattan flagship, the firm supplied serious outdoorsmen with the finest equipment available, often commissioning bespoke products from respected manufacturers to meet the specific demands of its clientele. Watches were no exception. By the mid-20th century, A&F had begun offering co-branded timepieces tailored to sportsmen, and when customers began requesting a watch capable of tracking the tides, the company turned to one Charles-Edouard Heuer to bring the idea to life. Commissioned at A&F’s request, the Solunar was introduced in 1949 and advertised as the only watch to display both 'Solar' and 'Lunar' time. Produced in a limited run of just around 1,000 pieces, it was a highly specialized instrument and ultimately a niche offering. Still, its innovation laid the groundwork for the Seafarer, which paired the original tidal display with one of Heuer’s signature complications: the chronograph. Retaining traditional hour and minute counters, the Seafarer replaced the running seconds register with a tide indicator at 9 o’clock, which was directly adjustable via a left-side pusher and synchronized using published tide tables. Produced from the 1950s through the 1970s in several case configurations shared with other Heuer chronographs, the Seafarer remained a distinctive but specialized entry within the broader catalog and saw a handful of different variations over that time. The example that we have here, a Ref. 2443, dates to the 1950s and is offered in excellent, beautifully-preserved condition. The case comes in at 38mm in diameter and features nice thick lugs with sharp undersides, along with small 'pump' pushers, and a 'stepped' top case. Inside, the silver dial shows light aging throughout, retaining nice colors in within the subsidiary registers and beautiful gold 'foil' indices with a correct gold-tone handset. The movement powering this piece is a modified version of the famous Valjoux 72 which of course, is manually-wound. For the most part, all Abercrombie & Fitch Co. timepieces have become collectible to an extent, but it is the Seafarer that is at the front of the pack in both desirability and collectability. This is the first time we have had the pleasure of offering on for sale on the website and we could not be more happy about it.",Oliver & Clarke,2026-08-13,False
Audemars Piguet White Gold Dress Watch Ref. 5259 - Silver Dial w/ Box & Papers,Audemars Piguet,13350,https://oliverandclarke.com/products/audemars-piguet-white-gold-dress-watch-ref-5259-silver-dial-w-box-papers,https://cdn.shopify.com/s/files/1/0765/6138/3741/files/AP_CALATRAVA_BRAIDED_WEB_1.jpg?v=1786570142,"The year 1972 was the advent of what is undeniably Audemars Piguet's most famous, significant, and yes, iconic line of watches, the Royal Oak. It was also the year that the 'high-end dress watch' would forever change. Prior to 1972, ultra-thin and design-focused precious metal watches represented the pinnacle of the genre, not what appears to be an industrial-styled stainless steel sports watch with a bracelet. While the brand never stopped producing traditional dress watches, per-se, production of their new golden goose would dominate the rest of the lineup. And this is after considering that prior to the Royal Oak, AP made far fewer watches to start with... The piece that we have here is one of those pre-Royal Oak era watches: an ultra-thin dress watch dating to circa the 1960s. Nicely-sized at 33.5mm in diameter, the case is constructed out of white gold with an attractive 'linen' finishing on the top-case, a white gold crown, and a matching white gold 'mesh' bracelet with a signed locking clasp. Inside, the silver dial inside is very of-its-era, with simple printed ""Audemars Piguet"" script, elongated 'stick' indices, and a 'pencil' handset to match. This svelte piece is powered by AP's ultra-thin Calibre 2001 manual-winding movement. Last but not least, this piece is accompanied by its box, certificate of origin, and even the outer paper sleeve for the box. A very rare find. This then, is a representation of a bygone era not just for Audemars Piguet, but for what a high-end dress watch used to be. Only in the last few years have collectors and enthusiasts alike started to pay a bit more attention to pieces like these and, we think, its long overdue.",Oliver & Clarke,2026-08-13,False
Bucherer Chronograph Ref. 805-2 - 'Tropical' Silver Dial w/ Lemaina Cal. 2520 Unpolished,Other,5650,https://oliverandclarke.com/products/bucherer-chronograph-ref-805-2-tropical-silver-dial-w-lemaina-cal-2520-unpolished,https://cdn.shopify.com/s/files/1/0765/6138/3741/files/BUCHERER_CHRONO_STRAP_WEB_1.jpg?v=1786569965,"Bucherer is perhaps best known today as one of Switzerland’s most prominent luxury watch and jewelry retailers, but the company’s history stretches back more than a century. Founded in 1888 in Lucerne by Carl Friedrich Bucherer and his wife Louise, the firm built its reputation on quality, craftsmanship, and an intimate understanding of Switzerland’s developing watch industry. By the early twentieth century, Bucherer had become an important retailer for many of Switzerland’s leading watchmakers. In 1924, the company established its long-standing relationship with Rolex, becoming one of the brand’s earliest and most important retail partners. Like other prestigious retailers of the era, Bucherer also developed watches under its own name, as well as branded other manufacturers' watches as their own. Eventually, this gave rise to the Carl F. Bucherer brand that we have today. The piece that we have here is dates to circa the 1950s and possesses many of what makes some of the most iconic chronographs from this era great. The case comes in at 35mm in diameter and features gorgeous chamfered lugs, ‘pump’ pushers, a screw-down caseback, and a signed crown. The dial inside, once silver in color, has developed an intense and largely uniform 'copper' patina over the years, making for a completely unique piece. It has minimal script on the top half with Bucherer's logo and name, 'concentric' subsidiary registers, applied rose gold-tone indices that alternate from 'dart’ to 'Arabic' style, and a rose gold-tone 'Alpha' handset typing it all together. Perhaps the most noteworthy aspect of this watch, however, is the movement inside. Powering this piece is the Lemania Cal. 2520, which is essentially the same movement as the iconic and significant Omega Calibre .321. Chronographs from roughly the 1940s through the 1970s are, for many, thought of as the essence of what makes vintage watches cool. Many of these models and brands have ascended to an unattainable level, making for completely under-the-radar finds like this quite rare. We think it’s awesome, and we’re confident we’re not the only ones.",Oliver & Clarke,2026-08-13,False
Universal Genève Polerouter Ref. 20357/1 - Gilt 'Tropical' Dial Unpolished,Other,6850,https://oliverandclarke.com/products/universal-geneve-polerouter-ref-20357-1-gilt-tropical-dial-unpolished,https://cdn.shopify.com/s/files/1/0765/6138/3741/files/UG_POLEROUTER_TROPICAL_STRAP_WEB_1_1dd93d5c-7a22-40d3-abc7-94d06e861ac0.jpg?v=1785975030,"Universal Genève was one of the many great brands that succumbed to the quartz crisis of the 1970s. While they disappeared, it was not for their lack of impressive watches. To underscore that fact, the Henri Stern Watch Agency in their nearly 80-year history has only ever sold two brands: Patek Philippe, and Universal Genève. One of, if not the model line that UG is best known for, is the Polerouter. Born from the genius of a young, 23-year old Gérald Genta — long before his name became synonymous with icons — the Polerouter is a watch that speaks to both the soul and the mind of the collector. Originally conceived to commemorate SAS’s pioneering flights over the north pole from Copenhagen to Los Angeles, it’s far more than a handsome vintage piece; it’s a true milestone in mid-century horology. With its distinctive aesthetic, refined movement, and enduring legacy, the Polerouter checks all of the boxes for the vintage connoisseur — a surprisingly rare occurrence. The example that we have here dates to circa 1959 and is probably very close to what comes to mind when you hear ""Polerouter."" It features a 33.5mm case with the characteristic 'twisted' lugs, a signed crown, and a screw-down caseback with the 'SAS polar route' engraving. Inside, the dial is framed with another Polerouter signature design characteristic: the engine-turned steel chapter ring. The dial itself is a correct black 'gilt' unit, with luminous plots present at all positions and a correct 'dauphine' handset to match. All of these details are textbook Polerouter and a delight to behold, but it must be said that it is the dial in this example that is the real highlight... Originally glossy black in color, it has aged to a gorgeous and even brown tone, resulting in a stunning 'tropical' patina. The surface retains its beautiful 'crosshair,' text, and equally beautiful applied 'sheild' logo at the 12 o'clock position. This piece is powered by what is probably the most desirable movement found in any Polerouter: an automatic-winding 'micro rotor' movement. UG was able to design a movement with the 'Microtor' embedded into the movement architecture, which results in a movement that is self-winding, but also thin. This is yet another Polerouter hallmark: they are thin. It is the culmination of details like the dynamic and perfectly-sized case, the dial layout with the asymmetrical date aperture, the efficient and innovative movement design, and the fantastic build quality that clearly show why Universal Genève is considered to be one of the finest manufactures in the era. ...and its only once it's on your wrist, that these details become apparent. They keep on delivering and continue to impress no matter what else might finds its way into your collection.",Oliver & Clarke,2026-08-06,False
Rolex Explorer I Ref. 1016 - 'Frog Foot' Dial,Rolex,19750,https://oliverandclarke.com/products/rolex-explorer-i-ref-1016-frog-foot-dial,https://cdn.shopify.com/s/files/1/0765/6138/3741/files/ROLEX_EXPLORER_BLK_WEB_1_d1f26fc7-8f21-4525-86db-ed6845e61bb8.jpg?v=1785974857,"May 29, 1953 After an arduous journey starting on March 10th of 1953, and an extremely difficult assault on the summit, Tenzing Norgay and Sir Edmund Hillary became the first people to successfully summit Mt. Everest. On their wrist? NOT a Rolex Explorer. Whoops. Well, to be fair the Rolex Explorer wasn’t created yet. So why the hullabaloo about Sir Edmund Hillary? Well - he was wearing a Rolex. A Rolex Oyster Perpetual. After hearing of the success of this expedition and ruggedness of the watch - the decision was made to replace the Oyster Perpetual with a new model named in Hillary’s honor - The Explorer. Or so the story goes. Either way, the Rolex Explorer I was introduced in 1953 but like many Rolex models, the first series was not considered ‘the best’ reference. For many collectors - the ultimate Explorer I is the reference 1016. It’s clean, highly legible and still tough enough for use in modern day wear. While using the same case as a Datejust, the smooth bezel and applied luminous Arabic 3,6,9 lend a more rugged and utilitarian aesthetic to the watch. Early models were made with gilt dials, which is when the lettering and fonts are punched out of the dial so that the brass ‘gilt’ color shows through creating a golden text appearance. These are not very easy to produce and were ultimately discontinued by Rolex in the later half of the 1960s as they couldn’t be produced in the same quantity as a matte dial - but nothing shines and glows like a Rolex gilt dial. The particular example that we have here is an early matte-dial example dating to circa 1967. It comes to us in fantastic overall condition, with a professionally-refurbished case and 'smooth' steel bezel that show light signs of wear throughout, fitted to a folded-link Oyster bracelet with a blade clasp. Inside, the dial is known to collectors as a 'Frog Foot' for the, well, frog-foot shape of the Rolex coronet at the 12 o'clock position. It remains in exceptional, beautifully-preserved condition with a nice clean surface, evenly patinated indices, and a matching handset. This is a phenomenal example of what many enthusiasts consider to be a perfect watch, and they simply do not surface often in condition like this.",Oliver & Clarke,2026-08-06,False
Movado 'Calatrava' Ref. 18610 - Silver 'Sector' Dial Unpolished,Movado,2250,https://oliverandclarke.com/products/movado-calatrava-ref-18610-silver-sector-dial-unpolished,https://cdn.shopify.com/s/files/1/0765/6138/3741/files/MOVADO_CALATRAVA_SMALL_STRAP_WEB_1_b2e06b53-7992-4508-99cc-0d7bdd87a408.jpg?v=1786040463,"While it may be hard to imagine based upon their product line today, Movado Factories (yes, that was the full name) once made watches that were beautifully designed, exceptionally-well made, and respected on a level that matched the very best manufacturers. Some of their more sought-after models include the M90 and M95 chronographs of the 1940s - 1970s, the Sub-Sea range, and both time-only and complicated pieces that utilized case designs shared with brands like Patek Philippe, Mido, and DOXA. The watch that we have, a Sport Ref. 18136 from circa the 1940s, is one of the latter 'waterproof' models that shares a similar design and in fact, the same case-maker as properly heavy hitting references from this era. That is, of course, François Borgel. The case itself is a 30mm in diameter and features very attractive 'stepped' finishing on the top case, with dynamic, faceted lugs, a screw-down caseback, and a 'domed' crown . Its simple 'calatrava'-style design is as attractive as ever, and with a silver dial inside, versatile as well. Naturally, it shows signs of aging with a light patina throughout and presents beautifully. Adding to the appeal are the patinated 'Arabic' indices, matching blued-steel handset, and that red-tipped seconds hand. Last but not least, powering this piece is Movado's own Calibre 260 manual-winding movement. In our opinion, and we know there are a handful of other dealers and enthusiasts out there that share this viewpoint, there are not many brands that get design this right. Simple as that. Simple, timeless elegance. Not many brands can do it better...",Oliver & Clarke,2026-08-03,False
Smiths De Luxe Ref. 6B/542 - Matte Black 'Broad Arrow' Dial RAF-Issued Unpolished,Other,9750,https://oliverandclarke.com/products/smiths-de-luxe-ref-6b-542-matte-black-broad-arrow-dial-raf-issued-unpolished,https://cdn.shopify.com/s/files/1/0765/6138/3741/files/SMITHS_DELUXE_EXPLORER_STRAP_WEB_1.jpg?v=1785435674,"Smiths can trace its origins to London in 1851, when Samuel Smith established a family business specializing in precision instruments and clocks. Over the following century, the company grew into one of Britain's foremost engineering firms, producing everything from automotive gauges to aircraft instruments before turning its attention to wristwatches. By the mid-twentieth century, Smiths was assembling watches in Wales using domestically produced movements, making them among the last truly British-made mechanical watches of their era. That reputation was cemented in 1953, when a Smiths wristwatch accompanied Sir Edmund Hillary on the first successful ascent of Mount Everest. The influx of inexpensive Swiss competition and the Quartz Crisis of the 1970s gradually brought Smiths' watchmaking ambitions to an end, with production ceasing by the early 1980s as the company refocused on its industrial and automotive businesses. Though the original watch division disappeared, the Smiths name has since been revived by Timefactors, whose faithful recreations preserve the utilitarian design, robust engineering, and distinctly British character that defined the marque's mechanical watches. The piece that we have here is special for a multitude of reasons. It was designed to meet the requirements of the British Ministry Of Defence to produce a watch that met a series of standards. Smiths, along with eleven other manufacturers would rise to the challenge to produce a timepiece that had a certain level of resistance to shock, magnetism, dust, and of course, excellent timekeeping. This example dates to circa 1965, which was the last year that these were produced and only very few were ever delivered. It is estimated that this is one of only about 300 units. The condition of this piece is extraordinary. The 36mm case remains unpolished and shows normal wear with no notable damage or indication this ever really saw the action that it was intended... The crown is probably original and the caseback retains all of the correct engravings. No doubt the most intriguing element of the condition on this piece, is the dial. As a general rule with military watches, hands and dials were replaces under contract service, and as a result is accepted in the collector community. The result is that many military-issued piece prior to the 1960s no longer have their original dials with Radium paint, rather later dials with Tritium (this is where the 'Circle T' comes from). This piece, however, has seemingly escaped contract service and retains its original Radium dial. Thankfully, like the rest of the watch, it remains is outstanding overall condition. The matte black surface is exceptionally clean and devoid of any major wear and retains excellent text and printing. The lower half bears the desirable 'Broad Arrow' and the Radium plots remain present and evenly paitnated with a correct and matching white-painted 'sword' handset Powering this piece is a British-made Calibre 27.CS manual-winding movements and comes fitted to a very appropriate green NATO strap. To many collectors of vintage, regardless of whether the focus is of military watches or not, this piece has everything going for it. Military issued, properly vintage, and borderline unbeatable condition. This is a real piece of history — a phrase often repeated in the world of watches, though rarely as deservedly as in this case.",Oliver & Clarke,2026-07-30,False
Rolex Datejust Ref. 1600 - Matte Black Dial,Rolex,6450,https://oliverandclarke.com/products/rolex-datejust-ref-1600-matte-black-dial,https://cdn.shopify.com/s/files/1/0765/6138/3741/files/ROLEX_DATEJUST_BLK_WEB_1_2be8ebd8-7fbe-4ea3-87f6-e6829c8e3d67.jpg?v=1785435717,"Hard to believe - but the Datejust has been around since 1945. It is far older than its bigger and attention-hogging Submariner brethren. The Datejust was Rolex’s idea of the perfect everyday watch. The robustness of the Oyster case, combined with the elegance of an Oyster Perpetual. The ‘4 digit’ series of Datejust are particularly attractive for their pie-pan dials which offer a layer of three-dimensionality to the dials that went away with the advent of quickset date and 5-digit Datejusts. These early Datejusts were available as the 1601, with a fluted white gold bezel, or the 1603, with an engine-turned steel bezel. The 4-Digit Datejusts were also the first series to become available with a myriad of dial colors and case and bracelet materials. This particular piece is a Reference 1600 from circa 1969 and it comes to us in strong overall condition. The case has been tastefully previously unpolished and shows only light signs of wear throughout with symmetrical proportions. The smooth stainless steel bezel is also lightly previously polished and shows matching light wear. The dial inside, black in color, features a matte surface with very uncommon silver text, rather than the usual white. It is very nicely preserved with only faint edge wear, nicely patinated Tritium plots, and a matching handset. It comes fitted to a Jubilee bracelet with a blade clasp. Black-dialed Datejusts are less common than you may think... And there is almost some Explorer-like sportiness about them, while of course, still being a Datejust. That is to say, like any 4-digit Datejust, it can be your one vintage watch, or as an additional to a growing collection.",Oliver & Clarke,2026-07-30,False
Movado 'Ladies' Octagonal 'Cocktail' Chronometer - 'Brushed' Silver 'Breguet' Dial LNOS,Movado,2350,https://oliverandclarke.com/products/movado-ladies-octagonal-cocktail-chronometer-brushed-silver-breguet-dial-lnos,https://cdn.shopify.com/s/files/1/0765/6138/3741/files/MOVADO_OCTO_LADIES_STRAP_WEB_1_c9beb3ec-0c70-4f94-97f0-ee3d9786e97d.jpg?v=1785435990,"While it may be hard to imagine based upon their product line today, Movado Factories (yes, that was the full name) once made watches that were beautifully designed, exceptionally-well made, and respected on a level that matched the very best manufacturers. Some of their more sought-after models include the M90 and M95 chronographs of the 1940s - 1970s, the Sub-Sea range, and both time-only and complicated pieces that utilized case designs shared with brands like Patek Philippe, Mido, and DOXA. Those are all great models. We love them, and even collect them, but it allows for lesser-known pieces to slide through the cracks for most collectors... Take the watch that we have here for example: a ladies 'chronometer' dress watch from the 1940s. Offered in like new old stock condition, it features an octagonal 21mm x 21mm case with a crown at 3 o'clock, a snapback case, and a beautiful 'hourglass' leather strap with a steel buckle. It even retains its factory caseback sticker — though it shows some fade from age. The dial inside is exactly what you'd hope to find from Movado from this era... Silver in color, the surface is garnished with gold-tone 'Breguet' indices, a subsidiary seconds register at 6 o'clock, and a blued-steel 'sword' handset to tie everything together. Powering this piece is one of Movado's own manual-winding movements, which surprisingly, they've actually put through the chronometer certification paces as denoted on the dial with the chronometer text. In our opinion, and we know there are a handful of other dealers and enthusiasts out there that share this viewpoint, there are not many brands that get design this right. Simple as that.",Oliver & Clarke,2026-07-27,False
Longines WWW 'Greenlander' Ref. 23088 - Matte Black 'Broad Arrow' Dial,Longines,5350,https://oliverandclarke.com/products/longines-www-greenlander-ref-23088-matte-black-broad-arrow-dial,https://cdn.shopify.com/s/files/1/0765/6138/3741/files/LONGINES_EXPLORER_STRAP_WEB_1.jpg?v=1784764178,"Longines is one of the most well respected manufacturers of the 20th century, full stop. Founded in 1832 in Saint-Imier, Switzerland, the company built a name for themselves early on as a manufacturer of quality in-house movements right from the start. Throughout the late 19th and early 20th centuries, Longines also built a reputation for precision timekeeping, earning accolades at international exhibitions and becoming a trusted name in sports timing, particularly in horse racing and aviation — an association with continues until today. By the mid-20th century, especially from the 1930s to the 1960s, Longines was at the peak of its technical and aesthetic prowess, producing a range of high-grade wristwatches admired today by collectors and vintage enthusiasts. The brand was known for its beautifully finished in-house movements, such as the 13ZN and 30CH chronographs, which are considered some of the finest column-wheel chronographs ever produced. The piece that we have here, a 'WWW,' dates to circa 1945 and is apart of a series of twelve watches that were was born out of the necessity of the British Ministry Of Defence to produce a watch that met a series of standards. Longines was one of the companies that would rise to the challenge to produce a timepiece that had a certain level of resistance to shock, magnetism, dust, and of course, excellent timekeeping. The name 'Greenlander' was initially tied to a claimed role in the 1952-54 British North Greenland Expedition, but has since since been debunked. The nickname, however, endures. Even without a Greenland expedition to its name, plenty of Longines watches saw real service on other missions through brutal Arctic conditions. Given that these watches were built for combat in the first place, the missing expedition does nothing to diminish the watch's pedigree. Battlefield or frozen frontier, the 'Greenlander' was engineered to hold up against either. The example that we have here is offered in honest overall condition, with a very nice 36mm case retaining excellent (and attractive) 'stepped' finishing on the top case and nice thick lugs that gently slope downward. The matte black dial inside shows some wear and patina from age, unsurprising given the life that was intended for the piece, and bears the desirable 'Broad Arrow' on the top half with an oversized subsidiary register on the bottom. It is powered by one of Longines' own Calibre 12.68Z manual-winding movements and comes fitted to a fantastic re-production single-pass textile strap. To many collectors of vintage, regardless of whether the focus is of military watches or not, this piece has everything going for it. Military issued, properly vintage, and its from one of the great brands. This is a real piece of history — a phrase often repeated in the world of watches, though rarely as deservedly as in this case.",Oliver & Clarke,2026-07-23,False
Patek Philippe Gondolo Ref. 5024/1J - White 'Breguet' Dial,Patek Philippe,23450,https://oliverandclarke.com/products/patek-philippe-gondolo-ref-5024-1j-white-breguet-dial,https://cdn.shopify.com/s/files/1/0765/6138/3741/files/PATEK_TANK_GLD_WEB_1.jpg?v=1784764265,"As far as brand identity goes, Patek Philippe, unlike many brands, is seemingly free of being associated with any one model in particular, and instead enjoys a reputation for quality, craftsmanship, and a long-standing pedigree as a top Swiss manufacturer. Of course, there are models and model families that are nothing short of icons (e.g., Nautilus, Calatrava, Grand Complications, etc.) but if you dig deep enough there are hidden gems that do not even fall into any of these families. Take the Gondolo line, for example. Largely overlooked by the broader watch community, this family of watches represents decades of elegant, design-forward pieces dating back nearly 100-years. The piece that we have here is a Reference 5024/1J from circa the 1990s. The case measures a substantial 30mm x 38mm and is crafted out of solid yellow gold with a matching five-link yellow gold bracelet. It has a signed, recessed crown at 3 o'clock, a sapphire crystal, and a curved caseback — allowing for an extremely comfortable wearing experience despite its mass. The case is reminiscent of 'Art Deco' pieces from the first half of the twentieth century, namely 'skyscraper' watches, with the stepped, rectangular design. Inside, the dial features high-contrast, black painted 'Breguet' indices on a stark white surface with a 'railroad' minute track, a subsidiary seconds register, and a matching black-painted 'feuille' handset. It is powered by Patek's proven Cal. 215 manual-winding movement. If you are looking for an alternative to something like a Santos, or maybe a Calatrava or complications aren't for you, then have a close look at this piece!",Oliver & Clarke,2026-07-23,False
Audemars Piguet Cobra Ref. 5403BC - Sunburst Blue Dial,Audemars Piguet,41750,https://oliverandclarke.com/products/audemars-piguet-cobra-ref-5403bc-sunburst-blue-dial,https://cdn.shopify.com/s/files/1/0765/6138/3741/files/AP_ELLIPSE_BLUE_WEB_1.jpg?v=1784764293,"The year 1972 was the advent of what is undeniably Audemars Piguet's most famous, significant, and yes, iconic line of watches, the Royal Oak. It was also the year that the 'high-end dress watch' would forever change. Prior to 1972, ultra-thin and design-focused precious metal watches represented the pinnacle of the genre, not what appears to be an industrial-styled stainless steel sports watch with a bracelet. While the brand never stopped producing traditional dress watches, per-se, production of their new golden goose would dominate the rest of the lineup. And this is after considering that prior to the Royal Oak, AP made far fewer watches to start with... The piece that we have here hails from circa the 1970s, an era when brands like Patek Philippe, Audemars Piguet, Piaget, and even Rolex were experimenting with design-forward timepieces focused on finishing and opulence. The piece that we have here, colloquially known as a ‘Cobra’ for its woven, serpent-like construction, is a solid white gold dress watch dating to circa the 1970s. It was released just after the original Royal Oak Ref. 5402 and builds on the ultra-thin dress watch race that dominated this era. It even utilizes the very same movement that the Royal Oak did. It is constructed in such a way that the 'woven' bracelet completely encapsulates the mid-case. A true 'bracelet' dress watch. It measures 34mm in diameter at the widest point and like virtually any integrated-bracelet watch, it wears a bit larger than its 'on paper' dimensions would indicate. It also has a white gold crown at 3 o'clock, a screw-down caseback, and that ultra-thin automatic-winding calibre within. The dial is perfectly suited for this piece. Blue in color, it features a sunburst surface with applied diamond indices, a date aperture, and minimal text. It is beautifully-preserved and is tied together with a 'pencil' handset. When these first went on sale, they were positioned higher than not only the steel Royal Oak, but higher than the sold gold Royal Oaks. Compare their position on the market today, and it becomes clear that these remain a bargain despite their resurgence in popularity in the last few years. Stunning, rare, and objectively impressive, this piece is a representation of a bygone era not just for Audemars Piguet, but for what a high-end dress watch used to be. Only in the last few years have collectors and enthusiasts alike started to pay a bit more attention to pieces like these and, we think, its long overdue.",Oliver & Clarke,2026-07-23,False
Patek Philippe Nautilus 'Jumbo' Ref. 3700/1AJ - Blue 'Teak' Dial,Patek Philippe,82500,https://oliverandclarke.com/products/patek-philippe-nautilus-jumbo-ref-3700-1aj-blue-teak-dial,https://cdn.shopify.com/s/files/1/0765/6138/3741/files/PATEK_NAUTILUS_2TONE_WEB_1.jpg?v=1784056368,"The Nautilus. Another Gerald Genta horological icon, sibling to the Royal Oak, and conductor of the Hype Train. Now that we have that out of the way, how did a brand like Patek Philippe get so famous for a steel time-only watch? Well, by accident. The Stern family, which still owns Patek, was constantly being asked back in the late 60s to make a steel sports watch. It turns out that loyal collectors of the brand who would buy their high complication watches and precious metal dress pieces had become so loyal to Patek - that they would only wear wristwatches from the illustrious brand. Not one to disappoint their well-heeled clientele, Gerald Genta was commissioned to design a sports watch worthy of the Patek name. Much like the Royal Oak, the steel case was treated to a wide variety of complex finishing techniques normally reserved for precious metals. While this was a sports piece, it was still to be a Patek Philippe above all else. Unlike the far more rugged Royal Oak, the Nautilus has gentler curves - and certainly no exposed bolts or rivets (can you imagine!). The piece that we have here is an example of the very first Nautilus — a Ref. 3700. And as you've probably noticed, this one is a solid yellow gold example. Like its stainless steel contemporaries, this is known as a 'Jumbo' for it's 40mm case diameter. And while that number may not seem so 'jumbo' by the standards of today, that was considerably larger than most watches in the 1970s — especially when you factor in the integrated bracelet and 'ears' on the case profiles which contribute to an even larger feel when on the wrist. Dating to the first few years of production, this Ref. 3700/1AJ is offered in exceptional overall condition. The case, bezel, and matching integrated bracelet show signs of having been professionally refurbished to factory specification and shows only faint wear. The bracelet remains tight and in matching condition. Inside, the characteristic blue 'teak' dial is exceptionally well-preserved. The surface is seemingly devoid of the 'flaking' or wear commonly found on colored dials from this era and has evenly patinated Tritium-filled applied indices and a matching yellow gold handset. Pretty neat if you ask us. As the saying goes: ""You never actually own a Patek Philippe. You merely look after it for the next generation."" This one is ready for it's next lucky caretaker.",Oliver & Clarke,2026-07-16,False
Rolex Day-Date Ref. 1803 - Sunburst Silver 'Swiss Only' Dial,Rolex,10950,https://oliverandclarke.com/products/rolex-day-date-ref-1803-sunburst-silver-swiss-only-dial,https://cdn.shopify.com/s/files/1/0765/6138/3741/files/ROLEX_DAYDATE_GLD_STRAP_WEB_1_152a0a93-63dd-45f6-a627-f70cfdf2cb7d.jpg?v=1784056543,"When the Day-Date was released in 1956, Rolex had made numerous attempts to capture the market with more complicated timepieces such as the Ref. 6036, the Ref. 8171, and the Ref. 6062, but it seemed like buyers were not particularly fond of complicated Rolexes. All of that changed when President Lyndon B. Johnson was spotted wearing one Rolex in particular: a Day-Date. The model has since become known worldwide as ‘The President’ and as a symbol of success and prestige. Simply put, this one stuck. The Day-Date was available for many years on a matching solid gold bracelet (called a 'President' bracelet), but also on a leather strap like the example that we have here. The piece that we have here, a Reference 1803, dates to circa 1963, is a strong example finished in solid yellow gold with a silver 'Swiss Only' dial inside. The Oyster case remains thick and symmetrical and shows normal signs of wear throughout with a light 'rosy' tarnishing developing around the bezel and underside of the lugs. The characteristic 'fluted' yellow gold bezel also retains nice finishing with matching wear. The sunburst silver dial within retains a clear sunburst surface, with a light 'rosy' tarnishing visible on the 'door stop' indices, nicely patinated Tritium plots, and a matching 'obelisk' handset. It also happens to come fitted with a Rolex-signed brown leather strap with a signed yellow gold-tone buckle. Especially when fitted to a leather strap, this 'elevated' piece remains very much under-the-radar and is suitable for virtually any occasion, on virtually any wrist.",Oliver & Clarke,2026-07-16,False
Cartier Lapis Lazuli Minute Repeater Clock - Silver dial w/ EWC Movement,Cartier,34500,https://oliverandclarke.com/products/cartier-lapis-lazuli-minute-repeater-clock-silver-dial-w-ewc-movement,https://cdn.shopify.com/s/files/1/0765/6138/3741/files/CARTIER_CLOCK_BLUE_WEB_1.jpg?v=1771469462,"By the mid 1970s, Cartier has secured itself as a global name in luxury goods — namely jewelry, and of course, watches. But prior to this time, the maison was much smaller and produced far fewer goods. As such, anything prior to the early 1970s can be considered special, rare, and usually interesting... And anything from earlier than the 1930s can be considered unobtanium ... So, when we came across this blue box from circa the 1920s, you might be able to imagine our reaction. You also may have noticed that this isn't even a watch. So whats going on? What we have here, of course, is a clock. But not just any clock... This piece is constructed out of brass and features cut slabs of the vibrant and alluring blue stone Lapis Lazuli which line all outer surfaces. Clearly, even in period, this would have been a high-end product, perhaps even a special order. The case envelops a simple silver dial that bears the Cartier and France script on the top half, an outer 'railroad' minute track, beautiful stylized-'Arabic' numerals rendered in Radium, and an equally stunning blued-steel 'cathedral' handset to match. The movement powering this piece is, as you'd expect from this era of Cartier, a European Watch & Clock Co. unit, operated by using the crown on the top. So what is the button on the right? Push it, wait a few seconds, and then you hear the chime of the minute and hours. Thats right, this clock is a minute repeater, and perhaps the coolest form of minute repeater in that it only appears to be a simple time-only clock. Now hopefully you can see what we couldn't resist... can you?",Oliver & Clarke,2026-07-13,False
Rolex Precision 'Calatrava' Ref. 8896 - Satin Silver Dial,Rolex,4650,https://oliverandclarke.com/products/rolex-precision-calatrava-ref-8896-satin-silver-dial,https://cdn.shopify.com/s/files/1/0765/6138/3741/files/ROLEX_PRECISION_WHT_STRAP_WEB_1.jpg?v=1784164432,"The 1950s was a decade that Rolex was really coming into their own. The 'Professional' line was almost immediately successful, giving the brand the capital to experiment and expand. The variety in metals, dials, and handsets in this era, particularly in the Oyster Perpetual, Oyster Precision, Datejust, and Day-Date families of watches was vast. It was also a time where the brand was playing around with manual-winding dress watches, usually denoted with 'Precision' on the dial. The piece that we have here comes from the 'Precision' family of watches and is about as close as you can get to a traditional, no frills 'Calatrava'-style dress watch from the brand. It features an attractive 34mm stainless steel case with a snapback design, a simple, unsigned crown, and attractive lugs running up to the 'stepped' topcase. Inside, the silver dial has a satin surface with minimal text, applied 'pencil' indices, and a patching 'dauphine' handset to match. And as we alluded to above, it is powered by a manual-winding movement. This then, is something of an exercise of restraint for Rolex. Their take on traditional, no frills Swiss watchmaking and an artifact of the brand before their direction largely changed towards the end of the twentieth century.",Oliver & Clarke,2026-07-13,False
Movado Calendar 'Ladies' Ref. 13025 - 'Brushed' Silver Dial Unpolished,Movado,2650,https://oliverandclarke.com/products/movado-calendar-ladies-ref-13025-brushed-silver-dial-lnos,https://cdn.shopify.com/s/files/1/0765/6138/3741/files/MOVADO_DRESS_DATE_STRAP_WEB_1.jpg?v=1784164465,"While it may be hard to imagine based upon their product line today, Movado Factories (yes, that was the full name) once made watches that were beautifully designed, exceptionally-well made, and respected on a level that matched the very best manufacturers. Some of their more sought-after models include the M90 and M95 chronographs of the 1940s - 1970s, the Sub-Sea range, and both time-only and complicated pieces that utilized case designs shared with brands like Patek Philippe, Mido, and DOXA. Those are all great models. We love them, and even collect them, but it allows for lesser-known pieces to slide through the cracks for most collectors... Take the watch that we have here for example: a ladies 'calendar' from the 1940s. It features a square 13mm x 13mm stainless steel case and remains in simply exceptional — very gently worn condition. The case utilizes a pair of micro-pushers on the left case profile for setting the day and date, as well as a crown at 3 o'clock for winding and setting the time. The dial has a lovely 'brushed' silver base with printed black 'exploding' indices on the outer edge, lovely silver 'foil' indices in the inside, and a a blue date track between the two. Time is read via a blued-steel 'dauphine' handset with a red 'pointer-date' hand. Last but not least, it is powered by one of Movado's own manual-winding movements. In our opinion, and we know there are a handful of other dealers and enthusiasts out there that share this viewpoint, there are not many brands that get design this right. Simple as that.",Oliver & Clarke,2026-07-13,False
Tudor Ranger Date Ref. 7966/0 - Matte Black Dial w/ 'Roulette' Date Unpolished,Tudor,10750,https://oliverandclarke.com/products/tudor-ranger-date-ref-7966-0-matte-black-dial-w-roulette-date-unpolished,https://cdn.shopify.com/s/files/1/0765/6138/3741/files/TUDOR_RANGER_ROULETTE_WEB_1.jpg?v=1783457858,"The Tudor brand was born in 1926 out of a problem that Rolex founder Hans Wilsdorf had: It is much easier to produce high-quality Rolex Oyster cases at scale, than it is to produce the handmade, assembled, and tested Rolex movements that the cases bear. His brilliant solution, use ebauche calibres (off the shelf mass produced swiss movements from ETA, Valjoux, etc.) and pair them with the high-quality cases from Rolex. This would allow those cases to be used, and be able to offer a very high quality product at a much lower price-point. Many Tudor models even resembled and shared the names of their Rolex relatives: i.e. Submariner, Prince, Oyster, etc. The piece that we have here, an Prince Oysterdate 'Ranger' Ref. 7966/0, dates to circa 1968 and comes to us in strong overall condition. The 34mm Oyster case remains unpolished and retains thick, symmetrical lugs at all four corners and shows normal signs of wear. Like its Rolex cousin, the bezel is a smooth steel unit and is in matching condition. The real highlight with any Ranger, however, is the dial inside. Offered in both time-only variants or with a date, the remaining quadrant numerals are virtually identical to the beloved numerals found on Rolex's Explorer Ref. 1016. This example features the characteristic 6, 9, and 12 numerals at their respective locations, as well as a 'roulette' date at the 3 o'clock position. The indices themselves exhibit a light and uniform patina throughout with a correct, matching 'shovel'-style handset. It comes fitted to a period-correct Oyster bracelet with a signed blade clasp. This is a strong example of a vintage field watch that has seen steady grown in popularity, with no signs of stopping... ...and with the most recent modern interpretation of this piece being a hit, these vintage examples are being held and surface far less than they previously had on the open market.",Oliver & Clarke,2026-07-09,False
CWC 'RAF' Chronograph Ref. 0552/924-3306 - Matte Black 'Gilt' Dial Unpolished,Other,6350,https://oliverandclarke.com/products/cwc-raf-chronograph-ref-0552-924-3306-matte-black-gilt-dial-unpolished,https://cdn.shopify.com/s/files/1/0765/6138/3741/files/CWC_CHRONO_BLK_STRAP_WEB_1.jpg?v=1783457794,"Cabot Watch Company, better known as CWC, was founded in 1972 by Ray Mellor, a former Royal Air Force serviceman who saw an opportunity as British military watch contracts began shifting away from long-established suppliers. Named after the explorer John Cabot, the company was established with a singular purpose: to produce robust, no-nonsense timepieces built to the exacting standards of the Ministry of Defence. Where earlier names like Smiths and Newmark had defined previous generations of British-made issued watches, CWC arrived at precisely the right moment to become the standard bearer for Britain's armed forces. For the next three decades, CWC supplied everything from General Service watches to chronographs and Royal Navy dive watches, earning a reputation through reliability rather than marketing. Its asymmetrical chronographs became a familiar sight on the wrists of military personnel, while the quartz-powered G10, introduced in the early 1980s, would go on to become one of the most widely issued British military watches ever produced. Although official procurement eventually broadened beyond CWC, the company never abandoned the military-first philosophy on which it was founded, and today its watches remain remarkably faithful to the original specifications that earned them their place in British service. The piece that we have here is chronograph issued to the Royal Air Force dating to circa 1975. It features a 39mm asymmetrical case, not dissimilar to that of what you'd find on a Speedmaster, complete with 'pump' pushers, a recessed crown, and a screw-down caseback. It has seemingly been spares of previous polishing, with nice defined finishing and shows normal wear throughout with clear military engravings on the caseback. Inside, the matte black dial features a very unusual 'gilt'-style of displaying the silver indices printing, with the exception of the 'CWC' text which is stamped. The Tritium indices have developed an attractive and uniform patina from age, and the correct white-painted 'sword' handset is a later set replaced under contract service. Powering this piece is a workhorse Valjoux Cal. 7733 manual-winding movement and it comes fitted to a very appropriate 'Admiralty Grey' NATO strap. Not only is this a piece of history, but when compared to other military-issued pieces from other brands, this actually is fantastic value, and they do not grow on trees!",Oliver & Clarke,2026-07-09,False
Patek Philippe Ellipse 'TV' Ref. 3604-1J - Sunburst Blue 'Sigma' Dial,Patek Philippe,27950,https://oliverandclarke.com/products/patek-philippe-ellipse-tv-ref-3604-1j-sunburst-blue-sigma-dial,https://cdn.shopify.com/s/files/1/0765/6138/3741/files/PATEK_DRESS_GLD_BRAID_WEB_1.jpg?v=1783457763,"As far as brand identity goes, Patek Philippe, unlike many brands, is seemingly free of being associated with any one model in particular, and instead enjoys a reputation for quality, craftsmanship, and a long-standing pedigree as a top Swiss manufacturer. Of course, there are models and model families that are nothing short of icons (e.g., Nautilus, Calatrava, Grand Complications, etc.) but if you dig deep enough there are hidden gems that do not even fall into any of these families. The Ellipse family of watches, for example, was all but forgotten — or just overlooked — for decades until the last 4-5 years. When they were sold new, these were regarded as extremely high-end and opulent timepieces and have remained relative bargains next to, lets say, their more sport-oriented steel siblings. The piece that we have here is amongst the most sought-after Ellipse models, with a large 36mm x 36mm solid yellow gold 'TV' case, an integrated 'woven' yellow gold bracelet, and a sunburst blue dial within. It remains in strong overall condition, with visible hallmarks, a correct signed crown, and shows normal signs of wear from age. The dial inside is almost entirely devoid of the usual wear or degradation found on colored dials from this era and presents beautifully. It features applied 'pencil' indices, a framed date aperture, and a matching 'dauphine' handset. No doubt, however, the highlight of this piece is that stunning 'woven' bracelet constructed out of solid yellow gold. It shows matching normal wear to that of the case and utilized a familiar signed locking clasp commonly found during this era. Calatrava or complications aren't for you? Look no further.",Oliver & Clarke,2026-07-09,False
Longines 'Hooded Lug' Rectangular Dress Watch - Silver 'Art Deco' Dial LNOS w/ Tags,Longines,2850,https://oliverandclarke.com/products/longines-hooded-lug-rectangular-dress-watch-silver-art-deco-dial-lnos-w-tags,https://cdn.shopify.com/s/files/1/0765/6138/3741/files/LONGINE_TANK_STRAP_WEB_1.jpg?v=1783622476,"Longines is one of the most well respected manufacturers of the 20th century, full stop. Founded in 1832 in Saint-Imier, Switzerland, the company built a name for themselves early on as a manufacturer of quality in-house movements right from the start. Throughout the late 19th and early 20th centuries, Longines also built a reputation for precision timekeeping, earning accolades at international exhibitions and becoming a trusted name in sports timing, particularly in horse racing and aviation — an association with continues until today. By the mid-20th century, especially from the 1930s to the 1960s, Longines was at the peak of its technical and aesthetic prowess, producing a range of high-grade wristwatches admired today by collectors and vintage enthusiasts. The brand was known for its beautifully finished in-house movements, such as the 13ZN and 30CH chronographs, which are considered some of the finest column-wheel chronographs ever produced. The piece that we have here is an incredibly attractive 'Art Deco' rectangular dress watch dating to circa 1937 and simply put, it is offered in virtually new-old-stock condition. The case measures in at 22mm x 34.5mm — roughly the same size as the Reverso from JLC from this era — with fantastic 'hooded' lugs, and a flat crown. Inside, the silver dial is even more reminiscent of a Reverso, with a silver multi-tone silver color-way, stunning silver 'foil' indices, blakc 'Arabic' numerals, and a blued-steel 'feuille' handset. It even comes with a pair of hangtags! As it pertains to vintage collecting, this checks a heck of a lot of boxes; A niche brand with historically important innovations, fantastic sizing, and virtually flawless condition. What more can you ask for?",Oliver & Clarke,2026-07-06,False
Tudor Oyster Ref. 7984 - Black Gilt 'Rose' Dial Unpolished,Tudor,3650,https://oliverandclarke.com/products/tudor-oyster-ref-7984-black-gilt-rose-dial-unpolished,https://cdn.shopify.com/s/files/1/0765/6138/3741/files/TUDOR_OYSTER_BLK_STRAP_WEB_1.jpg?v=1783622509,"The Tudor brand was born in 1926 out of a problem that Rolex founder Hans Wilsdorf had: It is much easier to produce high-quality Rolex Oyster cases at scale, than it is to produce the handmade, assembled, and tested Rolex movements that the cases bear. His brilliant solution, use ebauche calibres (off the shelf mass produced swiss movements from ETA, Valjoux, etc.) and pair them with the high-quality cases from Rolex. This would allow those cases to be used, and be able to offer a very high quality product at a much lower price-point. Many Tudor models even resembled and shared the names of their Rolex relatives: i.e. Submariner, Prince, Oyster, etc. The piece that we have here, simply called an Oyster, is a Ref. 7984 dating to circa 1967. It remains in excellent overall condition, with a 34mm case that has been spared of a polishing wheel, a matching smooth steel bezel, and a screw-down crown and caseback. Inside, the dial is a very nicely-preserved glossy black 'gilt' unit, with quadrant 'door stop' indices, deeply patinated Tritium plots, and an 'obelisk' handset to round it out. It is powered by a workhorse manual-winding movement by ETA with Tudor's touch. These simple 'Oyster' models are an exercise in restraint. No frills. Purely a functional timekeeping device. And on top of presenting great value next to its cousins over at The Crown, truly represents the essence of the brand. ...and with that 'rose' logo on the dial — dare we say cooler?",Oliver & Clarke,2026-07-06,False
Rolex GMT-Master Ref. 1675 'PCG' - Gilt 'Chapter Ring' Dial,Rolex,35850,https://oliverandclarke.com/products/rolex-gmt-master-ref-1675-pcg-gilt-chapter-ring-dial-1,https://cdn.shopify.com/s/files/1/0765/6138/3741/files/ROLEX_GMT_PEPSI_WEB_1_ce155b01-9bdc-45be-b8bc-12d33f7872ef.jpg?v=1782865111,"The Rolex GMT-Master is one of the most historic and iconic watches the brand ever produced. Its origin dates back to a commission request by Pan American World Airways in the early 50’s for their fleet of pilots who needed access to different time zones. These pieces would feature a similar design to another watch that Rolex was developing around that time, the Submariner, but would include a fourth hand running on 24-hr time, and a bi-colored bezel insert to represent AM/PM times. Those colors, naturally, would be the PanAm colors: Red & Blue. Thus, in 1953, the Ref. 6542 GMT-Master was born. These early pieces were ultimately, fragile arguably flawed in some ways, and were therefor succeeded by the updated Reference 1675 in 1959. These pieces introduced a larger case size with crown-guards and a bi-colored blue + red bezel insert made of aluminum. The Ref. 1675 underwent many small changes over its 21-year production run, with a slew of dial, bezel, bracelet, and hand variations. You know, Rolex stuff. The example that we have here dates to circa 1961 and is an uncommon variant from within the 1675 range, featuring not only a 'gilt' dial, but also a case with 'pointed' crown guards. For a very short time, the 1675 case features more pronounced and stylized crown guards along with the gorgeous wide lug chamfers that we all know and love. The case has been lightly polished at an earlier time, thankfully done so tastefully where the lugs remain thick and symmetrical with, while faint, visible factory chamfers. Crucially, the characteristic 'pointed' crown guards are clear and defined. Inside, the dial presents beautifully, with a largely clean glossy black surface and gorgeous, patinated luminous plots. The handset matches the dial beautifully and has the correct 'small' 24-hr GMT hand. It comes fitted to a correct 'rivet' Oyster bracelet with a blade clasp. And then, of course, there is that gorgeous 'Pepsi' bezel insert. It shows only light wear throughout and retains a rich blue and red colors. All of these small details amount to a piece that not only has a wearing experience different than any modern GMT-Master, but even later variants of the very same Reference. Its fair to say that watches from this era, in this overall condition do not surface all that often...",Oliver & Clarke,2026-07-02,False
Rolex Two-Tone Rectangular Dress Watch Ref. 1378 - Sunburst Silver Dial,Rolex,4850,https://oliverandclarke.com/products/rolex-two-tone-rectangular-dress-watch-ref-1378-sunburst-silver-dial,https://cdn.shopify.com/s/files/1/0765/6138/3741/files/ROLEX_TANK_STRAP_WEB_1_aaa7ed7b-9683-4f9a-9723-5f79cbe0a1af.jpg?v=1783015613,"Prior to becoming perhaps the most powerful, well-known watch brand on the planet, Rolex was just like any other small manufacturer in the first half of the twentieth century. Before major model families came into their own, such as the Datejust, Day-Date, and the entirety of the Professional range, they were constantly experimenting trying new things to see what stuck. The Prince family of watches, while niche, are known to collectors and enthusiasts and offer a rich variety of metals, dials, and design from the early twentieth century. The piece that we have here, a two-tone rectangular dress watch, is another rectangular model that has somehow alluded collector circles, and what a beauty it is. It features a 21mm x 35mm 9k yellow gold outer case with fixed 'wire' lugs, and a stainless steel inner case that houses the movement and dial. The 9k winding crown is recessed and very likely original to the watch. The silver dial inside is very nicely preserved, with a nice vibrant sunburst surface with very simple printed indices and a blued-steel handset. Dating to circa the early 1950s, this represents the very end of the Art-Deco era for Rolex and seems to be completely overlooked, or flat-out forgotten. The upside is that they present fantastic value relative to the usual suspects from the brand, and you're very, very unlikely to see another in the wild.",Oliver & Clarke,2026-06-29,False
Breitling Chronorgaph 'Mid Size' - Gloss Black 'Multi-Scale' Dial Unpolished,Breitling,6850,https://oliverandclarke.com/products/breitling-chronorgaph-mid-size-gloss-black-multi-scale-dial-unpolished,https://cdn.shopify.com/s/files/1/0765/6138/3741/files/BREITLING_CHRONO_BLK_STRAP_WEB_1.jpg?v=1782325021,"Breitling has a long and rich history in chronographs — with an emphasis on aviation chronographs. And like so many other brands who have a watch model, or family that has become synonymous with the brand name itself, the Navitimer is just that for Breitling. As a result, the Navitimer casts a substantial shadow over all of its siblings.... even over firmly planted models like the SuperOcean, Top Time, and lesser-known pieces that pre-date model ranges all together. The example that we have here is one of the latter: A chronograph dating to circa the 1940s. Offered in phenomenal overall condition, this piece possesses many of the hallmark design characteristics found in many vintage Breitling chronographs. The case measures in at 32mm in diameter and features fantastic and attractive lugs, 'square' pushers, a snapback caseback, and a high-polished 'stepped' bezel. It shows light signs of wear with nice, defined finishing present throughout. The crown shows some 'brassing' from use and operates the Venus calibre within. The dial is wonderfully preserved, with a rich glossy black surface, clear scales and printing, and a 'stacked' register layout. The luminous indices exhibit a light and largely uniform patina and are complimented by a correct 'kite' handset. Vintage chronographs in condition like this, from any brand, are surprisingly elusive. Collectors tend to hold onto fantastic examples like this one, and with its slightly smaller size, this one presents fantastic value relative to larger contemporaries in comparable condition. *This piece comes from the personal collection of our founder*",Oliver & Clarke,2026-06-25,False
Universal Genève Space-Compax Ref. 885104/01 - 'Mk1' Reverse-Panda Dial,Other,16450,https://oliverandclarke.com/products/universal-geneve-space-compax-ref-885104-01-mk1-reverse-panda-dial,https://cdn.shopify.com/s/files/1/0765/6138/3741/files/UG_SPACE_COMPAX_BLK_WEB_1.jpg?v=1782325074,"Universal Genève was one of the many great brands that succumbed to the quartz crisis of the 1970s. While they disappeared, it was not for their lack of impressive watches. To underscore that fact, keep in mind that Henri Stern Watch Agency in their nearly 80-year history has only ever sold two brands: Patek Philippe, and Universal Genève. Building upon the brand’s long-established Compax lineage, the Space-Compax was i ntroduced during the 1960s at the height of the Space Age and represented Universal Genève’s answer to the growing demand for technically sophisticated, modern chronographs. And the Space-Compax sure delivered, combining a highly legible three-register chronograph layout with a distinctive design language with a technically forward-thinking form. The asymmetrical case measures in at 40mm in diameter and utilized a screw-down caseback, screw-down crown, and even a water-resistant pusher design. Rather than simple 'pump' pushers, the mechanisms are capped with rubber and secured by a screw-down 'collar,' effectively providing a sealed pusher. The bezel is a single piece rather than an assembly with an insert, and doubles-down on the timing functionality with 60-minute marks and a colored market at the 12 o'clock position. Inside, the dial is characterized by bold indices, contrasting 'concentric' subsidiary registers, and colorful accents with a both colorful and bold handset tying it all together. These pieces were all powered by UG's Cal. 85 manual-winding movement. The example that we have here, a Ref. 885104/02, dates to circa 1967 and is offered in fantastic overall condition. The case shows signs of very light previous polished, perhaps on the case profiles only, with normal signs of wear and no damage or excess wear of note. The pushers, crown, and bezel all show light wear and present beautifully. The dial within, likely due to its resistance to the elements, is also wonderfully preserved, with a nice clean surface, crisp subsidiary registers, and fully-intact luminous elements. Additionally, it comes fitted to its correct and exceedingly rare, 'double-grain beads-of-rice' Gay Frères bracelet with the correct endlinks and signed fliplock clasp. Design details like the dynamic and modern sizing of the case, the calibre within, and the thoughtful, bold dial layout, amount to a piece that clearly shows why Universal Genève was ultimately considered to be one of the finest manufactures in the era. In any condition, Space-Compaxes simply do not surface on the open market all that often — let alone in this condition and with its correct bracelet.... and with the recent re-launch of the brand, collectors seem to be holding on to pieces like this, making for a great opportunity to grab this one.",Oliver & Clarke,2026-06-25,False
Rolex Day-Date Ref. 1803 - Sunburst Champagne 'Wide Boy-Sigma' Dial Unpolished W/ Box & Papers,Rolex,20850,https://oliverandclarke.com/products/rolex-day-date-ref-1803-sunburst-champagne-wide-boy-sigma-dial-unpolished-w-box-papers,https://cdn.shopify.com/s/files/1/0765/6138/3741/files/ROLEX_DAYDATE_GLD_WEB_1_1b944f42-bd44-4231-a929-bfc94dfbec54.jpg?v=1782325173,"When the Day-Date was released in 1956, Rolex had made numerous attempts to capture the market with more complicated timepieces such as the Ref. 6036, the Ref. 8171, and the Ref. 6062, but it seemed like buyers were not particularly fond of complicated Rolexes. All of that changed when President Lyndon B. Johnson was spotted wearing one Rolex in particular: a Day-Date. The model has since become known worldwide as ‘The President’ and as a symbol of success and prestige. Simply put, this one stuck. The Day-Date was available for many years on a leather strap with a matching gold buckle, but also on a solid gold bracelet (called a 'President' bracelet), like the example that we have here. The piece that we have here, a Reference 1803, dates to circa 1971, is a strong example finished in solid yellow gold with a classic champagne dial. The Oyster case remains thick and symmetrical, seemingly unpolished and shows normal signs of wear throughout with clear hallmarks on the lug undersides. The characteristic 'fluted' yellow gold bezel also retains nice definition with matching wear. The sunburst champagne dial within is exceptional. As vibrant as ever, it features excellent, evenly patinated Tritium plots, applied 'wide boy' indices, and a matching handset. Especially when fitted to a leather strap, this 'elevated' piece remains very much under-the-radar and is suitable for virtually any occasion, on virtually any wrist.",Oliver & Clarke,2026-06-25,False
Rolex Oyster Perpetual Date Ref. 1501 - Black 'Gilt' Dial,Rolex,6450,https://oliverandclarke.com/products/rolex-oyster-perpetual-date-ref-1501-black-gilt-dial,https://cdn.shopify.com/s/files/1/0765/6138/3741/files/ROLEX_OYSTER_DATE_BLK_WEB_1.jpg?v=1782325215,"If you boil Rolex down to its purest form, what do you get? The Rolex Oyster Perpetual. This is truly the genesis for the entire Rolex brand. The very first Rolex models were called ‘Oysters’ which was owed to their innovative three part case that all screwed into each-other. That is where the fluted bezel actually derives from, being screwed down into the top of the case to secure the crystal with a gasket - as well as the grooves on the oyster case back. All makes sense now - right? The piece that we have here, simply known as an Oyster Perpetual Date , is a descendant of those early watches, utilizing a water-resistant Oyster case, an automatic-winding movement, and a date complication. A functional, sturdy, and dependable timekeeping device. Dating to circa 1965, this Reference 1501 features a 34mm Oyster case with a period-correct 'rivet' Oyster bracelet with blade clasp, and a unique to this reference, 'engine-turned' steel bezel. The case, bezel and bracelet have all seemingly been spared of any previous polishing and show normal wear from age and use. Inside, dial is nicely preserved and retains its rich glossy black surface with that gorgeous gilt text, applied indices, and a matching handset. The Oyster Perpetual line presents great value next to its slightly larger Datejust siblings, while simultaneously representing the essence of Rolex. This example, with its rich, versatile dial, is not just a great entry point to a vintage Rolex, but could easily be your one vintage watch.",Oliver & Clarke,2026-06-25,False
Rolex Day-Date Ref. 1803 - Sunburst Silver Dial,Rolex,9850,https://oliverandclarke.com/products/rolex-day-date-ref-1803-sunburst-silver-dial-1,https://cdn.shopify.com/s/files/1/0765/6138/3741/files/ROLEX_DAYDATE_GLD_STRAP_WEB_1_0f6b518f-ff24-407f-8fd2-b07ad83bd658.jpg?v=1782325257,"When the Day-Date was released in 1956, Rolex had made numerous attempts to capture the market with more complicated timepieces such as the Ref. 6036, the Ref. 8171, and the Ref. 6062, but it seemed like buyers were not particularly fond of complicated Rolexes. All of that changed when President Lyndon B. Johnson was spotted wearing one Rolex in particular: a Day-Date. The model has since become known worldwide as ‘The President’ and as a symbol of success and prestige. Simply put, this one stuck. The Day-Date was available for many years on a matching solid gold bracelet (called a 'President' bracelet), but also on a leather strap like the example that we have here. The piece that we have here, a Reference 1803, dates to circa 1964, is a strong example finished in solid yellow gold with a lovely silver dial. The Oyster case remains thick and symmetrical, perhaps spared of previous polishing, and shows normal signs of wear throughout with clear hallmarks on the lug undersides. The characteristic 'fluted' yellow gold bezel also retains nice finishing with matching wear. The sunburst silver dial within remains crisp and vibrant with patinated Tritium plots and a matching handset. Especially when fitted to a leather strap, this 'elevated' piece remains very much under-the-radar and is suitable for virtually any occasion, on virtually any wrist.",Oliver & Clarke,2026-06-25,False
Rolex Oysterdate Ref. 6694 - Gloss Black Dial Unpolished,Rolex,4500,https://oliverandclarke.com/products/rolex-oysterdate-ref-6694-gloss-black-dial-unpolished,https://cdn.shopify.com/s/files/1/0765/6138/3741/files/ROLEX_OYSTER_DATE_BLK_STRAP_WEB_1.jpg?v=1782152863,"If you boil Rolex down to its purest form, what do you get? The Rolex Oyster Perpetual. This is truly the genesis for the entire Rolex brand. The very first Rolex models were called ‘Oysters’ which was owed to their innovative three part case that all screwed into each-other. That is where the fluted bezel actually derives from, being screwed down into the top of the case to secure the crystal with a gasket - as well as the grooves on the oyster case back. All makes sense now - right? The piece that we have here, simply known as an Oysterdate Precision , is a descendant of those early watches, utilizing a water-resistant Oyster case, a manual-winding movement, and a date complication. A functional, sturdy, and dependable timekeeping device. The Reference 6694 that we have here dates to circa 1982 and features a 34mm Oyster case with its correct smooth steel bezel and a lovely glossy black dial within. It comes to us with a strong, seemingly unpolished case that shows normal wear with matching wear on the bezel. The Tritium plots on the dial remain fully-intact and exhibit a nice uniform patina throughout, with a perfectly matching handset. Despite being ‘entry-level’ these offer a ton of character and remain an overlooked part of the important history of Rolex on their journey to the powerhouse brand that they are today. This is nothing short of a delightful vintage piece that can be worn every single day, on any occasion, and on virtually any wrist. And don't let the case size fool you, these 35mm Rolex models are chronically slept on and present great value next to its more well-known siblings, while truly embodying the essence of Rolex.",Oliver & Clarke,2026-06-22,False
Rolex Oyster Precision Ref. 6512 'Veriflat' - Sunburst Silver 'Asprey' Dial,Rolex,16450,https://oliverandclarke.com/products/rolex-oyster-precision-ref-6512-veriflat-sunburst-silver-asprey-dial,https://cdn.shopify.com/s/files/1/0765/6138/3741/files/ROLEX_OYSTER_VERIFLAT_STRAP_WEB_1.jpg?v=1781638669,"If you boil Rolex down to its purest form, what do you get? The Rolex Oyster Perpetual. This is truly the genesis for the entire Rolex brand. The very first Rolex models were called ‘Oysters’ which was owed to their innovative three part case that all screwed into each-other. This watch represents an evolution of that, when these were still semi-bubble back watches. The piece that we have here, an Oyster Precision, is a descendant of those early watches, utilizing a water-resistant Oyster case, a manually-wound movement, and nothing else. Except, this piece happens to be the thinnest Oyster-case Rolex ever produced, even until today. Known as an Oyster Precision Veriflat, the 34mm Oyster case comes in at just 6mm thin (excluding the crystal) all while retaining the screw-down caseback and screw-down crown. Dating to circa 1964, this example is offered in strong overall condition, with a nice symmetrical case with clear hallmarks, crisp lugs undersides, and visible factory finishing. The silver dial within shows some patina from age and presents nicely, with clear sunburst finishing, applied indices, and very a very unusual for Rolex, 'concentric' subsidiary seconds register on the bottom half. The handset is of the very elegant 'dauphine' style and compliment the overall layout perfectly. Flip this piece over and there is an always alluring caseback engraving. But It doesn't stop there... look a little closer and you'll find an additional retailer stamp on the lower half of the dial from London's Asprey. There is no doubt whatsoever that the Oyster Precision range remains an overlooked and interesting part of Rolex's history, with the Veriflat in particular, a significant model that is unknown to even seasoned collectors. If a Rolex were to be a Calatrava, this is it.",Oliver & Clarke,2026-06-18,False
Rolex Day-Date Ref. 1803 - Sunburst Champagne 'Wide Boy-Sigma' Dial,Rolex,10850,https://oliverandclarke.com/products/rolex-day-date-ref-1803-sunburst-champagne-wide-boy-sigma-dial,https://cdn.shopify.com/s/files/1/0765/6138/3741/files/ROLEX_DAYDATE_GLD_STRAP_WEB_1_d6be3bd9-6e2e-4b85-b295-c0eacaf0b497.jpg?v=1781638710,"When the Day-Date was released in 1956, Rolex had made numerous attempts to capture the market with more complicated timepieces such as the Ref. 6036, the Ref. 8171, and the Ref. 6062, but it seemed like buyers were not particularly fond of complicated Rolexes. All of that changed when President Lyndon B. Johnson was spotted wearing one Rolex in particular: a Day-Date. The model has since become known worldwide as ‘The President’ and as a symbol of success and prestige. Simply put, this one stuck. The Day-Date was available for many years on a matching solid gold bracelet (called a 'President' bracelet), but also on a leather strap like the example that we have here. The piece that we have here, a Reference 1803, dates to circa 1972, is a strong example finished in solid yellow gold with a classic champagne dial. The Oyster case remains thick and symmetrical, having received a light polishing at a previous time and shows normal signs of wear throughout with clear hallmarks on the lug undersides. The characteristic 'fluted' yellow gold bezel also retains nice definition with matching wear. The sunburst champagne dial within is exceptional. As vibrant as ever, it features excellent, evenly patinated Tritium plots, applied 'wide boy' indices, and a matching handset. Especially when fitted to a leather strap, this 'elevated' piece remains very much under-the-radar and is suitable for virtually any occasion, on virtually any wrist.",Oliver & Clarke,2026-06-18,False
Rolex Day-Date Ref. 1803 - Sunburst Silver Dial,Rolex,17650,https://oliverandclarke.com/products/rolex-day-date-ref-1803-sunburst-silver-dial,https://cdn.shopify.com/s/files/1/0765/6138/3741/files/ROLEX_DAYDATE_GLD_CHAMPGNE_WEB_1.jpg?v=1781035765,"When the Day-Date was released in 1956, Rolex had made numerous attempts to capture the market with more complicated timepieces such as the Ref. 6036, the Ref. 8171, and the Ref. 6062, but it seemed like buyers were not particularly fond of complicated Rolexes. All of that changed when President Lyndon B. Johnson was spotted wearing one Rolex in particular: a Day-Date. The model has since become known worldwide as ‘The President’ and as a symbol of success and prestige. Simply put, this one stuck. The Day-Date was available for many years on a leather strap with a matching gold buckle, but also on a solid gold bracelet (called a 'President' bracelet), like the example that we have here. The Reference 1803 that we have here dates to circa 1965 and comes to us in strong condition. The case, characteristic 'fluted' yellow gold bezel, and 'President' bracelet all all shows signs of light previous polishing and matching normal wear throughout. The silver dial within features a sunburst finishing is beautifully preserved, with fully-intact and evenly patinated Tritium plots and a perfectly matching handset. The 'President' bracelet is fitted with an adjustable blade-style clasp. This is a fantastic, well-rounded example of an icon.",Oliver & Clarke,2026-06-11,False
Rolex GMT-Master Ref. 1675 'PCG' - Gilt 'Chapter Ring' Dial W/ Box & Papers,Rolex,33500,https://oliverandclarke.com/products/rolex-gmt-master-ref-1675-pcg-gilt-chapter-ring-dial-w-box-papers,https://cdn.shopify.com/s/files/1/0765/6138/3741/files/ROLEX_GMT_PEPSI_FADED_WEB_1_13588229-4717-40f9-ba12-0d74f6355076.jpg?v=1781035802,"The Rolex GMT-Master is one of the most historic and iconic watches the brand ever produced. Its origin dates back to a commission request by Pan American World Airways in the early 50’s for their fleet of pilots who needed access to different time zones. These pieces would feature a similar design to another watch that Rolex was developing around that time, the Submariner, but would include a fourth hand running on 24-hr time, and a bi-colored bezel insert to represent AM/PM times. Those colors, naturally, would be the PanAm colors: Red and Blue. Thus, in 1953, the Ref. 6542 GMT-Master was born. These early pieces were ultimately, fragile arguably flawed in some ways, and were therefor succeeded by the updated Reference 1675 in 1959. These pieces introduced a larger case size with crown-guards and a bi-colored blue + red bezel insert made of aluminum. The Ref. 1675 underwent many small changes over its 21-year production run, with a slew of dial, bezel, bracelet, and hand variations. You know, Rolex stuff. The example that we have here is a very uncommon variant from within the 1675 range, featuring not only a 'gilt' dial, but also a case with 'pointed' crown guards. For a very short time, the 1675 case features more pronounced and stylized crown guards along with the gorgeous wide lug chamfers that we all know and love. It dates to circa 1961 and features a fantastic, professionally-refurbished case, with correct, defined finishing throughout and fitted to a period-correct 'rivet' Oyster bracelet. Inside, the dial is a correct 'Type 3' unit with a nicely-preserved glossy black surface and evenly patinated luminous plots. The handset matches the dial beautifully and has the correct 'small' 24-hr GMT hand. And then, of course, there is that gorgeous 'Pepsi' bezel insert. It shows only normal wear from age and has developed an attractive fade on both the blue and red halves. Last but not least, this piece is accompanied by its box, chronometer papers, and guarantee papers dated 9/24/1962. All of these small details amount to a piece that not only has a wearing experience different than any modern GMT-Master, but even later variants of the very same Reference. Its fair to say that watches from this era, in this overall condition do not surface all that often...",Oliver & Clarke,2026-06-11,False
Audemars Piguet White Gold Dress Watch - White Gold 'Woven' Dial w/ 'Sodalite' Indices,Audemars Piguet,18750,https://oliverandclarke.com/products/audemars-piguet-white-gold-dress-watch-white-gold-woven-dial-w-sodalite-indices,https://cdn.shopify.com/s/files/1/0765/6138/3741/files/AP_DRESS_SLVR_BLUE_MESH_WEB_1_93b5b508-e754-4429-ab0f-ee5c1d6938eb.jpg?v=1780594811,"The year 1972 was the advent of what is undeniably Audemars Piguet's most famous, significant, and yes, iconic line of watches, the Royal Oak. It was also the year that the 'high-end dress watch' would forever change. Prior to 1972, ultra-thin and design-focused precious metal watches represented the pinnacle of the genre, not what appears to be an industrial-styled stainless steel sports watch with a bracelet. While the brand never stopped producing traditional dress watches, per-se, production of their new golden goose would dominate the rest of the lineup. And this is after considering that prior to the Royal Oak, AP made far fewer watches to start with... The piece that we have here hails from circa the 1980s, an era when brands like Patek Philippe, Audemars Piguet, Piaget, and even Rolex were experimenting with design-forward timepieces focused on finishing and opulence. The 26mm case and matching integrated-style bracelet are constructed out of solid white gold, with a stunning hand-finished texture throughout. The dial inside is not flat, but rather a 3-dimensional 'woven' white gold base with applied 'Soladite' stone indices, and thats it. A clean design that speaks by way of its execution rather than text. The blue stone indices are complimented by a blue-painted 'pencil' handset. It is powered by AP's Cal. 2003 manual-winding movement. Stunning, rare, and objectively impressive. This then, is a representation of a bygone era not just for Audemars Piguet, but for what a high-end dress watch used to be. Only in the last few years have collectors and enthusiasts alike started to pay a bit more attention to pieces like these and, we think, its long overdue.",Oliver & Clarke,2026-06-04,False
Eberhard and Co. Contograf Ref. 131501 - Sunburst Silver Non-Luminous Dial Unpolished,Other,13850,https://oliverandclarke.com/products/eberhard-and-co-contograf-ref-131501-sunburst-silver-non-luminous-dial-unpolished,https://cdn.shopify.com/s/files/1/0765/6138/3741/files/EBERHARD_CONTOGRAF_STRAP_WEB_1_b39c0613-2b83-4f65-be08-57020122f297.jpg?v=1780595162,"The Eberhard Contograf is one of the best looking and most interesting chronographs of the 20th century and when Eberhard introduced the Contograf in the 1960s, it was like nothing else on the market. Eberhard always tried to think outside the box and be innovative, hence the unusual date placement at six o’clock (still uncommon even today) and date corrector at nine o’clock. The Contograf is largely black with a few red details in the alternating red numbers on the ‘roulette’ date wheel, the red triangle at the 12 o’clock on the bezel, and the 50 at the two o’clock position on the dial. That red “50” in the tachymeter scale marks 50 km/hr, which at the time was the standard speed limit in most European countries. These details cater to the overall sportiness of the Contograf, and when combined with always attractive features like a twin-register dial, virtually perfect case proportions, and a manual-winding calibre, amount to a watch with loads of character in a subtle fashion. The example that we have here comes from the latter half of the Contograf's run and, while all Contografs are rare, this variant is rarer still. Dating to the late 1960s, it features an outstanding unpolished case with prominent chamfers, a correct signed crown, 'pump' pushers, and a screw-down caseback. It shows normal wear throughout with no damage or wear of note. The bezel insert also remains in strong overall condition, showing normal wear with a clear red accent in the triangle. The real highlight here, is the silver dial within. Produced in even fewer numbers than the usual black-dial piece, this silver dial features a crisp and vibrant sunburst finishing throughout and happens to be in exceptionally well-preserved condition. Like its black-dial contemporaries, it has applied indices, a framed date aperture at the 6 o'clock position, those amazing red accents, and one of the coolest script logos ever to grace a watch dial. And best of all, it is a Contograf. A watch that we like to think as something of a Submariner-Speedmaster hybrid. Seldom seen to begin with, we feel that this is one of the coolest vintage watches of all time, full stop. This example takes what is already a masterwork in design to another level with it's fantastic overall condition and elegant silver dial.",Oliver & Clarke,2026-06-04,False
Omega 'Calatrava' Cal. 26.5.T3 - Gloss Black 'Gilt' Dial,Omega,3500,https://oliverandclarke.com/products/omega-calatrava-ref-2383-6-gloss-black-gilt-dial,https://cdn.shopify.com/s/files/1/0765/6138/3741/files/OMEGA_NONMAGNET_BLK_STRAP_WEB_1_4ae4f96c-afb6-4cdc-b089-8ac678b8fe05.jpg?v=1780595216,"Omega is undeniably one of the most historically important timepiece manufactures of all time. In fact, the Speedmaster is probably the most important wrist watch of all time. As a result, the Speedmaster casts a massive shadow over all of its siblings.... even over firmly planted models like the Seamaster and Constellation ranges. The resulting effect is double sided: many vintage Omegas, we feel are incredibly undervalued in the market as it exists today, with the other side of that being that hidden gems are shocking attainable. Take the piece that we haver here, a stainless steel Calatrava-style time-only watch dating to circa 1943. This Ref. 2383-6 has a ton going for it. The 30mm case is wonderfully preserved and in excellent condition, with crisp lug holes and symmetrical proportions. It also features a steel crown at 3 o'clock, a screw-down caseback, and Omega's own Cal. 26.5.T3 manual-winding movement inside. The dial however, is the highlight of this particular example. Like the case, it is wonderfully preserved, with a rich glossy black surface that shows only faint signs of aging with stunning patinated Radium 'Roman' indices. It is complimented by a 'sword' handset that matches nicely. This piece, with its sizing, condition, and completely unique dial really embodies everything that makes vintage great. What more can you ask for?",Oliver & Clarke,2026-06-04,False
Tudor Submariner Date Ref. 79090 - Blue Dial Unpolished,Tudor,10500,https://oliverandclarke.com/products/tudor-submariner-date-ref-79090-blue-dial-unpolished,https://cdn.shopify.com/s/files/1/0765/6138/3741/files/TUDOR_SUB_BLUE_WEB_1_e3f2225c-0e02-4e10-95b4-48cc38cbd45a.jpg?v=1779927353,"The Submariner, namely those produced by Rolex, has long been considered the cream of the crop when it comes to watch collecting as a whole. Possibly the most iconic watch ever produced, the Submariner has long standing utilitarian roots that span decades, and everyone who’s anyone has been spotted wearing one. However, if you look deeper into the Submariner line, you may find a less known but just as incredible model manufactured by Tudor. These pieces are not only more unique and rare than the traditional Submariner, but offer much greater value. Designed as a replacement for the quintessential Tudor ‘Snowflake’ Submariners, the References 76100 and 79090 is in many collectors eyes, the last great vintage Tudor Submariner. These pieces all had matte dials with Tritium plots and matching Tritium-filled handsets, cases with lug-holes, acrylic crystals, and folded-link Oyster bracelets. In many ways, This is all stuff that we see in Rolex and Tudor models as early as the 1960s, but were produced well-into the 1990s! The example that we have here dates to circa 1988 and remains in outstanding overall condition. The case remains unpolished, with clear factory finishing visible throughout and shows normal wear from age. The bezel also remains unpolished, with excellent definition and houses a gorgeous blue insert with a patinated pip. Inside, it features a desirable blue dial, which retains a rich, deep blue color and attractive patinated Tritium indices and a matching handset. It comes fitted to its correct steel Oyster bracelet with a Tudor-signed fliplock clasp. These Tudor Subs of the mid 1980s into the mid 1990s not only present great value next to their Rolex cousins, but are very interesting in that they offer nearly all the feel of a Rolex Submariner Date dating back to the 1960s — with the charm of an acrylic crystal, a matte dial, and even a folded-link bracelet — for only a fraction of the entry cost. And Rolex sure never made a steel Submariner with a blue dial!",Oliver & Clarke,2026-05-28,False
Rolex Oyster Perpetual Ref. 6548 'Midsize' - Sunburst Silver 'Linz' Dial,Rolex,5850,https://oliverandclarke.com/products/rolex-oyster-perpetual-ref-6548-midsize-sunburst-silver-linz-dial,https://cdn.shopify.com/s/files/1/0765/6138/3741/files/ROLEX_OYSTER_LINZ_GLD_STRAP_WEB_1_4acf8cd2-f887-4476-a4b4-99436b381514.jpg?v=1779996775,"If you boil Rolex down to its purest form, what do you get? The Rolex Oyster Perpetual. This is truly the genesis for the entire Rolex brand. The very first Rolex models were called ‘Oysters’ which was owed to their innovative three part case that all screwed into each-other. That is where the fluted bezel actually derives from, being screwed down into the top of the case to secure the crystal with a gasket - as well as the grooves on the oyster case back. All makes sense now - right? The piece that we have here is a descendant of those early watches, though probably not what you first think of when you hear Oyster Perpetual ... This is a 'midsize' Oyster Perpetual Ref. 6548 dating to circa 1962. It comes in at 30mm in diameter and is constructed out of 14k yellow gold and it remains in strong overall condition. The case and matching 'smooth' yellow gold bezel have been gently previously polished many years ago and shows light signs of wear throughout with an attractive 'rosy' oxidation developing in some areas. Inside, the silver dial features a crisp sunburst finishing on the surface, with applied stylized-indices, patinated Tritium pots, and a matching 'dauphine' handset. Look a little closer and you'll find an additional retailer stamp on the lower half of the dial from Dallas' Linz. Despite being ‘entry-level,' many vintage models from the Oyster family offer a ton of character and remain an overlooked part of the important history of Rolex on their journey to the powerhouse brand that they are today. And don't let the case size fool you, 30mm can accommodate a wider range of wrists than most think. This one, with is 14k construction, special dial, and overall condition stands out from not just its OP siblings, but punches way above its class.",Oliver & Clarke,2026-05-28,False
Movado M95 Chronograph Ref. 19038 - 'Sub Sea' Satin Silver Dial,Movado,7350,https://oliverandclarke.com/products/movado-m95-chronograph-ref-19038-sub-sea-satin-silver-dial,https://cdn.shopify.com/s/files/1/0765/6138/3741/files/MOVADO_CHRONO_GREY_STRAP_WEB_1.jpg?v=1779911296,"While it may be hard to imagine based upon their product line today, Movado Factories (yes, that was the full name) once made watches that were beautifully designed, exceptionally-well made, and respected on a level that matched the very best manufacturers. The piece that we have here, an M95 Chronograph, is simply named after the Movado Manufacture M95 movement powering it. Over the years, these were produced with a variety of dial and case configurations, with this example having been produced on the later end dating to circa the early 1960s. The 35mm 'waterproof' case shares a similar design and in fact, the same case-maker as properly heavy hitting references from this era. That is, of course, François Borgel. It features gorgeous 'stepped' finishing on the top case, with dynamic, faceted lugs, a screw-down caseback, 'pump' pushers, and a 'domed' crown. The condition of this example is excellent, with strong factory finishing present throughout and the correct crown and pushers. Inside, the dial is one of the more 'sporty' variants, with a satin silver color throughout, applied Tritium-filled 'dart' indices, and a matching handset with red chronograph hands. Additionally, a very thoughtful and almost funny detail often found on Movado chronographs is how Movado chose to actually apply 'cropped' numerals around subsidiary registers where appropriate, in this case, at the 3, 6, & 9 o'clock positions. This detail is a great example of Movado exercising their prowess in design and manufacturing during this time and is an incredibly thoughtful detail that they easily could have skipped and nobody would have thought twice about it. Of course, this piece is powered by Movado's fantastic in-house Calibre M95 manually-wound movement. Both M95s and M90s have become extremely coveted by collectors and don't come to market as often as you may think... This piece, in its well-rounded and honest overall condition, is yet another example of the amazing value that Movado from this era offers. In our opinion, and we know there are a handful of other dealers and enthusiasts out there that share this viewpoint, there are not many brands that get design this right. Simple as that.",Oliver & Clarke,2026-05-28,False
Audemars Piguet White Gold 'Ellipse' Dress Watch - Grey Dial w/ 'Lapis Lazuli' Indices,Audemars Piguet,26850,https://oliverandclarke.com/products/audemars-piguet-white-gold-ellipse-dress-watch-grey-dial-w-lapis-lazuli-indices,https://cdn.shopify.com/s/files/1/0765/6138/3741/files/AP_DRESS_SLVR_MESH_BLUE_WEB_1.jpg?v=1779130452,"The year 1972 was the advent of what is undeniably Audemars Piguet's most famous, significant, and yes, iconic line of watches, the Royal Oak. It was also the year that the 'high-end dress watch' would forever change. Prior to 1972, ultra-thin and design-focused precious metal watches represented the pinnacle of the genre, not what appears to be an industrial-styled stainless steel sports watch with a bracelet. While the brand never stopped producing traditional dress watches, per-se, production of their new golden goose would dominate the rest of the lineup. And this is after considering that prior to the Royal Oak, AP made far fewer watches to start with... The piece that we have here hails from circa the 1980s, an era when brands like Patek Philippe, Audemars Piguet, Piaget, and even Rolex were experimenting with design-forward timepieces focused on finishing and opulence. The 26mm case and matching integrated-style bracelet are constructed out of solid white gold and are finished with a stunning 'woven' texture throughout. Inside, the dial features a light grey 'brushed' surface and factory applied lapis lazuli indices with a 'pencil' handset to compliment them. Stunning, rare, and objectively impressive. This then, is a representation of a bygone era not just for Audemars Piguet, but for what a high-end dress watch used to be. Only in the last few years have collectors and enthusiasts alike started to pay a bit more attention to pieces like these and, we think, its long overdue.",Oliver & Clarke,2026-05-21,False
Patek Philippe Calatrava 'Disco Volante' Ref. 2594/5 - Champagne Patina Dial,Patek Philippe,9850,https://oliverandclarke.com/products/patek-philippe-calatrava-disco-volante-ref-2594-5-champagne-patina-dial,https://cdn.shopify.com/s/files/1/0765/6138/3741/files/PATEK_GLD_DISCO_WEB_1.jpg?v=1779130299,"The Patek Philippe Calatrava. Arguably the brands most iconic model line, and purest expression of the brand. Their raison d'etre if you will. The line has been a hit since its debut in 1932. So much so, that the name ""Calatrava"" itself has become something of a byword within the watch industry for traditionally styled, no-frills dress watches that simply tell the time. Over the course of its nearly 100-years of production, there have been seemingly countless iterations within the line, with variations in the metal they are made in, with their size, dial configurations, and eventually, complications. The Calatrava that we have here, a Reference 2594, dates to circa 1962 and is also known as a UFO or Disco Volante for its 'flying saucer'-like case design. It comes in at 32mm in diameter and features a beautiful 'engine-turned' finishing on the top case, with a signed, recessed crown, and simple downward sloping lugs. It shows normal wear throughout with nice hallmarks and a light 'rosy' patina developing. Inside, the simply time-only champagne dial exhibits patina across the surface with an interesting lack of patina around the 'flinqué' engraved 'foil' indices. It is powered by Patek's long-running and proven Cal. 23-300 manual-winding movement. The word icon gets thrown around a lot in the world of watches and horology... this one is absolutely worthy of it. There are watches, and then there are watches! This is one of the latter.",Oliver & Clarke,2026-05-21,False
Breguet Classique Ref. 3360BB - Silver 'Guilloché' Dial Unpolished,Breguet,13500,https://oliverandclarke.com/products/breguet-classique-ref-3360bb-silver-guilloche-dial-unpolished,https://cdn.shopify.com/s/files/1/0765/6138/3741/files/BREGUET_CHRONO_SLVR_STRAP_WEB_1.jpg?v=1778629977,"Parisian manufacturer Breguet, named after its founder, Abraham-Louis Breguet, was founded in 1775 and is one of the most stored and historically significant manufacturers in the world of horology. With a number of firsts, including *ahem* what many consider to be the first known wristwatch, Breguet is primarily known today for its stunning silver 'guilloche' dials, innovations in complications, and outstanding build quality. The piece that we have here belongs to the 'Classique' family and dates to circa the 1990's. It features a very Breguet 33mm coin-edge case design crafted out of white gold. The case is fitted with a sapphire crystal, a 'flat' winding crown, 'officer'-style lugs, and a snapback case. As with virtually all Breguet dress watches, the dial within is generally the highlight, and this piece is no exception. Silver in color, it features a slew of different styles of guilloché finishing, with black printed 'Roman' indices, a power reserve indicator, and a running seconds register. It is powered by a manual-winding movement and comes fitted to one of our navy blue Molequin x Oliver & Clarke leather straps with a signed white gold buckle. So here is a piece that delivers on condition, timelessness, and pedigree. How can you go wrong?",Oliver & Clarke,2026-05-14,False
Rolex Day-Date Ref. 1802 - Sunburst Champagne Dial Unpolished,Rolex,21450,https://oliverandclarke.com/products/rolex-day-date-ref-1802-sunburst-champagne-dial-unpolished,https://cdn.shopify.com/s/files/1/0765/6138/3741/files/ROLEX_DAYDATE_GLD_WEB_1_01083cb9-8b80-47a9-99dd-a614f5b484cc.jpg?v=1777935623,"When the Day-Date was released in 1956, Rolex had made numerous attempts to capture the market with more complicated timepieces such as the Ref. 6036, the Ref. 8171, and the Ref. 6062, but it seemed like buyers were not particularly fond of complicated Rolexes. All of that changed when President Lyndon B. Johnson was spotted wearing one Rolex in particular: a Day-Date. The model has since become known worldwide as ‘The President’ and as a symbol of success and prestige. Simply put, this one stuck. The Day-Date was available for many years on a leather strap with a matching gold buckle, but also on a solid gold bracelet like the example that we have here. The example that we have here is a very uncommon Reference 1802 dating to circa 1965. At a glance, you'd be forgiven for mistaking it as a Datejust, or even a yellow gold Oyster Perpetual. Rather than the prototypical 'fluted' gold bezel found on a vast majority of Day-Dates, this piece has a smooth bezel, which in unique to the Ref. 1802. Also relatively unusual is the solid gold Jubilee bracelet that this piece is fitted to, rather than the famous 'President' bracelet. The overall condition of this piece is fantastic. The case appears to be unpolished and shows normal signs of wear with nice, thick and symmetrical proportions. The smooth bezel has a nice crisp edge and shows matching wear. The Jubilee bracelet also shows matching wear and virtually no stretch or damage typically found on Jubilees from this era. Inside, the dial is a classic champagne unit, also offered in exceptional condition with a clean sunburst surface and fully-intact Tritium plots. This is a fantastic example of a slightly left of center Day-Date in fantastic overall condition.",Oliver & Clarke,2026-05-07,False
Patek Philippe Calatrava Ref. 3541J - Champagne 'Linen' Dial Unpolished,Patek Philippe,17850,https://oliverandclarke.com/products/patek-philippe-calatrava-ref-3541j-champagne-linen-dial-unpolished,https://cdn.shopify.com/s/files/1/0765/6138/3741/files/PATEK_CALATRAVA_GLD_STRAP_WEB_1_5e89ba4d-7b2a-4a81-8bd2-50ba97a2de10.jpg?v=1777408626,"The Patek Philippe Calatrava. Arguably the brands most iconic model line, and purest expression of the brand. Their raison d'etre if you will. The line has been a hit since its debut in 1932. So much so, that the name ""Calatrava"" itself has become something of a byword within the watch industry for traditionally styled, no-frills dress watches that simply tell the time. Over the course of its nearly 100-years of production, there have been seemingly countless iterations within the line, with variations in the metal they are made in, with their size, dial configurations, and eventually, complications. The Calatrava that we have here, a Reference 3541J, dates to circa 1968, and is executed in solid yellow gold with a stunning dial inside. The case is wonderfully sized at 35mm in diameter and remains in unpolished condition, with strong lugs, deep hallmarks, and recessed crown design. Inside, the champagne dial features a gorgeous 'linen' texture on the surface, as well a subsidiary seconds register at the 6 o'clock position, a framed date aperture at 3 o'clock, applied yellow gold indices, and a matching yellow gold handset. It comes fitted to a svelte, signed black leather strap with a signed yellow gold buckle. Flip it over, and you'll find that the screw-down caseback bears an always alluring engraving. There are watches, and then there are watches! This is one of the latter.",Oliver & Clarke,2026-04-30,False
Cartier Vendome Ref. 78090 - White 'Paris' Dial Unpolished,Cartier,8750,https://oliverandclarke.com/products/cartier-vendome-ref-78090-white-paris-dial-unpolished,https://cdn.shopify.com/s/files/1/0765/6138/3741/files/CARTIER_DRESS_ROMAN_STRAP_WEB_1.jpg?v=1777408658,"Cartier's catalog is full of pieces that don't bear ""Tank"" in front of the model name, and many remain overlooked or flat out unknown to the vast majority of consumers. Introduced in 1973 as a part of the Louis Cartier Collection, the Vendome is a textbook of an example of one such model. These were produced in a handful of variants over the years, in a number of different metals, sizes, and with different movements. The piece that we have here dates to circa the early-mid 1970s and is perhaps the most desirable size Vendome, with a 33mm x 29mm case and a manual-winding movement inside. It comes to us in excellent overall condition, with clear and crisp hallmarks and engravings and shows normal signs of wear throughout. The white enamel 'Paris' dial within is beautifully preserved and presents wonderfully, with crisp black printing and a yellow gold 'sword' handset. This example also comes fitted to a brown leather strap with a period-correct yellow gold deployant clasp and is powered by a manual-winding movement. If nothing from the Tank or Santos family speaks to you, this might just be a perfect alternative, and quite a bit more rare.",Oliver & Clarke,2026-04-30,False
Omega Speedmaster Ref. 145.022 - Matte Black Tritium Dial,Omega,5750,https://oliverandclarke.com/products/omega-speedmaster-ref-145-022-matte-black-tritium-dial,https://cdn.shopify.com/s/files/1/0765/6138/3741/files/OMEGA_SPEEDMASTER_BLK_WEB_1_34df1c81-5d63-4613-84bc-b82f53b5933c.jpg?v=1776361964,"The Omega Speedmaster is one of the most historically important, if not the most important wrist watch ever produced, full stop. Its story can be summed up with one simple acronym: NASA. Surely, this is not a watch that needs an introduction with our audience.... And as with so many other icons and popular vintage models, the Speedmaster has seen countless iterations and variants over its nearly 70-years of continuous production. This particular example is a neo-vintage Ref. 145.022 dating to circa 1991. The 41mm case with characteristic 'lyre' lugs remains in strong overall condition and presents nicely having been polished at an earlier time. The caseback has seemingly been spared any previous polished and retains strong engravings and much of the black paint within. The crown, pushers, inner dust cover, and correct black 'tachymetre' bezel insert are all correct and present. Inside, the matte black dial is beautifully preserved, with evenly patinated Tritium indices and a matching handset. It is powered by Omega's Cal. .861 manual-winding movement. It comes fitted to a modern steel 'flat-link' bracelet with a blade clasp by J.B. Champion. Vintage Omega, with Speedmasters in particular, are something of a bargain on the market today, relative to their position just five or so years ago... and despite the relative availability of many of these references, we're always happy to have one offered on the site.",Oliver & Clarke,2026-04-16,False
Cartier Incurvée - White Enamel 'Paris' Dial w/ JLC Movement,Cartier,21250,https://oliverandclarke.com/products/cartier-incurvee-white-enamel-paris-dial-w-jlc-movement,https://cdn.shopify.com/s/files/1/0765/6138/3741/files/CARTIER_TANK_RECTANGLE_STRAP_WEB_1.jpg?v=1774391467,"Cartier's catalog is full of pieces that don't bear ""Tank"" in front of the model name, and many remain overlooked or flat out unknown to the vast majority of consumers. Introduced in the late 1960s, the Incurvée is a is a textbook of an example of one such model. Also known as a 'Feberge,' these were produced in a handful of variants over the years, in a number of different metals, sizes, and with different movements. The piece that we have here is a very early example dating to circa the late 1960s. It features a lovely curved case measuring 26mm x 32mm, with 'hooded' or hidden lugs, a sapphire cabochon crown. Inside the white enamel 'Paris' dial within retains its crisp white color, fantastic black printing, and is complimented by a characteristic matching blued-steel 'sword' handset. This piece is powered by a rare manual-winding movement by Jaeger-LeCoultre found only in the earliest examples of the model. If nothing from the Tank or Santos family speaks to you, this might just be a perfect alternative, and quite a bit more rare.",Oliver & Clarke,2026-03-26,False
A. Lange & Söhne Grande Lange 1  Ref. 115.031 - Multi-Tone Grey & Black Dial,A. Lange,29850,https://oliverandclarke.com/products/a-lange-sohne-grande-lange-1-ref-115-031-multi-tone-grey-black-dial,https://cdn.shopify.com/s/files/1/0765/6138/3741/files/A.LANGE_CHRONO_BLK_STRAP_WEB_1.jpg?v=1773794621,"A. Lange & Söhne can trace it's roots back to Glashütte, where it was founded in 1845. Over the course of the manufactures fist 100-year, it was their pocket watches that they made a name for themselves — widely used on the German railroad system. In the wake of the Second World War, just after the brands centennial anniversary, their doors were shut. It was not until 1990 when the great grandson of the founder, Walter Lange, announced that he would resurrect the name with intent to not only restore the brand in name, but move it forward in both technical innovation and unique design language as the 21st century approached. In 1994, the revived brand officially debuted not just one, or two — but four entirely new watches. There was great diversity across the four models — most of which are still in production today — but one model stood out amongst the others: the Lange 1. Over the last 30 years, the Lange 1 has without a doubt become the brands flagship model, and has been produced in a bevy of different sizes, metals, dials variants, and with numerous complications. They all, however, share the same basic formula that allowed the model to stand out back in 1994. Virtually all Lange 1 models feature a segregated dial-layout, where the time, subsidiary seconds, power reserve and date are meticulously positioned in different areas on the dial, resulting in a beautifully balanced and legible layout. It must also be said that the Lange 1 also possesses what is both a technical and visual feature that the brand has become synonymous for: the archetypal 'digital' date window. Like so many successful watch models since the very first (Cartier Santos), the Lange 1 was and still is offered in a wide range of metals, with different movement, different dials, etc. The piece that we have here is a 'Grande Lange 1' — an upsized variant of the standard Lange 1, coming in at 42mm in diameter. Dating to the 2000s, it features a solid rose gold case with those characteristic wide lugs and a 'domed' smooth bezel. There is a pusher at the 10 o'clock position for operation of the quickset 'digital' date, a signed crown at the 3 o'clock position to operate the manual-winding movement, which is prominently on display via the sapphire caseback. While the original Lange 1 from the mid-1990s lacked this feature, the absolutely gorgeous movements with hand-hinished balance cocks have become yet another staple found on nearly all Lange models. Last but not least, the multi-tone grey and black dial is graced with appleid rose gold indices, a rose gold frame around the date window, and a matching rose gold 'lance' handset. It also comes fitted with a Lange-signed black alligator leather strap mated to Lange's fantastic buckle in matching rose gold. There is truly nothing like a Lange. There is a weight and presence that is second to none, all while remaining subtle and tasteful in its appearance and, we think, a huge value play. The Lange 1 changed the game. If you haven't tried one, it might be time.",Oliver & Clarke,2026-03-19,False
Jaeger-LeCoultre Etrier Ref. 1670.42 - Gloss Black Dial 'Hermès' Retailed,Jaeger-LeCoultre,4650,https://oliverandclarke.com/products/jaeger-lecoultre-etrier-ref-1670-42-gloss-black-dial-hermes-retailed,https://cdn.shopify.com/s/files/1/0765/6138/3741/files/JAEGER_HERMES_BLK_STRAP_WEB_1.jpg?v=1773794658,"Jaeger-LeCoultre is one of the most well-rounded and storied brands in the history of watchmaking. They are not only known for models, but also, at least in the world vintage watches, equally known for their movements — a surprisingly unique accolade that is perhaps unmatched by any other brand. Be there no doubt, the most popular and well-known model from the brand is the properly iconic Reverso, but the brand offers so much more with model families like the Memovox, the Deep-Sea, and a wide range of complicated calendar watches. The collector community certainly knows it, but what is lesser-known are models like the stylish piece that we have here. Conceived amidst a long-term relationship between JLC and Hermès which dating back to 1928, the Etrier was designed to reflect Hermès ’ deep-rooted equestrian identity as the brand was gradually beginning to expand offerings beyond saddlery into person accessories. Drawing directly from the form of a horse’s stirrup, the design translated a functional riding element into a sculptural wristwatch case, embodying both utility and elegance. When Jaeger-LeCoultre later brought the concept into production, the model evolved into a refined yet unconventional timepiece that stood apart from more traditional round or rectangular watches of the era. The Etrier that we have here dates to circa the 1960s and is made from stainless steel and features a 20mm x 15mm rectangular case, which is 'suspended' between the pronounced lugs which span 35mm. The result makes for a surprisingly substantial and versatile feel on the wrist. The crown is nicely tucked away at the 6 o'clock position and is signed. Inside, the gloss black dial has applied indices, an applied logo at the 12 o'clock position, and a matching steel 'pencil' handset. Look a bit closer and you'll find that the dial features the Hermès name in addition to Jaeger-LeCoultre's text on the dial — something that not all Etrier models bear. Flip it over, and you'll find the Hermes stock number engraved on the caseback. In many ways, this piece has a ton to offer. Great overall condition, historically interesting, and uniquely styled... ...and for less than a steel Datejust, hard to beat!",Oliver & Clarke,2026-03-19,False
'Chocolate' Brown Molequin x Oliver and Clarke 'Grained' Watch Strap,Other,120,https://oliverandclarke.com/products/chocolate-brown-molequin-x-oliver-and-clarke-grained-watch-strap,https://cdn.shopify.com/s/files/1/0765/6138/3741/files/MOLEQUIN_GRAIN_CHOC_BRWN_1.jpg?v=1773794446,"Our handmade calf skin is produced in France. It’s an exceptional leather that we are able to cut very thin, giving an elegant and refined aesthetic. Despite this, the straps remain resilient and hold their form well over normal usage. The leather deals well with scratches and is also easy to care for and can be cleaned with a simple wipe using a damp cloth. This rich brown tone combined with the 'grained' texture make for an extremely versatile piece to pair with virtually any watch, in any metal.",Oliver & Clarke,2026-03-18,False
'Midnight' Black Molequin x Oliver and Clarke 'Saffiano' Watch Strap,Other,120,https://oliverandclarke.com/products/midnight-black-molequin-x-oliver-and-clarke-saffiano-watch-strap,https://cdn.shopify.com/s/files/1/0765/6138/3741/files/MOLEQUIN_MIDNT_BLK_1_a7849b2d-ea0d-49ca-a79a-5b40f1f71b0b.jpg?v=1773794428,"Our handmade calf skin is produced in France. It’s an exceptional leather that we are able to cut very thin, giving an elegant and refined aesthetic. Despite this, the straps remain resilient and hold their form well over normal usage. The leather deals well with scratches and is also easy to care for and can be cleaned with a simple wipe using a damp cloth. The deep, rich black color combined with the elegant 'saffiano' texture lends itself extremely well to an 'elevated' look for a wide range of timepieces. Black is as versatile as it is necessary for any collector to have available.",Oliver & Clarke,2026-03-18,False
Rolex Oyster Perpetual Ref. 6599 'Jumbo' - Sunburst Silver Dial w/ Box & Papers,Rolex,9500,https://oliverandclarke.com/products/rolex-oyster-perpetual-ref-6599-jumbo-sunburst-silver-dial-w-box-papers,https://cdn.shopify.com/s/files/1/0765/6138/3741/files/ROLEX_OYSTER_GLD_STRAP_WEB_1_a84e429e-952d-449b-af7a-4702a2cc875f.jpg?v=1772047587,"If you boil Rolex down to its purest form, what do you get? The Rolex Oyster Perpetual. This is truly the genesis for the entire Rolex brand. The very first Rolex models were called ‘Oysters’ which was owed to their innovative three part case that all screwed into each-other. This watch represents an evolution of that, when these were still semi-bubble back watches. The piece that we have here, simply know as an Oyster Perpetual, is a descendant of those early watches, though is probably not what first comes to mind when your hear Oyster Perpetual... Dating to circa 1957, this Ref. 6599 is a 'jumbo' model, with a full-size 36mm case similar to a Datejust, rather than the more common 34mm diameter. Constructed out of solid yellow gold, it is offered in fantastic overall condition, with a seemingly unpolished case and 'fluted' yellow gold bezel. Inside, the sunburst silver dial exhibits some patina from age and features a nice symmetrical dial layout, with larger applied indices at the 3, 6, and 9 o'clock positions and elegant small text and is complimented by a matching 'dauphine' handset. Furthermore, this piece is accompanied buy a box, chronometer papers, a COSC hangtag, and guarantee papers dating to 1959. It also bears an always alluring caseback engraving. Despite being ‘entry-level’ these vintage OPs offer a ton of character and remain an overlooked part of the important history of Rolex on their journey to the powerhouse brand that they are today. And while we feel the 34mm variants are chronically slept on and present great value next to its more well-known siblings, these 36mm models are almost completely unknown!",Oliver & Clarke,2026-02-26,False
Rolex Oyster Precision Ref. 6022 - Silver 'A.&J. Smith Aberdeen' Dial,Rolex,5450,https://oliverandclarke.com/products/rolex-oyster-precision-ref-6022-silver-a-j-smith-aberdeen-dial,https://cdn.shopify.com/s/files/1/0765/6138/3741/files/ROLEX_OYSTER_ABERDEEN_STRAP_WEB_1.jpg?v=1771469386,"If you boil Rolex down to its purest form, what do you get? The Rolex Oyster Perpetual. This is truly the genesis for the entire Rolex brand. The very first Rolex models were called ‘Oysters’ which was owed to their innovative three part case that all screwed into each-other. That is where the fluted bezel actually derives from, being screwed down into the top of the case to secure the crystal with a gasket - as well as the grooves on the oyster case back. All makes sense now - right? The piece that we have here, called an Oyster , is a descendant of those early watches, utilizing a water-resistant Oyster case, an manual-winding movement, and nothing else. No frills — purely a functional timekeeping device. The Reference 6022 that we have here, dates to circa 1952 and is nothing short of a beautiful timepiece. The stainless steel Oyster case comes in at 34mm in diameter and comes to us in excellent overall condition, with thick and symmetrical proportions and showing normal signs of wear from age and use. The silver dial within has developed a gentle patina across the surface and shows light wear consistent with age. It features applied yellow gold-tone 'Arabic' indices, which are complimented by a matching yellow gold-tone 'feuille' handset. As if all of these beautiful period details weren't enough, this piece also bears an additional signature on the top half that reads ""A.&J. Smith Aberdeen"" — a London-based retailer of watches & clocks. Despite being ‘entry-level’ these offer a ton of character and remain an overlooked part of the important history of Rolex on their journey to the powerhouse brand that they are today. This is nothing short of a delightful vintage piece that can be worn every single day, on any occasion, and on virtually any wrist. And don't let the case size fool you, these 34mm Rolex models are chronically slept on and present great value next to its more well-known siblings, while truly embodying the essence of Rolex.",Oliver & Clarke,2026-02-19,False
Rolex Datejust Ref. 6605 - Satin Champagne Dial,Rolex,10650,https://oliverandclarke.com/products/rolex-datejust-ref-6605-satin-champagne-dial,https://cdn.shopify.com/s/files/1/0765/6138/3741/files/ROLEX_DATEJUST_GLD_STRAP_WEB_1_320c9f8f-cb6b-4046-9964-21563f7df13e.jpg?v=1770769691,"Hard to believe - but the Datejust has been around since 1945. It is far older than its bigger and attention-hogging Submariner brethren. The Datejust was Rolex’s idea of the perfect everyday watch. The robustness of the Oyster case, combined with the elegance of an Oyster Perpetual. The ‘4 digit’ series of Datejust are particularly attractive for their pie-pan dials which offer a layer of three-dimensionality to the dials that went away with the advent of quickset date and 5-digit Datejusts. While the 16xx series of Datejusts are plentiful, coming across the earlier references is actually uncommon, as Rolex simply was not making as many watches in the 40s and 50s as they later would. So its a special day when we are able to find not only an early Datejust, but one in the condition like the piece that we have here.... This is a Reference 5506 dating to circa 1956 and it is offered in fantastic overall condition. The solid yellow gold Oyster case remains thick and symmetrical, probably only very lightly polished an at earlier time, and shows normal signs of wear with a correct 'finely fluted' yellow gold bezel to match. Inside, the champagne dial features a satin surface with gorgeous applied 'arrowhead' indices and a matching 'alpha' handset to compliment them. Even the crown on this example is correct for the period, with both the Brevet 'cross' and Rolex Coronet logos. But theres more! T his example is accompanied by a wildly-rare period yellow gold buckle with the large coronet logo, which is mated to one of our leather straps. We cannot overstate how special and hard to come by these are, and we are thrilled to be able to offer this piece on the site.",Oliver & Clarke,2026-02-12,False
Movado Novoplan Ref. 12205 - Grey 'Fab Suisse' Dial,Movado,2850,https://oliverandclarke.com/products/movado-novoplan-ref-12205-grey-fab-suisse-dial,https://cdn.shopify.com/s/files/1/0765/6138/3741/files/MOVADO_TANK_STRAP_WEB_1.jpg?v=1770769832,"While it may be hard to imagine based upon their product line today, Movado Factories (yes, that was the full name) once made watches that were beautifully designed, exceptionally-well made, and respected on a level that matched the very best manufacturers. Some of their more sought-after models include the M90 and M95 chronographs of the 1940s - 1970s, the Sub-Sea range, and both time-only and complicated pieces that utilized case designs shared with brands like Patek Philippe, Mido, and DOXA. Those are all great models. We love them, and even collect them, but it allows for lesser-known pieces to slide through the cracks for most collectors... Take the watch that we have here for example: a Novoplan Ref. 12205 dating to circa the 1930s. It features a rectangular 18mm x 38mm stainless steel case with a curved back and lovely 'stepping' on the upper and lower case. The grey dial within presents nicely, with a largely clean surface showing just a light patina throughout and clear black printing. The dial is complimented by a vibrant blued-steel 'arrow' handset, which are mated to Movado's own Calibre C440 manual-winding movement beneath. Simple, timeless elegance. Not many brands can do it better...",Oliver & Clarke,2026-02-12,False
Rolex 'Pre-Explorer' Ref. 6150 - Gilt 'Precision' Dial,Rolex,28500,https://oliverandclarke.com/products/rolex-pre-explorer-ref-6150-gilt-precision-dial,https://cdn.shopify.com/s/files/1/0765/6138/3741/files/ROLEX_OYSTER_BLK_STRAP_WEB_1_3a311a4d-919f-4c40-82a1-659504eb9606.jpg?v=1770318288,"May 29, 1953 After an arduous journey starting on March 10th of 1953, and an extremely difficult assault on the summit, Tenzing Norgay and Sir Edmund Hillary became the first people to successfully summit Mt. Everest. On their wrist? NOT a Rolex Explorer. Whoops. Well, to be fair the Rolex Explorer wasn’t created yet. So why the hullabaloo about Sir Edmund Hillary? Well - he was wearing a Rolex. A Rolex Oyster Perpetual. After hearing of the success of this expedition and ruggedness of the watch - the decision was made to replace the Oyster Perpetual with a new model named in Hillary’s honor - The Explorer. Or so the story goes. Either way, the Rolex Explorer I was introduced in 1953 but like many Rolex models, the first series was not considered ‘the best’ reference. For many collectors - the ultimate Explorer I is the reference 1016. It’s clean, highly legible and still tough enough for use in modern day wear. While using the same case as a Datejust, the smooth bezel and applied luminous Arabic 3,6,9 lend a more rugged and utilitarian aesthetic to the watch. Early models, like this, were made with gilt dials. Gilt dials are when the lettering and fonts are punched out of the dial so that the brass ‘gilt’ color shows through creating a golden text appearance. These are not very easy to produce and were ultimately discontinued by Rolex in the later half of the 1960s as they couldn’t be produced in the same quantity as a matte dial - but nothing shines and glows like a Rolex gilt dial. The example that we have here is a Reference 6150 known as a 'Pre-Explorer.' Dating to circa 1953, it hails from the first year that the Explorer was introduced and remains in strong condition overall. The case remains thick and symmetrical and shows normal wear throughout, with a crisp smooth steel bezel, and a correct Brevet 'cross' crown. Inside, the black dial retains excellent gilt text and printing and shows a light and largely uniform patina across the surface. The Radium indices have evenly patinated to a rich, almost 'pumpkin' tone and the correct 'syringe' handset matches beautifully. All in all, a stunning, well-rounded, and extremely rare example of what many consider to be a perfect watch!",Oliver & Clarke,2026-02-05,False
Longines Legend Diver Ref. 7150-2 - Super Compressor 'Tropical' Dial Unpolished w/ Extract,Longines,12950,https://oliverandclarke.com/products/longines-legend-diver-ref-7150-2-super-compressor-tropical-dial-unpolished-w-extract,https://cdn.shopify.com/s/files/1/0765/6138/3741/files/LONGINES_ALARM_YLW_STRAP_WEB_1.jpg?v=1769626694,"Longines is one of the most well respected manufacturers of the 20th century, full stop. Founded in 1832 in Saint-Imier, Switzerland, the company built a name for themselves early on as a manufacturer of quality in-house movements right from the start. Throughout the late 19th and early 20th centuries, Longines also built a reputation for precision timekeeping, earning accolades at international exhibitions and becoming a trusted name in sports timing, particularly in horse racing and aviation — an association with continues until today. By the mid-20th century, especially from the 1930s to the 1960s, Longines was at the peak of its technical and aesthetic prowess, producing a range of high-grade wristwatches admired today by collectors and vintage enthusiasts. The brand was known for its beautifully finished in-house movements, such as the 13ZN and 30CH chronographs, which are considered some of the finest column-wheel chronographs ever produced. The piece that we have here, a Legend Diver Ref. 7150-2, was one of Longines' first cracks at a dive watch. Utilizing a 'Super Compressor' case design supplied by EPSA, the Legend Diver comes in at 41mm in diameter and rather than an externally-affixed timing bezel, features an internal rotating ring framing the dial. It is operated by a crown at the 2 o'clock position, whereas the crown at 4 o'clock is used to set the time. Powering this piece is Longines Cal. 290 automatic-winding movement. It must be said that the highlight of of particular example, is the absolutely striking caramel 'tropical' dial inside. The indices have also aged to something of a gold-tone, with darkened luminous plots throughout and a correct, matching 'shovel' handset. Accompanying this piece is an extract from Longines archives, confirming the original date of sale in 1964 in Venezuela. This then is, for many, checks a heck of a lot of boxes as it pertains to vintage collecting. A storied brand, excellent condition, and a unique patina to boot.",Oliver & Clarke,2026-01-29,False
Rolex Submariner Ref. 5508 - 'Small Crown' w/ Faded Bezel,Rolex,37850,https://oliverandclarke.com/products/rolex-submariner-ref-5508-small-crown-w-faded-bezel,https://cdn.shopify.com/s/files/1/0765/6138/3741/files/ROLEX_SUB_BLK_MTRS_FIRST_WEB_1.jpg?v=1769036158,"The Rolex Submariner is a true icon — and the word ""icon"" does get thrown around an awful lot. If you were to ask ten people at random to draw you their idea of what a watch looks like, there is a significant chance that they would draw or describe something that looks like a Rolex Submariner. It’s the dive watch of reference, and good/bad/indifferent there is no escaping it. Throughout its 70-year production, there have been countless small changes made to the model, particularly in the first decade or so. The Reference 5508 is one of those short-lived iterations, produced for roughly 4 years in 1958-1962, and like virtually all Rolex Professional references from the early days, is coveted by collectors for its own reasons. First, the 'Small Crown' as it's know, features a more svelte 37mm Oyster case than that of its 'Big Crown' siblings, and of course, all subsequent Submariners. This allows for a fantastic wearing experience that was lost after this reference went out of production. The Ref. 5508 would also be the last Submariner without crown guards. In fact, this particular example was likely sold next to very early Ref. 5512 and 5513s, which of course do feature a completely different case design. Dating to circa 1958, this example comes to us in strong overall condition. The case has been very lightly previously polished and shows normal wear from age throughout. The factory proportions have been respected retaining symmetrical lugs at all four corners with those gorgeous chamfers still present. The bezel assembly is nicely preserved, with strong finishing and matching wear. The 'fat font' insert within exhibits an attractive fade and shows light wear with a matching luminous pip. This piece comes fitted with its correct 'rivet' Oyster bracelet with a 'big logo' clasp — a very rare and special bracelet in the world of vintage Rolex. It shows very light signs of previous polishing and normal wear, matching the case nicely. Inside, the glossy black 'gilt' dial is in great condition given its age. The deep black color is largely preserved, with light and uniform signs of aging throughout and evenly patinated luminous plots and a nicely matching handset. It is fair to say that strong examples of watches from this era do not surface as often as they used to. This is a great chance to grab one of the most versatile-wearing Submariners of all time.",Oliver & Clarke,2026-01-22,False
Cartier Tank Louis - 'New York',Cartier,23650,https://oliverandclarke.com/products/cartier-tank-louis-new-york,https://cdn.shopify.com/s/files/1/0765/6138/3741/files/CARTIER_TANK_PARIS_WEB_1.jpg?v=1762395400,"The Cartier Tank was one of the first wristwatches. Full stop! Inspired by the Renault Tanks used on the battlefield in WWI — yes, true story. Revolutionary at the time, Louis Cartier took inspiration from the profile of the treads on a period Renault tank, and based the case on them by way of the of brancards doubling as the lugs themselves. Over the course of the 20 th Century, the Tank became the watch to wear. Silent movie stars like Rudolph Valentino, artists like Andy Warhol, and even Jackie Kennedy were all fans of the signature timepiece from the King of Jewelers and the Jeweler of Kings. An icon indeed in the truest sense of the word. The model was first introduced in a few different case shapes which bore different names that intertwine with the inspiration behind them. Perhaps the most significant, well-known, and debatably desirable of these first pieces, the Tank Louis Cartier, was introduced in 1922 and was named after Louis Cartier himself. When people think of a Cartier Tank, theres a good change that this is the model that comes to mind. The example that we have here is one of those pieces. Dating to the late 1960s, it features the classic 23mm x 31mm rectangular case, with clear and defined hallmarks and engravings and correct factory proportions. It shows normal signs of wear throughout and is devoid of any major damage. Inside, the white enamel 'France' signed dial presents nicely, with excellent black printing and a very gentle patina. The blued-steel 'sword' handset compliments the sapphire cabochon crown at the 3 o'clock position. Last but not least, this example comes fitted to a brown leather strap which is joined by its period-correct Cartier signed yellow gold deployant clasp. The best part about this particular tank comes in the form of where it was originally sold. For the US market, Cartier proudly displayed ""France"" on the dial, as well as ""Made In France"" on the back of the case. This is probably what you think of when you hear ""Cartier Tank"" and thats for good reason. This one has a rare hidden twist for one lucky owner and is worthy of the iconic nomenclature that it bears.",Oliver & Clarke,2025-11-06,False
Tudor Submariner Ref. 94010 'Lollipop' - 'RCN' Military Issued w/ Extensive Documentation,Tudor,22950,https://oliverandclarke.com/products/tudor-submariner-ref-76100-lollipop-rcn-military-issued-w-extensive-documentation,https://cdn.shopify.com/s/files/1/0765/6138/3741/files/TUDOR_SUB_BLK_WEB_1_61f8827c-c432-450b-ae27-31e01f76bd0a.jpg?v=1759362382,"The Submariner, namely those produced by Rolex, has long been considered the cream of the crop when it comes to watch collecting as a whole. Possibly the most iconic watch ever produced, the Submariner has long standing utilitarian roots that span decades, and everyone who’s anyone has been spotted wearing one. However, if you look deeper into the Submariner line, you may find a lesser known but just as incredible model manufactured by Tudor. These pieces are not only more unique and uncommon than the traditional Submariner, but offer a more fun, playful design — particularly with the blue-dialed variants and what are known as 'Dots & Daggers' dials like the piece that we have here. This Ref. 94010 is a black-dial variant with a some additional provenance that further adds to its allure. More on that later. Dating to circa 1985, it features a fantastic unpolished Oyster case with visible factory finishing throughout and shows normal wear for its age. The bezel and insert show only light wear and present beautifully. Inside, the dial is beautifully preserved, with gently patinated indices and a matching 'lollipop' handset. It comes fitted to a correct Oyster bracelet with a signed fliplock clasp with dive extension. Last but not least, included with the purchase of this piece is a plethora of documentation confirming its provenance, including but not limited to photographs, letters, and badges. A truly impressive package. This is a real piece of history — a phrase often repeated in the world of watches, though rarely as deservedly as in this case. To many collectors of vintage, regardless of whether the focus is of military watches or not, this 'Milsub' has everything going for it. Military issued, properly vintage, honest condition, and its a Tudor. What more does one need?",Oliver & Clarke,2025-10-02,False
Tudor Montecarlo Chronograph Ref. 7032/0 - 'Home Plate',Tudor,28350,https://oliverandclarke.com/products/tudor-montecarlo-chronograph-ref-7032-0-home-plate,https://cdn.shopify.com/s/files/1/0765/6138/3741/files/TUDOR_MONTECARLO_GREY_STRAP_WEB_1.jpg?v=1758749617,"Rolex is a serious brand. Its younger sibling, Tudor, is a fun brand. Tudor long has been riffing on iconic designs from Brand with the Crown, and the Monte-Carlo is the Tudor version of the Rolex Daytona. In theory, the Tudor formula remains the same. Rolex case, Rolex build-quality, but with a standard ebauche movement to keep the price attractive. But where the Monte Carlo Chrono really comes into its own is with its unique design language. The 'Home Plate' variants, in particular, are amongst the greatest and most desirable variants. The Monte Carlo that we have here, a Ref. 7032/0 dating to circa 1971, is one of those coveted 'Home Plate' examples. It features a 40mm Oyster case — a dimension that it's cousin, the Rolex Daytona, wouldn't see until the late 1980s — along with screw-down pushers and a screw-down crown. This particular example also utilizes an externally affixed bezel with a black acrylic insert — another borrowed option from the Daytona, were a solid steel bezel was also an option during this era. It is inside the case, however, where the 'Home Plate' really stands out as nothing short of a vintage gem. The matte grey dial with its contrasting black subsidiary registers, black minute track, and splashes or orange give this piece a sporty, fun feel that is unmatched in any other watch from the Rolex family. Additionally, the 'home plate' shape of the Tritium plots that give this piece its nickname only ad to the whimsy. It just so happens that the dial within this piece offered here has to be amongst the finest in existence, with a clean surface, uniformly patinated plots, and a beautifully matching handset. Additionally, not only do Monte Carlo's have a date window, but one at the 6 o'clock position. Even by the standards of today, this is a rare positioning. Adding to its unique look and feel, the date is magnified by a horizontal cyclops on the crystal above. The vibrant colors and eye catching design make this one of the watches any serious collector should consider. Factor in the relative rarity next to its contemporaries, the size, and the value it offers, and this piece simply must be on the radar of someone looking for exceptional vintage sport watches.",Oliver & Clarke,2025-09-25,False
Patek Philippe Calatrava Ref. 3435 - Rose Gold,Patek Philippe,16950,https://oliverandclarke.com/products/patek-philippe-calatrava-ref-3435-w-certificate-of-origin,https://cdn.shopify.com/s/files/1/0765/6138/3741/files/PATEK_CALATRAVA_GLD_STRAP_WEB_1_e89fabaf-57e9-439b-8e42-889035ee8b02.jpg?v=1757525711,"The Patek Philippe Calatrava. Arguably the brands most iconic model line, and purest expression of the brand. Their raison d'etre if you will. The line has been a hit since its debut in 1932. So much so, that the name ""Calatrava"" itself has become something of a byword within the watch industry for traditionally styled, no-frills dress watches that simply tell the time. Over the course of its nearly 100-years of production, there have been seemingly countless iterations within the line, with variations in the metal they are made in, with their size, dial configurations, and eventually, complications. The Calatrava that we have here is a Reference 3435 dating to circa the early 1960s. This example is executed in solid rose gold with a signed rose gold crown, and an automatic-winding movement. The case itself is wonderfully sized at 34mm in diameter and features a 'stepped' design with lugs that turn down nicely for a very svelte feel on the wrist. Inside, the silver dial features applied rose gold 'stick' indices and a '12' marker at the 12 o'clock position, a subsidiary seconds register at the 6 o'clock position, black printed text and minute markers, and a matching rose gold 'pencil' handset. The Reference 3435 presents excellent value on the Calatrava spectrum, particularly when compared to its predecessor, the Reference 565 and uncommon rose gold examples like the one that we have here. There are watches, and then there are watches! This is one of the latter.",Oliver & Clarke,2025-09-10,False
Blancpain Fifty-Fathoms - 'Aqua Lung' Unpolished,Other,25850,https://oliverandclarke.com/products/blancpain-fifty-fathoms-aqua-lung-unpolished,https://cdn.shopify.com/s/files/1/0765/6138/3741/files/BLANCPAIN_AQUALUNG_BLK_STRAP_WEB_1.jpg?v=1755115420,"The Blancpain Fifty Fathoms is widely credited as being one of the first three truly purpose-build dive watches that came out in 1953. During the first ten years or so of production, many different variants have surfaced, with slightly different dials, bezels, casebacks, and even movements. Unlike the Zodiac Seawolf and Rolex Submariner from the same era, the Fifty Fathoms range feature a much larger 41mm case size. Considered massive in the 1950s, it is a great size by the standards of today, due largely in part to the way the lugs turn down and taper inward. It is a beautiful design. The cases were also bead-blasted to reduce glare and increase scratch resistance. The result is a very tool-like appearance, yet still elegant with its glossy dial and beautiful script text. The resulting look, much like the other two aforementioned divers, is a wonderfully balance design. The example that we have here dates to circa the late 1950s and is what is known as an 'Aqua Lung' Fifty Fathoms. The case remains in excellent overall condition, spared of any polishing with clear factory lug chamfers and only light signed of wear present throughout. The bezel assembly is correct and also matches the condition of the case and houses a very nicely preserved black 'bakelite' insert. It is seemingly devoid of any major fractures and shows below average wear. Inside, that glossy black dial exhibits a 'confetti'-like patina from age, with beautifully preserved text and luminous indices. The correct white-painted 'sword' handset shows a similar patina in the form of surface oxidation and some discoloration with heavily patinated lume within. The caseback, movement dust cover, and rotor on the A. Schild automatic-winding calibre are all signed Blancpain. It comes fitted to a Blancpain-signed black Tropic-style rubber strap, which suits this piece perfectly. As is the case with other early divers from the 1950s, good honest examples like this do not surface (no pun intended) on the open market as often as you might think — as collectors tend to hold onto examples like this.",Oliver & Clarke,2025-08-14,False
Tudor Ranger Date Ref. 9050/0,Tudor,10250,https://oliverandclarke.com/products/tudor-ranger-date-ref-9050-1,https://cdn.shopify.com/s/files/1/0765/6138/3741/files/TUDOR_RANGER_BLK_STRAP_WEB_1.jpg?v=1752612717,"The Tudor brand was born in 1926 out of a problem that Rolex founder Hans Wilsdorf had: It is much easier to produce high-quality Rolex Oyster cases at scale, than it is to produce the handmade, assembled, and tested Rolex movements that the cases bear. His brilliant solution, use ebauche calibres (off the shelf mass produced swiss movements from ETA, Valjoux, etc.) and pair them with the high-quality cases from Rolex. This would allow those cases to be used, and be able to offer a very high quality product at a much lower price-point. Many Tudor models even resembled and shared the names of their Rolex relatives: i.e. Submariner, Prince, Oyster, etc. The piece that we have here, an Prince Oysterdate 'Ranger' Ref. 9050/0, dates to circa 1977 and comes to us in excellent overall condition. The 34mm Oyster case is very likely unpolished, retaining symmetrical lugs at all four corners and shows normal signs of wear with no apparent damage. Like its Rolex cousin, the bezel is a smooth steel unit and is in matching condition. The real highlight with any Ranger, however, is the dial inside. Offered in both time-only variants or with a date, the remaining quadrant numerals are virtually identical to the beloved numerals found on Rolex's Explorer Ref. 1016. This example features a date at 3 o'clock and possesses the characteristic 6, 9, and 12 numerals at the remaining positions, as well as 'stick' indices — all of which exhibit an attractive and uniform patina. Additionally, the correct 'shovel'-style handset matches the dial beautifully. This is a strong example of a vintage field watch that has seen steady grown in popularity, with no signs of stopping... ...and with the most recent modern interpretation of this piece being a hit, these vintage examples are being held and surface far less than they previously had on the open market.",Oliver & Clarke,2025-07-17,False
IWC Yacht Club 18K Ref. 811A - 'Brushed' Grey Dial,IWC,6350,https://oliverandclarke.com/products/iwc-yacht-club-18k-ref-811a-brushed-grey-dial,https://cdn.shopify.com/s/files/1/0765/6138/3741/files/IWC_YACHTCLUB_BLK_STRAP_WEB_1.jpg?v=1752612628,"The International Watch Company. Founded in 1868 in Switzerland by an American, IWC Schaffhausen enjoys a rich history in watchmaking, spanning complicated pocket watches, to pioneering wrist watches made of out experimental materials. Be there no doubt, the most popular and well-known family of watches from the brand is its 'Pilot' line, which began in the first half of the twentieth century and now offers a simply massive variety of models with different materials, sizes, movements, etc. You name it, they have it. What is slightly lesser-known are models like the piece that we have here, a Yacht Club. Introduced in 1967, IWC's goal was to fill a market gap and create a watch that could be right at home in elegant or more formal setting, but also had sporting elements like water-resistance, an automatic-winding movement, etc. The name says it all, really. Yacht Clubs, like so many models, would eventually be offered in a variety of shapes, sizes, and metals, with the example that we have here being crafted out of solid yellow gold. Dating to circa 1965, this Reference 811A is a very early example. The 'tonneau'-style case is a versatilely-sized 35mm in diameter and has a screw-down caseback. It is offered in strong overall condition, with correct proportions and showing normal signs of wear from age throughout. Inside, the 'brushed' grey dial it beautifully preserved and seemingly devoid of any of the usual degradation found on colored dials from this era. It features both applied indices with black inserts and Tritium plots on the outside, which remain fully-intact and evenly patinated. The handset has matching black inserts and Tritium within. Powering this piece is IWC's automatic-winding Calibre C.8541 with a date, which can be operated by the signed yellow gold crown at the 3 o'clock position. While by no means a forgotten family of watches, the Yacht Club is a historically significant gem from IWCs history that, like when new, functions beautifully as an everyday vintage piece fit for virtually any occasion.",Oliver & Clarke,2025-07-17,False
Cartier Tank Cintrée '7 Lignes' - London,Cartier,38500,https://oliverandclarke.com/products/cartier-tank-cintree-7-lignes-london,https://cdn.shopify.com/s/files/1/0765/6138/3741/files/CARTIER_TANK_LONDON_SLIM_WEB_1.jpg?v=1743555572,"The Cartier Tank was one of the first wristwatches. Full stop! Inspired by the Renault Tanks used on the battlefield in WWI — yes, true story. Revolutionary at the time, Louis Cartier took inspiration from the profile of the treads on a period Renault tank, and based the case on them by way of the of brancards doubling as the lugs themselves. Over the course of the 20 th Century, the Tank became the watch to wear. Silent movie stars like Rudolph Valentino, artists like Andy Warhol, and even Jackie Kennedy were all fans of the signature timepiece from the King of Jewelers and the Jeweler of Kings. An icon indeed in the truest sense of the word. The model was first introduced in a few different case shapes which bore different names that intertwine with the inspiration behind them. The Tank 'Cintrée' was one of these early designs. In 1921, Cartier introduced the now legendary Cintrèe model, an elongated, curved take on the Tank 'Normale'. The word ""cintrée"" translates to ‘curved’ in French — another example of how literal Cartier can be. Like so many watches, the Cintrée underwent a number of minor changes over the years, with very early examples favoring 'Breguet'-style hands, while later exampled shifted to blue-steel 'sword' hands. Cintrées have never been officially discontinued, but are rarely stocked in Cartier boutiques worldwide, making them incredibly scarce and elusive to collectors. A recent example, for the 100th anniversary of the Cintrée in 2021, Cartier simply released and sold 1.1 re-issues of the first Cintrée to its top 150 clients without ever even issuing a press release or announcing the watch! Naturally, finding a vintage Cintrée has become difficult. What we have here, a small size called the '7 Lignes', features a curved rectangular case like all Cintrée models coming in at approximately 18mm x 34mm. This example, however, has a more rounded rectangular caseback, rather than the 'bubbleback' design that you will typically find on this size. That, in addition to the script text on the lower half of the dial, will reveal why. This piece is a coveted and flat-out rare 'London' Cintrée. During the era that this piece was produced, Cartier London was more or less operating completely independently of Cartier Paris and New York, utilizing different movements, case designs, dial designs, etc. This is when and where pieces like the Pebble and Crash were conceived. This example is comes to us in very nice overall condition. The case remains very strong, possibly even unpolished, with correct finishing throughout and shows normal signs of wear. At the 3 o'clock position you will find Cartiers classic sapphire cabochon crown, which is used to set and wind the Jaeger-LeCoultre manual-winding movement within. Also inside the case, the correct Cartier London hallmarks confirming the origin of this piece are visible and clear, as is the case number on the outer caseback. The white dial inside has been professionally restored and it looks beautiful. The ""Cartier"" and ""London"" script beautifully compliment eachother on their respective halves of the dial, and all of the black text is crisp and clear contrasting that matte white surface. This piece comes fitted to a black alligator leather strap with its correct Cartier signed 18k deployant clasp. And unlike virtually all other vintage Cartier, some of the London pieces actually featured a serial number that matches the case number, which is what we have here. Don't let the size fo",Oliver & Clarke,2025-04-03,False
Cartier Tank 'Magnum' - 1940s W/ JLC Movement,Cartier,52850,https://oliverandclarke.com/products/cartier-tank-magnum-1940s-w-jlc-movement,https://cdn.shopify.com/s/files/1/0765/6138/3741/files/CARTIER_TANK_STRAP_WEB_1.jpg?v=1741649103,"The Cartier Tank was one of the first wristwatches. Full stop! Inspired by the Renault Tanks used on the battlefield in WWI — yes, true story. Revolutionary at the time, Louis Cartier took inspiration from the profile of the treads on a period Renault tank, and based the case on them by way of the of brancards doubling as the lugs themselves. Over the course of the 20 th Century, the Tank became the watch to wear. Silent movie stars like Rudolph Valentino, artists like Andy Warhol, and even Jackie Kennedy were all fans of the signature timepiece from the King of Jewelers and the Jeweler of Kings. An icon indeed in the truest sense of the word. The model was first introduced in a few different case shapes which bore different names that intertwine with the inspiration behind them. The example that we have here is a riff on one of those pieces — and a very, very special one indeed. Dating to the circa 1947, this piece features an oversized rectangular case coming in at approximately 25mm x 37mm. With no actual model name, collectors have come to call these 'Magnums,' 'Super Tanks,' or 'Maxi Tanks.' The actual design of these pieces are most closely reminiscent of the Tank Normale, but of course, these are roughly twice the size! These pieces all feature manual-winding movements, with the earlier examples utilizing movements by European Watch & Clock, and the later examples movements by Jaeger LeCoultre. It is believed that both of these movements also underwent a period of overlap and were even interchangeable. The dial inside is matte white with its text and indices executed in the old 'stamp' style. The handset — blued-steel, of course — is unique to this model, featuring a wider and more exaggerated 'sword' shape. They are very attractive and well fitting for a piece of this size. The crown appears to be a period-correct flat unit. This example also comes fitted to a period-correct wide-style signed deployant clasp with a later Cartier leather strap. The condition of this piece is fantastic given its age and precious metal construction. Possibly unpolished, it shows normal signs of wear and light sleeve-polishing throughout, with clear and defined hallmarks. The dial inside has likely been restored at a previous time and features a clean white surface with the correct 'stamped' text and indices throughout. The correct handset shows light surface oxidation. It is estimated that there are right around ten of these ever produced, beginning in the 1930s and extending into the early 1950s... Need we say more?",Oliver & Clarke,2025-03-13,False
Tissot 15TL Rose Gold Chronograph - Black 'Gilt' Multi-Scale' Dial,Other,10750,https://oliverandclarke.com/products/tissot-15tl-rose-gold-chronograph-black-gilt-multi-scale-dial,https://cdn.shopify.com/s/files/1/0765/6138/3741/files/TISSOT_CHRONO_BLK_STRAP_WEB_1.jpg?v=1736988046,"Tissot has a long and rich history in watchmaking with the first half of the 20th century widely regarded as their golden age. We're not ones to disagree, and how could we when pieces like this exist. What we have here is a 15TL chronograph from circa the 1940s. Considered an 'oversize' or 'jumbo' model in its day, this piece comes in at approximately 37mm in diameter and is constructed out of solid rose gold. Good start, but it gets better. Inside the case is a glossy black 'gilt' dial, with two subsidiary registers with 'radial' finishing, applied rose golf 'foil' indices in an Arabic font, both tachymeter and telemeter scales, and a matching rose gold-tone 'pencil' handset. The case has been previously polished, but remains thick and symmetrical throughout, and shows light signs of wear. The dial within is also in matching excellent condition. Beautifully preserved, it shows only light surface wear with no apparent fracturing or damage, clearly visible text, and defined radial finishing within the subsidiary registers. The matching rose gold-tone 'pencil' handset also matches nicely, exhibiting only light surface oxidation. Best of all, the movement powering this piece is the venerable and highly desirable Tissot Calibre 33.3 produced in collaboration with Tissot's parent company, Omega. This movement is widely regarded as the predecessor to what is perhaps the most iconic manually-wound chronograph movement of all time: Omegas Calibre .321. This then, is the kind of piece that really excited us. Manually-wound, objectively rare, historically significant, and in excellent overall condition... ... and we're confident we're not the only ones who feel this way.",Oliver & Clarke,2025-01-16,False
Messico Tan JPM x Oliver & Clarke Leather Watch Strap,Other,115,https://oliverandclarke.com/products/messico-tan-jpm-x-oliver-clarke-leather-watch-strap,https://cdn.shopify.com/s/files/1/0765/6138/3741/products/MESSICO-TAN_2W.jpg?v=1696243629,"There are very few things that can elevate your timepiece quite like a handcrafted leather watch strap. Each individual piece is delicately produced by Jean Paul Mennecuci himself in his artisanal workshop deep in the heart of Italy. Using the finest materials JPM has created a strap that will not only be supple from the moment you receive it, but will develop a patina that is totally unique and long-lasting. This incredible Messico Tan strap is one of the most luxurious yet wearable straps we’ve ever come across. Its smooth texture allows the watch to shine while being the perfect accompaniment. It is beautiful, yet versatile, never being out of place. Pairs perfectly with anything from a suit to shorts! Featuring a durable high luster stainless steel tang buckle, hand stitched contrasting lines and an expertly embossed reverse this elegant strap can’t help, but to take your watch to the next level.",Oliver & Clarke,2023-10-02,False
Cervo Wheat JPM x Oliver & Clarke Leather Watch Strap,Other,125,https://oliverandclarke.com/products/cervo-wheat-jpm-x-oliver-clarke-leather-watch-strap,https://cdn.shopify.com/s/files/1/0765/6138/3741/products/WHEAT_2W.jpg?v=1696243519,"There are very few things that can elevate your timepiece quite like a handcrafted leather watch strap. Each individual piece is delicately produced by Jean Paul Mennecuci himself in his artisanal workshop deep in the heart of Italy. Using the finest materials JPM has created a strap that will not only be supple from the moment you receive it, but will develop a patina that is totally unique and long-lasting. This incredible Cervo Brown is one of the most comfortable straps we’ve ever tried. With its full stitching and silky exterior it has instantly become a favorite. Because of its luxurious, but subdued nature it is perfect for a wide variety of watches in a even wider variety of settings. Featuring a durable high luster stainless steel tang buckle, hand stitched contrasting lines and an expertly embossed reverse this elegant strap can’t help, but to take your watch to the next level.",Oliver & Clarke,2023-10-02,False
Cervo Taupe JPM x Oliver & Clarke Leather Watch Strap,Other,125,https://oliverandclarke.com/products/cervo-taupe-jpm-x-oliver-clarke-leather-watch-strap,https://cdn.shopify.com/s/files/1/0765/6138/3741/products/CERVO-TAUPE_2W.jpg?v=1696243504,"There are very few things that can elevate your timepiece quite like a handcrafted leather watch strap. Each individual piece is delicately produced by Jean Paul Mennecuci himself in his artisanal workshop deep in the heart of Italy. Using the finest materials JPM has created a strap that will not only be supple from the moment you receive it, but will develop a patina that is totally unique and long-lasting. This incredible Cervo Brown is one of the most comfortable straps we’ve ever tried. With its full stitching and silky exterior it has instantly become a favorite. Because of its luxurious, but subdued nature it is perfect for a wide variety of watches in a even wider variety of settings. Featuring a durable high luster stainless steel tang buckle, hand stitched contrasting lines and an expertly embossed reverse this elegant strap can’t help, but to take your watch to the next level.",Oliver & Clarke,2023-10-02,False
'Desert Sand' Molequin x Oliver and Clarke 'Grained' Watch Strap,Other,120,https://oliverandclarke.com/products/desert-sand-molequin-x-oliver-and-clarke-grained-watch-strap,https://cdn.shopify.com/s/files/1/0765/6138/3741/products/OCWS_M_G_DS_2.jpg?v=1696243534,"Our handmade calf skin is produced in France. It’s an exceptional leather that we are able to cut very thin, giving an elegant and refined aesthetic. Despite this, the straps remain resilient and hold their form well over normal usage. The leather deals well with scratches and is also easy to care for and can be cleaned with a simple wipe using a damp cloth. This creamy 'sand' tone is a favorite of our for pairing with more casual and sporty vintage timepieces, as well as for dressing-down traditionally 'dressier' pieces, often in gold.",Oliver & Clarke,2023-10-02,False
Cervo Brown JPM x Oliver & Clarke Leather Watch Strap,Other,125,https://oliverandclarke.com/products/cervo-brown-jpm-x-oliver-clarke-leather-watch-strap,https://cdn.shopify.com/s/files/1/0765/6138/3741/products/CERVO-MEDIUM-BROWN_2W.jpg?v=1696243502,"There are very few things that can elevate your timepiece quite like a handcrafted leather watch strap. Each individual piece is delicately produced by Jean Paul Mennecuci himself in his artisanal workshop deep in the heart of Italy. Using the finest materials JPM has created a strap that will not only be supple from the moment you receive it, but will develop a patina that is totally unique and long-lasting. This incredible Cervo Brown is one of the most comfortable straps we’ve ever tried. With its full stitching and silky exterior it has instantly become a favorite. Because of its luxurious, but subdued nature it is perfect for a wide variety of watches in a even wider variety of settings. Featuring a durable high luster stainless steel tang buckle, hand stitched contrasting lines and an expertly embossed reverse this elegant strap can’t help, but to take your watch to the next level.",Oliver & Clarke,2023-10-02,False
'Hunter' Green Molequin x Oliver and Clarke 'Grained' Watch Strap,Other,120,https://oliverandclarke.com/products/hunter-green-molequin-x-oliver-and-clarke-grained-watch-strap,https://cdn.shopify.com/s/files/1/0765/6138/3741/products/OCWS_M_G_HG_2.jpg?v=1696243496,"Our handmade calf skin is produced in France. It’s an exceptional leather that we are able to cut very thin, giving an elegant and refined aesthetic. Despite this, the straps remain resilient and hold their form well over normal usage. The leather deals well with scratches and is also easy to care for and can be cleaned with a simple wipe using a damp cloth. The stunning Hunter green color gives a rich appeal to any timepiece it's fitted to. We especially love it on anything yellow or rose gold, but of course it is wonderfully suited for any metal.",Oliver & Clarke,2023-10-02,False
'Navy' Blue Molequin x Oliver and Clarke 'Grained' Watch Strap,Other,120,https://oliverandclarke.com/products/navy-blue-molequin-x-oliver-and-clarke-grained-watch-strap,https://cdn.shopify.com/s/files/1/0765/6138/3741/products/OCWS_M_G_NB_2.jpg?v=1696243489,"Our handmade calf skin is produced in France. It’s an exceptional leather that we are able to cut very thin, giving an elegant and refined aesthetic. Despite this, the straps remain resilient and hold their form well over normal usage. The leather deals well with scratches and is also easy to care for and can be cleaned with a simple wipe using a damp cloth. The stunning and rich navy color lends itself extremely well to both gold and white-metal timepieces, blending elegance with casual feelings on the wrist. This wonderful shade is paired perfectly with the contrasting stitching and high polish tang buckle.",Oliver & Clarke,2023-10-02,False
'Smoke' Grey Molequin x Oliver and Clarke 'Grained' Watch Strap,Other,120,https://oliverandclarke.com/products/smoke-grey-molequin-x-oliver-and-clarke-grained-watch-strap,https://cdn.shopify.com/s/files/1/0765/6138/3741/files/OCWS_M_G_SG_2_2.jpg?v=1765836478,"Our handmade Grained Calf Skin is produced in France. It’s an exceptional leather that we are able to cut very thin, giving an elegant and refined aesthetic. Despite this, the straps remain resilient and hold their form well over normal usage. The leather deals well with scratches and is also easy to care for and can be cleaned with a simple wipe using a damp cloth. The gorgeous smoke grey color pairs well with almost any timepiece allowing it to be one of the most versatile straps imaginable. With wonderful contrasting stitching and a high polish tang buckle this strap is a wonder to wear on the wrist.",Oliver & Clarke,2023-10-02,False
'Granite' Molequin x Oliver and Clarke 'Nubuck' Watch Strap,Other,120,https://oliverandclarke.com/products/granite-molequin-x-oliver-and-clarke-nubuck-watch-strap,https://cdn.shopify.com/s/files/1/0765/6138/3741/products/OCWS_M_N_G_2.jpg?v=1696243477,"Made from the best part of the hide and sanded for a plush, velvet-like feel, this Molequin watch strap is apart of the Taurillon Nubuck Collection. These straps are supple yet resilient and offer long lasting beauty and comfort. The color is wonderful, featuring a truly unique shade of grey that allows it to stand out while still preserving a refined and classic look. Handmade with striking contrasting stitching and a high polish tang buckle, this strap is hard to beat.",Oliver & Clarke,2023-10-02,False
'Alzan' Molequin x Oliver and Clarke 'Nubuck' Watch Strap,Other,120,https://oliverandclarke.com/products/alzan-molequin-x-oliver-and-clarke-nubuck-watch-strap,https://cdn.shopify.com/s/files/1/0765/6138/3741/products/OCWS_M_N_A_2.jpg?v=1696243385,"Made from the best part of the hide and sanded for a plush, velvet-like feel, this Molequin watch strap is apart of the Taurillon Nubuck Collection. These straps are supple yet resilient and offer long lasting beauty and comfort. The incredible Azlan color gives a warm and unique feel to nay watch it is paired with. This vibrant tonnage and subtle texture allows it to stand out while still flying under the radar. Featuring wonderful contrasting stitching and a high polish polish tang buckle, this piece is truly hard to beat.",Oliver & Clarke,2023-10-02,False
Alpina Honey JPM x Oliver & Clarke Leather Watch Strap,Other,125,https://oliverandclarke.com/products/alpina-honey-jpm-x-oliver-clarke-leather-watch-strap,https://cdn.shopify.com/s/files/1/0765/6138/3741/products/ALPINE-HONEY_2W.jpg?v=1696243371,"There are very few things that can elevate your timepiece quite like a handcrafted leather watch strap. Each individual piece is delicately produced by Jean Paul Mennecuci himself in his artisanal workshop deep in the heart of Italy. Using the finest materials JPM has created a strap that will not only be supple from the moment you receive it, but will develop a patina that is totally unique and long-lasting. This superb Alpina Honey has to be one of the most interesting and attractive straps I have ever seen. It has the wonderful ability to boost any watches importance and gravitas. Hand crafted out of the most premium Italian pebbled leather this piece is perfect for any piece in any situation. Featuring a durable high luster stainless steel tang buckle, hand stitched contrasting lines and an expertly embossed reverse this elegant strap can’t help, but to take your watch to the next level.",Oliver & Clarke,2023-10-02,False
Cervo Grey JPM x Oliver & Clarke Leather Watch Strap,Other,125,https://oliverandclarke.com/products/cervo-grey-jpm-x-oliver-clarke-leather-watch-strap,https://cdn.shopify.com/s/files/1/0765/6138/3741/products/CERVO-GREY_2W.jpg?v=1696242952,"There are very few things that can elevate your timepiece quite like a handcrafted leather watch strap. Each individual piece is delicately produced by Jean Paul Mennecuci himself in his artisanal workshop deep in the heart of Italy. Using the finest materials JPM has created a strap that will not only be supple from the moment you receive it, but will develop a patina that is totally unique and long-lasting. This incredible Cervo Grey is one of the most comfortable straps we’ve ever tried. With its full stitching and silky exterior it has instantly become a favorite. Because of its luxurious, but subdued nature it is perfect for a wide variety of watches in a even wider variety of settings. Featuring a durable high luster stainless steel tang buckle, hand stitched contrasting lines and an expertly embossed reverse this elegant strap can’t help, but to take your watch to the next level.",Oliver & Clarke,2023-10-02,False
