title,brand,price,url,img,description,source,date,sold
Jaeger LeCoultre Futurmatic Or Rose 18k Circa 1960 Réf.E601 Cal.Jaeger-LeCoultre 497 -Circa 1960-,Other,9500,https://pascalkarpwatchesexpertise.com/products/jaeger-lecoultre-futurmatic-or-rose-18k-circa-1960-ref-e601-cal-jaeger-lecoultre-497-circa-1960,https://cdn.shopify.com/s/files/1/0521/0429/8688/files/2026_09_09_JAEGER_WEB-1copie.jpg?v=1789127093,"Élégante Jaeger-LeCoultre Futurematic des années 1960 en or rose 18 carats, référence E601. Ce modèle est équipé du calibre 497, un mouvement automatique à marteau (« bumper ») incluant un indicateur de réserve de marche à 9 heures, une petite seconde à 3 heures et une fonction stop-seconde. La couronne de remontage est située au dos du boîtier. La montre présente un cadran argenté d'origine avec des chiffres arabes appliqués et des aiguilles dauphines. Le boîtier en trois parties à fond vissé mesure 37 mm sur 44 mm (anses incluses) pour une épaisseur de 7 mm (verre compris). Le mouvement et le boîtier sont signés et numérotés. Article en parfait état de conservation et de fonctionnement, révisé dans notre atelier. 2 ans de garantie. Détails de la montre Type de montre Montre Sexe Homme/Unisexe Marque Jaeger LeCoultre Numéro de référence E601 Modèle Futurmatic Or Rose 18k Circa 1960 État Très bon Contenu livré Montre uniquement Mouvement Remontage automatique Boîtier Or rose Année de fabrication Circa 1960 Bracelet Couleur du bracelet Beige Type de fermoir Boucle ardillon Boîtier Étanche Non étanche Verre Plexiglas Chiffres du cadran Arabes Diamètre 37mm * 44mm Calibre Calibre/Rouages Jaeger-LeCoultre 497 Autres Petite seconde Oui Indication de la réserve de marche Oui État d'origine/Pièces originale Oui",Pascal Karp,2026-09-11,False
Audemars Piguet Millenary Automatique / Bracelet acier – 1999- Réf.15049ST.OO.1136ST.02  Cal.Automatique AP 2225 -1999-,Other,12500,https://pascalkarpwatchesexpertise.com/products/audemars-piguet-millenary-automatique-bracelet-acier-1999-ref-15049st-oo-1136st-02-cal-automatique-ap-2225-1999,https://cdn.shopify.com/s/files/1/0521/0429/8688/files/2026_09_07_AP_WEB-5772.jpg?v=1789048093,"Audemars Piguet Millenary en acier sur bracelet acier, référence 15049ST.OO.1136ST.02, équipée du calibre automatique AP 2225 avec fonctions seconde centrale et date rapide par guichet. Superbe cadran blanc à chiffres arabes émaillés bleus, aiguilles en acier bleui, boîtier ovale inversé en trois parties avec fond vissé et lunette lisse, verre saphir. Bracelet complet en acier inoxydable en excellent état. Dimensions : 38 mm (hors couronne) x 8,8 mm (verre inclus). Le mouvement et le boîtier sont signés et numérotés. Pièce dans un état de conservation et de fonctionnement parfait, révisée dans notre atelier et livrée avec ses certificats d'origine. Garantie de 2 ans. Détails de la montre Type de montre Montre Sexe Homme/Unisexe Marque Audemars Piguet Numéro de référence 15049ST.OO.1136ST.02 Modèle Millenary Automatique/Bracelet Acier -1999- État Très bon Contenu livré Montre avec papiers d'origine Mouvement Remontage automatique Boîtier Acier Année de fabrication 1999 Bracelet Couleur du bracelet Acier Type de fermoir Double plis Boîtier Étanche Étanche à l'origine Verre Verre saphir Chiffres du cadran Arabes Diamètre 38mm * 39mm Fonctions Date Oui Autres Seconde centrale Oui État d'origine/Pièces originale Oui",Pascal Karp,2026-09-10,False
Omega  Seamaster Planet Ocean 600M « Sochi 2014 » Édition Limitée -2016- Réf. 522.30.46.21.01.001 Cal.Co-Axial 8500 -2016-,Other,4200,https://pascalkarpwatchesexpertise.com/products/omega-seamaster-planet-ocean-600m-sochi-2014-edition-limitee-2016-ref-522-30-46-21-01-001-cal-co-axial-8500-2016,https://cdn.shopify.com/s/files/1/0521/0429/8688/files/2026_09_09_OMEGA_WEB-5968.jpg?v=1788963547,"Chronomètre Omega Seamaster Planet Ocean 600M « Sochi 2014 » édition limitée en acier inoxydable sur bracelet acier, référence 522.30.46.21.01.001, équipée du calibre Omega Co-Axial 8500, fonctions secondes au centre, date rapide en guichet à 3 h, mouvement à remontage automatique. Cadran noir mat, index et aiguillage luminescents, boîtier massif 3 pièces, fond et couronne vissés, lunette tournante unidirectionnelle en céramique noire mate, verre saphir, bracelet acier complet en parfait état. Étanchéité garantie jusqu'à 600 mètres. Dimensions : 45 mm (hors couronne), le mécanisme et la boîte sont signés et numérotés. Exemplaire livré avec ses certificats et son écrin d’origine, révisé dans notre atelier. 2 ans de garantie. Détails de la montre Type de montre Montre Sexe Homme/Unisexe Marque Omega Numéro de référence 522.30.46.21.01.001 Modèle Seamaster Planet Ocean 600M « Sochi 2014 » Édition Limitée -2016- État Très bon Contenu livré Montre avec coffret d'origine et papiers d'origine Mouvement Remontage automatique Boîtier Acier Année de fabrication 2016 Bracelet Couleur du bracelet Acier Type de fermoir Double plis Boîtier Étanche 60 ATM Verre Verre saphir Matériau de la lunette Acier Diamètre 45mm * 45mm Calibre Calibre/Rouages Omega Co-Axial 8500 Fonctions Date Oui Autres Seconde centrale Oui Chiffres lumineux Oui Aiguilles luminescentes Oui Chronomètre Oui Lunette tournante Oui Couronne vissée Oui État d'origine/Pièces originale Oui Index luminescents Oui",Pascal Karp,2026-09-09,False
Baume & Mercier Chronographe Triple Date Or rose Circa 1950 Réf.3902 Cal.Valjoux 72C -Circa 1950-,Other,6300,https://pascalkarpwatchesexpertise.com/products/baume-mercier-cxhronographe-triple-date-or-rose-circa-1950-ref-3902-cal-valjoux-72c-circa-1950,https://cdn.shopify.com/s/files/1/0521/0429/8688/files/2026_09_09_BAUME_MERCIER_WEB-5955_8762b862-2c5c-4693-a6a7-358ffdd09857.jpg?v=1788961563,"Élégant chronographe Baume & Mercier à calendrier complet en or rose 18 ct, réf. 3902, équipé du calibre Valjoux 72C : fonctions triple date, addition des heures et minutes (30 min), enclenchement du chrono par une roue à colonnes, mouvement à remontage manuel. Cadran original en excellent état, 2 registres, 3 compteurs, index appliqués et aiguilles glaive en or rose, indication de la date en chemin de fer, calendrier français. Boîtier et anses stylisées, lunette lisse rapportée, fond pressé, poussoirs carrés en or rose. Dimensions : 36 mm (hors couronne) x 43 mm (anses incluses) x 10 mm (verre compris). Le mécanisme et la boîte sont signés et numérotés. Article rare en excellent état de conservation et parfait état de fonctionnement. Révisé dans notre atelier, 2 ans de garantie. Détails de la montre Type de montre Montre Sexe Homme/Unisexe Marque Baume & Mercier Numéro de référence 3902 Modèle Chronographe Triple Date Or rose Circa 1950 État Très bon Contenu livré Montre uniquement Mouvement Remontage manuel Boîtier Or rose Année de fabrication Circa 1950 Bracelet Couleur du bracelet Beige Type de fermoir Boucle ardillon Boîtier Étanche Non étanche Verre Plexiglas Matériau de la lunette Or rose Diamètre 36mm * 10mm Calibre Calibre/Rouages Valjoux 72C Fonctions Chronographe Oui Affichage des jours Oui Affichage des mois Oui Date Oui Autres État d'origine/Pièces originale Oui",Pascal Karp,2026-09-09,False
Rolex Oyster Perpetual Explorer I -1980- Réf.1016 Cal.Rolex COSC 1570  -1980-,Other,21500,https://pascalkarpwatchesexpertise.com/products/rolex-oyster-perpetual-explorer-i-1980-ref-1016-cal-rolex-cosc-1570-1980,https://cdn.shopify.com/s/files/1/0521/0429/8688/files/2026_09_07_ROLEX_WEB-5794_copie.jpg?v=1788960929,"Rolex Oyster Perpetual Explorer I, référence 1016, chronomètre certifié en acier inoxydable monté sur bracelet acier. Elle est équipée du calibre Rolex 1570 à remontage automatique, fonctions trotteuse centrale et stop seconde. Le cadran « tritium » noir mat, chiffres arabes 3-6-9, aiguilles de type Mercedes. Boîtier et couronne vissés, verre bombé en acrylique, lunette lisse, bracelet Oyster complet (n° 78360) en excellent état. Dimensions : 36 mm (hors couronne). Le mécanisme et le boîtier sont signés et numérotés. Cette pièce est en parfait état de conservation et de fonctionnement, révisée en atelier. Garantie 2 ans. Livrée avec son écrin et ses certificats d'origine. Détails de la montre Type de montre Montre Sexe Homme/Unisexe Marque Rolex Numéro de référence 1016 Modèle Oyster Perpetual Explorer I -1980- État Très bon Contenu livré Montre avec coffret d'origine et papiers d'origine Mouvement Remontage automatique Boîtier Acier Année de fabrication 1980 Bracelet Couleur du bracelet Acier Type de fermoir Double plis Boîtier Verre Plexiglas Chiffres du cadran Arabes Matériau de la lunette Acier Diamètre 36mm * 36mm Calibre Calibre/Rouages 1570 Base Calibre Manufacture Rolex Autres Seconde centrale Oui Chiffres lumineux Oui Aiguilles luminescentes Oui Chronomètre Oui Couronne vissée Oui État d'origine/Pièces originale Oui",Pascal Karp,2026-09-09,False
IWC Big Pilot 43 Spitfire -2025- Réf.IW329701 Cal. IWC 82100 -2025-,Other,6800,https://pascalkarpwatchesexpertise.com/products/iwc-big-pilot-43-spitfire-2025-ref-iw329701-cal-iwc-82100-2025,https://cdn.shopify.com/s/files/1/0521/0429/8688/files/2026_09_07_IWC_2_WEB-5782.jpg?v=1788947345,"IWC Big Pilot 43 Spitfire, référence IW329701. Montre moderne de type aviateur en titane brossé, équipée du calibre de manufacture IWC 82100 à remontage automatique, fonctions seconde au centre et stop-seconde. Cadran noir mat avec chiffres arabes (format 24 h), aiguilles et index luminescents. Boîtier massif en deux parties avec fond vissé et gravé, couronne vissée surdimensionnée, verre saphir, étanche jusqu'à 100 mètres. Dimensions : 43 mm (hors couronne) x 14 mm (verre inclus). Mouvement et boîtier signés et numérotés. Article proche du neuf, livré avec son bracelet et sa boucle déployante d'origine, ainsi que sa carte de garantie. Détails de la montre Type de montre Montre Sexe Homme/Unisexe Marque IWC Numéro de référence IW329701 Modèle Big Pilot 43 Spitfire -2025- État Très bon Contenu livré Montre avec coffret d'origine et papiers d'origine Mouvement Remontage automatique Boîtier Titane Année de fabrication 2025 Bracelet Couleur du bracelet Brun Type de fermoir Double plis Boîtier Étanche 10 ATM Verre Verre saphir Chiffres du cadran Arabes Diamètre 43mm * 14mm Calibre Calibre/Rouages IWC 82100 Base Calibre Manufacture IWC Autres Seconde centrale Oui Aiguilles luminescentes Oui Chiffres lumineux Oui Couronne vissée Oui État d'origine/Pièces originale Oui Index luminescents Oui",Pascal Karp,2026-09-09,False
"Omega Military Royal Air Force ""Fat Arrow"" 37 mm -1953- Réf.2777-1 Cal.283  -1953-",Other,4600,https://pascalkarpwatchesexpertise.com/products/omega-military-royal-air-force-fat-arrow-37-mm-1953-ref-2777-1-cal-283-1953,https://cdn.shopify.com/s/files/1/0521/0429/8688/files/2025_12_23_OMEGA_WEB-2_1ee59500-c4aa-4785-a1af-f03c5a47b80d.jpg?v=1786531820,"Omega pilote Royal Air Force en acier inoxydable réf. CK 2777-1 SC équipée du calibre 283 grade chronomètre, fonction seconde au centre, mouvement à remontage manuel. Cadran tritium noir ""Fat Arrow"" chiffres arabes et aiguillage luminescents à l'origine. Boîtier massif non poli 2 pièces fond vissé, marquage militaire au dos. Dimensions : 37 mm (hors couronne) x 12.5 mm (verre compris), la boîte et le mécanisme sont signés et numérotés. 5900 exemplaires produits pour le ministère britannique de la Défense en 1953. Révisée et contrôlée dans notre atelier, 2 ans de garantie. Détails de la montre Type de montre Montre Sexe Homme/Unisexe Marque Omega Numéro de référence 2777-1 Modèle Military Royal Air Force ""Fat Arrow"" 37 mm -1953- État Bon Contenu livré Montre uniquement Mouvement Remontage manuel Boîtier Acier Année de fabrication 1953 Bracelet Couleur du bracelet Noir Type de fermoir Boucle ardillon Boîtier Étanche Non étanche Verre Plexiglas Chiffres du cadran Arabes Matériau de la lunette Acier Diamètre 37mm * 12mm Calibre Calibre/Rouages 283 Base Calibre Omega Autres Seconde centrale Oui État d'origine/Pièces originale Oui",Pascal Karp,2026-09-08,False
Omega Chronographe Seamaster -1967- Réf.145.006-66 Cal.321 -1967-,Other,5800,https://pascalkarpwatchesexpertise.com/products/omega-chronographe-seamaster-1967-ref-145-006-66-cal-321-1967,https://cdn.shopify.com/s/files/1/0521/0429/8688/files/2026_09_07_OMEGA_WEB-5809.jpg?v=1788870639,"Chronographe 3 compteurs Omega Seamaster en acier inoxydable, réf. 145.016-68, équipé du calibre 321, fonctions addition des heures et minutes (30 min), enclenchement du chronographe par une roue à colonnes, mouvement à remontage manuel. Cadran noir mat en excellent état, échelle tachymétrique sur le rehaut. Boîtier coussin 2 pièces, fond vissé, poussoirs ronds, dimensions : 39 mm (hors couronne) x 43 mm (anses incluses). Le mécanisme et la boîte sont signés et numérotés. Article en très bon état de conservation et de fonctionnement, révisé dans notre atelier. Garantie de 2 ans. Détails de la montre Type de montre Montre Sexe Homme/Unisexe Marque Omega Numéro de référence 145.006-66 Modèle Chronographe Seamaster -1967- État Excellent Contenu livré Montre uniquement Mouvement Remontage manuel Boîtier Acier Année de fabrication 1967 Bracelet Couleur du bracelet Noir Type de fermoir Boucle ardillon Boîtier Étanche Non étanche Verre Plexiglas Diamètre 39mm * 43mm Calibre Calibre/Rouages 321 Fonctions Chronographe Oui Tachymètre Oui Autres État d'origine/Pièces originale Oui",Pascal Karp,2026-09-08,False
Angelus Chronographe Acier Circa 1940 Réf.Na Cal.215 -Circa 1940-,Other,3400,https://pascalkarpwatchesexpertise.com/products/angelus-chronographe-acier-circa-1940-ref-na-cal-215-circa-1940,https://cdn.shopify.com/s/files/1/0521/0429/8688/files/2026_08_31_ANGELUS_WEB-5518.jpg?v=1788357097,"Rare chronographe Angelus à deux compteurs en acier inoxydable. Calibre à remontage manuel Angelus 215, doté d'une roue à colonnes, d'un compteur 45 minutes et d'un totalisateur d'heures. Cadran noir avec inscriptions dorées, chiffres arabes et échelle tachymétrique. Boîtier en trois parties, fond pressé et lunette lisse. Dimensions : 35 mm (39,5 mm avec couronne et poussoirs) x 40 mm (anses incluses). Mouvement et boîte signés et numérotés. La montre est en bon état de conservation et en parfait état de fonctionnement. Révisée en atelier, elle est vendue avec une garantie de 2 ans. Détails de la montre Type de montre Montre Sexe Homme/Unisexe Marque Angelus Numéro de référence Na Modèle Chronographe Acier Circa 1940 État Bon Contenu livré Montre uniquement Mouvement Remontage manuel Boîtier Acier Année de fabrication Circa 1940 Bracelet Couleur du bracelet Beige Type de fermoir Boucle ardillon Boîtier Étanche Non étanche Verre Plexiglas Chiffres du cadran Arabes Diamètre 35mm * 40mm Calibre Calibre/Rouages 215 Base Calibre Angelus Fonctions Chronographe Oui Autres État d'origine/Pièces originale Oui",Pascal Karp,2026-09-02,False
"Patek Philippe Calatrava Automatique ""Backwinder"" Or Blanc 18K Circa 1975  Réf.3563 Cal.353T -Circa 1975-",Other,15300,https://pascalkarpwatchesexpertise.com/products/patek-philippe-calatrava-automatique-backwinder-or-blanc-18k-circa-1975-ref-3563-cal-353t-circa-1975,https://cdn.shopify.com/s/files/1/0521/0429/8688/files/2026_09_01_PATEK_WEB-5623copie_724e0123-fd28-4936-ba5f-4ea534489f55.jpg?v=1788275908,"Élégante Patek Philippe type Calatrava en or blanc 18 ct, référence 3563. Elle est équipée du calibre automatique à rotor périphérique 353T, fonction seconde centrale ; la couronne de remontoir est intégrée à plat sur le fond de la boîte « backwinder ». Cadran « Sigma » ardoise, index diamants et aiguillage en or blanc, boîtier trois parties avec fond vissé et verre minéral, lunette décorée « Clous de Paris ». Dimensions : 35 mm (hors couronne) x 8 mm (verre inclus). Mécanisme et boîtier signés et numérotés, boucle ardillon d'origine en or blanc 18 ct. État excellent, révisée et contrôlée. Garantie de 2 ans. Détails de la montre Type de montre Montre Sexe Homme/Unisexe Marque Patek Philippe Numéro de référence 3563 Modèle Calatrava Automatique ""Backwinder"" Or Blanc 18K Circa 1975 État Très bon Contenu livré Montre uniquement Mouvement Remontage automatique Boîtier Or blanc Année de fabrication Circa 1975 Bracelet Couleur du bracelet Noir Type de fermoir Boucle ardillon Boîtier Étanche Non étanche Verre Verre minéral Diamètre 35mm * 40mm Calibre Calibre/Rouages 353 Base Calibre Patek Philippe Autres Seconde centrale Oui Bandes de Genève Oui État d'origine/Pièces originale Oui",Pascal Karp,2026-09-01,False
"Rolex Datejust Turn-O-Graph ""Thunderbird"" Or/Acier -1983- Réf.16250 Cal.3035",Other,6800,https://pascalkarpwatchesexpertise.com/products/rolex-datejust-turn-o-graph-thunderbird-or-acier-1983-ref-16250-cal-3035-1983,https://cdn.shopify.com/s/files/1/0521/0429/8688/files/2026_08_31_ROLEX_WEB-5583.jpg?v=1788261510,"Rolex Oyster Perpetual Datejust Turn-O-Graph « Thunderbird », référence 16250. Chronomètre certifié en acier inoxydable et or jaune 18 carats. Mouvement automatique calibre 3035 avec fonctions seconde centrale, date rapide « Quickset » à 3 heures et stop-seconde. Cadran champagne en parfait état, index appliqués et aiguilles luminescents à l'origine (tritium). Boîtier Oyster avec fond et couronne vissés. Lunette tournante bidirectionnelle graduée 60 minutes en or jaune 18 carats. Bracelet Jubilé bicolore or/acier n° 62523 H en excellent état. Diamètre de 36 mm (hors couronne), épaisseur de 11,5 mm. Mécanisme et boîtier signés et numérotés. Exemplaire en parfait état de conservation et de fonctionnement, entièrement révisé dans notre atelier. Garantie 2 ans. Détails de la montre Type de montre Montre Sexe Homme/Unisexe Marque Rolex Numéro de référence 16250 Modèle Datejust Turn-O-Graph ""Thunderbird"" Or/Acier -1983- État Très bon Contenu livré Montre avec coffret d'origine Mouvement Remontage automatique Boîtier Or/Acier Année de fabrication 1983 Bracelet Couleur du bracelet Or/Acier Type de fermoir Double plis Boîtier Étanche 10 ATM Verre Plexiglas Matériau de la lunette Or jaune Diamètre 36mm * 36mm Calibre Calibre/Rouages 3035 Base Calibre Rolex Fonctions Date Oui Autres Couronne vissée Oui Chronomètre Oui État d'origine/Pièces originale Oui",Pascal Karp,2026-09-01,False
Jenny Caribbean 1000 Lady Réf.705 Cal.Auto -1978-,Other,3400,https://pascalkarpwatchesexpertise.com/products/jenny-caribbean-1000-lady-ref-705-cal-auto-1978,https://cdn.shopify.com/s/files/1/0521/0429/8688/files/2026_08_24_JENNY_2_WEB-5434.jpg?v=1787914686,"Montre de plongée professionnelle vintage pour dame en acier inoxydable, référence 705, équipée d'un mouvement automatique ETA avec calendrier et trotteuse centrale. Cadran bleu au tritium avec index et aiguilles luminescents d'origine, boîtier monobloc breveté « Triple-Safe » (trois joints d'étanchéité), couronne vissée, verre minéral bombé et lunette tournante bidirectionnelle avec insert en bakélite pour le calcul des temps de plongée et des paliers de décompression. Modèle initialement étanche jusqu'à 1 000 mètres (3 300 pieds). Dimensions : 33 mm (hors couronne) x 13 mm (verre inclus). Mécanisme et boîtier signés et numérotés. Article NOS (stock ancien neuf) jamais porté, révisé en atelier, livré dans son écrin d'origine et son certificat. Garantie 2 ans. Détails de la montre Type de montre Montre Sexe Femme Marque Jenny Numéro de référence 705 Modèle Caribbean 1000 Lady État Jamais portée Contenu livré Montre avec coffret d'origine et papiers d'origine Mouvement Remontage automatique Boîtier Acier Année de fabrication 1978 Bracelet Couleur du bracelet Noir Type de fermoir Boucle ardillon Boîtier Étanche Étanche à l'origine Verre Verre minéral Diamètre 33mm * 13mm Calibre Calibre/Rouages ETA automatique Fonctions Date Oui Autres Lunette tournante Oui Couronne vissée Oui État d'origine/Pièces originale Oui",Pascal Karp,2026-08-28,False
Breitling Navitimer Cosmonaut -1967- Réf.809  Cal.Venus 178 -1967-,Other,5800,https://pascalkarpwatchesexpertise.com/products/breitling-navitimer-cosmonaut-1967-ref-809-cal-venus-178-1967,https://cdn.shopify.com/s/files/1/0521/0429/8688/files/2026_08_24_BREITLING_WEB-5419.jpg?v=1787831164,"Chronographe Breitling Cosmonaute « Scott Carpenter », réf. 809, équipé du calibre Venus 178 modifié (affichage 24 heures). Mouvement à remontage manuel avec fonctions d'addition des heures et des minutes. Cadran 24 heures « Twin Jet » à 4 lignes, index et aiguilles luminescents (tritium). Boîtier non poli à fond pressé, lunette bidirectionnelle avec règle à calcul. Dimensions : 40,5 mm (hors couronne et poussoirs) x 46 mm (cornes incluses). Le mouvement et le boîtier sont signés et numérotés. Exemplaire en excellent état de conservation et de fonctionnement, révisé et contrôlé dans notre atelier. Garantie de 2 ans. Détails de la montre Type de montre Montre Sexe Homme/Unisexe Marque Breitling Numéro de référence 809 Modèle Navitimer Cosmonaut -1967- État Très bon Contenu livré Montre uniquement Mouvement Remontage manuel Boîtier Acier Année de fabrication 1967 Bracelet Largeur entrecorne 22 Couleur du bracelet Noir Type de fermoir Boucle ardillon Boîtier Étanche Non étanche Verre Plexiglas Chiffres du cadran Arabes Diamètre 40.5mm * 13mm Calibre Calibre/Rouages Venus 178 Fonctions Chronographe Oui Autres État d'origine/Pièces originale Oui",Pascal Karp,2026-08-27,False
Consul Chronographe Triple Date Acier Inoxydable Circa 1950,Other,4800,https://pascalkarpwatchesexpertise.com/products/consul-chronographe-triple-date-acier-inoxydable-circa-1950-ref-na-cal-valjoux-72c-circa-1950,https://cdn.shopify.com/s/files/1/0521/0429/8688/files/2026_08_24_CONSUL_WEB-5463_7b5ff1d7-6a25-49e7-97a9-223e5842bbdf.jpg?v=1787752474,"Consul, chronographe-bracelet triple quantième en acier inoxydable équipé du calibre Valjoux 72C, doté des fonctions jour, mois et date par aiguille périphérique, mouvement à remontage manuel. Cadran patiné couleur tabac, chiffres arabes, boîtier massif non poli à fond vissé, poussoirs et correcteurs étanches à l'origine. Dimensions : 35 mm (hors couronne et poussoirs) x 41 mm (anses comprises). Article en bon état vintage, révisé en atelier. Garantie 2 ans. Détails de la montre Type de montre Montre Sexe Homme/Unisexe Marque Consul Numéro de référence Na Modèle Chronographe Triple Date Acier Inoxydable Circa 1950 État Bon état original Contenu livré Montre uniquement Mouvement Remontage manuel Boîtier Acier Année de fabrication Circa 1950 Bracelet Largeur entrecorne 18 Couleur du bracelet Beige Type de fermoir Boucle ardillon Boîtier Étanche Non étanche Verre Plexiglas Chiffres du cadran Arabes Diamètre 35mm * 41mm Calibre Calibre/Rouages Valjoux 72C Fonctions Chronographe Oui Date Oui Affichage des jours Oui Affichage des mois Oui Autres État d'origine/Pièces originale Oui",Pascal Karp,2026-08-26,False
"Omega ""Geneve"" Acier -1964- Réf.131.019 Cal.601 -1964-",Other,2300,https://pascalkarpwatchesexpertise.com/products/omega-geneve-acier-1964-ref-131-019-cal-601-1964,https://cdn.shopify.com/s/files/1/0521/0429/8688/files/2026_08_24_OMEGA_01.jpg?v=1787746817,"Montre Omega « Genève » de type « Calatrava », référence 131.019, en acier inoxydable. Elle est équipée du calibre Omega 601 à remontage manuel avec trotteuse centrale. Superbe cadran argenté crème aux chiffres arabes appliqués, boîtier en deux parties avec fond clipsé. Dimensions : 34 mm (hors couronne) x 38 mm (anses comprises) x 8,5 mm (verre compris). Le mécanisme et le boîtier sont signés et numérotés. Exemplaire en excellent état, révisé dans notre atelier. Garantie 2 ans. Détails de la montre Type de montre Montre Sexe Homme/Unisexe Marque Omega Numéro de référence 131.019 Modèle ""Geneve"" Acier -1964- État Excellent Contenu livré Montre uniquement Mouvement Remontage manuel Boîtier Acier Année de fabrication 1964 Bracelet Largeur entrecorne 18 Couleur du bracelet Beige Type de fermoir Boucle ardillon Boîtier Étanche Non étanche Verre Matière plastique Chiffres du cadran Arabes Diamètre 34mm * 38mm Calibre Calibre/Rouages 601 Base Calibre Omega Autres Seconde centrale Oui État d'origine/Pièces originale Oui",Pascal Karp,2026-08-26,False
Rolex Datejust Oysterquartz -1984- Réf.17014 Cal.Rolex 5035 -1984-,Other,12300,https://pascalkarpwatchesexpertise.com/products/rolex-datejust-oysterquartz-1984-ref-17014-cal-rolex-5035-1984,https://cdn.shopify.com/s/files/1/0521/0429/8688/files/2026_08_24_ROLEX_WEB-5374.jpg?v=1787741936,"Chronomètre certifié Rolex Oysterquartz Datejust, référence 17014, en acier inoxydable et or blanc 18 carats, équipé du calibre Rolex 5035, mouvement à quartz de manufacture. Cadran bleu soleillé, index et aiguilles en or blanc, boîtier Oyster, fond et couronne vissés, lunette cannelée en or blanc 18 carats, verre saphir. Bracelet intégré de type « Jubilé » (référence 17010B), dimensions 36 mm (hors couronne) x 12 mm (verre compris). Service Rolex incluant le remplacement du bracelet, du boîtier et du verre saphir, avec révision complète effectuée le 30/10/2025 ; montre non portée depuis. Livré avec son écrin de service, ses documents d'entretien, sa carte de garantie et la facture Rolex (4051 euros). État neuf, 2 ans de garantie. Détails de la montre Type de montre Montre Sexe Homme/Unisexe Marque Rolex Numéro de référence 17014 Modèle Datejust Oysterquartz -1984- État Jamais portée Contenu livré Montre avec papiers d'origine Mouvement Quartz Boîtier Or/Acier Année de fabrication 1984 Bracelet Couleur du bracelet Acier Type de fermoir Double plis Boîtier Étanche 5 ATM Verre Verre saphir Matériau de la lunette Or blanc Diamètre 36mm * 12mm Calibre Calibre/Rouages 5035 Base Calibre Rolex Fonctions Date Oui Autres Seconde centrale Oui Chronomètre Oui Couronne vissée Oui Mise en circuit rapide Oui État d'origine/Pièces originale Oui",Pascal Karp,2026-08-26,False
Jenny Carribean 1500 Circa 1970 Réf.706 Cal.ETA 2772 -Circa 1970-,Other,3600,https://pascalkarpwatchesexpertise.com/products/jenny-carribean-1500-circa-1970-ref-706-cal-eta-2772-circa-1970,https://cdn.shopify.com/s/files/1/0521/0429/8688/files/2026_08_24_JENNY_WEB-5387.jpg?v=1787661022,"Jenny Caribbean 1500, montre de plongée vintage en acier inoxydable référence 706 équipée du calibre ETA 2772, fonctions secondes au centre, date en guichet à 3 h, mouvement à remontage automatique. Cadran tritium bleu, index et aiguilles luminescents à l'origine, boitier monobloc « Triple-Safe » breveté (trois joints d'étanchéité), couronne vissée, lunette tournante bidirectionnelle en bakélite graduée 60 minutes, verre minéral bombé. Ce modèle était initialement étanche jusqu'à 1 000 mètres (3 300 pieds) ; dimensions : 42 mm (hors couronne) x 13 mm (verre compris). Le mécanisme et le boitier sont signés et numérotés. Article en excellent état, révisé en atelier. 2 ans de garantie. Détails de la montre Type de montre Montre Sexe Homme/Unisexe Marque Jenny Numéro de référence 706 Modèle Carribean 1500 Circa 1970 État Bon Contenu livré Montre uniquement Mouvement Remontage automatique Boîtier Acier Année de fabrication Circa 1970 Bracelet Couleur du bracelet Bleu Type de fermoir Boucle ardillon Boîtier Étanche Étanche à l'origine Verre Verre minéral Matériau de la lunette Bakélite Diamètre 42mm * 13mm Calibre Étanche Étanche à l'origine Verre Verre minéral Matériau de la lunette Plastique Diamètre 42mm * 13mm Calibre/Rouages ETA 2772 Fonctions Date Oui Autres État d'origine/Pièces originale Oui Seconde centrale Oui Lunette tournante Oui",Pascal Karp,2026-08-25,False
Omega Seamaster Chronographe «Soccer Timer » -1970- Réf.145.016-68 Cal.861 -1970-,Other,5600,https://pascalkarpwatchesexpertise.com/products/omega-seamaster-chronographe-soccer-timer-1970-ref-145-016-68-cal-861-1970,https://cdn.shopify.com/s/files/1/0521/0429/8688/files/2026_08_21_OMEGA_2_WEB-5355.jpg?v=1787403159,"Chronographe Omega Seamaster « Soccer Timer » en acier inoxydable, référence 145.016-68, équipé du calibre 861 à remontage manuel avec fonction de totalisateur 30 et 45 minutes. Cadran tritium gris à compteur « racing », aiguilles « crayon » et échelle de 60 minutes sur le réhaut. Boîtier tonneau non poli en deux parties avec fond vissé siglé, verre Omega en hésalite, dimensions : 38 mm x 43 mm. La boîte et le mécanisme sont signés et numérotés ; ce chronographe était destiné aux arbitres de football, leur permettant ainsi d'indiquer la durée des mi-temps (45 minutes). Exemplaire en parfait état, révisé en atelier, 2 ans de garantie. Livré avec son écrin d'origine, bracelet acier non signé. Détails de la montre Type de montre Montre Sexe Homme/Unisexe Marque Omega Numéro de référence 145.016-68 Modèle Seamaster Chronographe «Soccer Timer » -1970- État Très bon Contenu livré Montre avec coffret d'origine Mouvement Remontage manuel Boîtier Acier Année de fabrication 1970 Bracelet Couleur du bracelet Acier Type de fermoir Double plis Boîtier Étanche Non étanche Verre Plexiglas Diamètre 38mm * 43mm Calibre Calibre/Rouages 861 Fonctions Chronographe Oui Autres État d'origine/Pièces originale Oui",Pascal Karp,2026-08-22,False
Omega Seamaster Chronographe Cal.321 -1961- Réf.14364-61 Cal.321 -1961-,Other,6600,https://pascalkarpwatchesexpertise.com/products/omega-seamaster-chronographe-cal-321-1961-ref-14364-61-cal-321-1961,https://cdn.shopify.com/s/files/1/0521/0429/8688/files/2026_08_21_OMEGA_HD-5342_62ba7200-168b-41fb-8626-6f158cf14f05.jpg?v=1787392737,"Chronographe Omega Seamaster trois compteurs en acier inoxydable, référence 14364-61. Mouvement à remontage manuel calibre 321 avec roue à colonne, fonctions chronographe, minutes (30) et heures. Cadran « tritium » de couleur crème avec patine, index bâtons appliqués et aiguilles de type alpha. Boîtier trois pièces à fond vissé, non poli, diamètre de 35 mm (hors couronne et poussoirs) pour 42 mm d'entrecorne. Mouvement et boîte signés et numérotés. Article en état d'origine, révisé dans notre atelier, garanti deux ans. Détails de la montre Type de montre Montre Sexe Homme/Unisexe Marque Omega Numéro de référence 14364-61 Modèle Seamaster Chronographe Cal.321 -1961- État Bon Contenu livré Montre uniquement Mouvement Remontage manuel Boîtier Acier Année de fabrication 1961 Bracelet Largeur entrecorne 18 Couleur du bracelet Beige Type de fermoir Boucle ardillon Boîtier Étanche Non étanche Verre Plexiglas Diamètre 35mm * 42mm Calibre Calibre/Rouages 321 Fonctions Chronographe Oui Autres État d'origine/Pièces originale Oui",Pascal Karp,2026-08-22,False
IWC Ingenieur Jumbo 37 mm -1974- Réf.866 AD Cal.8541B -1974-,Other,8800,https://pascalkarpwatchesexpertise.com/products/iwc-ingenieur-jumbo-37-mm-1974-ref-866-ad-cal-8541b-1974,https://cdn.shopify.com/s/files/1/0521/0429/8688/files/2026_07_27_IWC_WEB-4269copie.jpg?v=1786622266,"Montre IWC Ingenieur, référence 866 AD, en acier inoxydable sur bracelet acier. Équipée du calibre automatique de manufacture IWC 8541B avec fonction seconde centrale et date à 3 heures. Cadran « Sigma » bleu soleillé (index et aiguilles en or), trotteuse centrale de type « pagaie ». Boîtier trois pièces à fond vissé, lunette lisse, bracelet d’origine de type « Oyster ». Dimensions : 37 mm (hors couronne) x 14 mm (verre compris). Produit à seulement 2 000 exemplaires, ce modèle a été conçu spécifiquement pour les ingénieurs et scientifiques exposés à de forts champs magnétiques, résistant jusqu'à 80 000 A/m grâce à une cage interne en fer doux protégeant le mouvement. Article en excellent état de conservation et de fonctionnement, livré avec son extrait d'archives. Garantie de 2 ans. Détails de la montre Type de montre Montre Sexe Homme/Unisexe Marque IWC Numéro de référence 866 AD Modèle Ingenieur Jumbo 37 mm -1974- État Très bon Contenu livré Extrait d’archives IWC Mouvement Remontage automatique Boîtier Acier Année de fabrication 1974 Bracelet Couleur du bracelet Acier Type de fermoir Double plis Boîtier Étanche Étanche à l'origine Verre Verre minéral Matériau de la lunette Acier Diamètre 37mm * 14mm Calibre Calibre/Rouages IWC 8541B Base Calibre International Watch Co. Fonctions Date Oui Autres Seconde centrale Oui État d'origine/Pièces originale Oui",Pascal Karp,2026-08-13,False
Piaget Altiplano Or Blanc 18k Lunette Sertie -2024- Réf.G0A39106  Cal.Piaget 450P -2024- (Copie),Other,8800,https://pascalkarpwatchesexpertise.com/products/piaget-altiplano-or-blanc-18k-lunette-sertie-2024-ref-g0a39106-cal-piaget-450p-2024-copie,https://cdn.shopify.com/s/files/1/0521/0429/8688/files/2026_08_12_PIAGET_WEB-4948.jpg?v=1786541323,"Élégante Piaget Altiplano « Mécanique », élégant modèle extra-plat de 34 mm en or blanc 18 carats. La lunette est sertie de 72 diamants taille brillant (environ 0,5 carat). Référence G0A39106, dotée du calibre extra-plat à remontage manuel Piaget 450P avec petite seconde décentrée à 10 h. Cadran argenté/blanc, index bâtons fins et aiguilles en or blanc. Boîtier à fond vissé poinçonné 18 carats (0,750), lunette sertie et verre saphir. Dimensions : 34 mm x 5 mm (verre inclus). Le mécanisme et le boîtier sont signés et numérotés. Boucle ardillon d'origine en or blanc. État proche du neuf. Garantie 2 ans. Détails de la montre Type de montre Montre Sexe Mixte Marque Piaget Numéro de référence G0A39106 Modèle Altiplano Or Blanc 18k Lunette Sertie -2024- État Très bon Contenu livré Montre uniquement Mouvement Remontage manuel Boîtier Or blanc Année de fabrication 2024 Bracelet Largeur entrecorne 18 Couleur du bracelet Bleu Type de fermoir Boucle ardillon Boîtier Étanche Non étanche Verre Verre saphir Matériau de la lunette Or blanc Diamètre 34mm * 38mm Calibre Calibre/Rouages Piaget 450P Autres Petite seconde Oui État d'origine/Pièces originale Oui",Pascal Karp,2026-08-12,False
Tudor Oyster Prince Day-Date Jumbo 39 mm -1969- Réf.7020 Cal.Tudor 1895-AS -1969-,Other,5100,https://pascalkarpwatchesexpertise.com/products/tudor-oyster-prince-day-date-jumbo-39-mm-1969-ref-7020-cal-tudor-1895-as-1969,https://cdn.shopify.com/s/files/1/0521/0429/8688/files/2026_08_10_TUDOR_WEB_V2-4849.jpg?v=1786461722,"Tudor Oyster Prince Day-Date en acier inoxydable, référence 7020, équipée du calibre Tudor 1895 à remontage automatique, fonctions jour, date et seconde centrale. Cadran noir avec index et aiguilles luminescents (tritium d'origine), guichet du jour à 12 h et guichet de la date à 3 h. Boîtier Rolex Oyster avec fond et couronne vissés, lunette tournante bidirectionnelle graduée sur 60 minutes. Dimensions : 39 mm (hors couronne) x 10 mm (verre inclus). Mouvement et boîtier signés et numérotés. Pièce en excellent état, révisée dans notre atelier et garantie 2 ans. Détails de la montre Type de montre Montre Sexe Homme/Unisexe Marque Tudor Numéro de référence 7020 Modèle Oyster Prince Day-Date Jumbo 39 mm -1969- État Très bon Contenu livré Montre uniquement Mouvement Remontage automatique Boîtier Acier Année de fabrication 1969 Bracelet Couleur du bracelet Noir Type de fermoir Boucle ardillon Boîtier Étanche 5 ATM Verre Plexiglas Matériau de la lunette Acier Diamètre 39mm * 10mm Calibre Calibre/Rouages Tudor 1895 Base Calibre AS Fonctions Date Oui Affichage des jours Oui Autres Seconde centrale Oui État d'origine/Pièces originale Oui",Pascal Karp,2026-08-11,False
Rolex Precision Or Rose 18k -1941- Réf.9025R Cal.700 -1941-,Other,10500,https://pascalkarpwatchesexpertise.com/products/rolex-precision-or-rose-18k-1941-ref-9025r-cal-700-1941,https://cdn.shopify.com/s/files/1/0521/0429/8688/files/2026_08_10_ROLEX_PRECISION_WEB-4807_1.jpg?v=1788610858,"Très rare Rolex Oyster Precision en or rose 18 ct, référence 9025R. Mouvement à remontage manuel, calibre Rolex 700, avec seconde centrale. Cadran crème finement texturée, index appliqués et 'aiguilles « feuilles » en or rose. Boîtier en deux parties, fond clipsé et lunette fixe usinée. Dimensions : 31,5 mm (hors couronne) x 38 mm (cornes incluses). Mouvement et boîtier signés et numérotés. Pièce en superbe état, restaurée par la manufacture Rolex en 2018 (facture de 6 800 CHF fournie). Livrée avec son écrin d’origine et accompagnée d'une garantie de 2 ans. Détails de la montre Type de montre Montre Sexe Homme/Unisexe Marque Rolex Numéro de référence 9025R Modèle Precision Or Rose 18k -1941- État Très bon Contenu livré Montre uniquement Mouvement Remontage manuel Boîtier Or rose Année de fabrication 1941 Bracelet Couleur du bracelet Brun Type de fermoir Boucle ardillon Boîtier Étanche Non étanche Verre Plexiglas Matériau de la lunette Or rose Diamètre 31.5mm * 38mm Calibre Calibre/Rouages 700 Base Calibre Rolex Autres Seconde centrale Oui État d'origine/Pièces originale Oui",Pascal Karp,2026-08-11,False
IWC Ingénieur SL Automatic « Graph Paper Dial » Or et Acier -1987- Réf.IW350601 Cal.IWC 3753 -1987-,Other,5600,https://pascalkarpwatchesexpertise.com/products/iwc-ingenieur-sl-automatic-graph-paper-dial-or-et-acier-1987-ref-iw350601-cal-iwc-3753-1987,https://cdn.shopify.com/s/files/1/0521/0429/8688/files/2026_08_10_IWC_WEB_V2-4835.jpg?v=1786440813,"IWC Ingenieur SL Automatic « Skinny », réf. IW3506, animée par le calibre IWC 3753 (base ETA 2892-A, modifié et décoré par IWC). Mouvement à remontage automatique extra-plat, fonctions heures, minutes, seconde centrale et réglage rapide de la date. Cadran gris à motif « papier millimétré » avec index bâtons appliqués. Boîtier dessiné par Gérald Genta, fond et couronne vissés, lunette lisse en or et bracelet intégré polis / brossé. Glace saphir. Boîtier et mouvement signés et numérotés. Dimensions : 34 mm (hors couronne) x 40 mm, épaisseur de 7,5 mm (verre inclus). Excellent état. Contrôlée dans notre atelier, garantie 2 ans. Détails de la montre Type de montre Montre Sexe Homme/Unisexe Marque IWC Numéro de référence IW350601 Modèle Ingénieur SL Automatic « Graph Paper Dial » Or et Acier -1987- État Très bon Contenu livré Montre avec coffret d'origine Mouvement Remontage automatique Boîtier Or/Acier Année de fabrication 1987 Bracelet Couleur du bracelet Acier Type de fermoir Double plis Boîtier Étanche 3 ATM Verre Verre saphir Matériau de la lunette Or jaune Diamètre 34mm * 40mm Calibre Étanche 3 ATM Verre Verre saphir Matériau de la lunette Or jaune Diamètre 34mm * 40mm Calibre/Rouages IWC 3753 (base ETA 2892-A Base Calibre ETA 2892-A modifié Fonctions Date Oui Autres Seconde centrale Oui Couronne vissée Oui État d'origine/Pièces originale Oui",Pascal Karp,2026-08-11,False
Rolex Precision « Big Oyster » -1962- Réf.6424 Cal.Rolex 1210 -1962-,Other,3800,https://pascalkarpwatchesexpertise.com/products/rolex-precision-big-oyster-1962-ref-6424-cal-rolex-1210-1962,https://cdn.shopify.com/s/files/1/0521/0429/8688/files/2026_08_12_ROLEX_OYSTER_PRECISION_FACE_WEB-4944.jpg?v=1786541227,"Rolex Oyster Precision « Big Oyster » en acier inoxydable, référence 6424. Mouvement à remontage manuel calibre Rolex 1210 avec seconde centrale. Cadran argenté, index appliqués et aiguilles de type Alpha. Boîtier Oyster en trois parties fond et couronne vissés, lunette fixe. Dimensions : 36 mm (hors couronne) x 43 mm (cornes incluses). Mouvement et boîtier signés et numérotés. Montre en excellent état, révisée dans notre atelier, garantie de 2 ans. Détails de la montre Type de montre Montre Sexe Homme/Unisexe Marque Rolex Numéro de référence 6424 Modèle Precision « Big Oyster » -1962- État Très bon Contenu livré Montre uniquement Mouvement Remontage manuel Boîtier Acier Année de fabrication 1962 Bracelet Largeur entrecorne 20 Couleur du bracelet Gris Type de fermoir Boucle ardillon Boîtier Étanche Non étanche Verre Plexiglas Matériau de la lunette Acier Diamètre 36mm * 43mm Calibre Calibre/Rouages Rolex 1210 Autres Seconde centrale Oui Couronne vissée Oui État d'origine/Pièces originale Oui",Pascal Karp,2026-08-11,False
Jaeger LeCoultre Reverso Duoface GMT Day/Night Acier Circa 2010 Réf.272.8.54 Cal.JLC 854/1  -Circa 2010-,Other,7600,https://pascalkarpwatchesexpertise.com/products/jaeger-lecoultre-reverso-duoface-gmt-day-night-acier-circa-2010-ref-272-8-54-cal-jlc-854-1-circa-2010,https://cdn.shopify.com/s/files/1/0521/0429/8688/files/2026_08_12_JAEGER_WEB-4930.jpg?v=1786541384,"Jaeger-LeCoultre Reverso Duoface, montre-bracelet réversible en acier inoxydable, réf. 270.8.54, équipée du calibre de manufacture 854/1, fonctions GMT, indication du jour et de la nuit, secondes excentrées, poussoir à 2 h pour le réglage du second fuseau horaire, mouvement à remontage manuel. Cadran argenté guilloché, chiffres arabes, minuterie chemin de fer ; au revers, cadran argenté deux tons pour l'indication du second fuseau horaire et de la fonction jour/nuit. Boîtier rectangulaire basculant, dimensions : 26 mm (hors couronne) x 42 mm x 9 mm (verre compris) ; le mécanisme et la boîte sont signés et numérotés. Boucle déployante et bracelet Jaeger-LeCoultre d'origine en alligator marron foncé d'origine. Article en excellent état de conservation et parfait état de fonctionnement, révisé dans notre atelier. 2 ans de garantie. Détails de la montre Type de montre Montre Sexe Homme/Unisexe Marque Jaeger LeCoultre Numéro de référence 272.8.54 Modèle Reverso Duoface GMT Day/Night Acier Circa 2010 État Très bon Contenu livré Montre uniquement Mouvement Remontage manuel Boîtier Acier Année de fabrication Circa 2010 Bracelet Couleur du bracelet Brun Type de fermoir Double plis Boîtier Étanche Non étanche Verre Verre saphir Chiffres du cadran Arabes Diamètre 26mm * 42mm Calibre Calibre/Rouages JLC 854/1 Base Calibre Jaeger-LeCoultre Fonctions GMT Oui Autres Petite seconde Oui Aiguilles en acier bleui Oui État d'origine/Pièces originale Oui",Pascal Karp,2026-08-10,False
Piaget Extra-Plate TV Or Blanc 18 carats Clous de Paris,Other,7500,https://pascalkarpwatchesexpertise.com/products/piaget-extra-plate-tv-or-blanc-18-carats-clous-de-paris-circa-1975-ref-12448-cal-piaget-12p-micro-rotor-circa-1975,https://cdn.shopify.com/s/files/1/0521/0429/8688/files/2026_09_09_PIAGET_WEB-16.jpg?v=1788964377,"Élégante Piaget extra-plate, référence 12448, circa 1975, en or blanc 18 carats, équipée du calibre 12P, mouvement automatique extra-plat à micro-rotor en or 24 carats. Cadran et boîtier décorés « Clous de Paris », aiguilles de type « bâton » en acier bleui. Dimensions : 33 mm x 5,5 mm (verre compris), bracelet et boucle ardillon en or blanc 18 carats, signés Piaget. Exemplaire en parfait état de conservation et de fonctionnement, contrôlé dans notre atelier. 2 ans de garantie. Livré avec son écrin d’origine. Détails de la montre Type de montre Montre Sexe Homme/Unisexe Marque Piaget Numéro de référence 12448 Modèle Extra-Plate TV Or Blanc 18 carats Clous de Paris Circa 1975 État Très bon Contenu livré Boite d origine Mouvement Remontage automatique Boîtier Or blanc Année de fabrication Circa 1975 Bracelet Couleur du bracelet Noir Type de fermoir Boucle ardillon Boîtier Étanche Non étanche Verre Verre saphir Matériau de la lunette Or blanc Diamètre 33mm * 5.5mm Calibre Calibre/Rouages 12P Base Calibre Piaget Autres État d'origine/Pièces originale Oui",Pascal Karp,2026-08-08,False
"Patek Philippe Calatrava ""Clous de Paris""  Ultraplate Or Blanc 18 ct Circa 1975 Réf.3520 Cal.175 -Circa 1975-",Other,11500,https://pascalkarpwatchesexpertise.com/products/patek-philippe-calatrava-clous-de-paris-ultraplate-or-blanc-18-ct-circa-1975-ref-3520-cal-175-circa-1975,https://cdn.shopify.com/s/files/1/0521/0429/8688/files/azerty-838.jpg?v=1785774590,"Patek Philippe Calatrava « Clous de Paris » extraplate, circa 2015. Montre habillée en or blanc 18 carats (750/1000), référence 3520. Équipée du calibre ultraplat (1,77 mm) 175 à remontage manuel, fonction heures et minutes. Cadran argent à chiffres romains peints, boîtier deux pièces poinçonné 18 carats, lunette motif « Clous de Paris ». Dimensions : 32 mm (hors couronne) × 37 mm (cornes incluses) × 5,5 mm d'épaisseur. Le mécanisme et le boîtier sont signés et numérotés. Boucle ardillon d'origine en or blanc 18 carats. Modèle en parfait état, contrôlé en atelier, vendu avec une garantie de 2 ans. Détails de la montre Type de montre Montre Sexe Homme/Unisexe Marque Patek Philippe Numéro de référence 3520 Modèle Calatrava ""Clous de Paris"" Ultraplate Or Blanc 18 ct Circa 1975 État Très bon Contenu livré Montre uniquement Mouvement Remontage manuel Boîtier Or blanc Année de fabrication Circa 1975 Bracelet Couleur du bracelet Noir Type de fermoir Boucle ardillon Boîtier Étanche Non étanche Verre Plexiglas Chiffres du cadran Romains Matériau de la lunette Or blanc Diamètre 32mm * 37mm Calibre Calibre/Rouages 175 Base Calibre Patek Philippe Autres État d'origine/Pièces originale Oui",Pascal Karp,2026-08-03,False
"IWC ""Shark Lugs"" 36 mm Or Rose 18 ct (0,750) -1955- Réf.Na Cal.89 -1955-",Other,4600,https://pascalkarpwatchesexpertise.com/products/iwc-shark-lugs-36-mm-or-rose-18-ct-0-750-shark-lugs-1955-ref-na-cal-89-1955,https://cdn.shopify.com/s/files/1/0521/0429/8688/files/2026_07_30_IWC_WEB-4462.jpg?v=1785424973,"Élégante montre vintage IWC « International Watch Co. Schaffhausen » en or rose 18 ct (0,750). Calibre 89 à remontage manuel, seconde centrale, spiral Breguet et finition côtes-de-genève. Cadran d'origine avec index bâtons appliqués et aiguilles glaive. Boîtier massif en deux parties à fond pressé poinçonné, anses stylisées « Shark Lugs ». Dimensions : 36 mm (hors couronne) x 42,5 mm (anses incluses) x 8,3 mm (verre compris). Mouvement et boîtier signés et numérotés. État de conservation et de fonctionnement excellent. Montre contrôlée en atelier, garantie 2 ans. Détails de la montre Type de montre Montre Sexe Homme/Unisexe Marque IWC Numéro de référence Na Modèle ""Shark Lugs"" 36 mm Or Rose 18 ct (0,750) ""Shark Lugs"" -1955- État Très bon Contenu livré Montre uniquement Mouvement Remontage manuel Boîtier Or rose Année de fabrication 1955 Bracelet Largeur entrecorne 18 Couleur du bracelet Bordeaux Type de fermoir Boucle ardillon Boîtier Étanche Non étanche Verre Plexiglas Matériau de la lunette Or rose Diamètre 36mm * 42.5mm Calibre Calibre/Rouages 89 Base Calibre IWC Autres Seconde centrale Oui État d'origine/Pièces originale Oui",Pascal Karp,2026-07-30,False
"Universal Genève Chronographe Compax FAB ""Força Aérea Brasileira"" -1945- Réf.12494 Cal.285 -1945-",Other,5200,https://pascalkarpwatchesexpertise.com/products/universal-geneve-chronographe-compax-fab-forca-aerea-brasileira-1945-ref-12494-cal-285-1945,https://cdn.shopify.com/s/files/1/0521/0429/8688/files/2026_07_27_UG_HD-4287.jpg?v=1785245273,"Chronographe 3 compteurs Universal Genève Compax référence 12494 « F.A.B. » (Força Aérea Brasileira) en or rose 18 carats 0,750, produit de 1944 à 1950. Équipé du calibre UG 285, fonctions addition des heures et minutes (30 min), mouvement à remontage manuel avec une roue à colonnes. Cadran de couleur havane très joliment patiné, chiffres arabes et tachymètre sur le rehaut, boîtier 3 pièces, lunette lisse et fond pressé gravé FAB. Dimensions : 34,5 mm x 41 mm (anses incluses) ; le mécanisme et la boîte sont signés et numérotés. Exemplaire rare, en excellent état de conservation et parfait état de fonctionnement, révisé dans notre atelier. 2 ans de garantie. Détails de la montre Type de montre Montre Sexe Homme/Unisexe Marque Universal Genève Numéro de référence 12494 Modèle Chronographe Compax FAB ""Força Aérea Brasileira"" -1945- État Très bon Contenu livré Montre uniquement Mouvement Remontage manuel Boîtier Or rose Année de fabrication 1945 Bracelet Couleur du bracelet Brun Type de fermoir Boucle ardillon Boîtier Étanche Non étanche Verre Plexiglas Matériau de la lunette Or rose Diamètre 34.5mm * 41mm Calibre Calibre/Rouages 285 Base Calibre Universal Genève Fonctions Chronographe Oui Autres État d'origine/Pièces originale Oui",Pascal Karp,2026-07-28,False
"Audemars Piguet Calatrava ""Clous de Paris"" Automatique Or Blanc 18 kts Circa 1980 Réf.3233 Cal.K2120 -Circa 1980-",Other,12500,https://pascalkarpwatchesexpertise.com/products/audemars-piguet-calatrava-clous-de-paris-automatique-or-blanc-18-kts-circa-1980-ref-3233-cal-k2120-circa-1980,https://cdn.shopify.com/s/files/1/0521/0429/8688/files/2026_07_20_AP_WEB-3203copie.jpg?v=1784897237,"Audemars Piguet, élégante montre vintage de type « Calatrava » en or blanc 18 ct (0,750), référence 3233, équipée du calibre extra-plat K2120, un mouvement à remontage automatique avec masse oscillante en or 21 ct. Cadran argent à motif « Clous de Paris », index bâtons appliqués, aiguilles crayon, boîtier « Spillmann » poinçonné 18 ct (0,750), fond vissé, lunette décorée « Clous de Paris ». Dimensions : 34 mm (hors couronne) x 37 mm (anses incluses) x 6 mm (verre compris) ; le mécanisme et la boîte sont signés et numérotés. Boucle ardillon d’origine en or blanc 18 ct. Exemplaire en parfait état, 2 ans de garantie. Détails de la montre Type de montre Montre Sexe Homme/Unisexe Marque Audemars Piguet Numéro de référence 3233 Modèle Calatrava ""Clous de Paris"" Automatique Or Blanc 18 kts Circa 1980 État Très bon Contenu livré Montre uniquement Mouvement Remontage automatique Boîtier Or blanc Année de fabrication Circa 1980 Bracelet Couleur du bracelet Noir Type de fermoir Boucle ardillon Boîtier Étanche Non étanche Verre Verre minéral Matériau de la lunette Or blanc Diamètre 34mm * 37mm Calibre Calibre/Rouages K2120 Autres Seconde centrale Oui État d'origine/Pièces originale Oui",Pascal Karp,2026-07-24,False
"Heuer Chronographe Autavia ""Viceroy"" -1971- Réf.1163 Cal.Automatique Buren 12 Chrono-Matic  -1971-",Other,5100,https://pascalkarpwatchesexpertise.com/products/heuer-chronographe-autavia-viceroy-1971-ref-1163-cal-automatique-buren-12-chrono-matic-1971,https://cdn.shopify.com/s/files/1/0521/0429/8688/files/2026_07_20_HEUER_WEB-2772.jpg?v=1784891676,"Chronographe 2 compteurs Heuer Autavia ""Viceroy"" en acier inoxydable réf. 1163 équipé du calibre 12 Chrono-Matic (module chrono Dubois-Depraz), date en registre à 6 h, poussoirs du chrono et couronne de remontoir inversés, fonction addition des minutes (30 min), date à 6 heures, mouvement à remontage automatique. Cadran 2 tons en parfait état, index bâtons appliqués, boîtier tonneau (C shape) massif poli / brossé, 3 pièces fond vissé, lunette tournante bidirectionnelle tachymétrique, verre minéral. Dimensions : 42,5 mm (hors couronne et poussoirs) x 13,5 mm (verre compris) ; le mécanisme et la boîte sont signés et numérotés. Exemplaire en excellent état de conservation et parfait état de fonctionnement, révisé et contrôlé dans notre atelier. Détails de la montre Type de montre Montre Sexe Homme/Unisexe Marque Heuer Numéro de référence 1163 Modèle Chronographe Autavia ""Viceroy"" -1971- État Très bon Contenu livré Montre uniquement Mouvement Remontage automatique Boîtier Acier Année de fabrication 1971 Bracelet Couleur du bracelet Brun Type de fermoir Boucle ardillon Boîtier Étanche Non étanche Verre Verre minéral Diamètre 42mm * 13mm Calibre Calibre/Rouages Calibre 12 Base Calibre Buren Fonctions Chronographe Oui Date Oui Tachymètre Oui Autres État d'origine/Pièces originale Oui",Pascal Karp,2026-07-24,False
"Zenith Chronographe El Primero ""Disco Volante"" Or Jaune 18 Kts Circa 1970 Réf.G382 Cal.3019PHC -circa 1970-",Other,17500,https://pascalkarpwatchesexpertise.com/products/zenith-chronographe-el-primero-disco-volante-or-jaune-18-kts-circa-1970-ref-g382-cal-3019phc-circa-1970,https://cdn.shopify.com/s/files/1/0521/0429/8688/files/hlghlh.jpg?v=1786111764,"Chronographe Zenith El Primero « Disco Volante » en or jaune 18 carats, référence G382, produit en édition limitée à 250 exemplaires maximum entre 1969 et 1970. Équipé du calibre à remontage automatique 3019 PHC (36 000 alt/h) avec roue à colonnes, précision au 1/10 de seconde, fonctions totalisateur des heures et minutes (compteur 30 minutes) et date rapide en guichet à 4 h 30. Superbe cadran 2 tons avec sous-compteurs marron, index bâtons appliqués, tachymètre sur le réhaut. Boîtier massif 3 pièces « Disco Volante » à fond vissé, anses cylindriques de type « rouleaux » (« roller lugs »), poussoirs ronds. Dimensions : 40 mm (hors couronne et poussoirs) x 12 mm (verre compris). Cet élégant chronographe à été révisé par la maison Wempe le 23 janvier 2026. Garantie de 2 ans. Détails de la montre Type de montre Montre Sexe Homme/Unisexe Marque Zenith Numéro de référence G382 Modèle Chronographe El Primero ""Disco Volante"" Or Jaune 18 Kts Circa 1970 État Très bon Contenu livré Montre uniquement Mouvement Remontage automatique Boîtier Or jaune Année de fabrication circa 1970 Bracelet Couleur du bracelet Brun Type de fermoir Boucle ardillon Boîtier Étanche Non étanche Verre Plexiglas Matériau de la lunette Or jaune Diamètre 40mm * 12mm Calibre Calibre/Rouages El Primero 3019 PHC Base Calibre Manufacture Zenith Fonctions Chronographe Oui Date Oui Tachymètre Oui Autres État d'origine/Pièces originale Oui",Pascal Karp,2026-07-23,False
Zenith Chronographe El Primero TV-Screen Big Blue -1975- Réf. 01-0200-415 Cal.3019 PHC 36000 A/h -1975-,Other,4800,https://pascalkarpwatchesexpertise.com/products/zenith-chronographe-el-primero-tv-screen-big-blue-1975-ref-01-0200-415-cal-3019-phc-36000-a-h-1975,https://cdn.shopify.com/s/files/1/0521/0429/8688/files/2026_07_20_ZENITH_V2_WEB-2814.jpg?v=1784727797,"Chronographe Zenith El Primero « TV Screen » « Big Blue » à trois compteurs en acier inoxydable, réf. 01.0200.415. Équipé du calibre automatique 3019 PHC (36 000 alt/h) avec fonction date rapide et totalisateur 30 minutes. Cadran bleu bicolore à trois registres, réhaut avec échelle tachymétrique et guichet de date à 5 heures. Boîtier deux pièces à fond vissé, lunette polie miroir et poussoirs monoblocs. Monté sur un bracelet en acier inoxydable Zenith/NSA très confortable. Signé sur le boîtier et le mécanisme. Dimensions : 40 mm (hors couronne) x 44 mm (cornes incluses). Pièce rare, produite à 2 000 exemplaires, en parfait état de conservation et de fonctionnement, révisée dans notre atelier. Détails de la montre Type de montre Montre Sexe Homme/Unisexe Marque Zenith Numéro de référence 01-0200-415 Modèle Chronographe El Primero TV-Screen Big Blue -1975- État Très bon Contenu livré Montre uniquement Mouvement Remontage automatique Boîtier Acier Année de fabrication 1975 Bracelet Couleur du bracelet Acier Type de fermoir Double plis Boîtier Étanche Non étanche Verre Verre minéral Matériau de la lunette Acier Diamètre 40mm * 44mm Calibre Calibre/Rouages 3019 PHC (36 000 alt/h) Base Calibre Zenith Fonctions Chronographe Oui Date Oui Tachymètre Oui Autres État d'origine/Pièces originale Oui",Pascal Karp,2026-07-22,False
Movado Chronographe Datron Super Sub Sea HS 360  Cal. El Primero -1969- Réf.HS 360  Cal.3019 PHC Movado/Zenith El Primero -1970-,Other,5400,https://pascalkarpwatchesexpertise.com/products/movado-chronographe-datron-super-sub-sea-hs-360-cal-el-primero-1969-ref-hs-360-cal-3019-phc-movado-zenith-el-primero-1970,https://cdn.shopify.com/s/files/1/0521/0429/8688/files/2024_11_20_MOVADO_03.jpg?v=1754654710,"Chronographe 3 compteurs Movado Datron Sub Sea HS 360 équipé du calibre 3019 PHC Movado/Zenith El Primero fonction addition des heures et minutes, date rapide à 12h, mouvement à remontage automatique. Cadran original panda inversé en superbe état ""T SWISS T"" noir mat registres gris, indexes bâtons appliqués et aiguillage luminescents à l'origine, boitier coussin 3 pièces fond et couronne vissés, lunette crantée unidirectionnelle graduée bakélite en bon état. Dimensions 40 mm (hors couronne) x 44 mm (anses inclues), le mécanisme et la boite sont signés et numérotés .Article excellent état de conservation et parfait état de fonctionnement, révisé et contrôlé dans notre atelier. Service : 11/24, 2 ans de garantie. Détails de la montre Type de montre Montre Sexe Homme/Unisexe Marque Movado Numéro de référence HS 360 Modèle Chronographe Datron Super Sub Sea HS 360 Cal. El Primero -1969- État Très bon Contenu livré Montre uniquement Mouvement Remontage automatique Boîtier Acier Année de fabrication 1970 Bracelet Couleur du bracelet Noir Type de fermoir Boucle ardillon Boîtier Étanche Étanche à l'origine Verre Plexiglas Diamètre 40mm * 44mm Calibre Étanche Étanche à l'origine Verre Plexiglas Diamètre 40mm * 44mm Calibre/Rouages 3019 PHC Movado/Zenith El Primero Fonctions Chronographe Oui Date Oui Tachymètre Oui Autres Loquet à vis Oui État d'origine/Pièces originale Oui Couronne vissée Oui",Pascal Karp,2026-07-22,False
Movado Chronographe Super Sub Sea -1968- Réf.206-704-501 Cal.Zenith 146 HP -1968-,Other,9500,https://pascalkarpwatchesexpertise.com/products/movado-chronographe-super-sub-sea-1968-ref-206-704-501-cal-zenith-146-hp-1968,https://cdn.shopify.com/s/files/1/0521/0429/8688/files/2026_07_20_MOVADO_WEB-2910.jpg?v=1784725969,"Chronographe 3 compteurs Movado Super Sub Sea réf.206-704-501, en acier inoxydable. Calibre 146HP, fonction addition des heures et minutes (30 minutes), mouvement à remontage manuel. Cadran noir mat 2 tons, échelle tachymétrique sur le rehaut. Boîtier 3 pièces fond vissées, lunette bidirectionnelle graduée 60 minutes joliment patiné. Dimensions : 40.5 x mm x 13. 5 mm, mécanisme et boite signés et numérotés. Exemplaire en excellent état de conservation et parfait état de fonctionnement. Garantie 2 ans. Détails de la montre Type de montre Montre Sexe Homme/Unisexe Marque Movado Numéro de référence 206-704-501 Modèle Chronographe Super Sub Sea -1968- État Très bon Contenu livré Montre uniquement Mouvement Remontage manuel Boîtier Acier Année de fabrication 1968 Bracelet Largeur entrecorne 22 Couleur du bracelet Noir Type de fermoir Boucle ardillon Boîtier Étanche Non étanche Verre Plexiglas Diamètre 40.5mm * 13.5mm Calibre Calibre/Rouages Zenith 146 HP Fonctions Chronographe Oui Tachymètre Oui Autres Lunette tournante Oui État d'origine/Pièces originale Oui",Pascal Karp,2026-07-22,False
Porsche Design Orfina Chronographe Bund Circa 1980 Réf.7177 Cal. Lemania 5100  -1980-,Other,3800,https://pascalkarpwatchesexpertise.com/products/porsche-design-orfina-chronographe-bund-circa-1980-ref-7177-cal-lemania-5100-1980,https://cdn.shopify.com/s/files/1/0521/0429/8688/files/2026_07_16_PD_WEB-2727.jpg?v=1784374313,"Chronographe Porsche Design « Military » fabriqué par Orfina, référence 7177, en acier microbillé. Équipé du calibre automatique Lemania 5100, fonctions : chronographe (heures et minutes), indication du jour et de la date. Le cadran noir mat porte les inscriptions « Military », ainsi qu'une graduation 12 heures sur le réhaut. Boîtier en trois parties à fond vissé et immatriculé, verre minéral et bracelet « Bund » d'origine. Dimensions : 41 mm de diamètre (hors couronne) x 15 mm. Le mouvement et le boîtier sont signés et numérotés. Exemplaire en bon état, destiné à la Bundeswehr. Révisé en atelier, garantie de 2 ans. Détails de la montre Type de montre Montre Sexe Homme/Unisexe Marque Porsche Design Numéro de référence 7177 Modèle Orfina Chronographe Bund Circa 1980 État Bon Contenu livré Montre uniquement Mouvement Remontage automatique Boîtier Acier Année de fabrication 1980 Bracelet Couleur du bracelet Noir Type de fermoir Boucle ardillon Boîtier Étanche Non étanche Verre Verre minéral Diamètre 41mm * 15mm Calibre Calibre/Rouages Lemania 5100 Fonctions Chronographe Oui Date Oui Affichage des jours Oui Autres État d'origine/Pièces originale Oui",Pascal Karp,2026-07-18,False
"Breitling Navitimer Date ""Big Eyes"" -1972- Réf.7806 Cal.Valjoux 7740  -1972-",Other,5800,https://pascalkarpwatchesexpertise.com/products/breitling-navitimer-date-big-eyes-1972-ref-7806-cal-valjoux-7740-1972,https://cdn.shopify.com/s/files/1/0521/0429/8688/files/2026_07_16_BREITLING_WEB_V2-2691.jpg?v=1784210166,"Breitling Navitimer, référence 7806, circa 1972. Chronographe trois compteurs en acier inoxydable. Calibre Valjoux 7740 à remontage manuel, fonction addition des heures et minutes (30 min), date en registre à 4 h 30. Cadran « Big Eyes » tritium deux tons « Reverse Panda », logo « Twin Jet ». Trois registres, index et aiguilles luminescents à l’origine. Boîtier non poli à fond pressé, lunette bidirectionnelle servant de règle à calcul. Dimensions : 41 mm (hors couronne et poussoirs) x 46 mm (anses incluses). Mouvement et boîte signés et numérotés. Parfait état de fonctionnement. Révisée en atelier. Garantie 2 ans. Détails de la montre Type de montre Montre Sexe Homme/Unisexe Marque Breitling Numéro de référence 7806 Modèle Navitimer Date ""Big Eyes"" -1972- État Très bon Contenu livré Montre uniquement Mouvement Remontage manuel Boîtier Acier Année de fabrication 1972 Bracelet Couleur du bracelet Bleu Type de fermoir Double plis Boîtier Étanche Non étanche Verre Plexiglas Chiffres du cadran Arabes Matériau de la lunette Acier Diamètre 41mm * 14mm Calibre Calibre/Rouages Valjoux 7740 Fonctions Chronographe Oui Date Oui Autres État d'origine/Pièces originale Oui",Pascal Karp,2026-07-16,False
Helvetia Pilote Armée tchécoslovaque WWII circa 1940 Réf.7011 Cal.51S -Circa 1940-,Other,2400,https://pascalkarpwatchesexpertise.com/products/helvetia-pilote-armee-tchecoslovaque-wwii-circa-1940-ref-7011-cal-51s-circa-1940,https://cdn.shopify.com/s/files/1/0521/0429/8688/files/2026_05_04_HELVETIA_HD-2_bd2bc82f-595c-4a81-aaa8-c60452353d4f.jpg?v=1784116380,"Helvetia, montre de pilote modèle militaire de l'armée tchécoslovaque (Seconde Guerre mondiale, vers 1940). Boîtier en acier et laiton chromé, réf. 7011, équipé du calibre manufacture Helvetia 51S à remontage manuel. Cadran noir d'origine en excellent état avec chiffres arabes et aiguilles à l'origine luminescents. Boîtier massif de 40,5 mm (45 mm avec couronne) x 46 mm (anses incluses), structure en trois parties avec double fond à charnière et lunette tournante bidirectionnelle. Le mécanisme et le boîtier sont signés et numérotés. Article en excellent état, révisé dans notre atelier et garanti 2 ans. Détails de la montre Type de montre Montre Sexe Homme/Unisexe Marque Helvetia Numéro de référence 7011 Modèle Pilote Armée tchécoslovaque WWII circa 1940 État Très bon Contenu livré Montre uniquement Mouvement Remontage manuel Boîtier Acier Année de fabrication Circa 1940 Bracelet Couleur du bracelet Vert Type de fermoir Boucle ardillon Boîtier Étanche Non étanche Verre Verre minéral Chiffres du cadran Arabes Diamètre 40.5mm * 46mm Calibre Calibre/Rouages 51S Base Calibre Helvetia Autres État d'origine/Pièces originale Oui",Pascal Karp,2026-07-15,False
Omega Pocket 18K -1929- Réf.Na Cal.40.6L T2 17P -1929-,Other,4100,https://pascalkarpwatchesexpertise.com/products/omega-pocket-18k-1929-ref-na-cal-40-6l-t2-17p-1929,https://cdn.shopify.com/s/files/1/0521/0429/8688/files/azerty-823.jpg?v=1784101566,"Élégante montre de poche Omega en or jaune 18 ct. Équipée du calibre 40.6L T2 17P, avec réglage micrométrique signé et numéroté. Cadran en porcelaine en superbe état, chiffres Breguet et aiguilles de type poire, minuterie chemin de fer. Boîtier massif en trois parties, numéroté, signé et poinçonné 18 ct 0,750, avec fond à charnière. Dimensions : 45,5 mm x 12,5 mm (verre compris). Exemplaire en parfait état, révisé en atelier. Garantie de 2 ans. Détails de la montre Type de montre Montre Sexe Homme/Unisexe Marque Omega Numéro de référence Na Modèle Pocket 18K -1929- État Très bon Contenu livré Montre uniquement Mouvement Remontage manuel Boîtier Or jaune Année de fabrication 1929 Boîtier Étanche Non étanche Verre Plexiglas Chiffres du cadran Arabes Matériau de la lunette Or jaune Diamètre 45.5mm * 12.5mm Calibre 40.6L T2 17P Autres État d'origine/Pièces originale Oui",Pascal Karp,2026-07-14,False
Breitling Chronographe 37.5 mm- 1950 - Réf.765 Cal.Venus 178 -1950-,Other,4600,https://pascalkarpwatchesexpertise.com/products/breitling-chronographe-premier-37-5-mm-1950-ref-765-cal-venus-178-1950,https://cdn.shopify.com/s/files/1/0521/0429/8688/files/2026_08_10_BREITLING_WEB-4793.jpg?v=1786368395,"Grand chronographe Breitling Premier, référence 765, en acier inoxydable. Modèle équipé du calibre à remontage manuel Venus 178 avec roue à colonnes, fonctions chronographe, compteur 30 minutes et totalisateur d'heures. Cadran argenté avec chiffres arabes et échelle tachymétrique. Boîtier trois pièces non poli avec fond pressé, lunette lisse et poussoirs ronds (petit coup sur la couronne de remontoir). Dimensions : 37,5 mm (39,5 mm avec couronne et poussoirs) x 43 mm (anses incluses). Mouvement et boîte signés et numérotés. Bon état de conservation et parfait état de fonctionnement. Entretien réalisé en atelier. Garantie de 2 ans. Détails de la montre Type de montre Montre Sexe Homme/Unisexe Marque Breitling Numéro de référence 765 Modèle Chronographe « Premier » 37.5 mm- 1950 - État Bon Contenu livré Montre uniquement Mouvement Remontage manuel Boîtier Acier Année de fabrication 1950 Bracelet Couleur du bracelet Noir Type de fermoir Boucle ardillon Boîtier Étanche Non étanche Verre Plexiglas Chiffres du cadran Arabes Matériau de la lunette Acier Diamètre 37mm * 37mm Calibre Calibre/Rouages Venus 178 Fonctions Chronographe Oui Autres État d'origine/Pièces originale Oui",Pascal Karp,2026-07-06,False
Omega  De Ville Chronoscope Co-Axial à Rattrapante -2006- Réf.4847.30.31  Cal. Omega Co-Axial 3612 (sur base Frédéric Piguet 1286) -2006-,Other,5600,https://pascalkarpwatchesexpertise.com/products/omega-de-ville-chronoscope-co-axial-a-rattrapante-2006-ref-4847-30-31-cal-omega-co-axial-3612-sur-base-frederic-piguet-1286-2006,https://cdn.shopify.com/s/files/1/0521/0429/8688/files/2026_06_29_OMEGA_WEB-2325.jpg?v=1783081830,"Omega De Ville Chronoscope Co-Axial à rattrapante Chronomètre en acier inoxydable réf. 4847.30.31 équipée du calibre Co-Axial 3612 (sur base Frédéric Piguet 1286), fonctions chronographe à rattrapante (split seconds) permettant de mesurer des temps intermédiaires, date en registre à 11 h, mouvement à roue à colonnes à remontage automatique. Cadran 2 tons, aiguilles et index luminescents, boîtier massif, fond « ouvert » vissé, anses « cornes de vache », verre saphir. Dimensions : 41 mm (hors couronne et poussoirs) x 15 mm (verre compris), le mécanisme et la boîte sont signés et numérotés. Article en parfait état de conservation et de fonctionnement, révisé et contrôlé dans notre atelier. Bracelet en alligator et boucle déployante d'origine. 2 ans de garantie. Détails de la montre Type de montre Montre Sexe Homme/Unisexe Marque Omega Numéro de référence 4847.30.31 Modèle De Ville Chronoscope Co-Axial à Rattrapante -2006- État Très bon Contenu livré Montre uniquement Mouvement Remontage automatique Boîtier Acier Année de fabrication 2006 Bracelet Couleur du bracelet Noir Type de fermoir Double plis Boîtier Étanche 5 ATM Verre Verre saphir Diamètre 41mm * 15mm Calibre Calibre/Rouages Omega Co-Axial 3612 (sur base Frédéric Piguet 1286) Fonctions Chronographe Oui Double chronographe Oui Autres Fond transparent Oui Petite seconde Oui Aiguilles luminescentes Oui Chronomètre Oui État d'origine/Pièces originale Oui",Pascal Karp,2026-07-03,False
Audemars Piguet Ultraplate Square Or Blanc 18K -1967- Réf.Na Cal.2003 -1967-,Other,6800,https://pascalkarpwatchesexpertise.com/products/audemars-piguet-ultraplate-square-or-blanc-18k-1967-ref-na-cal-2003-1967,https://cdn.shopify.com/s/files/1/0521/0429/8688/files/2026_06_29_AP_HD-2.jpg?v=1783078076,"Élégante Audemars Piguet extra plate en or blanc 18 ct équipée du calibre 2003, finitions côtes-de-genève, mouvement à remontage manuel. Cadran argenté en excellent état, boîtier non poli, joliment satiné sur la carrure, 2 pièces fond pressé. Dimensions : 25,5 mm (hors couronne) x 32 mm x 4,50 mm ; le mécanisme et la boîte sont signés et numérotés. Article rare en parfait état de conservation et de fonctionnement, révisé et contrôlé dans notre atelier, livré avec son écrin et sa boucle ardillon en or blanc d’origine. 2 ans de garantie. Détails de la montre Type de montre Montre Sexe Homme/Unisexe Marque Audemars Piguet Numéro de référence Na Modèle Ultraplate Square Or Blanc 18K -1967- État Très bon Contenu livré Montre avec coffret d'origine Mouvement Remontage manuel Boîtier Or blanc Année de fabrication 1967 Bracelet Couleur du bracelet Noir Type de fermoir Boucle ardillon Boîtier Étanche Non étanche Verre Verre minéral Diamètre 25.5mm * 32mm Calibre Calibre/Rouages 2003 Base Calibre Audemars Piguet Autres Bandes de Genève Oui État d'origine/Pièces originale Oui",Pascal Karp,2026-07-03,False
IWC Ingenieur Date Double Signature Turler Circa 1960,Other,8600,https://pascalkarpwatchesexpertise.com/products/iwc-ingenieur-date-double-signature-turler-circa-1960-ref-666ad-cal-c-8531-circa-1960,https://cdn.shopify.com/s/files/1/0521/0429/8688/files/2026_06_29_IWC_INGE_HD-2.jpg?v=1783861732,"Superbe IWC Ingenieur réf. 666 AD en acier, signée Türler. Équipée du mouvement automatique calibre C.8531 Pellaton, avec seconde centrale et date à 3 heures. Cadran tritium argenté, index bâtons appliqués et aiguilles dauphines. Boîtier trois pièces jamais poli avec fond vissé, cage antimagnétique en fer doux et lunette lisse. Dimensions : 36,5 mm (38,5 mm avec couronne) x 43 mm (cornes incluses). Mouvement et boîtier signés et numérotés. Pièce vintage en excellent état, entièrement révisée et contrôlée. Garantie de 2 ans. Détails de la montre Type de montre Montre Sexe Homme/Unisexe Marque IWC Numéro de référence 666AD Modèle Ingenieur Date Double Signature Turler Circa 1960 État Très bon Contenu livré Montre uniquement Mouvement Remontage automatique Boîtier Acier Année de fabrication Circa 1960 Bracelet Largeur entrecorne 18 Couleur du bracelet Noir Type de fermoir Boucle ardillon Boîtier Étanche Non étanche Verre Plexiglas Matériau de la lunette Acier Diamètre 36mm * 43mm Calibre Calibre/Rouages C.8531 Base Calibre IWC Fonctions Date Oui Autres Seconde centrale Oui État d'origine/Pièces originale Oui",Pascal Karp,2026-07-01,False
Movado Zenith Calatrava Automatique -1974- Réf.010010100 Cal.10.1 Universal Genève -1974-,Other,1800,https://pascalkarpwatchesexpertise.com/products/movado-zenith-calatrava-automatique-1974-ref-010010100-cal-10-1-universal-geneve-1974,https://cdn.shopify.com/s/files/1/0521/0429/8688/files/2026_07_06_MOVADO_ZENITH_WEB-2463.jpg?v=1783351370,"Montre-bracelet Movado-Zenith de 1974 (groupe Mondia-Zenith-Movado), modèle type « Calatrava » en acier inoxydable, référence 01.0010.100. Elle est équipée du calibre automatique Universal Genève Microtor 10.1 avec seconde centrale et guichet de date à 16 h 30. Cadran argenté structuré, boîtier trois parties avec fond pressé et verre saphir. Dimensions : 35 mm (hors couronne) x 8 mm (verre inclus). Mécanisme et boîtier signés et numérotés. État proche du neuf de stock, révisée et contrôlée. Garantie de 2 ans. Détails de la montre Type de montre Montre Sexe Homme/Unisexe Marque Movado Numéro de référence 010010100 Modèle Zenith Calatrava Automatique -1974- État Très bon Contenu livré Montre uniquement Mouvement Remontage automatique Boîtier Acier Année de fabrication 1974 Bracelet Largeur entrecorne 18 Couleur du bracelet Noir Type de fermoir Boucle ardillon Boîtier Étanche Non étanche Verre Verre saphir Diamètre 35mm * 35mm Calibre Calibre/Rouages Universal Genève Microtor 10.1 Fonctions Date Oui Autres Seconde centrale Oui État d'origine/Pièces originale Oui",Pascal Karp,2026-06-30,False
Longines Chronographe Mono-poussoir Or Jaune 18k -1936- Réf.3886 Cal.13ZN -1936-,Other,16500,https://pascalkarpwatchesexpertise.com/products/longines-chronographe-flyback-mono-poussoir-or-jaune-18k-1936-ref-3886-cal-13zn-1936,https://cdn.shopify.com/s/files/1/0521/0429/8688/files/2026_06_22_LONGINES_WEB-2_a76d1e1c-7500-4fa2-9ddc-67a1b274f8ba.jpg?v=1782301757,"Rarissime chronographe monopoussoir Longines, circa 1936, en or jaune 18 carats, équipé du calibre Longines 13ZN (non flyback), fonction, addition des minutes (30 minutes), mouvement à remontage manuel. Cadran sectoriel argenté, index bâton et chiffres arabes, minuterie chemin de fer (60 min), échelle télémétrique extérieure (km/h), échelle tachymétrique intérieure, aiguilles « feuilles » en acier bleui. Boîtier 3 pièces, fond pressé, anses mobiles, couronne de remontoir en or, poinçons Grand Helvetia 0,750. Dimensions : 34 mm (hors couronne et poussoir) x 12 mm (verre compris) ; le mécanisme et la boîte sont signés et numérotés. Cet exemplaire est présenté dans le livre « Longines Watches » de John Goldberger et dans « I Cronografi da Polso » de Paul White. Ce superbe chronographe est dans un en état exceptionnel de conservation et de fonctionnement. Détails de la montre Type de montre Montre Sexe Homme/Unisexe Marque Longines Numéro de référence 3886 Modèle Chronographe Mono-poussoir Or Jaune 18k -1936- État Bon Contenu livré Montre uniquement Mouvement Remontage manuel Boîtier Or jaune Année de fabrication 1936 Bracelet Couleur du bracelet Noir Type de fermoir Boucle ardillon Boîtier Étanche Non étanche Verre Matière plastique Chiffres du cadran Arabes Matériau de la lunette Or jaune Diamètre 34mm * 12mm Calibre Calibre/Rouages 13ZN Base Calibre Longines Fonctions Chronographe Oui Tachymètre Oui Autres État d'origine/Pièces originale Oui",Pascal Karp,2026-06-24,False
Lemania Chronopgraphe Type Pilote -1945- Réf.Na Cal. Lemania 15TL -1945-,Other,5800,https://pascalkarpwatchesexpertise.com/products/lemania-chronopgraphe-type-pilote-1945-ref-na-cal-lemania-15tl-1945,https://cdn.shopify.com/s/files/1/0521/0429/8688/files/2026_06_16_LEMANIA_WEB-2.jpg?v=1781953036,"Chronographe Jumbo Lemania de type militaire, deux compteurs. Boîtier en acier Staybrite. Mouvement mécanique à remontage manuel Lemania 15TL, addition des minutes (30 minutes), chronographe à roue à colonnes. Cadran laqué noir, chiffres arabes et aiguilles « cathédrale » luminescents à l'origine. Boîtier massif, trois pièces, fond pressé, poussoirs olive. Dimensions : 37 mm (hors couronne) × 44 mm (anses incluses) × 11 mm (verre compris). Modèle extrêmement rare en excellent état, révisé en atelier et garanti 2 ans. Détails de la montre Type de montre Montre Sexe Homme/Unisexe Marque Lemania Numéro de référence Na Modèle Chronopgraphe Type Pilote -1945- État Bon Contenu livré Montre uniquement Mouvement Remontage manuel Boîtier Acier Année de fabrication 1945 Bracelet Couleur du bracelet Vert Type de fermoir Boucle ardillon Boîtier Étanche Non étanche Verre Plexiglas Diamètre 37mm * 44mm Calibre Calibre/Rouages 15TL Base Calibre Lemania Fonctions Chronographe Oui Autres État d'origine/Pièces originale Oui",Pascal Karp,2026-06-20,False
Jaeger LeCoultre Tank Voguematic Or Jaune 18K -1968- Réf.22004 Cal. 832  -1968-,Other,5200,https://pascalkarpwatchesexpertise.com/products/jaeger-lecoultre-tank-voguematic-or-jaune-18k-1968-ref-22004-cal-832-1968,https://cdn.shopify.com/s/files/1/0521/0429/8688/files/lijliu.jpg?v=1781881802,"Élégante Jaeger-LeCoultre Voguematic type Tank en or jaune 18 carats équipée du calibre 832, mouvement à remontage automatique. Cadran laqué noir, index bâtons appliqués, boîtier 2 pièces, fond pressé. Dimensions : 37 mm (hors couronne) x 19 mm x hauteur : 6,3 mm ; le mécanisme et la boîte sont signés et numérotés. Article rare en parfait état de conservation et de fonctionnement, révisé et contrôlé dans notre atelier. 2 ans de garantie. Détails de la montre Type de montre Montre Sexe Homme/Unisexe Marque Jaeger LeCoultre Numéro de référence 22004 Modèle Tank Voguematic Or Jaune 18K -1968- État Très bon Contenu livré Montre uniquement Mouvement Remontage automatique Boîtier Or jaune Année de fabrication 1968 Bracelet Couleur du bracelet Noir Type de fermoir Boucle ardillon Boîtier Étanche Non étanche Verre Plexiglas Diamètre 37mm * 19mm Calibre Calibre/Rouages 822 Base Calibre Jaeger LeCoultre Autres État d'origine/Pièces originale Oui",Pascal Karp,2026-06-19,False
Breitling Premier Force aérienne belge (F.Aé.) -1960- Réf.777 Cal.Venus 178 -1960-,Other,4800,https://pascalkarpwatchesexpertise.com/products/breitling-premier-force-aerienne-belge-f-ae-1960-ref-777-cal-venus-178-1960,https://cdn.shopify.com/s/files/1/0521/0429/8688/files/2026_06_16_BREITLING_2_WEB-2.jpg?v=1781698374,"Breitling, chronographe militaire 2 compteurs en acier inoxydable, réf. 777, produit à 412 exemplaires pour la Force aérienne belge (F.Aé.), calibre Venus 175, fonction addition des minutes (45 min), mouvement à remontage manuel avec enclenchement du chrono par une roue à colonnes. Cadran original argenté joliment patiné, chiffres arabes et aiguillage luminescents à l'origine, boîtier non poli 2 pièces à fond vissé, lunette lisse. Dimensions : 37,5 mm (40 mm couronne comprise) x 45 mm (anses incluses) ; le mécanisme et la boîte sont signés et numérotés, ce chronographe est immatriculé au dos « F.Aé. - L.M. ». Article rare, révisé dans notre atelier, garantie de 2 ans. Détails de la montre Type de montre Montre Sexe Homme/Unisexe Marque Breitling Numéro de référence 777 Modèle Premier Force aérienne belge (F.Aé.) -1960- État Bon Contenu livré Montre uniquement Mouvement Remontage manuel Boîtier Acier Année de fabrication 1960 Bracelet Couleur du bracelet Noir Type de fermoir Boucle ardillon Boîtier Étanche Non étanche Verre Plexiglas Chiffres du cadran Arabes Matériau de la lunette Acier Diamètre 37.5mm * 37.5mm Calibre Calibre/Rouages Venus 178 Fonctions Chronographe Oui Autres État d'origine/Pièces originale Oui",Pascal Karp,2026-06-17,False
Rolex Chronomètre Oyster Perpetual Semi-Bubble Back Or Jaune 18k -1952- Réf.6084 Cal.645 -1952-,Other,7000,https://pascalkarpwatchesexpertise.com/products/rolex-chronometre-oyster-perpetual-semi-bubble-back-or-jaune-18k-1952-ref-6084-cal-645-1952,https://cdn.shopify.com/s/files/1/0521/0429/8688/files/2026_06_16_ROLEX_WEB-2.jpg?v=1781696556,"Rolex Oyster Perpetual « Semi-Bubble Back », circa 1952. Chronomètre en or jaune 18 ct, référence 6084. Calibre Rolex 645, secondes au centre, spiral Breguet, mouvement à remontage automatique. Cadran texturé « nid d’abeille » joliment patiné, index flèche appliqués, aiguilles dauphines. Boîtier Oyster 2 pièces, fond et couronne vissés, lunette fixe. Dimensions : 34 mm (hors couronne) x 40 mm (anses incluses). Mécanisme et boîte signés et numérotés. Excellent état de conservation et de fonctionnement. Révisée dans notre atelier. Garantie 2 ans. Détails de la montre Type de montre Montre Sexe Homme/Unisexe Marque Rolex Numéro de référence 6084 Modèle Chronomètre Oyster Perpetual Semi-Bubble Back Or Jaune 18k -1952- État Excellent Contenu livré Montre uniquement Mouvement Remontage automatique Boîtier Or jaune 18k Année de fabrication 1952 Bracelet Couleur du bracelet Noir Type de fermoir Boucle ardillon Boîtier Étanche Non étanche Verre Plexiglas Matériau de la lunette Or jaune Diamètre 34mm * 38mm Calibre Calibre/Rouages 645 Base Calibre Rolex Autres Seconde centrale Oui Couronne vissée Oui État d'origine/Pièces originale Oui Chronomètre Oui",Pascal Karp,2026-06-17,False
"Longines WWII Greenlander ""Dirty Dozen"" -1945-  Réf.23088 Cal.12.68 Z  -1945-",Other,7800,https://pascalkarpwatchesexpertise.com/products/longines-wwii-greenlander-dirty-dozen-1945-ref-23088-cal-12-68-z-1946,https://cdn.shopify.com/s/files/1/0521/0429/8688/files/2026_09_07_LONGINES_WEB-5726.jpg?v=1788863014,"Montre militaire Longines, destinée à l'armée britannique circa 1945, en acier inoxydable. Réf. 23088. Calibre 12.68Z à remontage manuel. Cadran radium original ""Broad Arrow"" patiné, chiffres arabes, aiguilles cathédrale. Boîtier WWW (Watch, Wrist, Waterproof) non poli, fond vissé. Marquages, immatriculation et numéros de production à l'intérieur et à l'extérieur du fond de boîtier. Dimensions : 37,5 mm (hors couronne) x 37,5 mm. Boîtier et mécanisme signés et numérotés. Excellent état de conservation et parfait état de fonctionnement. Garantie de 2 ans. Détails de la montre Type de montre Montre Sexe Homme/Unisexe Marque Longines Numéro de référence 23088 Modèle WWII Greenlander ""Dirty Dozen"" -1945- État Bon Contenu livré Montre uniquement Mouvement Remontage manuel Boîtier Acier Année de fabrication 1945 Bracelet Couleur du bracelet Noir Type de fermoir Boucle ardillon Boîtier Étanche Non étanche Verre Plexiglas Chiffres du cadran Arabes Diamètre 37.5mm * 37.5mm Calibre Calibre/Rouages 12.68Z Base Calibre longines Autres Petite seconde Oui État d'origine/Pièces originale Oui",Pascal Karp,2026-06-12,False
Minerva Chronographe Acier Inoxydable Circa 1945 Réf.1335 Cal.13-20 -Circa 1945-,Other,4400,https://pascalkarpwatchesexpertise.com/products/minerva-chronographe-acier-inoxydable-circa-1945-ref-1335-cal-13-20-circa-1945,https://cdn.shopify.com/s/files/1/0521/0429/8688/files/2026_06_08_MINERVA_WEB-2.jpg?v=1781097157,"Chronographe Minerva 2 compteurs en acier inoxydable, équipé du calibre à remontage manuel 13-20 avec roue à colonne et totalisateur 30 minutes. Cadran radium argenté très joliment patiné, chiffres arabes aiguilles seringues. Boîtier waterproof trois corps, non poli, fond vissé, lunette lisse, poussoir ronds. Dimensions : 34 mm (hors couronne) x 41 mm (anses comprises). Superbe chronographe vintage, en excellent état de conservation et en parfait état de fonctionnement, révisé dans notre atelier. Garantie de 2 ans. Détails de la montre Type de montre Montre Sexe Homme/Unisexe Marque Minerva Numéro de référence 1335 Modèle Chronographe Acier Inoxydable Circa 1945 État Bon Contenu livré Montre uniquement Mouvement Remontage automatique Boîtier Acier Année de fabrication Circa 1945 Bracelet Largeur entrecorne 18 Couleur du bracelet Noir Type de fermoir Boucle ardillon Boîtier Étanche Non étanche Verre Plexiglas Chiffres du cadran Arabes Diamètre 34mm * 42mm Calibre Calibre/Rouages 13-20 Base Calibre Minerva Fonctions Chronographe Oui Autres État d'origine/Pièces originale Oui",Pascal Karp,2026-06-10,False
Seiko Pogue Réf.6139-6002 Cal.6139 -1973-,Other,1800,https://pascalkarpwatchesexpertise.com/products/seiko-pogue-ref-6139-6002-cal-6139-1973,https://cdn.shopify.com/s/files/1/0521/0429/8688/files/2026_02_16_SEIKO_WEB-2copie.jpg?v=1771329240,"Chronographe vintage Seiko ""Pogue"" en acier inoxydable, référence 6139-6002. Calibre Seiko R6139 à remontage automatique. Fonctions : addition des minutes (jusqu'à 30 minutes), indication du jour et de la date. Cadran orange en excellent état, indexes et aiguilles luminescents. Boîtier massif en trois pièces, fond vissé, lunette tournante intérieure graduée sur 60 minutes, lunette tachymétrique fixe ""Pepsi"" (bleu et rouge). Verre minéral, étanche, bracelet d'origine en acier inoxydable (léger coup sur la boucle). Dimensions : 41 mm (hors couronne et poussoirs) x 46 mm x 14 mm (verre inclus). Mouvement et boîte signés et numérotés. Exemplaire en parfait état de conservation et de fonctionnement, révisé et contrôlé en atelier. Garantie 2 ans. Détails de la montre Type de montre Montre Sexe Homme/Unisexe Marque Seiko Numéro de référence 6139-6002 Modèle Pogue État Très bon Contenu livré Montre uniquement Mouvement Remontage automatique Boîtier Acier Année de fabrication 1973 Bracelet Couleur du bracelet Acier Type de fermoir Double plis Boîtier Étanche Non étanche Verre Verre minéral Matériau de la lunette Acier Diamètre 41mm * 14mm Calibre Calibre/Rouages R6139 Base Calibre Seiko Fonctions Date Oui Affichage des jours Oui Tachymètre Oui Autres Seconde centrale Oui État d'origine/Pièces originale Oui",Pascal Karp,2026-06-08,False
"Porsche Design Orfina Chronographe ""Military Bund 3H"" NOS -1990- Réf.7177 Cal. Lemania 5100 -1990-",Other,5500,https://pascalkarpwatchesexpertise.com/products/porsche-design-orfina-chronographe-military-bund-3h-nos-1990-ref-7177-cal-lemania-5100-1990,https://cdn.shopify.com/s/files/1/0521/0429/8688/files/2026_06_01_PORSHE_DESIGN_WEB-2.jpg?v=1780653721,"Chronographe Porsche Design « Military » fabriqué par Orfina, référence 7177, en acier avec revêtement PVD vert olive. Équipé du calibre automatique Lemania 5100 fonctions : chronographe (heures et minutes), indication du jour et de la date, et second fuseau horaire (GMT). Le cadran noir mat porte les inscriptions « Military » et « 3H » en rouge, signalant la présence de tritium, ainsi qu'une graduation 12 heures sur le réhaut. Boîtier en trois parties à fond vissé, verre minéral et bracelet « Bund » d'origine. Dimensions : 41 mm de diamètre (hors couronne) x 15 mm. Le mouvement et le boîtier sont signés et numérotés. Ce modèle est issu d'un ancien stock (NOS), destiné à la Bundeswehr. Révisé en atelier, garantie de 2 ans. Détails de la montre Type de montre Montre Sexe Homme/Unisexe Marque Porsche Design Numéro de référence 7177 Modèle Orfina Chronographe ""Military Bund 3H"" NOS -1990- État Jamais portée Contenu livré Montre avec coffret d'origine Mouvement Remontage automatique Boîtier Acier Année de fabrication 1990 Bracelet Couleur du bracelet Vert Type de fermoir Boucle ardillon Boîtier Étanche Non étanche Verre Verre minéral Diamètre 41mm * 41mm Calibre Calibre/Rouages Lemania 5100 Fonctions Date Oui Affichage des jours Oui Chronographe Oui Autres État d'origine/Pièces originale Oui Aiguilles luminescentes Oui",Pascal Karp,2026-06-05,False
Jaeger LeCoultre Military Acier Inoxydable -1947- Réf.E159  Cal.P478  -1947-,Other,3300,https://pascalkarpwatchesexpertise.com/products/jaeger-lecoultre-military-acier-inoxydable-1947-ref-e159-cal-p478-1947,https://cdn.shopify.com/s/files/1/0521/0429/8688/files/2026_06_01_JAEGER_2_WEB-2copie.jpg?v=1780668155,"Montre Jaeger-LeCoultre modèle « Calatrava » d’inspiration militaire en acier inoxydable, référence E159. Équipée du calibre à remontage manuel P478 avec trotteuse centrale. Cadran bicolore joliment patiné, chiffres arabes et aiguilles glaive (radium), minuterie chemin de fer. Boîtier en deux parties avec fond pressé. Dimensions : 32 mm x 39 mm (anses incluses). Le mouvement et le boîtier sont signés et numérotés. Pièce rare en très bon état de conservation, en parfait état de fonctionnement, révisée et contrôlée dans notre atelier. Garantie de 2 ans. Détails de la montre Type de montre Montre Sexe Homme/Unisexe Marque Jaeger LeCoultre Numéro de référence E159 Modèle Military Acier Inoxydable -1947- État Très bon Contenu livré Montre uniquement Mouvement Remontage manuel Boîtier Acier Année de fabrication 1947 Bracelet Couleur du bracelet Noir Type de fermoir Boucle ardillon Boîtier Étanche Non étanche Verre Plexiglas Chiffres du cadran Arabes Diamètre 32mm * 39mm Calibre Étanche Non étanche Verre Plexiglas Chiffres du cadran Arabes Diamètre 32mm * 39mm Calibre/Rouages P478 Base Calibre Jaeger LeCoultre Autres Seconde centrale Oui État d'origine/Pièces originale Oui",Pascal Karp,2026-06-02,False
Jaeger LeCoultre Master Mariner Acier Inoxydable -1971- Réf.E557/1 Cal.883 -1971-,Other,4300,https://pascalkarpwatchesexpertise.com/products/jaeger-lecoultre-master-mariner-acier-inoxydable-1971-ref-e557-1-cal-883-1971,https://cdn.shopify.com/s/files/1/0521/0429/8688/files/azerty-854_f9b33a9e-5fa2-4377-b372-f5a9442e2cf1.jpg?v=1788610944,"Montre Jaeger-LeCoultre Master Mariner, référence E557/1, en acier inoxydable. Mouvement automatique, calibre 883. Fonctions : date et seconde centrale. Cadran gris bicolore avec index appliqués verticaux et signature à 9h. Boîtier en trois parties avec fond vissé, lunette lisse et verre acrylique. Dimensions : 34,5 mm hors couronne 40 mm avec cornes. Mouvement et boîtier signés et numérotés. État : peu portée, fonctionnement contrôlé. Garantie : 2 ans. Détails de la montre Type de montre Montre Sexe Homme/Unisexe Marque Jaeger LeCoultre Numéro de référence E557/1 Modèle Master Mariner Acier Inoxydable -1971- État Très bon Contenu livré Montre uniquement Mouvement Remontage automatique Boîtier Acier Année de fabrication 1971 Bracelet Largeur entrecorne 18 Couleur du bracelet Noir Type de fermoir Boucle ardillon Boîtier Étanche Non étanche Verre Plexiglas Diamètre 34.5mm * 40mm Calibre Calibre/Rouages 883 Base Calibre Jaeger LeCoultre Fonctions Date Oui Autres Seconde centrale Oui État d'origine/Pièces originale Oui",Pascal Karp,2026-05-19,False
Lemania Memomatic -1975- Réf.9751 Cal.Lemania 2980 -1975-,Other,3200,https://pascalkarpwatchesexpertise.com/products/lemania-alarme-automatique-1975-ref-9751-cal-lemania-2980-1975,https://cdn.shopify.com/s/files/1/0521/0429/8688/files/2026_05_18_LEMANIA_WEB-2.jpg?v=1779282137,"Montre Lemania vintage à alarme en acier inoxydable, référence 9751. Mouvement automatique calibre Lemania 2980 avec fonction alarme, seconde centrale et date à 3 heures. Cadran argenté, index bâtons appliqués et aiguilles luminescentes. Indication de l'alarme via un disque central rotatif. Boîtier de forme tonneau en deux parties avec fond vissé. Dimensions : 39 mm (hors couronne et poussoir) x 43 mm (anses incluses). Mouvement et boîtier signés et numérotés. Montre révisée, en parfait état de fonctionnement et en état exceptionnel de conservation. Garantie de 2 ans. Détails de la montre Type de montre Montre Sexe Homme/Unisexe Marque Lemania Numéro de référence 9751 Modèle Alarme Automatique -1975- État Très bon Contenu livré Montre uniquement Mouvement Remontage automatique Boîtier Acier Année de fabrication 1975 Bracelet Couleur du bracelet Bleu Type de fermoir Boucle ardillon Boîtier Étanche Non étanche Verre Plexiglas Diamètre 39mm * 43mm Calibre Calibre/Rouages Lemania 2980 Fonctions Date Oui Réveil Oui Autres Seconde centrale Oui État d'origine/Pièces originale Oui",Pascal Karp,2026-05-19,False
Heuer Chronographe de Poche à Rattrapante NOS  (New Old Stock) Circa 1960 Réf.572 Cal.Valjoux 57 -Circa 1960-,Other,1300,https://pascalkarpwatchesexpertise.com/products/heuer-chronographe-de-poche-a-rattrapante-nos-new-old-stock-circa-1960-ref-572-cal-valjoux-57-circa-1960,https://cdn.shopify.com/s/files/1/0521/0429/8688/files/2026_05_11_HEUER_2_WEB-2.jpg?v=1778937362,"Chronographe de poche Heuer à rattrapante, référence 572, en acier inoxydable et acier peint, équipé du calibre à remontage manuel Valjoux 57, fonctions addition des secondes (30 secondes au 1/10e) et d’un totalisateur de 30 minutes. Il s'agit de l'un des premiers chronomètres à rattrapante produits par Heuer, conçu pour chronométrer deux coureurs distincts. La minuterie extérieure est graduée par intervalles de 30 secondes (totalisant 60 secondes sur le second intervalle). Dimensions : 57 mm x 18 mm (verre inclus). Le mouvement et le boîtier sont signés (Heuer-Leonidas) et numérotés. Exemplaire NOS (New Old Stock) livré avec son écrin d’origine. Révisé dans notre atelier, garanti 2 ans. Détails de la montre Type de montre Chronographe / de poche Marque Heuer Numéro de référence 572 Modèle Chronographe de Poche à Rattrapante NOS (New Old Stock) Circa 1960 État Neuve Contenu livré Coffret d'origine Mouvement Remontage manuel Boîtier Acier Année de fabrication Circa 1960 Boîtier Étanche Non étanche Verre Plexiglas Chiffres du cadran Arabes Diamètre 57mm * 18mm Calibre Calibre/Rouages Valjoux 57 Fonctions Double chronographe Oui Chronographe Oui Autres État d'origine/Pièces originale Oui",Pascal Karp,2026-05-16,False
Boucheron Calatrava Or Rose 18k Circa 1960 Réf.6307 Cal.Mécanique manuel -1960-,Other,8800,https://pascalkarpwatchesexpertise.com/products/boucheron-calatrava-or-rose-18k-circa-1960-ref-6307-cal-mecanique-manuel-1960,https://cdn.shopify.com/s/files/1/0521/0429/8688/files/2026_06_01_BOUCHERON_WEB-2.jpg?v=1780664645,"Élégante montre-bracelet Boucheron type « Calatrava » en or rose 18 carats, référence 6307, équipée d'un mouvement suisse de qualité à remontage manuel. Cadran « Clous de Paris » en or rose avec aiguilles assorties, boîtier en deux parties à fond clipsé et lunette lisse, anses droites, poinçonné 18k. Dimensions : 32 mm (hors couronne) x 36 mm (anses incluses). Le mécanisme et le boîtier sont signés et numérotés, accompagnée de sa boucle ardillon d'origine en or 18k. Il s'agit d'une pièce rare en parfait état de conservation et de fonctionnement, révisée en atelier. Garantie 2 ans. Détails de la montre Type de montre Montre Sexe Homme/Unisexe Marque Boucheron Numéro de référence 6307 Modèle Calatrava Or Rose 18k Circa 1960 État Très bon Contenu livré Montre uniquement Mouvement Remontage manuel Boîtier Or rose Année de fabrication 1960 Bracelet Couleur du bracelet Brun Type de fermoir Boucle ardillon Boîtier Étanche Non étanche Verre Plexiglas Matériau de la lunette Or rose 18k Diamètre 32mm * 36mm Calibre Calibre/Rouages Remontage manuel Autres État d'origine/Pièces originale Oui",Pascal Karp,2026-05-15,False
Jaeger LeCoultre Bi-Compax Double Signature  Acier Inoxydable -1945- Réf.2604 Cal.UG 285 -1945-,Other,6800,https://pascalkarpwatchesexpertise.com/products/jaeger-lecoultre-bi-compax-double-signature-acier-inoxydable-1945-ref-2604-cal-ug-285-1945,https://cdn.shopify.com/s/files/1/0521/0429/8688/files/2026_06_22_JAEGER_WEB-2.jpg?v=1782305900,"Chronographe Jaeger-LeCoultre Bi-compax en acier inoxydable, référence 22604, à double signature ""Keltz Bloch Strasbourg"". Équipé du calibre UG 285 à remontage manuel avec roue à colonne, fonctions d'addition des heures et des minutes (45 min). Cadran argenté d'origine, chiffres arabes de style Breguet, minuterie chemin de fer, échelles télémétrique et tachymétrique, aiguilles en acier bleui. Boîtier non poli en trois parties à anses mobiles, lunette lisse et fond pressé. Dimensions : 34,5 mm (40 mm avec couronne) x 41 mm (anses incluses). Le mouvement et le boîtier sont signés et numérotés. Cet exemplaire rare est en excellent état de conservation, révisé en atelier, en parfait état de fonctionnement et garanti 2 ans. Détails de la montre Type de montre Montre Sexe Homme/Unisexe Marque Jaeger LeCoultre Numéro de référence 2604 Modèle Bi-Compax Double Signature Acier Inoxydable -1945- État Très bon Contenu livré Montre uniquement Mouvement Remontage manuel Boîtier Acier Année de fabrication 1945 Bracelet Couleur du bracelet Noir Type de fermoir Boucle ardillon Boîtier Étanche Non étanche Verre Plexiglas Chiffres du cadran Arabes Diamètre 34.5mm * 41mm Calibre Calibre/Rouages UG 285 Fonctions Chronographe Oui Tachymètre Oui Autres Aiguilles en acier bleui Oui État d'origine/Pièces originale Oui",Pascal Karp,2026-05-12,False
Breitling Navitimer Lip -1965- Réf.806 Cal.Venus 178 -1965-,Other,5800,https://pascalkarpwatchesexpertise.com/products/breitling-navitimer-lip-1965-ref-806-cal-venus-178-1965,https://cdn.shopify.com/s/files/1/0521/0429/8688/files/2026_06_22_BREITLING_WEB-2.jpg?v=1782204463,"Breitling Navitimer Lip, référence 806. Chronographe trois compteurs en acier inoxydable. Calibre Venus 178 à remontage manuel, fonction addition des heures et minutes (30 min). Chronographe à roue à colonne. Cadran joliment patiné à double signature tritium deux tons ""Reverse Panda"", logo ""Twin Jet"". Trois registres, index et aiguilles luminescents originellement. Boîtier non poli à fond pressé, lunette bidirectionnelle servant de règle à calcul. Dimensions : 40 mm (hors couronne et poussoirs) x 46 mm (anses incluses). Mouvement et boîte signés et numérotés. Parfait état de fonctionnement. Révisée en atelier. Garantie 2 ans. Détails de la montre Type de montre Montre Sexe Homme/Unisexe Marque Breitling Numéro de référence 806 Modèle Navitimer Lip -1965- État Vintage Contenu livré Montre uniquement Mouvement Remontage manuel Boîtier Acier Année de fabrication 1965 Bracelet Couleur du bracelet Noir Type de fermoir Boucle ardillon Boîtier Étanche Non étanche Verre Plexiglas Diamètre 40mm * 12mm Calibre Calibre/Rouages Venus 178 Fonctions Chronographe Oui Autres État d'origine/Pièces originale Oui",Pascal Karp,2026-05-06,False
"Hermès Horloge de Voyage ""WORLD TIME"" -1965-  Réf.1005 Cal.8 Jours Luxor Arogno 22NN -1965-",Other,2800,https://pascalkarpwatchesexpertise.com/products/hermes-horloge-de-voyage-world-time-1965-ref-1005-cal-8-jours-luxor-arogno-22nn-1965,https://cdn.shopify.com/s/files/1/0521/0429/8688/files/2026_04_27_HERMES_WEB-2copie.jpg?v=1777983954,"Horloge de voyage Hermès « World Time » (réf. 1005) en laiton doré. Calibre mécanique manuel Luxor Arogno 22NN (8 jours), réveil, date, cadran argent satiné, disque 66 villes, indicateur jour/nuit. Dim. : 76 x 40 mm. Signée, numérotée, avec écrin d'origine. Excellent état. Garantie 2 ans. Détails de la montre Type de montre Autres montres Sexe Homme/Unisexe Marque Hermès Numéro de référence 1005 Modèle Horloge de Voyage / Réveil ""WORLD TIME"" -1965- État Très bon Contenu livré Montre avec coffret d'origine Mouvement Remontage manuel Boîtier Bronze Année de fabrication 1965 Boîtier Étanche Non étanche Verre Plexiglas Diamètre 75mm * 75mm Calibre Calibre/Rouages 8 Jours Luxor Arogno 22NN",Pascal Karp,2026-05-05,False
Jaeger LeCoultre Chronographe Tri-Compax jumbo 39 mm Circa 1950,Other,8800,https://pascalkarpwatchesexpertise.com/products/jaeger-lecoultre-chronographe-tri-compax-jumbo-39-mm-circa-1950-ref-224105-cal-ug-285-circa-1950,https://cdn.shopify.com/s/files/1/0521/0429/8688/files/2026_07_13_JAEGER_WEB-2556_copie_b28dff37-4ab3-4d75-9711-31c0d86c5276.jpg?v=1784388279,"Jaeger-LeCoultre Chronographe Tri-compax de grande dimension en acier inoxydable, circa 1950, référence 224105. Équipé du calibre à remontage manuel UG 285, fonction chronographe avec roue à colonne et compteurs des heures et des minutes. Boîtier trois pièces, non poli, dimensions : 39 mm de diamètre (41,5 mm avec couronne et poussoirs) pour 46 mm de longueur et 12,5 mm d'épaisseur. signés et numérotés. cadran argenté d'origine, poussoirs de type champignon. Mécanisme et boite signés et numérotés. Article vintage en très bel état de conservation et parfait état de fonctionnement, révisé et contrôlé en atelier, garantie 2 ans. Détails de la montre Type de montre Montre Sexe Homme/Unisexe Marque Jaeger LeCoultre Numéro de référence 224105 Modèle Chronographe Tri-Compax jumbo 39 mm Circa 1950 État Très bon Contenu livré Montre uniquement Mouvement Remontage manuel Boîtier Acier Année de fabrication Circa 1950 Bracelet Couleur du bracelet Noir Type de fermoir Boucle ardillon Boîtier Étanche Non étanche Matériau de la lunette Acier Diamètre 39mm * 46mm Calibre Étanche Non étanche Matériau de la lunette Acier Diamètre 39mm * 46mm Calibre/Rouages UG 285 Fonctions Chronographe Oui Autres État d'origine/Pièces originale Oui",Pascal Karp,2026-04-23,False
Heuer Chronographe De Bord Super Autavia Mark 3 NOS -1967- Réf.71558 Cal.Valjoux 5 -1967-,Other,3000,https://pascalkarpwatchesexpertise.com/products/heuer-chronographe-de-bord-super-autavia-mark-3-nos-1967-ref-71558-cal-valjoux-5-1967,https://cdn.shopify.com/s/files/1/0521/0429/8688/files/2026_04_01_HEUER_WEB-5.jpg?v=1776356187,"Chronographe de bord Heuer Super Autavia Mark 3 (1967) en acier et chrome, référence 71558, équipé du calibre Valjoux 5. Fonctions : compteur 30 minutes, heures, minutes, petite seconde ; mouvement à remontage manuel. Cadran noir avec chiffres et aiguilles luminescents (tritium), lunette graduée bidirectionnelle sur le rehaut. Dimensions : 57 mm x 22 mm (verre compris), boitier signé Heuer Leonidas S.A. Article « NOS » (New Old Stock), année de production : 1967. Révisé en atelier, garantie 2 ans. Chronomètre de bord Heuer Monte-Carlo réf. 542.701 (acier/chrome). Chronographe 1/5e de seconde, compteur 60 min et disque 12h sautant. Lunette tournante, cadran luminescent. Mouvement manuel Valjoux 7714 à remontage manuel. Dimensions : 57 x 22 mm verre compris. Article « NOS » (New Old Stock), année de production : 1967. Révisé en atelier, garantie 2 ans. The offer is for the ""Heuer Chronographe De Bord Super Autavia Mark 3 NOS (1967) - Ref. 71558 - Cal. Valjoux 5 "" ONLY. Détails de la montre Type de montre Chronographe Marque Heuer Numéro de référence 71558 Modèle Chronographe De Bord Super Autavia Mark 3 / Compteur Monte Carlo NOS -1967- État Jamais portée Contenu livré Montre uniquement Mouvement Remontage manuel Boîtier Acier Année de fabrication 1967 Boîtier Étanche Non étanche Verre Plexiglas Chiffres du cadran Arabes Matériau de la lunette Acier Diamètre 57mm * 22mm Calibre Étanche Non étanche Verre Plexiglas Chiffres du cadran Arabes Matériau de la lunette Acier Diamètre 57mm * 22mm Calibre/Rouages Valjoux 5 Fonctions Chronographe Oui Autres Petite seconde Oui État d'origine/Pièces originale Oui",Pascal Karp,2026-04-16,False
Universal Genève Compax Acier Inoxydable -1990- Réf.88425 Cal.Ug83/Lemania 1873 -1990-,Other,3700,https://pascalkarpwatchesexpertise.com/products/universal-geneve-compax-acier-inoxydable-1990-ref-88425-cal-ug83-lemania-1873-1990,https://cdn.shopify.com/s/files/1/0521/0429/8688/files/2026_04_13_UG_HD-2.jpg?v=1776263121,"Chronographe Universal Genève Compax, référence 88425. Boîtier en acier inoxydable de 37 mm de diamètre et 13 mm d'épaisseur, fond et lunette tachymétrique fixe. Équipée d'un calibre à remontage manuel UG83 (base Lemania 1873) avec fonction chronographe (compteurs 30 minutes et heures). Cadran blanc, index flèches appliqués, d'aiguilles luminescentes et minuterie chemin de fer. Couronne et poussoirs vissés, verre saphir, étanchéité à 10 ATM. Bracelet en acier d'origine avec boucle déployante. Mouvement et boîtier signés et numérotés. Exemplaire en parfait état, contrôlé dans notre atelier. 2 ans de garantie. Détails de la montre Type de montre Montre Sexe Homme/Unisexe Marque Universal Genève Numéro de référence 88425 Modèle Compax Acier Inoxydable -1990- État Très bon/Proche du neuf Contenu livré Montre uniquement Mouvement Remontage manuel Boîtier Acier Année de fabrication 1990 Bracelet Couleur du bracelet Acier Type de fermoir Double plis Boîtier Étanche 10 ATM Verre Verre saphir Diamètre 37mm * 37mm Calibre Calibre/Rouages Ug83 Base Calibre Lemania 1873 Fonctions Chronographe Oui Tachymètre Oui Autres Aiguilles luminescentes Oui État d'origine/Pièces originale Oui",Pascal Karp,2026-04-15,False
Zenith Chronographe Super Sub Sea -1968- Réf.A277 Cal.Zenith 146-HP  -1968-,Other,7800,https://pascalkarpwatchesexpertise.com/products/zenith-chronographe-super-sub-sea-1968-ref-a277-cal-zenith-146-hp-1968,https://cdn.shopify.com/s/files/1/0521/0429/8688/files/jnbl.jpg?v=1776430290,"Chronographe Zenith Super Sub Sea réf. A277, acier. Calibre 146HP, 3 compteurs, cadran noir mat 2 tons. Boîtier 40,5 mm, fond vissé, lunette bidirectionnelle « Ghost ». Signé et numéroté, excellent état, parfait fonctionnement. Garantie 2 ans. Détails de la montre Type de montre Montre Sexe Homme/Unisexe Marque Zenith Numéro de référence A277 Modèle Chronographe Super Sub Sea -1968- État Très bon Contenu livré Montre uniquement Mouvement Remontage manuel Boîtier Acier Année de fabrication 1968 Bracelet Couleur du bracelet Noir Type de fermoir Boucle ardillon Boîtier Étanche Non étanche Verre Plexiglas Matériau de la lunette Acier Diamètre 40.5mm * 10.5mm Calibre Calibre/Rouages 146HP Base Calibre Zenith Fonctions Chronographe Oui Autres Lunette tournante Oui État d'origine/Pièces originale Oui",Pascal Karp,2026-04-14,False
Omega Classique 30T2 Or jaune 18K -1959- Réf.2894 2 Cal.267 -1959-,Other,3800,https://pascalkarpwatchesexpertise.com/products/omega-classique-30t2-or-jaune-18k-1959-ref-2894-2-cal-267-1959,https://cdn.shopify.com/s/files/1/0521/0429/8688/files/Sans_titre.jpg?v=1775295547,"Élégante montre vintage Omega classique en or jaune 18k, référence 2894-2. Équipée d'un mouvement mécanique à remontage manuel (calibre 267, famille 30T2) avec petite seconde. Le cadran argenté d'origine est en parfait état, index flèches et chiffres arabes appliqués 12-3-9, aiguilles dauphines. Boîtier massif en trois parties, fond pressé et anses droites. Lunette lisse. Dimensions : 35 mm (hors couronne) par 40 mm (anses incluses). Mouvement et boîtier signés et numérotés. Cette pièce est dans un état de conservation exceptionnel ; elle a été révisée et bénéficie d'une garantie de 2 ans. Détails de la montre Type de montre Montre Sexe Homme/Unisexe Marque Omega Numéro de référence 2894 2 Modèle Classique 30T2 Or jaune 18K -1959- État Très bon Contenu livré Montre uniquement Mouvement Remontage manuel Boîtier Or jaune Année de fabrication 1959 Bracelet Largeur entrecorne 18 Couleur du bracelet Brun Type de fermoir Boucle ardillon Boîtier Étanche Non étanche Verre Plexiglas Matériau de la lunette Or jaune Diamètre 35mm * 40mm Calibre Calibre/Rouages 267/30T2 Base Calibre Omega Autres Petite seconde Oui État d'origine/Pièces originale Oui",Pascal Karp,2026-04-04,False
Zenith Sub Sea Pilot Diver -1972- Réf.01-0190-415 Cal.El Primero 3019 PHC,Other,7200,https://pascalkarpwatchesexpertise.com/products/zenith-sub-sea-pilot-diver-1972-ref-01-0150-415-cal-el-primero-3019-phc-1975,https://cdn.shopify.com/s/files/1/0521/0429/8688/files/2026_03_23_ZENITH1.jpg?v=1774888779,"Montre Zenith Sub Sea Pilot, chronographe à trois compteurs en acier inoxydable avec bracelet en acier, référence 01-0190-415. Ce modèle est équipé du calibre automatique El Primero 3019 PHC haute fréquence (36 000 alt/h), incluant les fonctions d'addition d'heures et de minutes, ainsi qu'une date rapide positionnée à 4h30. Le cadran noir mat comporte des index et des aiguilles luminescents au tritium, échelle tachymétrique sur le rehaut. Le boîtier de forme tonneau mesure 43 mm x 42 mm et comprend un fond et une couronne vissés, ainsi qu'une lunette tournante bidirectionnelle graduée 60 minutes. La montre est fournie avec son bracelet d'origine à maillons articulés et une boucle signée Zenith. Le mécanisme et le boîtier sont signés et numérotés. Ce chronographe est en très bon état de conservation, en parfait état de fonctionnement. Garantie de 2 ans. Détails de la montre Type de montre Montre Sexe Homme/Unisexe Marque Zenith Numéro de référence 01-0190-415 Modèle Sub Sea Pilot Diver -1972- État Bon Contenu livré Montre uniquement Mouvement Remontage automatique Boîtier Acier Année de fabrication 1975 Bracelet Couleur du bracelet Acier Type de fermoir Double plis Boîtier Étanche Étanche à l'origine Verre Verre minéral trempé Matériau de la lunette Acier Diamètre 43mm * 42mm Calibre Calibre/Rouages El Primero 3019 PHC Base Calibre Zenith Fonctions Date Oui Chronographe Oui Tachymètre Oui Autres Aiguilles luminescentes Oui Chronomètre Oui Lunette tournante Oui Couronne vissée Oui Mise en circuit rapide Oui État d'origine/Pièces originale Oui Index luminescents Oui",Pascal Karp,2026-03-27,False
Excelsior Park Bi-Compax acier 37 mm -1955- Réf.NA Cal.EP4-68 -Circa 1955-,Other,3600,https://pascalkarpwatchesexpertise.com/products/excelsior-park-bi-compax-acier-37-mm-1955-ref-na-cal-ep4-68-circa-1955,https://cdn.shopify.com/s/files/1/0521/0429/8688/files/2026_05_04_EXCELSIORPARK_WEB-2.jpg?v=1777907171,"Chronographe Excelsior Park « Bi-Compax » grand format en acier inoxydable, équipé du calibre à remontage manuel EP4-68 avec roue à colonne et totalisateur 45 minutes. Cadran argenté joliment patiné, d'aiguilles « seringue » , chiffres arabes d'origine à matière luminescente. Boîtier trois corps, non poli, fond vissé, lunette lisse, poussoirs « champignon ». Dimensions : 37 mm (hors couronne) x 43 mm (cornes comprises). Beau et rare chronographe vintage, en excellent état de conservation et en parfait état de fonctionnement. Garantie de 2 ans. Détails de la montre Type de montre Montre Sexe Homme/Unisexe Marque Excelsior Park Numéro de référence NA Modèle Bi-Compax acier 37 mm -1955- État Excellent état vintage Contenu livré Montre uniquement Mouvement Remontage manuel Boîtier Acier Année de fabrication Circa 1955 Bracelet Couleur du bracelet Brun Type de fermoir Boucle ardillon Boîtier Étanche Non étanche Verre Plexiglas Chiffres du cadran Arabes Matériau de la lunette Acier Diamètre 37mm * 37mm Calibre Calibre/Rouages EP4-68 Fonctions Chronographe Oui Autres État d'origine/Pièces originale Oui",Pascal Karp,2026-03-26,False
Mathey-Tissot Chronographe Valjoux 72 -1960- Réf.Na Cal.Valjoux 72 -1960-,Other,4800,https://pascalkarpwatchesexpertise.com/products/mathey-tissot-chronographe-valjoux-72-1960-ref-na-cal-valjoux-72-1960,https://cdn.shopify.com/s/files/1/0521/0429/8688/files/v3-8.jpg?v=1773333198,"Chronographe Mathey-Tissot, boîtier acier inoxydable, calibre Valjoux 72 à remontage manuel avec fonctions addition des heures et minutes (30 min), commande chronographe par roue à colonne. Cadran argenté d'origine, chiffres arabes 12-2-4-8-10, index flèches appliqués. Boîtier 3 pièces à fond vissé, lunette lisse, poussoirs champignons, anses stylisées. Dimensions : 35 mm (37 mm avec couronne) x 43.5 mm (anses comprises). Mouvement et boîte numérotés et signés. Article vintage en très bon état de conservation et parfait état de fonctionnement, révisé. Garantie 2 ans. Détails de la montre Type de montre Montre Sexe Homme/Unisexe Marque Mathey-Tissot Numéro de référence Na Modèle Chronographe Valjoux 72 -1960- État Très bon Contenu livré Montre uniquement Mouvement Remontage manuel Boîtier Acier Année de fabrication 1960 Bracelet Couleur du bracelet Beige Type de fermoir Boucle ardillon Boîtier Étanche Non étanche Verre Plexiglas Chiffres du cadran Arabes Matériau de la lunette Acier Diamètre 35mm * 43mm Calibre Étanche Non étanche Verre Plexiglas Chiffres du cadran Arabes Matériau de la lunette Acier Diamètre 35mm * 43mm Calibre/Rouages Valjoux 72 Fonctions Chronographe Oui Autres État d'origine/Pièces originale Oui",Pascal Karp,2026-03-06,False
Movado Sub-Sea Datron HS360 Réf.434-615-502 Cal.El Primero 3019 PHC -1970-,Other,4800,https://pascalkarpwatchesexpertise.com/products/movado-sub-sea-datron-hs360-ref-434-615-502-cal-el-primero-3019-phc-1970,https://cdn.shopify.com/s/files/1/0521/0429/8688/files/2026_03_02_MOVADO_WEB-2.jpg?v=1772535785,"Chronographe 3 compteurs Movado Datron Sub-Sea HS 360 en acier plaqué or 40 microns réf. 434-615-502 équipé du calibre Zenith El Primero 3019 PHC à haute fréquence (36000 A/h). Fonctions addition des heures et minutes (30 min), date rapide à midi. Mouvement à remontage automatique. Cadran original 2 tons, indexes bâtons appliqués et aiguillage luminescents d'origine. Boîtier tonneau non poli 2 pièces, fond vissé, lunette lisse. Dimensions : 37 mm (hors couronne et poussoirs) x 41 mm (anses incluses). Mécanisme et boite signés et numérotés. Bracelet et boucle ardillon d'origine. Article non porté ""NOS"" en parfais état de conservation et de fonctionnement, révisé et contrôlé dans notre atelier. Détails de la montre Type de montre Montre Sexe Homme/Unisexe Marque Movado Numéro de référence 434-615-502 Modèle Sub-Sea Datron HS360 État Jamais portée Contenu livré Montre uniquement Mouvement Remontage automatique Boîtier Acier Année de fabrication 1970 Bracelet Couleur du bracelet Noir Type de fermoir Boucle ardillon Boîtier Étanche Non étanche Verre Matière plastique Diamètre 37mm * 41mm Calibre Calibre/Rouages Zenith El Primero 3019 PHC Mouvement oscillatoire Fréquence de 5 Hertz = 36 000 alternances par heure (A/h) Fonctions Date Oui Chronographe Oui Autres État d'origine/Pièces originale Oui",Pascal Karp,2026-03-03,False
Breitling Navitimer Cosmonaute 24H -1969- Réf.0819 Cal.Venus 178 -1969-,Other,4200,https://pascalkarpwatchesexpertise.com/products/breitling-navitimer-cosmonaute-24h-1969-ref-0809-cal-venus-178-1969,https://cdn.shopify.com/s/files/1/0521/0429/8688/files/2026_02_16_BREITLING_WEB-2_-V2.jpg?v=1771610815,"Breitling Navitimer Cosmonaute, modèle rare circa 1969. Chronographe 3 compteurs en acier inoxydable, réf. 0819. Calibre Venus 178 modifié (cycle horaire 24h), fonction additionnelle heures et minutes (30 min), date à 6h, roue à colonnes, mouvement à remontage manuel. Cadran 2 tons 24h laqué ""Twin Jet"" tritium, quadruple signature : Breitling/Genève/Cosmonaute/Navitimer. Chiffres arabes et aiguilles luminescents à l'origine. Boîtier 3 pièces non polis, fond vissé (nombreuses micros griffes), lunette bidirectionnelle avec règle à calcul. Dimensions : 48 mm (hors couronne et poussoirs) x 13 mm (verre inclus). Mouvement et boîtier signés et numérotés. Condition : Bon état de conservation, parfait état de fonctionnement. Garantie 2 ans. Détails de la montre Type de montre Montre Sexe Homme/Unisexe Marque Breitling Numéro de référence 0809 Modèle Navitimer Cosmonaute 24H -1969- État Bon Contenu livré Montre uniquement Mouvement Remontage automatique Boîtier Acier Année de fabrication 1969 Bracelet Couleur du bracelet Noir Type de fermoir Boucle ardillon Boîtier Étanche Non étanche Verre Verre minéral Chiffres du cadran Arabes Diamètre 48mm * 13mm Calibre Calibre/Rouages Venus 178 Fonctions Chronographe Oui Date Oui Autres État d'origine/Pièces originale Oui Lunette tournante Oui",Pascal Karp,2026-02-19,False
Excelsior Park Chronographe acier Tri-Compax 37 mm -1960- Réf.8846 Cal.Excelsior Park JB40  -1960-,Other,5100,https://pascalkarpwatchesexpertise.com/products/excelsior-park-chronographe-acier-tri-compax-37-mm-1960-ref-8846-cal-excelsior-park-jb40-1960,https://cdn.shopify.com/s/files/1/0521/0429/8688/files/2026_02_16_EXCELSIOR_PARK_WEB-2.jpg?v=1771407735,"Chronographe Excelsior Park, modèle tri-compax en acier inoxydable référence 8846. Mouvement mécanique à remontage manuel, calibre Excelsior Park JB40 avec fonction chronographe (heures et minutes – 30 min), roue à colonnes. Cadran noir mat, chiffres arabes luminescents à l'origine, aiguilles seringues. Boîtier 3 pièces avec fond vissé, poussoirs champignons et lunette lisse. Diamètre : 37 mm (hors couronne), longueur : 43 mm (entre-cornes). Exemplaire en très bon état de conservation et de fonctionnement. Révisé dans notre atelier. Garantie de 2 ans. Détails de la montre Type de montre Montre Sexe Homme/Unisexe Marque Excelsior Park Numéro de référence 8846 Modèle Chronographe acier Tri-Compax 37 mm -1960- État Très bon Contenu livré Montre uniquement Mouvement Remontage manuel Boîtier Acier Année de fabrication 1960 Bracelet Couleur du bracelet Noir Type de fermoir Boucle ardillon Boîtier Étanche Non étanche Verre Plexiglas Chiffres du cadran Arabes Matériau de la lunette Acier Diamètre 37mm * 43mm Calibre Calibre/Rouages JB40 Base Calibre Excelsior Park Fonctions Chronographe Oui Autres Petite seconde Oui État d'origine/Pièces originale Oui",Pascal Karp,2026-02-17,False
Glashütte Original PanoReserve -2005- Réf.65-01-02-02-04 Cal.65-01 -2005-,Other,7200,https://pascalkarpwatchesexpertise.com/products/glashutte-original-panoreserve-2005-ref-65-01-02-02-04-cal-65-01-2005,https://cdn.shopify.com/s/files/1/0521/0429/8688/files/2026_01_26_GLASHUTTE_WEB-2.jpg?v=1769620227,"Glashütte Original, montre à complications en acier inoxydable, référence 65-01-02-02-04. Calibre de manufacture 65-01, fonctions heure, minute, petite seconde, date Panorama, affichage de la réserve de marche. Mouvement à remontage manuel avec réglage de précision à double col de cygne. Cadran en argent galvanisé, heure décentrée, index appliqués, minuterie imprimée. Boîtier 3 pièces, fond vissé avec mécanisme apparent, verre saphir, étanche à 50 mètres. Dimensions : 40 mm x 11.7 mm. Exemplaire en parfait état, révisé dans notre atelier. Garantie de 2 ans. Détails de la montre Type de montre Montre Sexe Homme/Unisexe Marque Glashütte Original Numéro de référence 65-01-02-02-04 Modèle PanoReserve -2005- État Très bon Contenu livré Montre uniquement Mouvement Remontage manuel Boîtier Acier Année de fabrication 2005 Bracelet Couleur du bracelet Noir Type de fermoir Boucle ardillon Boîtier Étanche 5 ATM Verre Verre saphir Diamètre 40mm * 11.7mm Calibre Calibre/Rouages 65-01 Base Calibre Glashütte Original Fonctions Date panorama Oui Autres Petite seconde Oui Bandes de Genève Oui Indication de la réserve de marche Oui Édition limitée Oui",Pascal Karp,2026-01-28,False
Omega Chronostop Genève  -1968-  Réf.146.010  Cal.920 -1968-,Other,3200,https://pascalkarpwatchesexpertise.com/products/omega-chronostop-geneve-1968-ref-146-0010-cal-920-1968,https://cdn.shopify.com/s/files/1/0521/0429/8688/files/2026_01_26_OMEGA_WEB-2.jpg?v=1776359923,"Chronographe mono-poussoir Omega Chronostop Genève, référence 146010 . Boîtier tonneau en acier inoxydable, fond vissé. Mouvement mécanique à remontage manuel calibre 920. Fonctions : chronographe 60 secondes, date à 3 heures. Commande du chronographe par simple pression. Cadran gris, indexes et aiguilles luminescents (tritium) d'origine. Repère 12 heures décalé à 90 degrés pour port sous le poignet. Dimensions : 35 mm x 39 mm x 11.5 mm, verre hésalite. Mouvement et boîtier signés et numérotés. Exemplaire en excellent état, révisé en atelier. Garantie 2 ans. Détails de la montre Type de montre Montre Sexe Homme/Unisexe Marque Omega Numéro de référence 146.0010 Modèle Chronostop Genève -1968- État Excellent Contenu livré Montre uniquement Mouvement Remontage manuel Boîtier Acier Année de fabrication 1968 Bracelet Couleur du bracelet Beige Type de fermoir Boucle ardillon Boîtier Étanche Étanche à l'origine Diamètre 35mm * 39mm Calibre Calibre/Rouages 920 Base Calibre Omega Fonctions Date Oui Chronographe Oui Autres État d'origine/Pièces originale Oui",Pascal Karp,2026-01-27,False
Vixa Chronographe Flyback Type 20 Armée de l’Air Française Réf.5100-54 Cal.Hanhart 4054 -1954-,Other,5300,https://pascalkarpwatchesexpertise.com/products/vixa-chronographe-flyback-type-20-armee-de-l-air-francaise-ref-5100-54-cal-hanhart-4054-1954,https://cdn.shopify.com/s/files/1/0521/0429/8688/files/2026_01_19_VIXA_WEB-2.jpg?v=1768839418,"Chronographe militaire Vixa Type 20, référence 5100-54. Dotation Armée de l'Air Française. Mouvement mécanique à remontage manuel, calibre Hanhart 4054, fonction flyback et addition des minutes (30 min). Boîtier en acier inoxydable paramagnétique, 3 pièces, fond vissé immatriculé, lunette tournante cannelée bidirectionnelle. Cadran noir original à 2 compteurs, chiffres arabes et aiguilles luminescents (à l'origine). Dimensions : 39 mm (41 mm couronne et poussoirs inclus) x 46 mm (entre-cornes). Composants d'origine allemande, livrés à la France au titre de dommages de guerre. Bon état de conservation et parfait état de fonctionnement, révisé et garanti 2 ans. Détails de la montre Type de montre Montre Sexe Homme/Unisexe Marque Vixa Numéro de référence 5100-54 Modèle Chronographe Flyback Type 20 Armée de l’Air Française État Bon état vintage Contenu livré Montre uniquement Mouvement Remontage manuel Boîtier Acier Année de fabrication 1954 Bracelet Couleur du bracelet Brun Type de fermoir Boucle ardillon Boîtier Étanche Non étanche Verre Plexiglas Chiffres du cadran Arabes Matériau de la lunette Acier Diamètre 39mm * 46mm Calibre Calibre/Rouages Hanhart 4054 Fonctions Fonction Flyback Oui Autres Lunette tournante Oui État d'origine/Pièces originale Oui",Pascal Karp,2026-01-19,False
"Omega Military Royal Air Force ""Fat Arrow"" -1953- Réf.2777-1 Cal.283  -1953-",Other,4800,https://pascalkarpwatchesexpertise.com/products/omega-military-royal-air-force-fat-arrow-1953-ref-2777-1-cal-283-1953,https://cdn.shopify.com/s/files/1/0521/0429/8688/files/2025_12_23_OMEGA_WEB-2_c1ff7e5c-bf9f-45ab-9de2-446e13d5b12a.jpg?v=1767187043,"Omega pilote Royal Air Force en acier inoxydable réf. CK 2777-1 SC équipée du calibre 283 grade chronomètre, fonction seconde au centre, mouvement à remontage manuel. Cadran tritium noir ""Fat Arrow"" chiffres arabes et aiguillage luminescents à l'origine. Boîtier massif non poli 2 pièces fond vissé, marquage militaire au dos. Dimensions : 37 mm (hors couronne) x 12.5 mm (verre compris), la boîte et le mécanisme sont signés et numérotés. 5900 exemplaires produits pour le ministère britannique de la Défense en 1953. Révisée et contrôlée dans notre atelier, 2 ans de garantie. Détails de la montre Type de montre Montre Sexe Homme/Unisexe Marque Omega Numéro de référence 2777-1 Modèle Military Royal Air Force ""Fat Arrow"" -1953- État En bon état original Contenu livré Montre uniquement Mouvement Remontage manuel Boîtier Acier Année de fabrication 1953 Bracelet Couleur du bracelet Noir Type de fermoir Boucle ardillon Boîtier Étanche Non étanche Verre Plexiglas Chiffres du cadran Arabes Diamètre 37mm * 12.5mm Calibre Calibre/Rouages 283 Base Calibre Omega Autres État d'origine/Pièces originale Oui Seconde centrale Oui",Pascal Karp,2025-12-31,False
TAG Heuer Monaco Men's Club Japan Watch Edition limitée 100 Pièces -2021- Réf.CAW211E Cal.Cal. 11 -2021-,Other,12800,https://pascalkarpwatchesexpertise.com/products/tag-heuer-monaco-mens-club-japan-watch-edition-limitee-100-pieces-2021-ref-caw211e-cal-cal-11-2021,https://cdn.shopify.com/s/files/1/0521/0429/8688/files/2025_01_25_HEUER_WEB-2_a7b9b931-1fd7-4750-be55-fbb32f329726.jpg?v=1765815833,"Tag Heuer Monaco édition limitée 100 pièces ""Men's Club Japan"", chronographe 2 compteurs en acier inoxydable réf. CAW211E équipé du calibre Tag Heuer Calibre 11 fonctions chronographe 30 minutes, date rapide en guichet à 6 heures, secondes à 3h couronne de remontoir à gauche, mouvement à remontage automatique. Cadran laqué vert 2 tons, indexes appliqués, aiguilles et points luminescents, boitier polis/brossé, fond saphir laissant apparaître le mouvement, glace saphir incurvée, étanche à 100 mètres. Dimension : 39 mm x 14 mm, bracelet rallye en cuir vert boucle déployante en acier inoxydable. Article non porté, livré avec son écrin et certificats d'origine. Garantie de 2 ans. Détails de la montre Type de montre Montre Sexe Homme/Unisexe Marque TAG Heuer Numéro de référence CAW211E Modèle Monaco Men's Club Japan Watch Edition limitée 100 Pièces -2021- État Neuve Contenu livré Montre avec coffret d'origine et papiers d'origine Mouvement Remontage automatique Boîtier Acier Année de fabrication 2021 Bracelet Couleur du bracelet Vert Type de fermoir Double plis Boîtier Étanche 10 ATM Verre Verre saphir Diamètre 39mm * 14mm Calibre Calibre/Rouages 11 Base Calibre Tag Heuer Fonctions Chronographe Oui Date Oui Autres État d'origine/Pièces originale Oui",Pascal Karp,2025-12-15,False
Jaeger LeCoultre Chronographe Tri-Compax Or Rose 18k -1950- Réf.141.11 Cal.UG285 -1950-,Other,8800,https://pascalkarpwatchesexpertise.com/products/jaeger-lecoultre-chronographe-tri-compax-or-jaune-18k-1950-ref-141-11-cal-ug285-1950,https://cdn.shopify.com/s/files/1/0521/0429/8688/files/2026_06_16_JAEGER_WEB-2.jpg?v=1781698726,"Chronographe Jaeger LeCoultre 3 compteurs en or rose 18K, réf. 141.11. Mouvement mécanique à remontage manuel, calibre UG 285, roue à colonnes, fonctions chronographe (heures et minutes - 30 minutes). Cadran crème, index flèches appliqués, aiguilles dauphines. Boîtier massif 2 pièces, fond pressé poinçonné. Dimensions : 37 mm (hors couronne et poussoirs) x 43 mm (anses incluses). Mouvement et boîtier signés et numérotés. Rare, en parfait état de conservation et de fonctionnement. Révisé et contrôlé en atelier. Garantie 2 ans. Détails de la montre Type de montre Montre Sexe Homme/Unisexe Marque Jaeger LeCoultre Numéro de référence 141.11 Modèle Chronographe Tri-Compax or jaune 18k -1950- État Très bon Contenu livré Montre uniquement Mouvement Remontage manuel Boîtier Or rose 18K Année de fabrication 1950 Bracelet Couleur du bracelet Noir Type de fermoir Boucle ardillon Boîtier Étanche Non étanche Verre Plexiglas Matériau de la lunette Or rose Diamètre 37mm * 43mm Calibre Calibre/Rouages UG 285 Base Calibre Universal Genève Fonctions Chronographe Oui Autres État d'origine/Pièces originale Oui",Pascal Karp,2025-12-12,False
Universal Genève Cabriolet acier inoxydable Staybrite -1929-,Other,22000,https://pascalkarpwatchesexpertise.com/products/universal-geneve-cabriolet-acier-inoxydable-staybrite-1929-ref-na-cal-manuel-18u-1929,https://cdn.shopify.com/s/files/1/0521/0429/8688/files/2025_11_10_UG_01.jpg?v=1763124729,"Montre Art Déco Universal Genève Cabriolet en acier inoxydable Staybrite, produite de 1927 à 1929. Modèle rare considéré comme la première montre réversible au monde. Boîtier basculant permettant la protection du cadran, fond de boite incurvé ""curvex"". Dimensions : 42,5 x 24 mm. Mouvement à remontage manuel Cal 18U fonctions heures, minutes, petites secondes. Verre en cristal, aiguilles en acier bleui. Cadran argenté patiné, minuterie chemin de fer centrale. Exemplaire en excellent état de fonctionnement et de conservation. Révisée en atelier, garantie 2 ans. Détails de la montre Type de montre Montre Sexe Homme/Unisexe Marque Universal Genève Numéro de référence Na Modèle Cabriolet acier inoxydable Staybrite -1929- État Excellent Contenu livré Montre avec garantie de 2 ans Mouvement Remontage manuel Boîtier acier inoxydable Staybrite Année de fabrication 1929 Bracelet Couleur du bracelet Noir Type de fermoir Boucle ardillon Boîtier Étanche Non étanche Verre Verre minéral Diamètre 42mm * 24mm Calibre Calibre/Rouages 18U Base Calibre Universal Autres Petite seconde Oui Aiguilles en acier bleui Oui État d'origine/Pièces originale Oui",Pascal Karp,2025-11-14,False
Yema Yachtingraf Regate Jumbo “Blue Ship” -1970- Réf.93.016 B Cal.7733S -1970-,Other,5400,https://pascalkarpwatchesexpertise.com/products/yema-yachtingraf-regate-jumbo-blue-ship-1970-ref-93-016-b-cal-7733s-1970,https://cdn.shopify.com/s/files/1/0521/0429/8688/files/2025_11_03_YEMAps.jpg?v=1762360213,"Chronographe Yema Yachtingraf Régate type 6 ""Blue Ship"" en acier inoxydable. Mouvement Valjoux 7733S modifié, fonction compte à rebours 10 minutes. Indications : heure, minute, seconde, compteur secondes (9h). Mouvement à remontage manuel. Cadran tritium noir mat ""Patent Pending"", index et aiguilles luminescents. Boîtier massif non polis à fond vissé Yema 850737. Lunette bidirectionnelle bakélite graduée 60 minutes. Dimensions : 39.5 mm (hors couronne/poussoirs) x 46 mm. État exceptionnel. Révision atelier. Garantie 2 ans. Détails de la montre Type de montre Montre Sexe Homme/Unisexe Marque Yema Numéro de référence 93.016 B Modèle Yachtingraf Regate Jumbo “Blue Ship” -1970- État Très bon Contenu livré Montre avec garantie de 2 ans Mouvement Remontage manuel Boîtier Acier Année de fabrication 1970 Bracelet Couleur du bracelet Noir Type de fermoir Boucle ardillon Boîtier Étanche Étanche à l'origine Verre Plexiglas Matériau de la lunette Bakélite Diamètre 39mm * 46mm Calibre Calibre/Rouages 7733S Modifié",Pascal Karp,2025-11-05,False
Boucheron Carré Lady Or blanc 18kts -1969-  Réf.90308 Cal.ETA 2512 -1969-,Other,3400,https://pascalkarpwatchesexpertise.com/products/boucheron-boucheron-carre-lady-or-blanc-18kts-1969-ref-90308-cal-eta-2512-1969,https://cdn.shopify.com/s/files/1/0521/0429/8688/files/2025_10_20_BOUCHERON_WEB-2.jpg?v=1761119374,"Montre joaillerie pour dame en or blanc 18K, mouvement mécanique à remontage manuel ETA 2512. Cadran argenté d'origine, chiffres romains peints 12-3-6-9. Boîtier carré 2 pièces, fond pressé, poinçonné et gravé Boucheron Paris au dos. Dimensions : 24 mm x 31 mm (anses incluses) x 4,5 mm (6 mm verre compris). Mouvement et boîtier signés et numérotés. Article en excellent état, parfait état de fonctionnement, révisé et contrôlé en atelier. Garantie 2 ans. Détails de la montre Type de montre Montre Sexe Femme Marque Boucheron Numéro de référence 90308 Modèle Boucheron Carré Lady Or blanc 18kts -1969- État Très bon état Contenu livré Garantie de 2 ans Mouvement Remontage manuel Boîtier Or blanc 18kts Année de fabrication 1969 Bracelet Couleur du bracelet Mauve Type de fermoir Boucle ardillon Boîtier Étanche Non étanche Verre Plexiglas Chiffres du cadran Sans chiffres Diamètre 25mm * 4.5mm",Pascal Karp,2025-10-21,False
Vetta Chronographe Ermetico 38 mm en acier inoxydable -1944- Réf.5347 5 Cal.Valjoux 22 -1944-,Other,7800,https://pascalkarpwatchesexpertise.com/products/vetta-chronographe-ermetico-38-mm-en-acier-inoxydable-1944-ref-5347-5-cal-valjoux-22-1944,https://cdn.shopify.com/s/files/1/0521/0429/8688/files/2025_10_15_VETTA_WEB-2.jpg?v=1760534407,"Chronographe Vetta Ermetico en acier inoxydable, référence 5347 5. Calibre Valjoux 22, deux compteurs, fonction addition des minutes (30min), chronographe à roue à colonnes, mouvement à remontage manuel. Cadran patiné, chiffres arabes, aiguilles feuille. Boîtier ""stepcase"" en deux parties, initialement étanche, grands poussoirs ronds. Dimensions : 38 mm (hors couronne) x 44.5 mm (anses incluses) x 12,5 mm (verre compris). Mécanisme et boîtier signés et numérotés. En bon état de conservation et de fonctionnement. Révisé et contrôlé. Garantie 2 ans. Détails de la montre Type de montre Montre Sexe Homme/Unisexe Marque Vetta Numéro de référence 5347 5 Modèle Chronographe Ermetico 38 mm en acier inoxydable -1944- État Très bon état vintage Contenu livré Montre uniquement Mouvement Remontage manuel Boîtier Acier inoxydable Année de fabrication 1944 Bracelet Couleur du bracelet Brun Type de fermoir Boucle ardillon Boîtier Étanche Non étanche Verre Plexiglas Chiffres du cadran Arabes Diamètre 38mm * 12mm Calibre Calibre/Rouages Valjoux 22 Fonctions Chronographe Oui Autres État d'origine/Pièces originale Oui",Pascal Karp,2025-10-15,False
Omega Speedmaster Mark 4.5  Réf.176.0012 -1977-,Other,3600,https://pascalkarpwatchesexpertise.com/products/omega-speedmaster-automatique-mark-4-5-1977-ref-176-0012-cal-1045-base-lemania-5100-1977,https://cdn.shopify.com/s/files/1/0521/0429/8688/files/2025_05_26_OMEGA_WEB_V2_f5ba33ba-86b4-478e-bf82-04e6479cbada.jpg?v=1765625890,"Omega Speedmaster Mark 4.5 circa 1977, Chronographe vintage en acier inoxydable réf.176.0012 équipé du calibre 1045 base lemania 5100 fonction day-date, indication 24 heure jour/nuit, mouvement à remontage automatique. Cadran noir 3 registres, échelle tachymétrique gradué à 500 UPH, indexes et aiguillage luminescents à l'origine. Boitier tonneau 2 pièces poli/brossé, fond vissé et siglé. Le mécanisme et la boite sont signés et numérotés, dimensions : 42 mm (hors couronne) x 45 mm (anses inclues). Article en superbe état, révisé dans notre atelier. Service : 05/2025, 2 ans de garantie. Possibilité de reprise de votre/vos montre(s), n'hésitez pas à vous rendre dans notre boutique pour une consultation personnalisée. Détails de la montre Type de montre Montre Sexe Homme/Unisexe Marque Omega Numéro de référence 176.0012 Modèle Speedmaster Automatique Mark 4.5 -1977- État Très bon Contenu livré Montre uniquement Mouvement Remontage automatique Boîtier Acier Année de fabrication 1977 Bracelet Couleur du bracelet Noir Type de fermoir Boucle ardillon Boîtier Étanche Étanche à l'origine Verre Verre minéral Matériau de la lunette Acier Diamètre 42mm * 45mm Calibre Étanche Étanche à l'origine Verre Verre minéral Matériau de la lunette Acier Diamètre 42mm * 45mm Calibre/Rouages 1045 Base Calibre lemania 5100 Fonctions Date Oui Chronographe Oui Affichage des jours Oui Tachymètre Oui Autres Mise en circuit rapide Oui État d'origine/Pièces originale Oui",Pascal Karp,2025-06-26,False
Chronofixe Chronographe Flyback Type 20 -1960- Réf.249.37 Cal.Valjoux 222 -1960-,Other,3780,https://pascalkarpwatchesexpertise.com/products/chronofixe-chronographe-flyback-type-20-1960-ref-249-37-cal-valjoux-222-1960,https://cdn.shopify.com/s/files/1/0521/0429/8688/files/2025_11_03_CHRONOFIXE_WEB-2v2.jpg?v=1762353468,"Chronofixe, chronographe Type 20 en acier inoxydable, destiné à l'aviation légère de l'Armée de Terre (ALAT). Mouvement Valjoux 222 à remontage manuel, fonction flyback et addition des minutes (30 minutes). Cadran noir mat d'origine, chiffres arabes et aiguilles luminescentes patinées. Boîtier trois pièces non poli, fond vissé gravé de trois étoiles (certification CETEHOR Besançon). Lunette bidirectionnelle graduée. Dimensions : 37 mm (40 mm avec couronne et poussoirs) x 44 mm (anses incluses). Excellent état d'origine, parfait état de fonctionnement (révisé et contrôlé en atelier). Garantie 2 ans. Détails de la montre Type de montre Montre Sexe Homme/Unisexe Marque CHRONOFIXE Numéro de référence 249.37 Modèle Chronographe Flyback Type 20 -1960- État Bon Contenu livré Montre uniquement Mouvement Remontage manuel Boîtier Acier Année de fabrication 1960 Bracelet Couleur du bracelet Noir Type de fermoir Boucle ardillon Boîtier Étanche Non étanche Verre Plexiglas Chiffres du cadran Arabes Matériau de la lunette Acier Diamètre 37mm * 44mm Calibre Étanche Non étanche Verre Plexiglas Chiffres du cadran Arabes Matériau de la lunette Acier Diamètre 37mm * 44mm Calibre/Rouages Valjoux 222 Fonctions Fonction Flyback Oui Autres État d'origine/Pièces originale Oui",Pascal Karp,2025-06-11,False
Jaeger LeCoultre  pendulette rectangulaire Marina  ’Oiseau de paradis’ -1970- Réf.NA Cal. Cal. 210 -1970-,Other,1750,https://pascalkarpwatchesexpertise.com/products/jaeger-lecoultre-pendulette-rectangulaire-marina-oiseau-de-paradis-1970-ref-na-cal-cal-210-1970,https://cdn.shopify.com/s/files/1/0521/0429/8688/files/2025_05_26_JAEGER_02_WEB-5.jpg?v=1748345039,"Pendulette rectangulaire Jaeger LeCoultre Marina en Altuglas, reposant sur un socle en laiton doré, ornée d'un oiseau de paradis et de motifs chinois en relief doré sur fond noir laqué. Signée Marina, elle abrite un mouvement à baguette de 8 jours, calibre 210 LeCoultre avec remontage manuel. Le cadre squelette, également connu sous le nom de ""avec agitation visible"", mesure 22,5 x 17 x 5 cm. Cet article est particulièrement rare, en parfait état de conservation et de fonctionnement, ayant été révisé dans notre atelier la garantie est de 2 ans. Détails de la montre Type de montre Pendulette Marque Jaeger LeCoultre Modèle pendulette rectangulaire Marina ’Oiseau de paradis’ -1970- État Très bon Mouvement Remontage manuel Année de fabrication 1970 Boîtier Verre Plexiglas Diamètre 17mm * 22mm Calibre Calibre/Rouages 210 /8 Jours Autres État d'origine/Pièces originale Oui",Pascal Karp,2025-05-27,False
Dodane Chronographe Flyback Type 21 -1955- Réf.248848 Cal.Valjoux 222 -1955-,Other,4600,https://pascalkarpwatchesexpertise.com/products/dodane-chronographe-flyback-type-21-1955-ref-248848-cal-valjoux-222-1955,https://cdn.shopify.com/s/files/1/0521/0429/8688/files/2025_03_13_DODANE_hh.jpg?v=1773065116,"Dodane Type 21, chronographe militaire en acier inoxydable réf 248848 équipé du calibre Valjoux 222 fonctions retour en vol ""flyback"", addition des minutes (30min), mouvement à remontage manuel. Cadran noir 2 compteurs, chiffres arabes joliment patinés et aiguillage luminescents (à l'origine), boitier non polis 3 pièces, fond vissé gravé au dos 3 étoiles (certificat de qualité CETEHOR de Besançon), lunette bidirectionnelle graduée 60 minutes. Dimensions : 37 mm (40 mm couronne et poussoirs inclus) x 44 mm (anses inclues), article en très bon état de conservation et parfait état de fonctionnement, révisé et contrôlé dans notre atelier. 2 ans de garantie. Détails de la montre Type de montre Montre Sexe Homme/Unisexe Marque Dodane Numéro de référence 248848 Modèle Chronographe Flyback Type 21 -1955- État Bon Contenu livré Montre uniquement Mouvement Remontage manuel Boîtier Acier Année de fabrication 1955 Bracelet Couleur du bracelet Noir Type de fermoir Boucle ardillon Boîtier Étanche Non étanche Verre Plexiglas Chiffres du cadran Arabes Matériau de la lunette Acier Diamètre 37mm * 44mm Calibre Étanche Non étanche Verre Plexiglas Chiffres du cadran Arabes Matériau de la lunette Acier Diamètre 37mm * 44mm Calibre/Rouages Valjoux 222 Fonctions Chronographe Oui Fonction Flyback Oui Autres Lunette tournante Oui État d'origine/Pièces originale Oui",Pascal Karp,2025-03-14,False
TAG Heuer Monaco Men's Club Japan,Other,12800,https://pascalkarpwatchesexpertise.com/products/tag-heuer-monaco-mens-club-japan-watch-edition-limitee-100-pieces-ref-caw211e-cal-11-2021,https://cdn.shopify.com/s/files/1/0521/0429/8688/files/2025_01_25_HEUER_WEB-2.jpg?v=1737974820,"Tag Heuer Monaco édition limitée 100 pièces ""Men's Club Japan"", chronographe 2 compteurs en acier inoxydable réf. CAW211E équipé du calibre Tag Heuer Calibre 11 fonctions chronographe 30 minutes, date rapide en guichet à 6 heures, secondes à 3h couronne de remontoir à gauche, mouvement à remontage automatique. Cadran laqué vert 2 tons, indexes appliqués, aiguilles et points luminescents, boitier polis/brossé, fond saphir laissant apparaître le mouvement, glace saphir incurvée, étanche à 100 mètres. Dimension : 39 mm x 14 mm, bracelet rallye en cuir vert boucle déployante en acier inoxydable. Article non porté, livré avec son écrin et certificats d'origine. Garantie de 2 ans. Détails de la montre Type de montre Montre Sexe Homme/Unisexe Marque TAG Heuer Numéro de référence CAW211E Modèle Monaco Men's Club Japan Watch Edition limitée 100 Piéces -2022- État Jamais portée Contenu livré Montre avec coffret d'origine et papiers d'origine Mouvement Remontage automatique Boîtier Acier Année de fabrication 2021 Bracelet Couleur du bracelet Vert Type de fermoir Double plis Boîtier Matériau de la lunette Acier Diamètre 39mm * 39mm Calibre Diamètre 39mm * 39mm Calibre/Rouages Calibre 11 Fonctions Chronographe Oui Date Oui Autres Aiguilles luminescentes Oui Chiffres lumineux Oui Mise en circuit rapide Oui État d'origine/Pièces originale Oui Index luminescents Oui",Pascal Karp,2025-01-27,False
Jaeger LeCoultre Reverso vintage -1945-Réf.61508 Cal.437/1 -1945-,Other,12500,https://pascalkarpwatchesexpertise.com/products/jaeger-lecoultre-recerso-ref-61508-cal-437-1-1945,https://cdn.shopify.com/s/files/1/0521/0429/8688/files/2025_12_23_JAEGER_WEB-jk.jpg?v=1766508032,"Rarissime Jaeger LeCoultre Reverso circa 1945, montre bracelet réversible en acier inoxydable réf. 61508 équipée du calibre de forme 437/1 fonction secondes au centre, mouvement à remontage manuel. Cadran original argenté très légèrement altéré au centre, chiffres arabes appliqués, minuterie chemin de fer au centre, aiguilles en acier bleui. Boîtier rectangulaire basculant non gravé, dimensions : 23 mm (hors couronne) x 39 mm x 9 mm (verre compris), le mécanisme et la boite sont signés et numérotés, Article en très bon état de conservation et parfait état de fonctionnement, révisé et contrôlé dans notre atelier. Détails de la montre Type de montre Montre Sexe Homme/Unisexe Marque Jaeger LeCoultre Numéro de référence 61508 Modèle Reverso vintage -1945- État Très bon Contenu livré Montre uniquement Mouvement Remontage manuel Boîtier Acier Année de fabrication 1945 Bracelet Largeur entrecorne 18 Couleur du bracelet Beige Type de fermoir Boucle ardillon Boîtier Étanche Non étanche Verre Verre minéral Chiffres du cadran Arabes Diamètre 25mm * 39mm Calibre Étanche Non étanche Verre Verre minéral Chiffres du cadran Arabes Diamètre 25mm * 39mm Calibre/Rouages 437/1 Autres Seconde centrale Oui État d'origine/Pièces originale Oui",Pascal Karp,2025-01-02,False
Piaget Complet dame or blanc 18Kts -1970- Réf.9801 A6 Cal.P -1970-,Other,4700,https://pascalkarpwatchesexpertise.com/products/piaget-complet-dame-or-blanc-18kts-1970-ref-9801-a6-cal-p-1970,https://cdn.shopify.com/s/files/1/0521/0429/8688/files/pspiaget.jpg?v=1702736206,"Piaget, élégant complet dame en or blanc 18Kts (67gr brut) réf.9801 A6 équipé du calibre ultra plat Piaget 9P à remontage manuel. Cadran, indexes et aiguillage en or blanc 18Kts, boitier ellipse renversé fond pressé, lunette texturé, bracelet en maille milanaise (longueur originale18 mm), fermoir siglé. Dimensions : 26.5 mm (hors couronne) x 24.5 mm x épaisseur : 4 mm (verre compris), le mécanisme et la boite sont signés et numérotés. Article proche du neuf révisé dans notre atelier, livré avec sont écrin d'origine. Service : 10/2023, 2 ans de garantie. Détails de la montre Type de montre Montre Sexe Homme/Unisexe Marque Piaget Numéro de référence 9801 A6 Modèle Lady White Gold 18K Like New Serviced, 2 Year Warranty -1970- État Très bon Contenu livré Montre avec coffret d'origine Mouvement Remontage manuel Boîtier Or blanc Année de fabrication 1970 Bracelet Couleur du bracelet Gris Type de fermoir Fermoir bijoux Boîtier Étanche Non étanche Verre Verre saphir Matériau de la lunette Or blanc Diamètre 26mm * 24mm Calibre Étanche Non étanche Verre Verre saphir Matériau de la lunette Or blanc Diamètre 26mm * 24mm Calibre/Rouages Piaget 9P Autres État d'origine/Pièces originale Oui",Pascal Karp,2023-11-03,False
Universal Genève Chronographe monopoussoir  39.5 mm -1933- Cal.Universal 16 3/4 -1933-,Other,4600,https://pascalkarpwatchesexpertise.com/products/universal-watch-chronographe-monopoussoir-39-5-mm-1933-cal-universal-16-3-4-1933,https://cdn.shopify.com/s/files/1/0521/0429/8688/files/2025_01_30_UG_WEB-2.jpg?v=1738574781,"Universal Watch (Universal Genève après 1937), chronographe collector de très grande taille en acier chromé équipé du calibre Universal 16 3/4 fonction addition des minutes, enclenchement du chrono par une roue à colonne, mouvement à remontage manuel. Cadran crème joliment patiné, télémètre au centre (snail dial), chiffres arabes et aiguilles Breguet, boitier massif 2 pièces fond pressé, poussoir olive à 2h, couronne de remontoir surdimensionnée. Dimensions : 39.5 mm (44 mm avec couronne) x 44,5 mm (anses inclues), le mécanisme et la boite sont signés et numérotés. Article rare en très bon état de conservation et parfait état de fonctionnement, révisé et contrôlé, garantie de 2 ans. Détails de la montre Type de montre Montre Sexe Homme/Unisexe Marque Universal Watch Modèle Chronographe Monopoussoir 39.5 mm -1933- État vintage Contenu livré Montre uniquement Mouvement Remontage manuel Boîtier Acier Année de fabrication 1933 Bracelet Couleur du bracelet Noir Type de fermoir Boucle ardillon Boîtier Étanche Non étanche Verre Matière plastique Chiffres du cadran Arabes Diamètre 39mm * 39mm Calibre Étanche Non étanche Verre Matière plastique Chiffres du cadran Arabes Diamètre 39mm * 39mm Calibre/Rouages Universal 16 3/4 (Universal Genève) Base Calibre Manufacture Universal Genève Fonctions Chronographe Oui Autres État d'origine/Pièces originale Oui",Pascal Karp,2023-08-05,False
"Universal Genève Classique or rose 18kts ""Hooded Lugs"" -1956-  Réf. 106 540  Cal. 332  -1956-",Other,3100,https://pascalkarpwatchesexpertise.com/products/universal-geneve-classique-or-rose-18kts-hooded-lugs-1956-ref-106-540-cal-332-1956,https://cdn.shopify.com/s/files/1/0521/0429/8688/files/azerty-485_d61f20ec-9586-4fc3-a7a0-e6682a89cfe8.jpg?v=1754655910,"Étonnante Universal Genève en or rose 18kts réf.106 540 équipée du calibre 332 fonction secondes au centre, mouvement à remontage manuel. Cadran argenté professionnellement restauré, chiffres arabes appliqués et aiguilles dauphines, boitier stylisé ""hooded lugs"" massif non polis, fond pressé. Dimensions : 33 mm (hors couronne) x 41 mm (anses inclues), le mécanisme et la boite sont signés et numérotés. Article en excellent état de conservation et parfait état de fonctionnement, garantie de 2 ans, livré avec sa boucle ardillon d'origine. Détails de la montre Type de montre Montre Sexe Homme/Unisexe Marque Universal Genève Numéro de référence 106 540 Modèle Classique or rose 18kts ""Hooded Lugs"" -1956- État Superbe Contenu livré Montre uniquement Mouvement Remontage manuel Boîtier Or Rose Année de fabrication 1956 Bracelet Couleur du bracelet Vert Type de fermoir Boucle ardillon Matériau de la boucle Or rose Boîtier Diamètre 33mm * 41mm Étanche Non étanche Verre Plexiglas Chiffres du cadran Arabes Matériau de la lunette Or rose Calibre Calibre/Rouages 332 Base Calibre Manufacture Universal Genève Autres Seconde centrale Oui État d'origine/Pièces originales Oui",Pascal Karp,2023-01-17,False
