title,brand,price,url,img,description,source,date,sold
ROLEX DATEJUST 36 REF. 126234 BLUE MOTIF DIAL STAINLESS STEEL FULL SET,Other,13900,https://romainrea.com/en-int/products/rolex-datejust-36-ref-126234-blue-motif-dial-stainless-steel-full-set,https://cdn.shopify.com/s/files/1/0923/2685/4982/files/DSC_0389_007f3572-c21e-450e-bb42-62b3b08d9aae.jpg?v=1789228547,Très jolie montre bracelet Rolex Datejust en acier sur bracelet Jubilé en acier avec boucle déployante en acier signée. Boîtier rond. Couronne et fond vissés. Lunette cannelée en or blanc. Cadran bleu avec dateur à 3 heures. Aiguilles bâtons. Trotteuse centrale. Mouvement automatique certifié chronomètre calibre 3235. Diamètre: 36 mm. Vendue avec son écrin et ses papiers d'origine.,Romain Réa,2026-09-12,False
PATEK PHILIPPE WOLRD TIME CHRONOGRAPH FLYBACK REF. 5935A-001 STAINLESS STEEL,Other,49800,https://romainrea.com/en-int/products/patek-philippe-wolrd-time-chronograph-flyback-ref-5935a-001-stainless-steel,https://cdn.shopify.com/s/files/1/0923/2685/4982/files/6AED9B67-CF6D-4B88-9CCD-5ABA97C0A40C.jpg?v=1760629690,"Magnifique chronographe bracelet Patek Philippe World Time en acier sur bracelet cuir avec boucle déployante en acier signée. Boîtier rond, fond saphir. Poussoirs rectangle. Très beau cadran Opalin doré or rose avec indication des villes du monde. Index et aiguilles luminescents. Totalisateur 30mn à 6 heures. Mouvement automatique avec fonction Flyback calibre CH 28-520 HU, poinçon PP. Diametre: 41 mm. Avec son écrin et ses papiers d’origine.",Romain Réa,2026-09-11,False
ROLEX DATEJUST II WIMBLEDON REF. 116333 STAINLESS STEEL AND GOLD FULL SET,Other,13500,https://romainrea.com/en-int/products/rolex-datejust-ii-wimbledon-ref-116333-stainless-steel-and-gold-full-set,https://cdn.shopify.com/s/files/1/0923/2685/4982/files/DSC_0356_fb77739e-715a-4a30-902d-10ad2c7d18f7.jpg?v=1789126577,"Très belle montre bracelet Rolex Datejust II en or et acier sur bracelet Oyster en or et acier avec boucle déployante signée. Boîtier rond. Couronne et fond vissés. Lunette en or jaune cannelée. Cadran gris souris avec chiffres romains appliqués. Dateur par guichet à 3 heures. Aiguilles or. Trotteuse centrale. Mouvement automatique certifié chronométre calibre 3136. Diamètre: 41 mm. Vendue avec son écrin et ses papiers d'origine. Parfait état, provenant du 1er propriétaire.",Romain Réa,2026-09-11,False
A. LANGE & SÖHNE SAXONIA AUTOMATIK REF. 315.033 PINK GOLD FULL SET,Other,22800,https://romainrea.com/en-int/products/a-lange-sohne-saxonia-automatik-ref-315-033-pink-gold-full-set,https://cdn.shopify.com/s/files/1/0923/2685/4982/files/DSC_0274_eb50e517-10f8-43be-a340-8113ec0e307d.jpg?v=1788970089,"Superbe et rare montre bracelet A. Lange & Söhne Saxonia en or rose sur bracelet croco avec boucle ardillon en or rose signée. Boîtier rond, fond saphir. Poussoir à 10h pour le réglage de la date. Très beau cadran gris anthracite avec index bâton appliqués. Grande date par guichet à midi et petite trotteuse à 6 heures. Aiguilles or. Mouvement mécanique calibre L921.4. Diamètre: 37,5 mm. Vendue avec son écrin et ses papiers d'origine. Etat parfait, provenant du 1er propriétaire.",Romain Réa,2026-09-09,False
JAEGER LECOULTRE ULTRA THIN REF. 145.8.79S STAINLESS STEEL FULL SET,Other,4800,https://romainrea.com/en-int/products/jaeger-lecoultre-ultra-thin-ref-145-8-79s-stainless-steel-full-set,https://cdn.shopify.com/s/files/1/0923/2685/4982/files/DSC_0225_d43055c0-7082-4bc2-a722-9854994c83dd.jpg?v=1788967948,Très élégante montre bracelet Jaeger Lecoultre Ultra Thin en acier sur bracelet croco avec boucle ardillon en acier signée. Boîtier rond. Fond saphir. Cadran argent avec index épis et chiffres arabes appliqués. Aiguilles Dauphine. Mouvement mécanique calibre 849. Diamètre: 34 mm. Vendue avec son écrin et ses papiers d'origine. Parfait état. Un seul propriétaire.,Romain Réa,2026-09-09,False
JAEGER LECOULTRE MASTER COMPRESSOR GEOGRAPHIC REF.  146.8.83/1 STAINLESS STEEL FULL SET,Other,7900,https://romainrea.com/en-int/products/jaeger-lecoultre-master-compressor-geographic-ref-146-8-83-1-stainless-steel-full-set,https://cdn.shopify.com/s/files/1/0923/2685/4982/files/DSC_0316_d5977d96-af4d-45f0-87b4-300f96adfb21.jpg?v=1788963830,"Très belle montre bracelet Jaeger Lecoultre Master Compressor Geographic en acier sur bracelet croco avec boucle déployante en acier signée. Boîtier rond, fond vissé. Cadran noir avec dateur par aiguille. Gmt entre 6 et 8h et indication des villes du monde par guichet à 6h. Mouvement automatique calibre 923. Diamètre: 41, 5 mm. Vendue avec son écrin et ses papiers d'origine. Un seul propriétaire.",Romain Réa,2026-09-09,False
A. LANGE & SÖHNE LANGE 1 REF. 101.032 PINK GOLD FULL SET,Other,28900,https://romainrea.com/en-int/products/a-lange-sohne-lange-1-ref-101-032-pink-gold-full-set,https://cdn.shopify.com/s/files/1/0923/2685/4982/files/DSC_0240_e4e2168f-3a5f-4083-8e89-dfd1730a3427.jpg?v=1788949888,"Magnifique montre bracelet A. Lange & Söhne Lang 1 en or rose sur bracelet croco avec boucle ardillon en or rose signée. Boîtier rond, fond saphir. Poussoir de réglage de la date à 11h. Cadran argent avec lecture des heures et minutes décentrée. Grande date par guichet à 13h. Indication de la réserve de marche de 72h par aiguille. Petite trotteuse à 5h. Mouvement mécanique calibre L901.0. Diamètre: 38,5 mm. Vendue avec son écrin et ses papiers d'origine. Un seul propriétaire.",Romain Réa,2026-09-09,False
BREITLING NAVITIMER REF. A2332212 STAINLESS STEEL FULL SET,Other,4990,https://romainrea.com/en-int/products/breitling-navitimer-ref-a2332212-stainless-steel-full-set,https://cdn.shopify.com/s/files/1/0923/2685/4982/files/DSC_0341_22ec85c2-5d12-404c-a240-7251b2e82e58.jpg?v=1788874938,"Très beau chronographe bracelet de pilote Breitling Navitimer en acier sur son magnifique bracelet Pilot en acier avec boucle déployante en acier signée. Boîtier rond. Fond vissé. Poussoirs rond. Lunette tournante bidirectionnelle avec règle à calcul. Cadran noir avec 3 compteurs argent. Totalisateur 30 mn à 3h, des heures à 6h et petite trotteuse à 9h. Dateur par guichet entre 4 et 5 heures. Mouvement automatique calibre ETA 7753. Diamètre: 42 mm. Vendue avec son écrin et ses papiers d'origine. Un seul propriétaire.",Romain Réa,2026-09-08,False
ZENITH CHRONOMASTER OPEN REF. 03.0240.4021 STAINLESS STEEL WITH BOX AND PAPERS,Other,4890,https://romainrea.com/en-int/products/zenith-chronomaster-open-ref-03-0240-4021-stainless-steel-with-box,https://cdn.shopify.com/s/files/1/0923/2685/4982/files/DSC_0262_7f1729c3-cc3f-44c9-9683-418aede58e73.jpg?v=1788867640,"Super chronographe bracelet Zenith Chronomaster Open en acier sur bracelet croco avec boucle déployante en acier signée. Boîtier rond, fond saphir. Lunette en acier à double godrons. Très beau cadran argent guilloché avec un compteur. Totalisateur 30mn à 3 heures. Indication de la réserve de marche par aiguille entre 5 et 7h. Ouverture du cadran laissant apercevoir le mouvement à 9 et10h. Mouvement automatique calibre El Primero. Diamètre: 40 mm. Vendue avec son écrin, son booklet et sa carte de garantie. Montre état neuf provenant du 1er propriétaire.",Romain Réa,2026-09-08,False
PANERAI LUMINOR POWER RESERVE REF. PAM00241 STAINLESS STEEL FULL SET,Other,4800,https://romainrea.com/en-int/products/panerai-luminor-power-reserve-ref-pam00241-stainless-steel-full-set,https://cdn.shopify.com/s/files/1/0923/2685/4982/files/DSC_0301_52ef28ab-18b8-48c8-aca5-6e96b6292c00.jpg?v=1788863764,"Très jolie montre bracelet de plongée Panerai Luminor en acier sur bracelet croco avec boucle déployante en acier signée. Boîtier coussin. Fond vissé. Très beau cadran noir guilloché avec dateur par guichet à 3 heures, indication de la réserve de marche de 40h à 5h et petite trotteuse à 9h. Index, chiffres arabes et aiguilles luminescents. Mouvement automatique. Diamètre: 40 mm. Ecrin, papiers et outils d'origine. Montre état neuf provenant du 1er propriétaire. * Série limitée à 800 exemplaires.",Romain Réa,2026-09-08,False
ZENITH GRANDE PORT ROYAL OPEN REF. 03.0550.4021 STAINLESS STEEL FULL SET,Other,3990,https://romainrea.com/en-int/products/zenith-grande-port-royal-open-ref-03-0550-4021-stainless-steel-full-set,https://cdn.shopify.com/s/files/1/0923/2685/4982/files/DSC_0286_ffc331d8-6843-461c-a50a-0abbff2d3377.jpg?v=1788862044,Très beau et grand chronographe bracelet Zenith Port Royal Open en acier sur bracelet croco avec boucle déployante en acier signée. Boîtier rectangle curvex. Fond saphir. Poussoirs rectangle. Cadran guilloché avec un compteur. Totalisateur 30 mn à 3h et ouverture entre 9 et 10h laissant apercevoir le mouvement. Chiffres arabes appliqués. Mouvement automatique calibre El Primero. Dimensions: 36 x 51 mm. Vendue avec son écrin et ses papiers d'origine. Montre état neuf provenant du 1er propriétaire.,Romain Réa,2026-09-08,False
BREGUET CLASSIQUE REF. 5140BB WHITE GOLD BOX AND PAPERS,Other,14800,https://romainrea.com/en-int/products/breguet-classique-ref-5140bb-white-gold-box-and-papers,https://cdn.shopify.com/s/files/1/0923/2685/4982/files/DSC_0366_56a1a50f-86ad-465f-bd07-a4c00d062be0.jpg?v=1788010725,Magnifique montre bracelet Breguet Classique en or blanc sur bracelet croco avec boucle ardillon en or blanc signée. Boîtier rond. Carrure cannelée. Très beau cadran argent guilloché avec chiffres romains peints. Petite trotteuse décentrée à 5 heures. Aiguilles Breguet en acier bleui. Mouvement automatique calibre 502 SD. Diamètre: 40 mm. Ecrin et papiers d'origine. Un seul propriétaire.,Romain Réa,2026-08-29,False
BREGUET CHRONOGRAPH FLYBACK STAINLESS STEEL,Other,119000,https://romainrea.com/en-int/products/breguet-chronograph-flyback-stainless-steel-1,https://cdn.shopify.com/s/files/1/0923/2685/4982/files/DSC_0814_107b66e4-55d7-4a89-bf89-b6b802f2983b.jpg?v=1787999662,"Super rare et magnifique chronographe bracelet Breguet Flyback en acier sur bracelet cuir. Boîtier rond. Fond clippé. Poussoirs rectangles. Très beau cadran crème patiné avec Q3 compteurs. Totalisateur 30mn à 3h, des heures à 6h et petite trotteuse à 9h. Echelle tachymètrique bleue. Mouvement mécanique flyback à roue à colonnes calibre 225. Diamètre: 37,5 mm. Montre vendue en 1957.",Romain Réa,2026-08-29,False
CARTIER CRISTALLOR JUMBO REF. 78096 YELLOW GOLD,Other,22800,https://romainrea.com/en-int/products/cartier-cristallor-jumbo-ref-78096-yellow-gold,https://cdn.shopify.com/s/files/1/0923/2685/4982/files/1A1BA5DA-3B3D-4299-90DB-C8D21656518F.jpg?v=1787651137,Très belle et grande montre bracelet Cartier Cristallor en or jaune sur bracelet crocodile avec boucle déployante en or. Boiter rectangle a bords arrondis. Lunette en or jaune à triple godrons. Cadran blanc avec chiffres romains peints. Aiguilles en acier bleui. Mouvement mécanique. Dimensions: 28 x 35 mm,Romain Réa,2026-08-25,False
OMEGA CLASSIC YELLOW GOLD,Other,3990,https://romainrea.com/en-int/products/sans-titre-21aout_12-51-03,https://cdn.shopify.com/s/files/1/0923/2685/4982/files/7DCB7173-7D79-4B11-AE01-D73D20164D00.jpg?v=1787374759,Très jolie montre bracelet en or jaune 14k. Boîtier rond. Beau cadran deux tons crème avec petite trotteuse à 6 heures. Index bâtons appliqués or. Aiguilles feuilles. Mouvement automatique. Diamètre: 35 mm.,Romain Réa,2026-08-22,False
DODANE TYPE 21 STAINLESS STEEL,Other,5800,https://romainrea.com/en-int/products/dodane-type-21-stainless-steel-1,https://cdn.shopify.com/s/files/1/0923/2685/4982/files/8B82BCF8-9128-44EE-B6CD-A648999F6E1B.jpg?v=1787115828,Très beau chronographe militaire Dodane Type 21 en acier sur bracelet cuir. Boîtier rond. Fond vissé. Poussoirs ronds. Lunette tournante en acier graduée. Cadran noir avec 2 compteurs. Totalisateur 30 mn à 3 heures et petite trotteuse à 9 heures. Mouvement mécanique à roue à colonnes avec fonction flyback. Diamètre: 38 mm.,Romain Réa,2026-08-19,False
ROLEX AIRKING REF. 14000M STAINLESS STEEL,Other,5700,https://romainrea.com/en-int/products/rolex-airking-ref-14000m-stainless-steel-2,https://cdn.shopify.com/s/files/1/0923/2685/4982/files/456ED712-AB17-4FAB-A76C-41FEEB6C1A68.jpg?v=1786438264,"Très jolie monte bracelet Rolex Airking en acier sur bracelet Oyster en acier avec boucle déployante signée. Boîtier rond. Couronne et fond vissés. Cadran argent avec index bâton. Trotteuse centrale. Mouvement automatique calibre 3130. La Rolex référence: 14000M est une montre classique, produite entre la fin des années 90 et le début des années 2000. Elle fait partie de la collection Air-King, une gamme créée par Rolex pendant la seconde guerre mondiale en hommage aux pilotes de la Royal Air Force britannique.",Romain Réa,2026-08-11,False
CARTIER TANK REVERSO REF. 2582 YELLOW GOLD,Other,38000,https://romainrea.com/en-int/products/cartier-tank-reverso-ref-2582-yellow-gold,https://cdn.shopify.com/s/files/1/0923/2685/4982/files/DSC_0219_1f17a247-f020-4eae-a4c2-848d9179bcaa.jpg?v=1785149193,"Rare et magnifique montre bracelet Cartier Tank Reverso en or jaune sur bracelet croco avec boucle ardillon. Boîtier rectangle. Couronne de remontoir sertie d'un cabochon saphir. Cadran ""Paris"" blanc avec chiffres romains peints. Aiguilles en acier bleui. Mouvement mécanique. Dimensions: 24 x 32 mm.",Romain Réa,2026-07-27,False
CARTIER TANK ULTRA THIN REF. 96065 YELLOW GOLD,Other,14500,https://romainrea.com/en-int/products/cartier-tank-ultra-thin-ref-96065-yellow-gold,https://cdn.shopify.com/s/files/1/0923/2685/4982/files/DSC_0232_8459274a-f144-4b72-a2f7-529b5b8c85f9.jpg?v=1785146457,"Magnifique montre bracelet Cartier Tank Extra Plate en or jaune sur bracelet croco avec boucle déployante en or numérotée 15453. Boîtier rectangle. Couronne de remontoir sertie d'un cabochon saphir. Cadran ""Swiss"" blanc avec chiffres romains peints et aiguilles en acier bleui. Mouvement mécanique extra plat calibre Frédéric Piguet 21. Dimensions: 23,5 x 31 mm.",Romain Réa,2026-07-27,False
ROLEX GMT MASTER MASTER II PEPSI REF. 126710BLRO FULL SET,Other,24900,https://romainrea.com/en-int/products/rolex-gmt-master-master-ii-pepsi-ref-126710blro-full-set,https://cdn.shopify.com/s/files/1/0923/2685/4982/files/DSC_0118_e76a7758-6233-42d5-baa3-342e5b224e01.jpg?v=1784901739,Très belle montre bracelet de pilote Rolex Gmt Master II en acier sur bracelet Jubilée en acier avec boucle déployante. Boîtier rond. Couronne et fond vissés. Lunette tournante graduée sur 24h bleu et rouge. Cadran noir avec dateur par guichet à 3 heures. Aiguille flèche pour le second fuseau horaire. Index et aiguilles luminescents. Trotteuse centrale. Mouvement automatique certifié chronométre calibre 3285. Diamètre: 40 mm. Ecrin et papiers d'origine.,Romain Réa,2026-07-24,False
PATEK PHILIPPE TONNEAU SHAPED REF. 3579-1 STAINLESS STEEL,Other,20800,https://romainrea.com/en-int/products/patek-philippe-tonneau-shaped-ref-3579-1-stainless-steel,https://cdn.shopify.com/s/files/1/0923/2685/4982/files/DSC_0177_14b63948-20eb-4998-b0b7-f088d9627db8.jpg?v=1784810540,"Très belle et élégante montre bracelet Patek Philippe en acier sur bracelet croco avec boucle déployante en acier. Boîtier tonneau, fond vissé. Cadran argent avec index bâtons appliqués. Aiguilles bâtons. Mouvement mécanique calibre 23-300 PM, double poinçon de Genève. Dimensions: 33 x 38 mm. * Rare référence, produite seulement entre 1972 et 1975 exclusivement en acier.",Romain Réa,2026-07-23,False
PATEK PHILIPPE AQUANAUT REF. 5165 STAINLESS STEEL BOX AND PAPERS,Other,72000,https://romainrea.com/en-int/products/patek-philippe-aquanaut-ref-5165-stainless-steel-box-and-papers,https://cdn.shopify.com/s/files/1/0923/2685/4982/files/DSC_0113_e1c2ad29-722b-48ed-99e6-e4dd116e21f1.jpg?v=1784727406,"Très belle montre bracelet Patek Philippe Aquanaut en acier sur bracelet caoutchouc avec boucle déployante en acier signée. Boîtier coussin, fond saphir vissé. Cadran noir guilloché avec dateur par guichet à 3 heures. Aiguilles, index et chiffres arabes luminescents. Trotteuse centrale. Mouvement automatique calibre 324SC, poinçon de Genève. Diamètre: 38 mm. Ecrin et papiers d'origine.",Romain Réa,2026-07-22,False
AUDEMARS PIGUET ROYAL OAK OFF SHORE REF. 26020ST BOX AND PAPERS,Other,20900,https://romainrea.com/en-int/products/audemars-piguet-royal-oak-off-shore-ref-26020st-box-and-papers,https://cdn.shopify.com/s/files/1/0923/2685/4982/files/DSC_0188_f3a4fb69-ac63-430e-b242-d6c9352ebf36.jpg?v=1784642633,"Grand chronographe bracelet Audemars Piguet Royal Oak Off Shore en acier sur bracelet en acier avec boucle déployante en acier signée. Boîtier tonneau, lunette octogonale. Poussoirs et couronne en caoutchouc. Cadran noir avec 3 compteurs. Totalisateur des heures à 6h, des minutes à 9h et petite trotteuse à midi. Chiffres arabes et aiguilles luminescents. Dateur par guichet à 3 heures. Mouvement automatique calibre 2326 / 2840. Diamètre: 42 mm. Ecrin, papiers et livret d'origine, un bracelet caoutchouc et un bracelet croco.",Romain Réa,2026-07-21,False
ROLEX SEA-DWELLER 50TH ANNIVERSARY REF. 126600 BOX AND PAPERS,Other,13900,https://romainrea.com/en-int/products/rolex-sea-dweller-50th-anniversary-ref-126600-box-and-papers,https://cdn.shopify.com/s/files/1/0923/2685/4982/files/DSC_0146_1c2c913c-5f4d-46b3-a38d-1fe07f9e2ead.jpg?v=1784641714,"Très belle et grande montre bracelet de plongée Rolex Sea-Dweller en acier sur bracelet Oyster en acier avec boucle déployante. Boîtier rond. Couronne et fond vissés. Valve à hélium. Lunette tournante graduée en céramique. Cadran noir avec dateur par guichet à 3 heures. Ecriture Sea-Dweller en rouge. Index et aiguilles luminescents. Trotteuse centrale. Mouvement automatique certifié chronométre calibre 3235. D!amètre: 43 mm. Ecrin, papiers et booklet d'origine.",Romain Réa,2026-07-21,False
"ZRC GRANDS FONDS HERITAGE ""SMOKE"" Ref. GF381318 STAINLESS STEEL FULL SET",Other,3190,https://romainrea.com/en-int/products/zrc-grands-fonds-heritage-smoke-ref-gf381318-stainless-steel-full-set,https://cdn.shopify.com/s/files/1/0923/2685/4982/files/DSC_0158_cf8a9edc-f496-43a8-8aca-3a7eff7f1382.jpg?v=1784640152,"Belle montre bracelet de plongée en acier sur bracelet caoutchouc avec boucle ardillon en acier signée. Boîtier tonneau, couronne de remontoir vissée à 6 heures. Cadran ""Tropical"" avec index et aiguilles luminescents. Trotteuse centrale. Mouvement automatique calibre SW200-1. Diamètre: 39 mm. Ecrin et papiers d'origine.",Romain Réa,2026-07-21,False
LIP / BLANCPAIN FIFTY FATHOMS STAINLESS STEEL,Other,27000,https://romainrea.com/en-int/products/lip-blancpain-fifty-fathoms-stainless-steel,https://cdn.shopify.com/s/files/1/0923/2685/4982/files/DSC_0168_ee05395e-0cc5-4f17-9e37-fd3ed9c9b7ed.jpg?v=1784560136,Très belle et rare montre bracelet de plongée LIP / BLANCPAIN Fifty Fathoms en acier sur bracelet bracelet tropic. Boîtier rond. Fond vissé. Lunette tournante bidirectionnelle. Cadran noir avec index et chiffres arabes peints. Trotteuse centrale. Mouvement automatique. Diamètre: 41 mm.,Romain Réa,2026-07-20,False
ROLEX SUBMARINER DATE REF. 16800 STAINLESS STEEL FULL SET,Other,14500,https://romainrea.com/en-int/products/rolex-submariner-date-ref-16800-stainless-steel-full-set,https://cdn.shopify.com/s/files/1/0923/2685/4982/files/DSC_0144_410169a5-78f1-4edd-a738-02ccc5729b5e.jpg?v=1784556849,"Magnifique montre bracelet de plongée en acier sur bracelet oyster en acier avec boucle déployante en acier signée. Boîtier rond. Couronne et fond vissés. Lunette tournante . Cadran noir avec index cerclés, dateur par guichet à 3 heures. Trotteuse centrale. Mouvement automatique certifié chronomètre calibre 3035. Diamètre: 40 mm. Vendue avec son écrin, ses papiers et booklets.",Romain Réa,2026-07-20,False
PIAGET SQUARE REF. 931 WHITE GOLD,Other,9800,https://romainrea.com/en-int/products/piaget-square-ref-931-white-gold,https://cdn.shopify.com/s/files/1/0923/2685/4982/files/DSC_0204_8a443a2b-e924-447a-a77a-ca1e8aef5ec2.jpg?v=1784546401,Très jolie montre bracelet Piaget en or blanc sur bracelet articulé en or blanc avec fermoir signé. Boîtier carré avec carrure et lunette guillochés. Cadran argent avec index bâton. Aiguilles bâtons. Mouvement mécanique calibre 9P. Dimensions: 23 x 23 mm.,Romain Réa,2026-07-20,False
"Audemars Piguet ""Tank"" yellow gold",Other,11800,https://romainrea.com/en-int/products/audemars-piguet-tank-yellow-gold,https://cdn.shopify.com/s/files/1/0923/2685/4982/files/DSC_0202_7ac9ed4c-ba5f-4e11-8a7f-cc2ea60a29fe.jpg?v=1784543577,Très jolie et élégante montre bracelet Audemars Piguet en or jaune sur bracelet croco avec boucle ardillon en or. Boîtier rectangle. Fond clippé. Cadran noir avec logo à midi et signature Audemars Piguet à 6 heures. Mouvement mécanique. Dimensions: 23 x 36 mm.,Romain Réa,2026-07-18,False
PANERAI RADIOMIR 1940 LIMITED EDITION REF. PAM00399 BOX AND PAPERS,Other,65000,https://romainrea.com/en-int/products/panerai-radiomir-1940-limited-edition-ref-pam00399-box-and-papers,https://cdn.shopify.com/s/files/1/0923/2685/4982/files/DSC_0128_3aaf7f24-0a91-425e-89aa-7480ff80e9da.jpg?v=1784296249,"Superbe et très rare montre bracelet de plongée Panerai Radiomir 1940 en acier sur bracelet cuir avec boucle ardillon en acier signée. Boîtier coussin. Fond saphir vissé, couronne vissée. Magnifique cadran noir ""sandwich"" avec petite trotteuse à 9 heures. Index et chiffres arabes luminescents (Super-LumiNova). Mouvement mécanique calibre Panerai OP XXVII base MINERVA. Réserve de marche d'environ 55 heures. Diamètre: 47 mm. Ecrin et papiers d'origine. * Série limitée à 100 exemplaires",Romain Réa,2026-07-17,False
ZENITH EL PRIMERO REF. A384 STAINLESS STEEL,Other,7900,https://romainrea.com/en-int/products/zenith-el-primero-ref-a384-stainless-steel,https://cdn.shopify.com/s/files/1/0923/2685/4982/files/DSC_0587_7075cdd7-0220-4f47-9658-cf5d097e1317.jpg?v=1783342835,"Très beau chronographe bracelet Zenith El Primero en acier sur son rare bracelet acier ""Gay Frères"" ajouré Zentih avec boucle déployante en acier signée. Boîtier tonneau. Fond vissé. Cadran argent avec 3 compteurs noirs. Dateur par guichet entre 4 et 5 heures. Mouvement automatique calibre El Primero 400. Diamètre: 37 mm.",Romain Réa,2026-07-06,False
BOUCHERON DUALTIME YELLOW GOLD,Other,28000,https://romainrea.com/en-int/products/boucheron-dualtime-yellow-gold,https://cdn.shopify.com/s/files/1/0923/2685/4982/files/DSC_0086_ff2c4c66-bb7e-4811-8298-236e55b5de6b.jpg?v=1783087249,Super rare et très belle montre bracelet Boucheron Dualtime en or jaune sur bracelet satin. Boîtier tonneau curvex avec 2 couronnes de remontoir. 2 cadrans entièrement sertis de diamants. Aiguilles or. 2 mouvements mécanique. Dimensions: 26 x 39 mm.,Romain Réa,2026-07-03,False
ROLEX DATEJUST REF. 16014 STAINLESS STEEL,Other,6900,https://romainrea.com/en-int/products/rolex-datejust-ref-16014-stainless-steel-2,https://cdn.shopify.com/s/files/1/0923/2685/4982/files/DSC_0572_68b1cae6-0634-47b0-91fd-371478c9d97e.jpg?v=1783004362,"Très jolie montre bracelet Rolex Datejust en acier sur bracelet Jubilée avec boucle déployante en acier signée. Boîtier rond. Couronne et fond vissés. Intéressant cadran champagne avec index diamants appliqués. Dateur par guichet à 3 heures. Aiguilles bâtons, trotteuse centrale. Mouvement automatique certifié chronomètre. Diamètre: 36 mm.",Romain Réa,2026-07-02,False
CARTIER TANK A GUICHETS LIMITED EDITION PLATINUM REF. WGTA0236 FULL SET,Other,142000,https://romainrea.com/en-int/products/cartier-tank-a-guichets-limited-edition-platinum-ref-wgta0236-full-set,https://cdn.shopify.com/s/files/1/0923/2685/4982/files/DSC_0041_dc853b2f-ad23-4022-a8d6-8e142a148688.jpg?v=1782832596,"Magnifique et très rare montre bracelet Cartier Tank à guichets en platine sur bracelet croco bordeaux avec boucle ardillon en platine signée. Boîtier rectangle brossé. Lecture des heures sautantes par guichet à midi et des minutes par le guichet à 6 heures. Mouvement mécanique calibre 9755MC. Dimensions: 37,6 x 24,8 mm. Ecrin et papiers d'origine. * Série limitée à 200 exemplaires.",Romain Réa,2026-06-30,False
PIAGET ALTIPLANO REF. 9035 B2 WHITE GOLD,Other,8500,https://romainrea.com/en-int/products/piaget-altiplano-ref-9035-b2-white-gold,https://cdn.shopify.com/s/files/1/0923/2685/4982/files/DSC_0049_7d3471ab-9292-48e0-bd0a-0fa0894300e1.jpg?v=1782827106,"Magnifique montre bracelet extra plate en or blanc sur bracelet intégré en or blanc avec fermoir en or blanc signé Piaget. Boîtier rond. Fond clippé. Cadran blanc avec chiffres romains peints et minuterie chemin de fer. Aiguilles bâtons. Mouvement mécanique extra plat calibre 9P. Diamètre: 32,5 mm",Romain Réa,2026-06-24,False
BREGUET CLASSIC ULTRA THIN YELLOW GOLD,Other,14800,https://romainrea.com/en-int/products/breguet-classic-ultra-thin-yellow-gold,https://cdn.shopify.com/s/files/1/0923/2685/4982/files/DSC_0005_1e1be1cc-2a7d-48d1-99c1-65b79d0c236c.jpg?v=1781967876,Elégante montre bracelet Breguet classique en or jaune sur bracelet croco Breguet avec boucle ardillon Breguet en or jaune. Boîtier rond. Carrure cannelée. Couronne de remontoir sertie d'un cabochon saphir. Rare cadran or guilloché avec chiffres romains peints. Petite trotteuse à 6 heures. Aiguilles Breguet en acier bleui. Mouvement mécanique. Diamètre: 31 mm.,Romain Réa,2026-06-20,False
BLANCPAIN / LIP FIFTY FATHOMS STAINLESS STEEL,Other,9800,https://romainrea.com/en-int/products/blancpain-lip-fifty-fathoms-stainless-steel-1,https://cdn.shopify.com/s/files/1/0923/2685/4982/files/DSC_0668_94d81f72-feba-403f-a56f-9be2fdea2f3f.jpg?v=1781964177,Superbe et très rare montre bracelet de plongée Blancpain Fifty Fathoms en acier sur bracelet cuir. Boîtier rond. Fond vissés. Lunette tournante bidirectionnelle. Très beau cadran noir avec index et aiguilles luminescents. Chiffres arabes appliqués. Trotteuse centrale. Mouvement automatique. Diamètre: 34 mm,Romain Réa,2026-06-20,False
ROLEX BUBBLE BACK REF. 6015 SECTOR DIAL STAINLESS STEEL,Other,6500,https://romainrea.com/en-int/products/rolex-bubble-back-ref-6015-sector-dial-stainless-steel,https://cdn.shopify.com/s/files/1/0923/2685/4982/files/DSC_0003_1a6e6bb6-09aa-4c54-a3c2-b4ab2cf8a1d4.jpg?v=1781963529,Magnifique et très rare montre bracelet Rolex bubble Back en acier sur bracelet cuir avec boucle ardillon. Boîtier tonneau. Couronne et fond vissés. Lunette crantée en acier. Très beau cadran argent deux tons à secteur avec chiffres arabes luminescents. Aiguilles or. Trotteuse centrale. Mouvement automatique. Diamètre: 32 mm.,Romain Réa,2026-06-20,False
AUDEMARS PIGUET ROYAL OAK TRIBUTE TO ITALY REF. 26326ST BOX AND PAPERS,Other,53000,https://romainrea.com/en-int/products/audemars-piguet-royal-oak-tribute-to-italy-ref-26326st-box-and-papers,https://cdn.shopify.com/s/files/1/0923/2685/4982/files/DSC_0002_ab52b95d-746f-435a-a15f-2310ff861ab9.jpg?v=1781796976,"Magnifique chronographe bracelet Audemars Piguet Royal Oak en acier sur bracelet caoutchouc avec boucle déployante en acier signée. Boîtier tonneau. Couronne, poussoirs et fond vissés. Lunette octogonale. Cadran argent avec 3 compteurs bleu. Dateur entre 4 et 5 heures. Mouvement automatique calibre 2385. Diamètre: 41 mm. Avec son écrin et ses papiers d'origine. * Série limitée à 500 ex.",Romain Réa,2026-06-18,False
CARTIER BAIGNOIRE REF. 8057910 STAINLESS STEEL AND GOLD,Other,11590,https://romainrea.com/en-int/products/cartier-baignoire-ref-8057910-stainless-steel-and-gold,https://cdn.shopify.com/s/files/1/0923/2685/4982/files/DSC_0029_d69a4735-fe1d-4d0a-8b7a-222490f58312.jpg?v=1781794194,"Très jolie montre bracelet de dame Cartier Baignoire en or avec bracelet en or et acier et boucle déployante. Boîtier oval. Couronne de remontoir sertie d'un cabochon saphir. Cadran argent avec chiffres romains peints. Aiguilles en acier bleui. Mouvement quartz. Dimensions: 22,5 x 31 mm",Romain Réa,2026-06-18,False
"Rolex Daytona ""Floating"" Ref.16523",Other,37000,https://romainrea.com/en-int/products/rolex-daytona-floating-ref-16523,https://cdn.shopify.com/s/files/1/0923/2685/4982/files/dayto_3_68b566d1-5360-4e49-afa0-ed56905a557c.jpg?v=1739480836,"Beautiful and rare gold and steel chronograph. Round case. Background and crown screwed. Black dial ""Floating"" with three meters; Totalizer from minutes to three hours, totalizing hours at six hours and permanent seconding at nine o'clock. Luminescent indexes and sticks. Bracelet in yellow and steel gold with signed deploying loop. Movement with automatic reassembly certified 4030 Caliber chronometer on a base of Zenith El Primero.",Romain Réa,2026-06-13,False
BULGARI SQUARE REF.  G1474-2  ONYX DIAL WHITE GOLD,Other,12800,https://romainrea.com/en-int/products/bulgari-square-ref-g1474-2-onyx-dialwhite-gold,https://cdn.shopify.com/s/files/1/0923/2685/4982/files/DSC_0609_bdeb596d-7e70-48f8-96da-35ff26140f6a.jpg?v=1781355238,"Très belle et super rare montre bracelet Bulgari en or blanc sur bracelet""lt cuir avec boucle ardillon en or blanc signée Gerald Genta. Boîtier carré; Cadran onyx avec chiffres arabes peints. Aiguilles bâtons. Mouvement mécanique. Dimensions: 28 x 28 mm.",Romain Réa,2026-06-13,False
DE BETHUNE DB25LRS1V1 PINK GOLD BOX AND PAPERS,Other,58500,https://romainrea.com/en-int/products/de-bethune-db25lrs1v1-pink-gold-box-and-papers,https://cdn.shopify.com/s/files/1/0923/2685/4982/files/DSC_0763_b43b2241-a42c-4735-be32-c1a26a1e1ebc.jpg?v=1781187464,"Superbe et grande montre bracelet De Bethune en or rose sur bracelet croco avec boucle ardillon en or rose signée. Boîtier rond avec anses ajourées. Magnifique cadran argent guilloché main avec chiffres romains peints. Aiguilles en acier bleui. Indication de la phase de lune par une sphere tournante sur un ciel bleu avec des étoiles en or. Mouvement mécanique avec 6 jours de réserve de marche. Diamètre: 44,6mm. Vendue avec son écrin et ses papiers d'origine provenant du 1er propriétaire.",Romain Réa,2026-06-11,False
LUDOVIC BALLOUARD UPSIDE DOWN PLATINUM BOX AND PAPERS,Other,58000,https://romainrea.com/en-int/products/ludovic-ballouard-upside-down-platinum-box-and-papers,https://cdn.shopify.com/s/files/1/0923/2685/4982/files/DSC_0775_bbda84ee-3bc8-48da-bf18-d9b075995f30.jpg?v=1781184724,"Magnifique et rare montre bracelet en platine LUDOVIC BALLOUARD UPSIDE DOWN en platine sur bracelet cuir avec boucle ardillon signée. Boîtier rond, fond saphir. Cadran bleu avec lecture des heures sautantes et petite trotteuse à 6 heures. Mouvement mécanique calibre B01. Diamètre: 41 mm. Ecrin et papiers d'origine.",Romain Réa,2026-06-06,False
BREITLING CHRONOMAT 44 REF. AB0110 LIMITED EDITION PATROUILLE DE FRANCE BOX AND PAPERS,Other,5490,https://romainrea.com/en-int/products/breitling-chronomat-44-ref-ab0110-limited-edition-patrouille-de-france-box-and-papers,https://cdn.shopify.com/s/files/1/0923/2685/4982/files/96BCCA36-59ED-4C1B-9A43-AD70CA2C7FBF.jpg?v=1761669594,"Rare et grand chronographe bracelet Breitling Chronomat en acier sur bracelet caoutchouc avec boucle déployante en acier signée. Boîtier tonneau. Couronne, poussoirs et fond vissés. Lunette tournante en acier. Très beau cadran bleu avec 3 compteurs argent. Logo de la Patrouille de France à midi et dateur par guichet à 3 heures. Mouvement automatique calibre B01. Diamètre: 44 mm. Écrin et papiers. * série limitée à 600ex fabriquée pour les 60ans de la Patrouille de France.",Romain Réa,2026-06-05,False
Amonggiani Fleurier Forma Grande Ref. Pf006794 with papers,Other,13800,https://romainrea.com/en-int/products/parmigiani-fleurier-forma-grande-ref-pf006794-with-papers,https://cdn.shopify.com/s/files/1/0923/2685/4982/files/DSC_0790.jpg?v=1747488669,"Superb shape bracelet watch among Fleurier Forma Grande in pink gold on Croco bracelet (Hermès) with deploying loop in signed pink gold. Rectangle case, large overflowing stylized handles. Silver dial Guilloche with Arabic figures applied Rose Gold. Date by window at 6 o'clock. Bleui steel needles, central second hand. Automatic movement caliber 11 1/2 '' with 55 hours of power reserve.",Romain Réa,2026-06-04,False
PATEK PHILIPPE WOLRD TIME REF. 5230P PLATINUM BOX AND PAPERS,Other,79000,https://romainrea.com/en-int/products/patek-philippe-wolrd-time-ref-5230p-platinum-box-and-papers,https://cdn.shopify.com/s/files/1/0923/2685/4982/files/DSC_0303_4b3fce81-f4c8-4ba8-bee0-928875106b2d.jpg?v=1770383775,"Très jolie montre bracelet Patek Philippe World Time en platine sur bracelet cuir avec boucle déployante en platine signée. Boîtier rond, fond vissé. Magnifique cadran bleu guilloché avec indication des villes du monde. Indication 24h. Mouvement automatique à micro rotor calibre 240 HU. Diamètre: 38,5 mm. Ecrin, papiers et booklet d'origine.",Romain Réa,2026-06-04,False
TAG HEUER MONACO REF. CAW2111 CALIBRE 12 WITH PAPERS,Other,3990,https://romainrea.com/en-int/products/tag-heuer-monaco-ref-caw2111-calibre-12-with-papers,https://cdn.shopify.com/s/files/1/0923/2685/4982/files/DSC_0747_a6f432d4-5871-47c3-bce0-be43c10b5dd3.jpg?v=1779979352,"Très beau chronographe bracelet de pilote Tag Heuer Monaco en acier sur bracelet croco avec boucle déployante en acier signée. Boîtier carré, fond saphir. Poussoirs rectangles Cadran bleu avec 2 compteurs argents. Petite trotteuse à 3 heures et totalisateur 30 mn à 9h. Dateur par guichet à 6 heures. Aiguilles et index luminescents. Mouvement automatique calibre 12. Diamètre: 39 mm. Vendu avec sa carte de garantie Tag Heuer.",Romain Réa,2026-05-28,False
"AUDEMARS PIGUET ROYAL OAK OFF SHORE ""BATMAN"" REF. 26470ST STAINLESS STEEL FULL SET",Other,19900,https://romainrea.com/en-int/products/audemars-piguet-royal-oak-off-shore-batman-ref-26470st-stainless-steel-full-set,https://cdn.shopify.com/s/files/1/0923/2685/4982/files/DSC_0717_d6ef2a64-99bd-4d60-9335-d757c89c8835.jpg?v=1779979311,"Grand chronographe bracelet Audemars Piguet Royal Oak Off Shore ""Batman"" en acier sur bracelet croco avec boucle déployante en acier signée. Boîtier tonneau, lunette octogonale. Poussoirs et couronne en caoutchouc. Cadran noir avec 3 compteurs bleu. Totalisateur des heures à 6h, des minutes à 9h et petite trotteuse à midi. Chiffres arabes et aiguilles luminescents. Dateur par guichet à 3 heures. Mouvement automatique calibre 3126 / 3840. Diamètre: 42 mm. Ecrin, papiers et livret d'origine.",Romain Réa,2026-05-28,False
ROLEX AIRKING REF. 14000 STAINLESS STEEL,Other,5600,https://romainrea.com/en-int/products/rolex-airking-ref-14000-stainless-steel,https://cdn.shopify.com/s/files/1/0923/2685/4982/files/DSC_0500_5c71c7d6-8524-43cb-8baa-e72317b1bd1c.jpg?v=1777552601,Très jolie monte bracelet Rolex Airking en acier sur bracelet Oyster en acier avec boucle déployante signée. Boîtier rond. Couronne et fond vissés. Cadran noir avec index bâton. Trotteuse centrale. Mouvement automatique. Diamètre: 34 mm,Romain Réa,2026-04-30,False
"ROLEX GMT MASTER REF. 1675/8  ""NO CROWN GUARDS"" YELLOW GOLD",Other,88000,https://romainrea.com/en-int/products/rolex-gmt-master-ref-1675-8-no-crown-guards-yellow-gold,https://cdn.shopify.com/s/files/1/0923/2685/4982/files/DSC_0219_2fe82c8a-0063-4bbe-961f-255ed7aeedc1.jpg?v=1776694776,Superbe et très rare montre bracelet Rolex Gmt Master en or jaune sur bracelet Oyster riveté extensible en or jaune avec boucle déployante en or jaune signée. Boîtier rond. Couronne et fond vissés. Lunette tournante graduée sur 24 h. Cadran marron avec dateur par guichet à 3 heures. Aiguille flèche pour le second fuseau horaire. Trotteuse centrale. Mouvement automatique certifié chronomètre calibre 1560. Diamètre: 37 mm,Romain Réa,2026-04-20,False
ROLEX DAY-DATE REF. 1803 WHITE GOLD,Other,15900,https://romainrea.com/en-int/products/rolex-day-date-ref-1803-white-gold,https://cdn.shopify.com/s/files/1/0923/2685/4982/files/DSC_0366_d50b4d53-3a47-4de8-9377-fbee9bbb0ae2.jpg?v=1776690202,Superbe et très élégante montre bracelet Rolex Day-Date en or blanc sur bracelet cuir avec boucle ardillon signé Rolex. Boîtier rond. Couronne et fond vissés. Lunette cannelée en or blanc. Magnifique cadran argent avec indication du jour (en espagnol) par guichet à midi et de la date à 3 heures. Index diamants appliqués. Aiguilles bâtons. Trotteuse centrale. Mouvement automatique certifié chronomètre. Diamètre: 36 mm.,Romain Réa,2026-04-20,False
LONGINES BIG JUMBO REF. 4915/7 NEW OLD STOCK PINK GOLD,Other,9800,https://romainrea.com/en-int/products/longines-big-jumbo-ref-4915-7-new-old-stock-pink-gold,https://cdn.shopify.com/s/files/1/0923/2685/4982/files/DSC_0320_428f9e30-e458-42ea-9e52-99e36a31d169.jpg?v=1775564853,"Magnifique et très grande montre bracelet en or rose. Boîtier rond, fond clippé. Cadran argent avec index épis, index boules et chiffres arabes appliqués or rose. Petite trotteuse à 6 heures. Aiguilles or rose. Mouvement mécanique calibre 27.0. Diamètre: 38 mm.",Romain Réa,2026-04-07,False
ROLEX LADY DATEJUST REF. 69068 ABU DHABI DIAL YELLOW GOLD BOX AND PAPERS,Other,22800,https://romainrea.com/en-int/products/rolex-lady-datejust-ref-69068-abu-dhabi-dial-yellow-gold-box-and-papers,https://cdn.shopify.com/s/files/1/0923/2685/4982/files/DSC_0201_b6ee9d38-f8f1-4b61-8ca4-671f34777543.jpg?v=1775145473,"Superbe et très rare montre bracelet de dame Rolex Lady Datejust en or jaune sur bracelet President en or jaune avec boucle déployante en or jaune signée. Boîtier rond. Couronne et fond vissés. Lunette en or jaune sertie de 32 diamants et 4 rubis. Cadran or avec index diamants appliqués. Dateur par guichet à 3 heures. Blason Abu Dhabi à 9 heures. Aiguilles bâtons. Trotteuse centrale. Mouvement automatique certifié chronomètre. Diamètre: 26 mm. Ecrin, livrets et papiers. Provenant du 1er propriétaire",Romain Réa,2026-04-02,False
CARTIER BAIGNOIRE JUMBO YELLOW GOLD,Other,90000,https://romainrea.com/en-int/products/cartier-baignoire-jumbo-yellow-gold,https://cdn.shopify.com/s/files/1/0923/2685/4982/files/DSC_0752_c8afa70b-40f3-4bed-9380-2ddff6793b09.jpg?v=1775056418,Rarissime et magnifique montre bracelet Cartier Baignoire Jumbo en or jaune sur bracelet cuir avec boucle déployante en or jaune. Boîtier ovale. Couronne de remontoir sertie d'un cabochon saphir. Cadran crème avec chiffres romains peints et aiguilles en acier bleui. Mouvement mécanique. Dimensions: 26 x 36 mm.,Romain Réa,2026-03-24,False
UNIVERSAL GENÈVE REF. 10232 ARABIC DIAL PINK GOLD,Other,35000,https://romainrea.com/en-int/products/universal-geneve-ref-10232-arabic-dial-pink-gold,https://cdn.shopify.com/s/files/1/0923/2685/4982/files/DSC_0071_8be94bda-fca2-43bd-9b80-c680431c4b95.jpg?v=1774373528,"Superbe et très rare montre bracelet Universal Genève en or rose sur bracelet cuir. Boîtier rond. fond vissé. Magnifique cadran en émail cloisonné représentant la péninsule Arabique, le pourtour en or rose avec les chiffres en arabe et inscriptions: Saoud Ibn Abdul Aziz à midi et Jezira el Arabia à 6 heures. Mouvement automatique à ""bumpers"" calibre 138 SS. Diamètre: 36 mm.",Romain Réa,2026-03-24,False
BOUCHERON ULTRA-THIN YELLOW GOLD,Other,8900,https://romainrea.com/en-int/products/boucheron-ultra_thin-yellow-gold,https://cdn.shopify.com/s/files/1/0923/2685/4982/files/DSC_0103_3da6f7bb-c964-4144-b452-b0c0c3ce8b03.jpg?v=1774371444,Magnifique et très rare montre bracelet Boucheron extra plate en or jaune sur bracelet croco avec fermoir d'origine signé et numéroté. Montre de forme ovale. Couronne de remontoir sertie d'un cabochon saphir. Cadran or avec aiguilles bâton. Mouvement mécanique extra plat calibre Piguet 21. Dimensions : 2! x 37 mm.,Romain Réa,2026-03-24,False
BELL & ROSS BR03-92 H.U.D LIMITED EDITION CERAMIC BOX AND PAPERS,Other,4590,https://romainrea.com/en-int/products/bell-ross-br03-92-h-u-d-limited-edition-ceramic-box-and-papers,https://cdn.shopify.com/s/files/1/0923/2685/4982/files/DSC_0122_edbe6090-330e-4b1c-8efc-75dc78030f54.jpg?v=1773941152,"Montre bracelet Bell & Ross H.U.D en céramique noire. Boîtier carré. Cadran noir avec chiffres et index en vert, dateur par guichet à 3 heures. Mouvement automatique. Dimensions: 42 x 42 mm. Ecrin et papiers d'origine. Série limitée à 999 exemplaires",Romain Réa,2026-03-19,False
CARTIER TANK A VIS CPCP REF. 2485 PLATINUM WITH BOX,Other,25000,https://romainrea.com/en-int/products/cartier-tank-a-vis-cpcp-ref-2485-platinum-with-box,https://cdn.shopify.com/s/files/1/0923/2685/4982/files/DSC_0083_285c9dda-b16b-4da1-a111-e98035a9f3a2.jpg?v=1773681041,"Superbe montre bracelet Cartier Tank à vis en platine sur bracelet croco avec boucle déployante en or blanc signée. Boîtier rectangle. Lunette avec 4 vis. Couronne de remontoir sertie d'un cabochon saphir. Très beau cadran guilloché avec minuterie de chemine de fer. Chiffres romains peints. Aiguilles en acier bleui. Mouvement mécanique calibre 437MC. Dimensions: 26,5 x 38,5 mm. Avec un écrin Cartier.",Romain Réa,2026-03-16,False
AUDEMARS PIGUET ROYAL OAK OFF SHORE REF. 26170ST FULL SET,Other,21800,https://romainrea.com/en-int/products/audemars-piguet-royal-aok-off-shore-ref-26170st-full-set,https://cdn.shopify.com/s/files/1/0923/2685/4982/files/DSC_0470_3252c65b-92d6-4d3f-b7c3-6d90ec8a1ab1.jpg?v=1772880056,"Grand chronographe bracelet Audemars Piguet Royal Oak Off Shore en acier sur bracelet croco avec boucle déployante en acier signée. Boîtier tonneau, lunette octogonale. Poussoirs et couronne en caoutchouc. Cadran noir avec 3 compteurs. Totalisateur des heures à 6h, des minutes à 9h et petite trotteuse à midi. Chiffres arabes et aiguilles luminescents. Dateur par guichet à 3 heures. Mouvement automatique calibre 3126 / 3840. Diamètre: 42 mm. Ecrin, papiers et livret d'origine.",Romain Réa,2026-03-07,False
"ROLEX EXPLORER II ""CHICHI DI MAÏS"" REF. 16570 STAINLESS STEEL",Other,13500,https://romainrea.com/en-int/products/rolex-explorer-ii-chichi-di-mais-ref-16570-stainless-steel,https://cdn.shopify.com/s/files/1/0923/2685/4982/files/DSC_0399_3a9bbe25-2476-4981-8541-0ab8223c0cc5.jpg?v=1772286820,"Très jolie montre bracelet Rolex Explorer II ""Chichi Di Maïs"" en acier sur bracelet Oyster en acier avec boucle déployante (gravée W8) signée Rolex. Boîtier rond. Couronne et fond vissés. Lunette en acier graduée sur 24h. Cadran ""Porcelain"" avec index et aiguilles patinés. Dateur par guichet à 3 heures. Aiguille flèche pour le second fuseau horaire et trotteuse centrale. Mouvement automatique certifié chronomètre calibre 3185. Diamètre: 40 mm.",Romain Réa,2026-02-27,False
"ROLEX DAYTONA ""PAUL NEWMAN"" REF. 6262 STAINLESS STEEL",Other,325000,https://romainrea.com/en-int/products/rolex-daytona-paul-newman-ref-6262-stainless-steel,https://cdn.shopify.com/s/files/1/0923/2685/4982/files/DSC_0819_dbafe7b5-d274-4846-b839-f0e8f59d1087.jpg?v=1772121446,"Super rare et magnifique chronographe bracelet de pilote Rolex Daytona Paul Newman en acier sur bracelet Oyster Oyster avec boucle déployante en acier signée. Boîtier rond. Couronne et fond vissés. Lunette en acier avec échelle tachymétrique gravée. Très beau cadran ""Panda"" argent avec 3 compteurs noirs. Totalisateur des minutes à 3 heures, des heures à 6 heures et petite trotteuse à 9 heures. Mouvement mécanique à roue à colonnes calibre 727.",Romain Réa,2026-02-26,False
JAEGER LECOULTRE REVERSO LADY REF. 120.061.1 YELLOW GOLD,Other,19500,https://romainrea.com/en-int/products/jaeger-lecoultre-reverso-lady-ref-120-061-1-yellow-gold,https://cdn.shopify.com/s/files/1/0923/2685/4982/files/DSC_0030_6b0bdb57-cd5b-45e8-a191-49c175cc0e9f.jpg?v=1771689898,Superbe et très rare montre bracelet de dame Jaeger Lecoultre Reverso en or jaune sur bracelet articulé en or jaune avec fermoir en or jaune Jaeger Lecoultre. Boîtier rectangle réversible. Cadran or avec index bâton appliqués. Aiguilles bâtons or. Mouvement quartz,Romain Réa,2026-02-21,False
CARTIER TANK AMERICAINE JUMBO REF. 1741 WHITE GOLD,Other,8500,https://romainrea.com/en-int/products/cartier-tank-americaine-jumbo-ref-1741-white-gold,https://cdn.shopify.com/s/files/1/0923/2685/4982/files/DSC_0376_0df517aa-d541-4104-bb27-271c8cf67053.jpg?v=1771593770,"Magnifique montre bracelet Cartier Tank Américaine en or blanc sur bracelet croco avec boucle déployante en or blanc signée. Boîtier rectangle curvex. Très beau cadran argent guilloché avec chiffres romains peints. Dateur par guichet à 6 heures. Aiguilles en acier bleui, trotteuse centrale. Mouvement automatique. Dimensions: 45 x 26 mm. Avec un écrin Cartier.",Romain Réa,2026-02-20,False
JAEGER LECOULTRE DEEP SEA MASTER MARINER BARACUDA REF. E558 STAINLESS STEEL,Other,15800,https://romainrea.com/en-int/products/jaeger-lecoultre-deep-sea-master-mariner-baracuda-ref-e558-stainless-steel,https://cdn.shopify.com/s/files/1/0923/2685/4982/files/DSC_0520_ec3fe660-637d-4256-ac0e-18d5268d88c9.jpg?v=1770996225,Montre bracelet de plongée Jaeger lecoultre Master Mariner Deep Sea en acier sur bracelet cuir. Boîtier tonneau. Fond vissé. Couronne de mise à l'heure à 4h. Lunette tournante intérieure. Cadran noir avec aiguilles luminescentes. Dateur par guichet à 3 heures. Mouvement automatique calibre K883. Diamètre: 37 mm.,Romain Réa,2026-02-13,False
JAEGER LECOULTRE POLARIS TROPICAL DIAL REF. E859 STAINLESS STEEL,Other,30000,https://romainrea.com/en-int/products/jaeger-lecoultre-polaris-tropical-dial-ref-e859-stainless-steel,https://cdn.shopify.com/s/files/1/0923/2685/4982/files/DSC_0532_d30ab6b8-1446-43dc-aa0b-b55ff668e359.jpg?v=1770994969,"Superbe, rare et grande montre bracelet de plongée réveil en acier sur bracelet croco avec boucle ardillon. Boîtier rond. Fond clippé étanche ajouré pour une meilleur sonorisation. Couronne de mise à l'heure à 3 heures, pour le réglage du réveil à 16h et pour la lunette tournante intérieure à 2h. Très beau cadran tropical avec index et aiguilles luminescents. Dateur par guichet à 3 heures. Mouvement automatique avec fonction réveil calibre K825. Diamètre: 42 mm.",Romain Réa,2026-02-13,False
PATEK PHILIPPE CALATRAVA REF. 3588/001 YELLOW GOLD BOX AND PAPERS,Other,19800,https://romainrea.com/en-int/products/patek-philippe-calatrava-ref-3588-001-yellow-gold-box-and-papers,https://cdn.shopify.com/s/files/1/0923/2685/4982/files/DSC_0341_ffceef6f-d1fd-4d94-88f0-8db3d4baebad.jpg?v=1770382839,"Magnifique montre bracelet Patek Philippe Calatrava en or jaune sur bracelet or jaune avec fermoir en or jaune Patek Philippe. Boîtier rond. Lunette en or jaune guilloché ""Clous de Paris"". Cadran or avec chiffres romains peints. Aiguilles bâtons. Mouvement automatique calibre 28-255. Diamètre: 35 mm. Vendue avec son écrin et ses papiers d'origine. Révision Patek Philippe février 2026.",Romain Réa,2026-02-06,False
Patek Philippe Power Reserve Ref. 5055g with extract from the archives,Other,25800,https://romainrea.com/en-int/products/patek-philippe-power-reserve-ref-5055g-with-extract-from-the-archives,https://cdn.shopify.com/s/files/1/0923/2685/4982/files/DSC_0067-1.jpg?v=1739479526,Very beautiful bracelet watch in gray gold. Round case. Sapphire background. Black dial with painted Arabic figures. Small face at 4 am. Date and moon phase at 6 o'clock and indication of the power reserve by needle between 10 and 11 a.m. Stop needle. Automatic movement caliber 240 PS MRI C Lu à micro-Rotor. Croco bracelet with deploying white gold loop signed Patek Philippe. Diameter: 37 mm. With its extract from the archives.,Romain Réa,2026-01-31,False
ROLEX SUBMARINER REF. 14060M 4 LINES STAINLESS STEEL BOX AND PAPERS,Other,11590,https://romainrea.com/en-int/products/rolex-submariner-ref-14060m-4-lines-stainless-steel-box-and-papers,https://cdn.shopify.com/s/files/1/0923/2685/4982/files/DSC_0269_7acc4af3-f29d-4d3c-a1f4-6f182e870de8.jpg?v=1769692628,Très jolie montre bracelet de plongée en acier sur bracelet Oyster en acier avec boucle déployante en acier signée. Boîtier rond. Couronne et fond vissés. Lunette tournante unidirectionnelle. Cadran noir avec index et aiguilles luminescents. Mouvement automatique certifié chronomètre. Diamètre: 40 mm. Ecrin et papiers d'origine. Un seul propriétaire.,Romain Réa,2026-01-29,False
UNIVERSAL GENEVE CLASSIC YELLOW GOLD,Other,3800,https://romainrea.com/en-int/products/universal-geneve-classic-yellow-gold,https://cdn.shopify.com/s/files/1/0923/2685/4982/files/DSC_0192_d6acf52b-a3ac-4487-b009-3a88411ca8bd.jpg?v=1769013218,"Très jolie montre Universal Genève en or jaune sur bracelet croco avec boucle ardillon signée Universal. Boîtier rond, lunette large en or. Cadran or avec chiffres romains peints. Aiguilles feuilles. Mouvement mécanique. Diamètre: 33 mm.",Romain Réa,2026-01-21,False
TUDOR OYSTER PRINCE SUBMARINER REF. 7928 STAINLESS STEEL,Other,18900,https://romainrea.com/en-int/products/tudor-oyster-prince-submariner-ref-7928-stainless-steel,https://cdn.shopify.com/s/files/1/0923/2685/4982/files/DSC_0640_bab95a90-bf46-436d-b2a1-90fcec3e69d6.jpg?v=1768662931,"Très belle montre bracelet de plongée Tudor Submariner en acier sur bracelet Caoutchouc. Boîtier rond. Couronne et fond vissés. Magnifique lunette patinée bleue. Etonnant cadran ""Ghost"" avec index peints et trotteuse centrale. Mouvement automatique. Diamètre: 40 mm.",Romain Réa,2026-01-17,False
"ROLEX OYSTER PERPETUAL PRECISION ""OVETTONE"" REF. 6098 STAINLESS STEEL",Other,13800,https://romainrea.com/en-int/products/rolex-oyster-perpetual-precision-ovettone-ref-6098-stainless-steel,https://cdn.shopify.com/s/files/1/0923/2685/4982/files/DSC_0587_3cd36a84-d1f8-4474-947b-c5b1b43b52a3.jpg?v=1767978847,"Très belle montre bracelet Rolex ""Ovettone"" en acier sur bracelet Jubilee en acier avec boucle déployante signée. Boîtier rond. Couronne et fond vissés. Lunette lisse en acier. Beau cadran crème légèrement patiné avec index épis appliqués et plots luminescents. Aiguilles feuilles. trotteuse centrale. Mouvement automatique. Diamètre: 36 mm.",Romain Réa,2026-01-08,False
HEUER CARRERA REF. 3647 STAINLESS STEEL,Other,9800,https://romainrea.com/en-int/products/heuer-carrera-ref-3647-stainless-steel,https://cdn.shopify.com/s/files/1/0923/2685/4982/files/DSC_0707_deb1e322-1eb9-4cb4-8a85-f825169d9c59.jpg?v=1767870601,"Magnifique chronographe bracelet de pilote Heuer Carrera en acier sur bracelet cuir ""Rallye"" avec boucle ardillon en acier. Boîtier rond, poussoirs ronds. Fond vissé en acier signé Heuer-Leonidas SA. Très beau cadran noir avec 2 compteurs. Totalisateur 45mn à 3 heures et petite trotteuse à 9 heures. Mouvement mécanique à roue à colonnes calibre Valjoux 92 signé Heuer Leonidas SA. Diamètre: 36 mm.",Romain Réa,2026-01-08,False
ROLEX PRECISION REF. 9006 YELLOW GOLD,Other,8500,https://romainrea.com/en-int/products/rolex-precision-ref-9006-yellow-gold,https://cdn.shopify.com/s/files/1/0923/2685/4982/files/DSC_0576_2104c811-89a1-4748-993b-9d07ba734953.jpg?v=1767806612,"Magnifique montre bracelet classique Rolex Precision en or jaune sur bracelet cuir avec boucle ardillon. Boîtier rond. Fond clippé. Très beau cadran bronze avec index épis appliqués or rose. Aiguilles Dauphine or rose, trotteuse centrale. Mouvement mécanique manuel calibre 1210. Diamètre: 34 mm.",Romain Réa,2026-01-07,False
ROLEX PRINCE IMPERIAL CHRONOMETER REF. 1645 YELLOW GOLD,Other,15800,https://romainrea.com/en-int/products/rolex-prince-imperial-chronometer-ref-1645-yellow-gold,https://cdn.shopify.com/s/files/1/0923/2685/4982/files/DSC_0660_164a5f18-8bdb-48ac-b003-69fadfaada83.jpg?v=1767805819,Très jolie montre de poche Rolex Prince Imperial en or jaune. Boîtier de forme. Cadran 2 tons or avec lecture des heures et minutes décentrée à midi et grande trotteuse à 6 heures pour une meilleur lisibilité. Aiguilles en acier bleui. Mouvement mécanique certifié chronomètre calibre Rolex Ultra Prima.,Romain Réa,2026-01-07,False
VACHERON CONSTANTIN CARREE ULTRA THIN REF. 6290 YELLOW GOLD,Other,6800,https://romainrea.com/en-int/products/vacheron-constantin-carree-ultra-thin-ref-6290-yellow-gold,https://cdn.shopify.com/s/files/1/0923/2685/4982/files/DSC_0509_4feda860-e282-4c81-9636-4bb7a35cbe96.jpg?v=1767375067,"Superbe montre classic extra plate Vacheron Constantin en or jaune sur bracelet croco avec boucle déployante en or numérotée. Boîtier carré. Cadran or avec index bâton appliqués or. Aiguilles or. Mouvement mécanique extra plat calibre 1003. Dimensions: 25,5 x 25,5 mm.",Romain Réa,2026-01-02,False
"PIAGET ""ANNEAUX"" LADY'S REF. 9802D YELLOW GOLD",Other,15800,https://romainrea.com/en-int/products/piaget-anneaux-ladys-ref-9802d-yellow-gold,https://cdn.shopify.com/s/files/1/0923/2685/4982/files/DSC_0132_0d4aa37a-ca12-41cd-a2ff-a8d14b605aa0.jpg?v=1767356814,Magnifique et rare montre bracelet de dame Piaget en or jaune sur bracelet articulé en or jaune et croco. Boîtier oval. Très beau cadran corail avec chiffres romains peints. Aiguilles Dauphine or. Mouvement mécanique. Dimensions: 24 x 27 mm.,Romain Réa,2026-01-02,False
PATEK PHILIPPE GOLDEN ELLIPSE REF. 3585 WHITE GOLD,Other,43500,https://romainrea.com/en-int/products/patek-philippe-golden-ellipse-ref-3585-white-gold,https://cdn.shopify.com/s/files/1/0923/2685/4982/files/DSC_0447_cede3c5b-b271-4766-98bd-30114f41efb1.jpg?v=1766843242,"Superbe et rare montre bracelet Patek Philippe en or blanc sur bracelet croco avec boucle ardillon en or blanc signée. Boîtier coussin. Couronne de remontoir et de mise à l'heure au dos du boîtier. Magnifique cadran bleu avec bâton appliqués en or blanc. Trotteuse centrale. Mouvement automatique calibre 350, poinçon de Genève. Diamètre: 36 mm.",Romain Réa,2025-12-27,False
BREGUET MARINE CHRONONGRAPH STAINLESS STEEL AND YELLOW GOLD,Other,20500,https://romainrea.com/en-int/products/breguet-marine-chronongraph-stainless-steel-and-yellow-gold,https://cdn.shopify.com/s/files/1/0923/2685/4982/files/DE19ED2F-1EB2-4D6C-858C-B96711ADD112_1_201_a.jpg?v=1766575204,"Rare et superbe chronographe bracelet Breguet Marine en acier et or sur bracelet croco avec boucle déployante signée Breguet. Boîtier rond, carrure cannelée. Magnifique cadran crème avec 3 compteurs. Totalisateur 30mn à 3 heures, petite trotteuse à 6 heures et totalisateur des heures à 9h. Dateur par guichet à 6 heures. Aiguilles Breguet en acier bleui. Mouvement automatique. Diamètre: 35 mm.",Romain Réa,2025-12-24,False
ROLEX BUBBLE BACK HOODED REF. 3065 STAINLESS STEEL AND GOLD,Other,12000,https://romainrea.com/en-int/products/rolex-bubble-back-hooded-ref-3065-stainless-steel-and-gold-1,https://cdn.shopify.com/s/files/1/0923/2685/4982/files/4A0BBF95-480D-4EFD-B352-52FCF475F85C.jpg?v=1764164764,Très jolie montre bracelet Rolex Bunnle Back en or jaune et acier sur bracelet croco. Boîtier tonneau. Couronne et fond vissé. Anses cachées. Lunette or jaune. Beau cadran crème patiné avec chiffres arabes et aiguilles luminescents. Mouvement automatique certifié chronomètre. Diamètre: 32 mm.,Romain Réa,2025-11-26,False
VACHERON CONSTANTIN REF. 4600 PINK GOLD NEW OLD STOCK WITH EXTRACT FROM THE ARCHIVES,Other,23800,https://romainrea.com/en-int/products/vacheron-constantin-ref-4600-pink-gold-new-old-stock-with-extract-feom-the-archives,https://cdn.shopify.com/s/files/1/0923/2685/4982/files/EB511BC2-5D1B-4234-94C5-958190264489.jpg?v=1764092785,"Rare et belle montre bracelet en or rose 18k. Boîtier rond, fond clippé. Cadran crème avec index épis et chiffres arabes appliqués. Aiguilles Dauphine or rose, petite trotteuse à 6 heures. Mouvement mécanique à remontage manuel calibre P453/3B. Bracelet cuir avec boucle ardillon. Diamètre: 36 mm. Avec son extrait des Archives. * Cette montre incarne le savoir faire de Vacheron Constantin, alliant une esthétique raffinée à une mécanique de haute qualité. Elle est prisée des collectionneurs et des amateurs de montres vintage pour son design intemporel et son héritage prestigieux. On peut noter que la référence 4600 est distincte de la collection Fiftysix actuelle de Vacheron Constantin, qui propose des modèles contemporains inspirés des designs des années 50.",Romain Réa,2025-11-25,False
BULGARI SOLOTEMPO RÉF. S 35 S STAINLESS STEEL BOX AND PAPERS,Other,1100,https://romainrea.com/en-int/products/bulgari-solotempo-ref-s-35-s-stainless-steel-box-and-papers,https://cdn.shopify.com/s/files/1/0923/2685/4982/files/7E73CB68-60AD-485E-A4A1-6B9B42BA0824.jpg?v=1764090319,Très jolie montre bracelet Bulgari Solotempo en acier sur bracelet en acier avec boucle déployante en acier. Boîtier rond. Cadran 2 tons noir et gris avec index et chiffres arabes peints. Mouvement quartz. Diamètre: 35 mm. Écrin et papiers d’origine,Romain Réa,2025-11-25,False
ROLEX GMT MASTER REF. 1675 GILT TROPICAL STAINLESS STEEL,Other,49500,https://romainrea.com/en-int/products/rolex-gmt-master-ref-1675-gilt-tropical-stainless-steel,https://cdn.shopify.com/s/files/1/0923/2685/4982/files/E66516E9-D68A-4FDC-AFDD-C32DC718E19B.jpg?v=1763649081,Superbe et rare montre bracelet Rolex GMT Gilt Tropical en acier sur bracelet croco avec boucle ardillon en acier signée. Boîtier rond. Couronne et fond vissés. Lunette tournante graduée sur 24h. Cadran laqué tropical avec dateur par guichet à 3 heures. Petite aiguille flèche pour le second fuseau horaire. Trotteuse centrale. Mouvement automatique certifié chronomètre. Diamètre 40mm.,Romain Réa,2025-11-20,False
JAEGER LECOULTRE MASTER COMPRESSOR COMPRESSOR REF. 146.8.05 FULL SET,Other,5790,https://romainrea.com/en-int/products/jaeger-lecoultre-master-compressor-compressor-ref-146-8-05-full-set,https://cdn.shopify.com/s/files/1/0923/2685/4982/files/1244A2A1-0B8E-422F-AB6F-FCA2A0E57D62.jpg?v=1763384130,"Belle montre bracelet Jaeger Lecoultre Master Compressor GMT en acier sur bracelet sur cuir avec boucle déployante en acier signée. Boitier rond, fond vissé. Cadran noir avec indication 24 h à midi, dateur par guichet à 3 heures et petite trotteuse à 6 heures. Aiguilles et index luminescents. indication du second fuseau horaire par l’aiguille évidée. Mouvement automatique calibre 975H. Diamètre: 41,5 mm. Vendue avec son écrin et ses papiers d’origine. Un seul propriétaire.",Romain Réa,2025-11-17,False
JAEGER LECOULTRE MEMOVOX TRIBUTE TO POLARIS PLATINUM REF. 190.6.96 FULL SET,Other,24800,https://romainrea.com/en-int/products/jaeger-lecoultre-memovox-tribute-to-polaris-platinum-ref-190-6-96-full-set,https://cdn.shopify.com/s/files/1/0923/2685/4982/files/8FF66D02-C22A-4229-957A-EBF9EE203353.jpg?v=1763377716,Très rare et grande montre bracelet réveil de plongée en platine sur bracelet cuir avec boucle ardillon d’origine. Boîtier rond. Fond ajouré pour une meilleur sonorisation. Cadran noir reprenant celui de 1965 avec index bâtons et chiffres arabes appliqués. Dateur par guichet à 3 heures. Indication de l’heure du réveil sur le disque central tournant. Mouvement automatique avec fonction réveil calibre 956. Diamètre : 42 mm. vendue avec son écrin et ses papiers d’origine. * Série limitée à 165 ex.,Romain Réa,2025-11-17,False
JAEGER LECOULTRE MASTER HOMETIME ASTON MARTIN REF. Q162847N FULL SET,Other,6990,https://romainrea.com/en-int/products/jaeger-lecoultre-master-hometime-aston-martin-ref-q162847n-full-set,https://cdn.shopify.com/s/files/1/0923/2685/4982/files/92A27D11-7021-4CDF-84A4-9A2144C306FC.jpg?v=1762355952,"Jolie montre bracelet Jaeger Lecoultre HOMETIME en acier avec bracelet en croco et boucle déployante en acier signée. Boîtier rond, fond saphir. Cadran noir avec second fuseau horaire à midi et petite trotteuse à 6 heures. Index et chiffres arabes appliqués. Aiguilles Dauphine. Mouvement automatique certifié chronomètre calibre 975H. Diamètre: 40 mm. Écrin et papiers d’origine. Provenant du 1er propriétaire.",Romain Réa,2025-11-05,False
ROLEX DAYTONA REF. 16520 INVERTED 6 BOX AND PAPERS,Other,34800,https://romainrea.com/en-int/products/rolex-daytona-ref-16520-inverted-6-box-and-papers-1,https://cdn.shopify.com/s/files/1/0923/2685/4982/files/D2001B94-1C16-4108-A2CE-437BFED29E36.jpg?v=1762341818,"Superbe chronographe bracelet Rolex Daytona en acier sur bracelet Oyster en acier avec boucle déployante en acier signée. Boîtier rond. Couronne, poussoirs et fond vissés. Lunette en acier avec échelle tachymetrique. Cadran noir avec 3 compteurs. Mouvement automatique certifié chronomètre calibre El Primero 4030. Diamètre : 40 mm. Écrin et papiers d’origine. * série S fabriquée en 1993 et vendue en 1998.",Romain Réa,2025-11-05,False
PATEK PHILIPPE NAUTILUS REF. 5711 BOX AND PAPERS,Other,120000,https://romainrea.com/en-int/products/patek-philippe-nautilus-ref-5711-box-and-papers,https://cdn.shopify.com/s/files/1/0923/2685/4982/files/2F8F5EED-3BB9-49E4-B2E0-C4DC23D4E410.jpg?v=1762340586,"Très belle montre bracelet Patek Philippe Nautilus en acier sur bracelet en acier avec boucle déployante en acier signée. Boîtier coussin, fond saphir. Couronne vissée. Cadran bleu guilloché avec dateur à 3 heures. Index et aiguilles luminescentes. Trotteuse centrale. Mouvement automatique calibre 324SC, Poinçon Patek Philippe. Diamètre: 40mm. Écrin et papiers d’origine",Romain Réa,2025-11-05,False
CARTIER BALLON BLEU PINK GOLD FULL SET,Other,32000,https://romainrea.com/en-int/products/cartier-ballon-bleu-pink-gold-full-set,https://cdn.shopify.com/s/files/1/0923/2685/4982/files/EC9F15CD-50B3-46D5-B467-85A220427DC3.jpg?v=1761147101,"Très belle montre bracelet Cartier Ballon bleu en or rose sur bracelet or rose avec boucle déployante. Boîtier rond, couronne de remontoir sertie d’un cabochon saphir. Cadran argent guilloché avec chiffres romans peints. Aiguilles en acier bleui. trotteuse centrale. Mouvement automatique. Diamètre: 36 mm. Vendue avec son écrin et ses papiers d’origine. Provenant du 1er propriétaire.",Romain Réa,2025-10-22,False
GRAND SEIKO EVOLUTION 9 COLLECTION TENTAGRAPH SLGC001 BOX AND PAPERS,Other,10700,https://romainrea.com/en-int/products/grand-seiko-evolution-9-collection-tentagraph-slgc001-box-and-papers,https://cdn.shopify.com/s/files/1/0923/2685/4982/files/DSC_0448_8695415f-df59-4986-ba87-7e1ace101f9f.jpg?v=1759245631,"Superbe chronographe bracelet Grand Seiko en titane sur bracelet titane avec boucle déployante en titane signée. Boîtier tonneau. Couronne et fond vissés. Lunette en céramique avec échelle tachymétrique. Magnifique cadran bleu guilloché avec 3 compteurs. Dateur par guichet entre 4 et 5 heures. Mouvement automatique calibre 9SC5 (72h de réserve de marche). Dimensions: 43,2mm. Vendue avec son écrin et ses papiers d'origine.",Romain Réa,2025-09-30,False
ROLEX RETAILED BY SERPICO Y LAINO OYSTER DATE REF. 1501 STAINLESS STEEL,Other,14800,https://romainrea.com/en-int/products/rolex-retailed-by-serpico-y-laino-oyster-date-ref-1501-stainless-steel,https://cdn.shopify.com/s/files/1/0923/2685/4982/files/DSC_0395_6ba6b281-13ab-4be6-bf1b-d7176feca931.jpg?v=1756990174,"Belle et rare montre bracelet Rolex en acier sur bracelet Oyster riveté en acier avec boucle déployante en acier signée. Boîtier rond, couronne et fond vissés. Dos du boîtier gravé: S&L ACERO. Lunette crantée en acier. Cadran champagne avec dateur par guichet à 3 heures. Signature Serpico Y Laino. Index épis appliqués. Aiguilles bâton, trotteuse centrale. Mouvement automatique certifié chronomètre. Diamètre: 34 mm.",Romain Réa,2025-09-04,False
TUDOR PRINCE OYSTERDATE REF. 94500 STAINLESS STEEL,Other,3500,https://romainrea.com/en-int/products/tudor-prince-oysterdate-ref-94500-stainless-steel,https://cdn.shopify.com/s/files/1/0923/2685/4982/files/DSC_0369_0fa8c2cd-fbac-47b5-9f1d-c3ba57e000a8.jpg?v=1756817599,"Très belle montre bracelet Tudor Oysterdate en acier sur bracelet Rolex Jubilée ""Mexico) avec boucle déployante en acier signée. Boîtier rond. Couronne et fond vissés. Lunette lisse en acier. Cadran argent avec index bâton appliqués, dateur par guichet à 3 heures. Trotteuse centrale. Mouvement automatique certifié chronomètre. Diamètre: 34 mm.",Romain Réa,2025-09-02,False
ROLEX GMT MASTER REF. 6542 BAKELITE STAINLESS STEEL,Other,110000,https://romainrea.com/en-int/products/rolex-gmt-master-ref-6542-bakelite-stainless-steel,https://cdn.shopify.com/s/files/1/0923/2685/4982/files/DSC_0336_d4d6d473-86a3-427f-8a1c-3152c9962691.jpg?v=1756558261,"Magnifique et rare montre bracelet Rolex Gmt Master en acier sur bracelet Rolex Oyster extensible avec boucle déployante en acier signée et gravée: 2.57. Boîtier rond. Couronne et fond vissés. Lunette bakelite graduée sur 24h. Très beau cadran laqué avec dateur (roulette) par guichet à 3 heures. Minuterie chemin de fer. Petite aiguille flèche rouge pour le second fuseau horaire. Mouvement automatique certifié chronomètre. Diamètre: 38 mm. * La référence GMT-Master 6542 a été lancée en 1954, née de l'imagination avant-gardiste de Hans Wilsdorf et de son désir de proposer des montres-outils répondant aux besoins d'une nouvelle génération de clients dix ans après la fin de la Seconde Guerre mondiale. L'une des caractéristiques les plus exclusives des premiers modèles est la lunette dite « en bakélite ». Cette lunette, coûteuse à produire et malheureusement trop fragile pour résister aux chocs sans s'abîmer, n'a été proposée que pendant une courte période avant d'être remplacée par une version simplifiée avec un insert en aluminium anodisé, dont les index n'étaient plus luminescents.",Romain Réa,2025-08-30,False
PIAGET CUSHION SHAPED WHITE GOLD,Other,13800,https://romainrea.com/en-int/products/piaget-cushion-shaped-white,https://cdn.shopify.com/s/files/1/0923/2685/4982/files/DSC_0266_66551246-72e2-40a7-a33c-a8c80593eccd.jpg?v=1756391623,"Magnifique montre bracelet Piaget en or blanc sur bracelet intégré en or blanc avec fermoir en or blanc signé Piaget. Boîtier coussin. Couronne de mise à l'heure au dos du boîtier. Cadran argent avec index peints. Aiguilles bâton. Mouvement quartz. Dimensions: 32 x 32 mm. Longueur totale 19,5 cm.",Romain Réa,2025-08-28,False
JAEGER LECOULTRE REVERSO STEEL AND GOLD,Other,18900,https://romainrea.com/en-int/products/jaeger-lecoultre-reverso-steel-and-gold,https://cdn.shopify.com/s/files/1/0923/2685/4982/files/DSC_0725_b35e401c-f259-49c0-9b1c-e923760681df.jpg?v=1756024465,Rare et superbe montre bracelet Jaeger Lecoultre Reverso en or et acier sur bracelet croco avec boucle ardillon. Boîtier rectangle réversible. Magnifique cadran noir avec index peints. Minuterie chemin de fer et trotteuse centrale. Aiguilles or. Mouvement mécanique manuel. Dimensions: 24 x 38 mm.,Romain Réa,2025-08-24,False
PARMIGIANI FLEURIER IONICA 8 DAYS ROSE GOLD,Other,17900,https://romainrea.com/en-int/products/parmigiani-fleurier-ionica-8-days-rose-gold,https://cdn.shopify.com/s/files/1/0923/2685/4982/files/DSC_0275_594ac8a5-9c5f-4d66-ab6d-a36e9f58acf3.jpg?v=1756022239,"Très belle montre bracelet Parmigiani Fleurier en or rose sur bracelet croco avec boucle ardillon en or rose signée. Boîtier tonneau, fond saphir. Lunette en or rose guillochée. Magnifique cadran noir entièrement guilloché avec chiffres arabes appliqués or rose. Indication de la réserve de marche 8 jours par aiguille à midi. Dateur par guichet à 3 heures et petite trotteuse à 6 heures. Mouvement mécanique calibre PF110. Dimensions: 36 x 45 mm.",Romain Réa,2025-08-24,False
"PIAGET ""ALTIPLANO"" EXTRA PLATE REF. 9920 OR BLANC",Other,5300,https://romainrea.com/en-int/products/piaget-altiplano-extra-plate-ref-9920-or-blanc,https://cdn.shopify.com/s/files/1/0923/2685/4982/files/DSC_0279_062554e7-0a33-4c40-aa92-2530dffa014a.jpg?v=1754726474,"Très élégante montre bracelet Piaget en or blanc sur bracelet croco avec boucle ardillon en or blanc signée Piaget. Boîtier rond. Cadran blanc avec chiffres romains peints, aiguilles feuilles or blanc. Mouvement mécanique calibre 9P. Diamètre: 33 mm.",Romain Réa,2025-08-09,False
ROLEX DAYTONA TROPICAL REGISTERS REF. 6262 STAINLESS STEEL,Other,115000,https://romainrea.com/en-int/products/rolex-daytona-tropical-registers-ref-6262-stainless-steel,https://cdn.shopify.com/s/files/1/0923/2685/4982/files/DSC_0261_596d29da-faff-4b70-842e-42a09b28570b.jpg?v=1751900703,"Magnifique et rare chronographe bracelet Rolex Daytona en acier sur bracelet cuir. Boîtier rond. Poussoirs ronds. Lunette en acier avec échelle tachymétrique graduée. Très beau cadran argent avec 3 compteurs marrons. Index bâton appliqués. Mouvement mécanique à roue à colonnes calibre 727. La référence 6262 est produite seulement 1 année, de 1970 à 1971. Toujours avec des poussoirs non vissés, mais avec un nouveau calibre, le Valjoux 727 à 19800 alternances par heures plus précis.",Romain Réa,2025-07-07,False
DUGENA CHRONONGRAPH STAINLESS STEEL,Other,3800,https://romainrea.com/en-int/products/dugena-chronongraph-stainless-steel,https://cdn.shopify.com/s/files/1/0923/2685/4982/files/DSC_0044_d90a3eda-414a-4257-9c2b-eece32f2b0e6.jpg?v=1751888832,Très beau chronographe bracelet Dugena en acier sur bracelet cuir avec boucle ardillon. Boîtier tonneau. Couronne de remontoir à gauche du boîtier et poussoirs à droite. Lunette intérieure avec échelle tachymétrique. Cadran bleu avec totalisateur des minutes à 3h et petite trotteuse décentrée à 10h. Dateur par guichet à 6 heures. Mouvement automatique à micro-rotor calibre 15. Diamètre: 40 mm.,Romain Réa,2025-07-07,False
JAEGER LECOULTRE REVERSO STAINLESS STEEL,Other,19800,https://romainrea.com/en-int/products/jaeger-lecoultre-reverso-stainless-steel,https://cdn.shopify.com/s/files/1/0923/2685/4982/files/DSC_0010_aa97580c-c2eb-4a2a-b29e-b06ac3c675c0.jpg?v=1751539964,Rare et très belle montre bracelet Jaeger Lecoultre Reverso en acier sur bracelet cuir avec boucle ardillon. Boîtier rectangle réversible. Magnifique cadran crème avec chiffres arabes luminescents. Trotteuse centrale et minuterie chemin de fer. Mouvement mécanique. Dimensions: 22 x 38 mm.,Romain Réa,2025-07-03,False
JAEGER LECOULTRE REVERSO TRIBUTE DUOFACE 85th ANNIVERSARY REF. Q3908420 / 213.8.D4 BOX AND PAPERS,Other,15800,https://romainrea.com/en-int/products/jaeger-lecoultre-tribute-duoface-85th-anniversary-ref-q3908420-213-8-d4-box-and-papers,https://cdn.shopify.com/s/files/1/0923/2685/4982/files/DSC_0060_5fe649a7-3fea-480f-91f1-935309401047.jpg?v=1750511244,"Superbe et rare montre bracelet Jaeger Lecoultre Reverso Tribute Duoface en acier sur bracelet croco bleu avec boucle déployante en acier signée Jaeger Lecoultre. Boîtier rectangle réversible. Au recto: Cadran blanc avec index épis en acier bleui. Petite trotteuse à 6 heures. Aiguilles Dauphine en acier bleui. Au verso: Très beau cadran bleu guilloché ""clous de Paris"" avec indication 24h à 6 heures. Aiguilles Dauphine. Mouvement mécanique calibre 854A/2. Dimensions: 42,8 x 25,5 mm. Vendue avec son écrin et ses papiers d'origine.",Romain Réa,2025-06-21,False
CARTIER TANK LOUIS CARTIER REF. 78086 WHITE GOLD,Other,28000,https://romainrea.com/en-int/products/cartier-tank-louis-cartier-ref-78086-white-gold,https://cdn.shopify.com/s/files/1/0923/2685/4982/files/DSC_0732_06feb004-8756-44af-98dd-ee48853e7a6f.jpg?v=1749902810,"Superbe et rare montre bracelet Cartier Tank Louis Cartier en or blanc sur bracelet cuir avec boucle déployante en or blanc signée Cartier. Boîtier rectangle, couronne de remontoir sertie d'un cabochon saphir. Cadran blanc avec chiffres romains peints et aiguilles en acier bleui. Mouvement mécanique. Dimensions: 24 x 30 mm.",Romain Réa,2025-06-14,False
ROLEX DATEJUST REF. 1601 VIGNETTE DIAL YELLOW GOLD,Other,38000,https://romainrea.com/en-int/products/rolex-datejust-ref-1601-vignette-dial-yellow-gold,https://cdn.shopify.com/s/files/1/0923/2685/4982/files/DSC_0964.jpg?v=1749731719,"Magnifique et très rare montre bracelet Rolex Datejust en or jaune sur bracelet cuir avec boucle ardillon signée. Boîtier rond, couronne et fond vissés. Lunette cannelée en or jaune. Cadran ""vignette"" bordeaux laqué avec index diamants appliqués et plots luminescents. indication de la date par guichet à 3 heures. Aiguilles bâton or. Trotteuse centrale. Mouvement automatique certifié chronomètre. Diamètre: 36 mm.",Romain Réa,2025-06-12,False
LEONIDAS CHRONOGRAPHE ETANCHE ACIER,Other,12800,https://romainrea.com/en-int/products/leonidas-chronograph-waterproof-step-case-stainless-steel,https://cdn.shopify.com/s/files/1/0923/2685/4982/files/DSC_0026_73482e66-50f9-4ef4-95a7-33cccd8614b9.jpg?v=1749302503,"Superbe et très rare chronographe étanche Leonidas en acier sur bracelet cuir avec boucle ardillon. Boîtier rond, gros poussoirs ronds. Fond vissé. Fond vissé. Très beau cadran argent avec 2 compteurs. Totalisateur des minutes à 3 heures et petite trotteuse à 9 heures. Chiffres arabes peints. Mouvement mécanique à roue à colonnes calibre Valjoux 22.",Romain Réa,2025-06-07,False
UNIVERSAL GENEVE COMPUR JUMBO REF. 22518 STAINLESS STEEL,Other,24800,https://romainrea.com/en-int/products/universal-geneve-compur-jumbo-ref-22518-stainless-steel,https://cdn.shopify.com/s/files/1/0923/2685/4982/files/DSC_0824_79dd54ca-9ff3-427b-bf57-4dc9059ce507.jpg?v=1749054312,"Magnifique et très rare chronographe bracelet Universal Genève Compur en acier sur bracelet cuir. Boîtier rond avec anses stylisées. Très beau cadran noir laqué avec 2 compteurs. Totalisateur des minutes à 3 heures et petite trotteuse à 9 heures. Chiffres arabes et aiguilles luminescents. Mouvement mécanique à roue à colonnes calibre 287. Diamètre: 37 mm. Vendu avec son extrait des archives Universal Genève. * Introduit en 1934, le modèle Compur à marqué une étape importante dans l'histoire des chronographes, étant parmi les premiers à disposer de deux poussoirs. La référence 22518 est produite à partir de 1945 elle se démarque par sa taille imposante pour l'époque. Il s'agit la d'une pièce de collection, sa rareté et son esthétique en font un choix privilégié pour les amateurs d'horlogerie vintage.",Romain Réa,2025-06-04,False
OMEGA SEAMASTER 120 JACQUES MAYOL REF. 396.0900,Other,3800,https://romainrea.com/en-int/products/omega-seamaster-120-jacques-mayol-ref-396-0900,https://cdn.shopify.com/s/files/1/0923/2685/4982/files/DSC_0005_da8d9709-4643-4ea9-9c76-d8db7e05e98a.jpg?v=1749047805,"Très jolie montre bracelet de plongée en acier sur bracelet acier avec boucle déployante en acier signée. Boîtier rond. Couronne et fond vissés. Lunette tournante graduée. Cadran noir avec index et aiguilles luminescents. Trotteuse centrale. Indication de la date par guichet à 3 heures. Mouvement quartz calibre 1337. Diamètre: 37 mm. * Jacques Mayol est un apnéiste français. Il est le premier plongeur au monde à descendre à une profondeur de 100m en apnée en 1976. C'est en 1981, équipée de la Seamaster 120 qu'il atteint la profondeur record de 101 m à 54 ans.",Romain Réa,2025-06-04,False
UNIVERSAL GENEVE TRI-COMPAX WATERPROOF REF. 22297 2 STAINLESS STEEL,Other,13900,https://romainrea.com/en-int/products/universal-geneve-tri-compax-waterproof-ref-22297-2-stainless-steel,https://cdn.shopify.com/s/files/1/0923/2685/4982/files/DSC_0765_a5c9fc23-1406-4d19-b36e-daa4c328ffa2.jpg?v=1748703420,Très beau chronographe bracelet Universal Genève Tri-Compax en acier sur bracelet cuir avec boucle ardillon en acier. Boitier rond. Poussoirs ronds. Fond vissé. Cadran crème avec 3 compteurs et indication de la phase de lune et date à midi. Jours et mois. Mouvement mécanique à roue à colonnes calibre 281. Diamètre: 35 mm.,Romain Réa,2025-05-31,False
Cartier Fabergé Paris Ref. 78101 Yellow Gold,Other,14900,https://romainrea.com/en-int/products/cartier-faberge-paris-ref-78101-yellow-gold,https://cdn.shopify.com/s/files/1/0923/2685/4982/files/DSC_0235-1_851588b4-976b-4868-ae52-fa9f5ef60b99.jpg?v=1742468221,Very nice Monte Cartier Fabergé bracelet in yellow gold on leather bracelet. Rectangle housing with rounded edges. Window crown set with a sapphire cabochon. White dial with Roman numerals painted and needles in blue steel. Mechanical movement caliber 78-1. Dimensions: 26 x 32 mm.,Romain Réa,2025-03-20,False
Rolex Airking Ref. 14000m Stainless Steel,Other,5290,https://romainrea.com/en-int/products/rolex-airking-ref-14000m-stainless-steel,https://cdn.shopify.com/s/files/1/0923/2685/4982/files/DSC_0386-1.jpg?v=1742468188,"Very nice rolex airking bracelet steel on oyster steel bracelet with signed deploying loop. Round case. Crown and bottom screwed. Silver dial with stick index. Central second hand. Automatic movement caliber 3130. The Rolex Reference: 14000m is a classic watch, produced between the late 90s and the early 2000s. It was part of the Air-King collection, a range created by Rolex during the Second World War in tribute to the British Royal Air pilots.",Romain Réa,2025-03-20,False
Patek Philippe Ref. 1493 Yellow Gold,Other,21800,https://romainrea.com/en-int/products/patek-philippe-ref-1493-yellow-gold,https://cdn.shopify.com/s/files/1/0923/2685/4982/files/fullsizeoutput_bbf-scaled.jpg?v=1742468139,"Rare and beautiful watch Patek Phillippe & Co Ref. 1493 in yellow gold. Stylized rectangle case. White dial with indexes Roman numerals applied, small at 6 o'clock. Mechanical movement with manual reassembly. Mounted on a Black Alligator Bracelet Patek Philippe. Sold with its Patek archive extract. Gross weight 34.67g.",Romain Réa,2025-03-20,False
Bell & Ross Br05 Chrono Stainless Steel Full Set,Other,6900,https://romainrea.com/en-int/products/bell-ross-br05-chrono-stainless-steel-full-set,https://cdn.shopify.com/s/files/1/0923/2685/4982/files/DSC_0342_3a6d0811-710c-4778-9f05-180b09ae57c2.jpg?v=1742468088,"Bell & Ross Br05 steel bracelet chronograph on steel bracelet with deploying loop. Barrel box, sapphire bottom. Black dial with 2 counters and data per counter between 4 and 5 hours. Luminescent indexes and needles. Automatic movement caliber br. 326. Diameter: 42 mm. New watch. Ecrin and original papers.",Romain Réa,2025-03-20,False
"Vacheron Constantin Classic Ref. 4218 ""Guilloche"" dial pink gold with extract from the archives",Other,18500,https://romainrea.com/en-int/products/vacheron-constantin-classic-ref-4218-guilloche-dial-pink-gold-with-extract-from-the-archives,https://cdn.shopify.com/s/files/1/0923/2685/4982/files/DSC_0254-1.jpg?v=1742468048,"Very pretty and elegant Vacheron Constantine bracelet watch in pink gold. Round box, water drops. Superb golden dial Guilloche with index ears and Arabic figures applied gold rose. Pink gold needles, central second hand. Mechanical movement caliber 454. Diameter: 36 mm. Sold with its extract from the archives. * The reference 4218 is an emblematic watch from the 1950s, renowned for its elegant design and its know -how. One of the distinctive elements of this Vacheron Constantine is his stylized horns. Very popular with collectors The reference 4218 embodies the watchmaking excellence of Vacheron Constantin.",Romain Réa,2025-03-20,False
Rolex Explorer Gilt Dial Ref. 1016,Other,29000,https://romainrea.com/en-int/products/rolex-explorer-gilt-dial-ref-1016,https://cdn.shopify.com/s/files/1/0923/2685/4982/files/DSC_0198-1_457ad44e-0f4c-4ceb-9514-7b87579ae1a4.jpg?v=1739485691,"Magnificent Rolex Bracelet Watch Explorer 1 In Steel on Oyster Riveté Extendable REF. 6636 with signed deploying loop. Round case. Crown and bottom screwed. Black lacquered dial with indexes and Arabic figures 3, 6, 9. Central power. Automatic movement certified 1560 caliber chronometer. * The Rolex Explorer Reference 1016 produced between 1960 and 1989, was renowned for its association with exploration and timeless design. The first models produced until 1967 Entroided a so -called ""Gilt"" dial. This term refers to a technique where inscriptions appear in a golden shade on a brilliant black background.",Romain Réa,2025-02-13,False
Jaeger Lecoultre Etrier Jumbo Ref. 9041.42 Stainless Steel,Other,5900,https://romainrea.com/en-int/products/jaeger-lecoultre-etrier-jumbo-ref-9041-42-stainless-steel,https://cdn.shopify.com/s/files/1/0923/2685/4982/files/DSC_0145-1_cc77467d-35aa-4747-9f1a-b32a0b6f1db0.jpg?v=1739485651,"Very nice Jaeger Lecoultre Etrier Jumbo bracelet in steel on leather bracelet with steel ardillon loop. Rectangle housing. Two gray and silver dial with painted Roman numerals. Mechanical movement caliber 818/2. * The Jaeger Lecoultre Etrier is a vintage bracelet watch from the 70s, recognizable by its distinctive design inspired by calipers, with elongated and curved tubular handles inwards giving the impression of a greater watch without increasing the actual size of the case. The reference: 9041 was produced in different versions, notably in stainless steel (ref. 9041.42) and 18K yellow gold (ref. 9041.21). Due to its limited production and its unique design, the 9041 reference is popular with collectors and fans of vintage watches.",Romain Réa,2025-02-13,False
Jaeger Lecoultre Reverso II Yellow Gold,Other,7500,https://romainrea.com/en-int/products/jaeger-lecoultre-reverso-ii-yellow-gold,https://cdn.shopify.com/s/files/1/0923/2685/4982/files/DSC_0923_013d1e83-1a5e-4f6c-a325-c5285017d237.jpg?v=1739485558,Magnificent Jaeger Lecoultre Reverso II bracelet watch in yellow gold on red leather bracelet. Reversible rectangle box. Silver dial with painted Arabic figures. Small face at 6 am. Mechanical movement with manual reassembly. Beautiful engraving in the enamel on the back side.,Romain Réa,2025-02-13,False
ZRC SECURICODE Diver 300 Ref. SC39463 Limited Edition Bronze Full Set,Other,3290,https://romainrea.com/en-int/products/zrc-securicode-diver-300-ref-sc39463-limited-edition-bronze-full-set,https://cdn.shopify.com/s/files/1/0923/2685/4982/files/DSC_0960-2.jpg?v=1739485429,"Very beautiful ZRC bracelet watch in bronze on leather bracelet with bronze ardillon loop. Round case. Crown and bottom screwed. Bronze rotating bezel with ceramic insert. Black dial with date by window at 3 o'clock. Central second hand. Automatic movement caliber sellita. Diameter: 39 mm. Writing and papers. Series limited to 200ex. * For its 120th anniversary, ZRC® unveils a new collection with the evocative name of Securicode. Three models with vintage accents offered in different materials open this exciting chapter in the history of the brand. The combination of bronze and ceramics for this edition limited to 200 copies which pays tribute to the 65 years of Securicode.",Romain Réa,2025-02-13,False
Omega Seamaster Chronograph ref. 145.029 Stainless Steel,Other,5900,https://romainrea.com/en-int/products/omega-seamaster-chronograph-ref-145-029-stainless-steel,https://cdn.shopify.com/s/files/1/0923/2685/4982/files/DSC_0624-1.jpg?v=1739485196,"Very beautiful chronograph Omega Seamaster steel bracelet on leather bracelet. Cushion case. Screwed background. Round pushes. Blue dial with 3 blue counters. Totalizer 30mn at 3 a.m., hours at 6 a.m. and small second hand at 9 a.m. Tachymmetric scale. Mechanical movement caliber 861. Diameter: 38 mm.",Romain Réa,2025-02-13,False
Cartier Vendôme Paris Ref. 78090 Yellow Gold,Other,8900,https://romainrea.com/en-int/products/cartier-vendome-paris-ref-78090-yellow-gold,https://cdn.shopify.com/s/files/1/0923/2685/4982/files/DSC_0593_287666ad-efb6-449c-8a47-50385e4d39de.jpg?v=1739485146,Very nice Cartier Vendôme bracelet watch in yellow gold on crocodile bracelet with deploying gold loop signed Cartier. Double Godrons round housing. White dial signed Cartier Paris with Roman numerals painted and blue steel needles. Mechanical movement signed Cartier. Diameter: 33 mm.,Romain Réa,2025-02-13,False
Triton Spirotechnique Sport Black Stainless Steel Box and Papers,Other,5200,https://romainrea.com/en-int/products/triton-spirotechnique-sport-black-stainless-steel-box-and-papers,https://cdn.shopify.com/s/files/1/0923/2685/4982/files/DSC_0671_5af01d64-27d9-45cc-b5a8-93f192bbe3f1.jpg?v=1739485038,"Superb watch Steel Spirotechnic diving bracelet on rubber bracelet with signed steel ardillon loop. Barrel box. Window and upsetting crown at noon. Mobile handle. Graduated unidirectional rotating telescope. Black dial with ""roulette"" date by window at 3 o'clock. Luminescent indexes and needles. Automatic movement caliber Triton G100 (La Joux Perret). Diameter: 39 mm. Ecrin and original papers. Spirotechnical triton The rebirth of a mythical new era watch The myth is back with a new collaboration between the Triton and the Spirotechnical Watches (Aqualung). The new Spirotechnique Triton takes over the line and the drawing of the watch imagined by Jean-René Parmentier in 1963. A unique design since 1963 The crown position at 12 noon and its emblematic articulated-conductive protector constitute the DNA of triton watches. A rich heritage ... &gt; 1963 The most expensive diving watch of the 60s, the Spirotechnical Triton had been developed by Colonel Parmentier on behalf of the Spirotechnique, founded in 1946 by the famous Cousteau Commander. She then equipped professional and military divers, including some members of the Cousteau team and French and American combat swimmers. &gt; 2024 Relaunched in 2015 with the release of subphotic, Triton continued its odyssey in 2024 with the launch of the Spirotechnique, still claiming its unique and exclusive character. The brand is now proud to support the sports career of Gilles Gambini, a young Free Diving champion and ambassador of Triton watches. Technical specifications: Housing 316l stainless steel brushed and polished Dimensions Diameter 39 mm Length 53.75 mm Thickness 12.25 mm Crown Positioned at 12 p.m. Articulated-leaf protector Telescope Unidirectional (120 teeth) Sapphire ring",Romain Réa,2025-02-13,False
Triton Spirotechnique Classic Black Stainless Steel Box and Papers,Other,5200,https://romainrea.com/en-int/products/triton-spirotechnique-classic-black-stainless-steel-box-and-papers,https://cdn.shopify.com/s/files/1/0923/2685/4982/files/DSC_0652-1.jpg?v=1739485025,"Superb watch Steel Spirotechnic diving bracelet on rubber bracelet with signed steel ardillon loop. Barrel box. Window wreath and set up at noon. Mobile handle. Graduated unidirectional rotating telescope. Black dial with ""roulette"" date by window at 3 o'clock. Luminescent indexes and needles. Automatic movement caliber Triton G100 (La Joux Perret). Diameter: 39 mm. Ecrin and original papers. Spirotechnical triton The rebirth of a mythical new era watch The myth is back with a new collaboration between the Triton and the Spirotechnical Watches (Aqualung). The new Spirotechnique Triton takes over the line and the drawing of the watch imagined by Jean-René Parmentier in 1963. A unique design since 1963 The crown position at 12 noon and its emblematic articulated-conductive protector constitute the DNA of triton watches. A rich heritage ... &gt; 1963 The most expensive diving watch of the 60s, the Spirotechnical Triton had been developed by Colonel Parmentier on behalf of the Spirotechnique, founded in 1946 by the famous Cousteau Commander. She then equipped professional and military divers, including some members of the Cousteau team and French and American combat swimmers. &gt; 2024 Relaunched in 2015 with the release of subphotic, Triton continued its odyssey in 2024 with the launch of the Spirotechnique, still claiming its unique and exclusive character. The brand is now proud to support the sports career of Gilles Gambini, a young Free Diving champion and ambassador of Triton watches. Technical specifications: Housing 316l stainless steel brushed and polished Dimensions Diameter 39 mm Length 53.75 mm Thickness 12.25 mm Crown Positioned at 12 p.m. Articulated-leaf protector Telescope Unidirectional (120 teeth) Sapphire ring",Romain Réa,2025-02-13,False
Breitling Chronongraph Military Ref. 817 Stainless Steel,Other,11500,https://romainrea.com/en-int/products/breitling-chronongraph-military-ref-817-stainless-steel,https://cdn.shopify.com/s/files/1/0923/2685/4982/files/DSC_0608-1_7e4acb25-18d1-4e13-9da5-2f7bf86938e6.jpg?v=1739484974,"Very beautiful chronograph military bracelet Breitling 817 in steel. Round case. Round pushes. Bidirectional graduated swing. Black dial with 2 counters. Totalizer of the minutes at 3 a.m. and small second hand at 9 a.m. Mechanical movement with column wheel caliber Valjoux 236 As soon as he learned to watch the man was almost obsessed with the idea of ​​perfecting the measure of short time using special watches. We will not be surprised that his training has struggled, he got down to the realization of his own chronograph. Leon Breitling's career was thus intended. He designs other chronographs and builds measurement tools for watchmaking and we are talking more and more about him in the profession. In 1884 the first chronographs appeared to sign the signature of its inventor still manufactured in his native country in St Lorimier. In 1892 in the neighboring city, the lime of funds. The young industrialist creates the LEON BREITLING MONTBILLANT WATCH WATCH WATCH FACTORY RAY ALWAYS TO Specializing in chronographs. The proposed model is a Breitling Reference 817, a real Collecting Tool Watch. This is a 40 -minute diameter steel case, with a large telescope 60 minutes rotating and bidirectional. The immaculate black dial with luminescent painted Arabic numbers. A game of exceptional bell skeleton needles. The movement is mechanical with manual reassembly, the Valjoux 236 with a column wheel. Here is a beautiful technical and aesthetic object, in a rare state.",Romain Réa,2025-02-13,False
Rolex Bubble Back Hooded Ref. 3065 Stainless Steel and Gold,Other,25000,https://romainrea.com/en-int/products/rolex-bubble-back-hooded-ref-3065-stainless-steel-and-gold,https://cdn.shopify.com/s/files/1/0923/2685/4982/files/DSC_0833-1.jpg?v=1739484903,"Magnificent and interesting Rolex bracelet watch Oyster Perpetual Bubble Back Hooded in gold and steel with a pretty anonymous wooden and gold bracelet. Barrel box. Crown and bottom screwed. ""Hidden"" handles. Smooth gold telescope. Very rare black dial with luminescent Arabic figures. Luminescent needles, central second hand. Automatic movement certified chronometer. Diameter: 32 mm.",Romain Réa,2025-02-13,False
Cartier American Tank Moon Phase Ref. 819907 Yellow Gold,Other,13800,https://romainrea.com/en-int/products/cartier-american-tank-moon-phase-ref-819907-yellow-gold,https://cdn.shopify.com/s/files/1/0923/2685/4982/files/DSC_0341-1.jpg?v=1739484802,Very nice Watch Bracelet Cartier American Tank Moon phase in yellow gold on crocodile bracelet with ardillon buckle in gold plated metal. Curvex rectangle case. Cream dial with painted Roman numerals. Date by needle and indication of the moon phase at 6 o'clock. Quartz movement. Dimensions: 23.5 x 41 mm.,Romain Réa,2025-02-13,False
Cartier must 21 Ref. 9010 Steel and Gold Plad,Other,1700,https://romainrea.com/en-int/products/cartier-must-21-ref-9010-steel-and-gold-plad,https://cdn.shopify.com/s/files/1/0923/2685/4982/files/DSC_0432-1.jpg?v=1739484749,Very nice Cartier Must 21 bracelet watch in gold and steel on gold and steel bracelet. Round case. Window crown set with sapphire cabochon. Steel bezel with engraved Roman numerals. Cream dial with blue steel needles. Quartz movement. Diameter: 31 mm.,Romain Réa,2025-02-13,False
Rolex Submariner Ref. 5512 Gilt Underline and 4 Lines,Other,98000,https://romainrea.com/en-int/products/rolex-submariner-ref-5512-gilt-underline-and-4-lines,https://cdn.shopify.com/s/files/1/0923/2685/4982/files/DSC_0814-2.jpg?v=1739484737,"Very rare and superb watch Rolex Submariner diving bracelet Ref. 5512 steel on leather bracelet. Round case, crown and bottom screwed. Sharp shoulder. Bidirectional rotating telescope. Black lacquered dial with timer timing, 4 lines and underline. Automatic movement certified 1560 caliber chronometer.",Romain Réa,2025-02-13,False
Cartier Bathtub Yellow Gold,Other,25800,https://romainrea.com/en-int/products/cartier-bathtub-yellow-gold-2,https://cdn.shopify.com/s/files/1/0923/2685/4982/files/DSC_0260-1.jpg?v=1739484710,"Rare and beautiful watch bracelet of lady in gold. Oval box. Cream dial with painted Roman numerals, blue steel needles. Mechanical movement with winding crown on the back. Gold rings bracelet with gold clasp. Dial, housing and movement signed. Dimensions: 20 x 28 mm. Length 16.5 cm. Founded in 1847 in Paris by Louis-François Cartier, Cartier is an emblematic luxury house recognized for its exceptional know-how in watchmaking and jewelry. Cartier embodies elegance, refinement and innovation, establishing itself as one of the most prestigious luxury houses in the world. Cartier is also one of the pioneers of luxury watchmaking. The house launched some of the most emblematic watches of the 20ᵉ century, combining refined mechanical and aesthetic precision. Created in 1910 the bathtub watch from Cartier captures the essence of minimalism while remaining daring, thanks to its balanced and harmonious proportions. The oval and elongated shape, his curved and fluid telescope contrasts with the sobriety of his sleek dial. The slightly curved box is designed to marry the wrist curve as closely as possible. Over time, the bathtub watch has experienced several variations. The models are available in different sizes to adapt to all the cuffs, from the mini more discreet bathtub to the elongated bathtub, a more stretched and daring version, popular for its modern look. Many personalities have been ambassadors of the Cartier bathtub, notably Jeanne Moreau, Romy Schneider and Catherine Deneuve.",Romain Réa,2025-02-13,False
Angelus Chronograph Stainless Steel,Other,9500,https://romainrea.com/en-int/products/angelus-chronograph-stainless-steel,https://cdn.shopify.com/s/files/1/0923/2685/4982/files/DSC_0341_e3011295-5be3-41be-aa69-6d54c6411cd2.jpg?v=1739484573,"Superb chronograph Angelus steel bracelet on steel bracelet ""grain of rice"" reported. Round case. Waterproof clipped background. Round pushes. Very nice lacquered black dial with 2 counters and tachymetric scale. Mechanical movement with column wheel. Diameter: 38 mm.",Romain Réa,2025-02-13,False
Tavannes Chronograph Stainless Steel,Other,12000,https://romainrea.com/en-int/products/tavannes-chronograph-stainless-steel,https://cdn.shopify.com/s/files/1/0923/2685/4982/files/DSC_0325_2bfa248b-11de-48ba-aedd-ce5b8c635230.jpg?v=1739484561,"Magnificent and very rare chronograph Tavannes in steel on leather bracelet. Round case. Mobile claw ties. Typical olive -shaped pushers from the 1930s. Black dial with 2 counters, telemetric scale. Arab and painted indexes and figures. Snail tachymmetrical scale in the center of the dial. Mechanical movement with column wheel. Diameter: 33 mm.",Romain Réa,2025-02-13,False
Audemars Piguet Dual Time Ref. 25685BC White Gold,Other,39000,https://romainrea.com/en-int/products/audemars-piguet-dual-time-ref-25685bc-white-gold,https://cdn.shopify.com/s/files/1/0923/2685/4982/files/DSC_0399.jpg?v=1739484506,"Very rare and magnificent Audemars Piguet Dual Time bracelet watch in white gold on crocodile bracelet with ardillon buckle in signed white gold. Round case. Superb two tones ""Havana"" dial with dateur by needle at 2 p.m., GMT at 6 a.m. and indication of the 48h to 10 a.m. Automatic movement caliber 2129. Diameter: 36 mm. Founded in 1875 by Jules Louis Audemars and Edward Piguet in the Valley of Joux, in Switzerland. Renowned for its exceptional know-how and innovation, the Audemars Piguet brand is best known for its luxury watches, in particular the emblematic Royal Oak model, launched in 1972, which revolutionized the design of sports watches in steel. Audemars Piguet combines craft tradition and advanced technologies, and major in the world of luxury watchmaking. Pioneer in the field of complications, the Jules Audemars collection pays tribute to one of the two founders of the manufacture. This collection embodies the classic and traditional spirit of Swiss high watchmaking. Unlike more daring collections like the Royal Oak, the Jules Audemars line is distinguished by its sober elegance, its discreet refinement and its timeless design.",Romain Réa,2025-02-13,False
Rolex Submariner Ref. 1680 Color Change Dial Yellow Gold,Other,88000,https://romainrea.com/en-int/products/rolex-submariner-ref-1680-color-change-dial-yellow-gold,https://cdn.shopify.com/s/files/1/0923/2685/4982/files/DSC_1189-2.jpg?v=1739484298,Magnificent and very rare watch Rolex diving bracelet Submariner in yellow gold on leather bracelet with Ardillon loop. Round case. Crown and bottom screwed. Graduated blue bezel. Brown dial with date by window at 3 o'clock. Central second hand. Mercedes needles. Automatic movement certified chronometer. Sold with its original Rolex oyster bracelet in yellow gold with deploying golden loop engraved 4.70,Romain Réa,2025-02-13,False
"Rolex Submariner Big Crown ""James Bond"" Ref. 6538",Other,67000,https://romainrea.com/en-int/products/rolex-submariner-big-crown-james-bond-ref-6538,https://cdn.shopify.com/s/files/1/0923/2685/4982/files/DSC_1078-1.jpg?v=1739484197,"Very nice watch Rolex Submariner Big Crown diving bracelet in steel on oyster steel riveted bracelet with deploying ""engraved 2.70"" loop. Round case. Crown and bottom screwed. Graduated two -way telescope. Black service lacquered dial with painted index. Central second hand. Automatic movement caliber 1030. Diameter: 38 mm.",Romain Réa,2025-02-13,False
Vacheron Constantin Lady's Prestige of France White Gold Ref. 15207 with Paper,Other,12900,https://romainrea.com/en-int/products/vacheron-constantin-ladys-prestige-of-france-white-gold-ref-15207-with-paper,https://cdn.shopify.com/s/files/1/0923/2685/4982/files/DSC_0024_77047005-69aa-49f1-8677-629d56ac0a3d.jpg?v=1739484046,"Very beautiful watch Bracelet of Lady Vacheron Constantin Prestige de la France in white gold on crocodile bracelet with deploying loop in signed white gold. Asymmetrical case. Silver dial, Dauphine needles. Mechanical movement. With its original certificate. Watch sold in 1978 In 1972, Vacheron Constantin received the diploma ""Prestige of France"", highlighting the characteristic know-how of the manufacture and its commitment to offer elegance, authenticity and technical excellence. To commemorate this event, the ""prestige of France"" model was born: a white gold watch with a trapezoidal box and a unique design: curved and asymmetrical. Respecting the rigorous proportions of the golden number, this watch has an extra-flat manual winding mechanical movement, recognized for its precision and reliability. Its gray sun satin dial has an elegant design, enhanced with two dauphine needles, illustrating the refinement and know-how of Vacheron Constantin. The ""prestige of France"" is a true work of watchmaking art, a symbol of luxury and elegance.",Romain Réa,2025-02-13,False
Jaeger Ladies Reverso Cordonnet Stainless Steel,Other,7900,https://romainrea.com/en-int/products/jaeger-ladies-reverso-cordonnet-stainless-steel,https://cdn.shopify.com/s/files/1/0923/2685/4982/files/DSC_0758-1_6bdfcdb0-43f4-40aa-ba7d-457784cf10ee.jpg?v=1739483956,Very rare and superb watch Bracelet of Dame Jaeger Reverso in steel on leather bracelet. Reversible rectangle box. Cream dial with applied Arabic figures. Stops stick. Mechanical movement.,Romain Réa,2025-02-13,False
Rolex Submariner Ref. 5513 Stainless Steel,Other,14500,https://romainrea.com/en-int/products/rolex-submariner-ref-5513-stainless-steel,https://cdn.shopify.com/s/files/1/0923/2685/4982/files/DSC_0421-1.jpg?v=1739483684,Watch Rolex Steel Rolex Bracelet on Steel Oyster Bracelet with Deploying Steel Buckle Signed. Round case. Crown and bottom screwed. Graduated rotating bezel. Black dial with circulated indexes. Central second hand. Automatic movement. Diameter: 40 mm.,Romain Réa,2025-02-13,False
Blancpain Fifty Fathoms Bathyscaphe Ref. 5000.0240.052A BOX AND PAPERS,Other,8600,https://romainrea.com/en-int/products/blancpain-fifty-fathoms-bathyscaphe-ref-5000-0240-052a-box-and-papers,https://cdn.shopify.com/s/files/1/0923/2685/4982/files/DSC_0278-1.jpg?v=1739483581,"Very beautiful watch white plunge bracelet Fifty Fathoms Bathyscaphe in ceramic. Round case, sapphire bottom. Blue rotating bezel. Blue dial with date at 3 o'clock. Luminescent indexes and needles. Automatic movement caliber 1315. Diameter: 43.6 mm. Ecrin and original papers.",Romain Réa,2025-02-13,False
Breitling Co-Pilot Ref. 765 AVI,Other,19800,https://romainrea.com/en-int/products/breitling-co-pilot-ref-765-avi,https://cdn.shopify.com/s/files/1/0923/2685/4982/files/DSC_0488-1.jpg?v=1739483552,"Superb chronograph Breitling Avi steel bracelet on rubber bracelet. Round case. Graved screwed background. Graduated rotating bezel. Black dial with 3 counters. Totalizer for minutes at 3 a.m., hours at 6 a.m. and small second hand at 9 a.m. Mechanical movement with column wheel caliber 178. Diameter: 40 mm. Founded in 1884 by Léon Breitling, Breitling is a Swiss watchmaking house recognized worldwide for its high precision watches and its pioneer spirit. Originally specializing in chronographs, the company quickly established itself as a key player in the world of technical and functional watches, intended for both professionals and exceptional watch enthusiasts. In 1915, she introduced the first independent bracelet chronograph with a distinct pusher, revolutionizing timing. This quest for excellence notably led the brand to design watches for civil and military aviation, thus becoming the official supplier of British aeronavale pilots in the 1930s. As a chronograph, AVI is equipped with a specific mechanism to measure time with accuracy. The watch has several counters that facilitate timing. The design of the AVI chronograph is inspired by the first on -board instruments of military planes in the 1930s and 1940s, with a daring and functional look. Each detail, from the contrasting dial to large crowns and pushes, is designed for easy handling, even with pilot gloves, strengthening the strong link between Breitling and the world of aviation.",Romain Réa,2025-02-13,False
"Omega Semaster 120 Baby Ploprof Ref. 166,0250",Other,5900,https://romainrea.com/en-int/products/omega-seamaster-120-baby-ploprof-ref-166-0250,https://cdn.shopify.com/s/files/1/0923/2685/4982/files/DSC_0505_cf39d1a5-b25c-4a7a-88a5-48afd6d87aae.jpg?v=1739483538,Rare and beautiful Omega Seamaster 120 Baby Ploprof in steel diving bracelet. Barrel box. Crown and bottom screwed. Unidirectional rotating telescope. Black dial with date by window at 3 o'clock. Central second hand. Automatic Movement Caliber 1010. Rubber bracelet. Diameter: 40 mm.,Romain Réa,2025-02-13,False
ZRC Grand Fonds Ref. GF38213 Box and papers,Other,3190,https://romainrea.com/en-int/products/zrc-grand-fonds-ref-gf38213-box-and-papers,https://cdn.shopify.com/s/files/1/0923/2685/4982/files/DSC_0137_72331fbc-d5de-4553-9460-2f7cc7361974.jpg?v=1739483202,"The ZRC house is founded by Edmond Zuccolo and Joseph Rochet, they begin by manufacturing chains of watches and stretch metal bracelets. Louis Brunet Director of the firm is passionate about scuba diving and with the help of the Annecy diver team will design the Grand Fond model in 1950: mythical diving watch with atypical and affirming and recognizable design at first glance. The proposed model is a large GF 38213 reference ZRC of 2024, sold with its case and its original papers. 39 mm diameter steel barrel box. Risingness crown and settling at 6 a.m. Graduated rotating bezel. Black dial With index luminescent and patinated sticks, large patinated luminescent needles, central second hand. Red and black date by window at 3 o'clock. Automatic movement. This emblematic watch steeped in history has accompanied many professional divers. An exceptional and unique tool Watch.",Romain Réa,2025-02-13,False
"IWC Big Pilot Top Gun ""Mojave Desert"" Ref. IW506003 BOX AND PAPERS",Other,16000,https://romainrea.com/en-int/products/iwc-big-pilot-top-gun-mojave-desert-ref-iw506003-box-and-papers,https://cdn.shopify.com/s/files/1/0923/2685/4982/files/DSC_0121_3df860d5-794e-426e-84e4-6c1d0fa026f0.jpg?v=1739483190,Very large ceramic bracelet watch. Round case. Crown pear and bottom screwed. Brown dial with indication of the 7 -day walking reserve to 3 hours. Date by window at 6 o'clock. Automatic movement. Diameter: 46 mm. Ecrin and original papers.,Romain Réa,2025-02-13,False
Tudor Submariner Ref. 7016/0,Other,14500,https://romainrea.com/en-int/products/tudor-submariner-ref-7016-0,https://cdn.shopify.com/s/files/1/0923/2685/4982/files/Tudor_Sub_8.jpg?v=1739483159,Beautiful and rare steel diving watch. Round box 40 mm in diameter. Background and crown screwed. Bidirectional telescope with graduated black insert for decompression times. Black dial with tritium index. Mercedes needles. Automatic movement. Tropic Black bracelet.,Romain Réa,2025-02-13,False
Tudor Submariner Snowflake Ref. 7016/0,Other,14500,https://romainrea.com/en-int/products/tudor-submariner-snowflake-ref-7016-0-2,https://cdn.shopify.com/s/files/1/0923/2685/4982/files/Tudor_Submariner_9.jpg?v=1739483132,Beautiful steel bracelet watch. Round box 40 mm in diameter. Background and crown screwed. Bidirectional telescope. Graduated black insert for decompression times. Black dial with tritium index. Snowflake needles. Automatic movement.,Romain Réa,2025-02-13,False
Longines Jumbo Cal. 1594,Other,23800,https://romainrea.com/en-int/products/longines-jumbo-cal-1594,https://cdn.shopify.com/s/files/1/0923/2685/4982/files/LONGINES_1938_11.jpg?v=1739483092,"Rare and large vintage pilot watch. Round steel box. Black dial with small seconds at 6 am. Needles leaves. Mechanical movement with manual reassembly. He is a 23 -year -old businessman who joins a clockwork store Comptoir Raiguel young. Its name August Agassiz, this happens on August 14, 1832. The counters are dedicated to the distribution of traditional high -quality watches whose finish is carried out by watchmakers at home, the counters then take care of the sale of the watches thus produced. The concept works so well that the counter will take the name of Agassiz & Cie in 1847. Agassiz's health is not good and it is looking for a successor that he finds in the person of his nephew: Ernest Francillon. In 1866 Francillon gave the new name that of Longines which will produce high precision watches. The proposed model is a rare and magnificent CAL 1594 pilot watch from 1938 known as ""Jumbo"". Large steel box 37, 5 mm in diameter. This impressive diameter (for the time) is perfect for reading time information in full flight. Black dial With indexes Arab painting patinated patinated, Steel leaves and 6 -hour wheelchairs, mechanical movement. This majestic achievement is an integral part of traditional know-how of one of the most beautiful Swiss factory An unusual vintage to collect in priority.",Romain Réa,2025-02-13,False
Ulysses Nardin Triple Calendar,Other,25000,https://romainrea.com/en-int/products/ulysses-nardin-triple-calendar,https://cdn.shopify.com/s/files/1/0923/2685/4982/files/UN_1_4f8e4331-bc24-4836-8090-4dba4679b0dd.jpg?v=1739483078,"Beautiful watch in rose gold laminated steel. Round case. Clipped background. Stylized handles. Salmon dial with three meters. Indication of the day and month by counters at noon. Date by needle arrow. Mechanical movement with wheel with Valjoux 72C caliber column. Ulysse Nardin has been an illustration in watchmaking since 1846 founded in Locle in Switzerland. He won the market with his pocket chronometers. Ulysses Nardin provides the Russian and Japanese navy. The first part of the 20 -th century is marked by a collection of prices and innovation. The proposed model has a box with handles typical of these splendid eras of watchmaking. A chronograph has 3 counters, associates with a complete date, per counter for the day and the month, and the red arrow needle for the date printed in blue. The round box is 35 minutes in diameter, it is laminated so covered with a gold layer. The pushers are rectangular in shape. The magnificent dial is salmon in color. The needles are said to be dolphines. Style 40 in watchmaking is very remarkable, an innovative period in all areas both aesthetic and technical. A big name for Swiss watchmaking with undeniable know-how. A real vintage, original, with useful complications. This superb chronograph is in an impeccable state.",Romain Réa,2025-02-13,False
Breitling Unitime Ref. 1260 with extract from the archives,Other,15800,https://romainrea.com/en-int/products/breitling-unitime-ref-1260-with-extract-from-the-archives,https://cdn.shopify.com/s/files/1/0923/2685/4982/files/UNITIME_1.jpg?v=1739483062,"Beautiful steel bracelet watch. Round case. Three tones from gray to black, with in its center the representation of a map. The system includes two rotating discs, one 24h, the other printed in world cities offering us the reading of different time zones. Dauphine needles with central second hand. Indication of the date by window at 3am. Mechanical movement with automatic reassembly at Rotor Fesla. From his apprenticeship, Léon Breitling was almost obsessed with the idea of ​​perfecting the short period measure using special watches. This Unitime de Breitling is most certainly the most successful, it perfectly combines a particular technicality and a perfectly made aesthetic. A very beautiful model of the 1960s with a rarity but also in this almost impossible state. This is an original, unusual and singular model. A marvel in its raw state. A perfect drawing and a useful function for travelers or other lovers of beautiful bills. Breitling signs a watch worthy of large factories, a historic and mythical model highly sought after by collectors.",Romain Réa,2025-02-13,False
Rolex Explorer Ref. 1016 Tropical Dial,Other,38000,https://romainrea.com/en-int/products/rolex-explorer-ref-1016-tropical-dial-1,https://cdn.shopify.com/s/files/1/0923/2685/4982/files/Rolex_Explorer_Tropical_1016_1.jpg?v=1739482907,"Beautiful and rare bracelet watch. Round steel box. Black lacquered dial with tropical patina. Index 3, 6 and 9. Mercedes and central second hand. Leather bracelet with Ardillon loop signed Rolex. Sir Edmund Hillary decides to participate in a special expedition, that of climbing the highest peak in the world, Mont Everest at 8,848 m. He then carries his wrist an explorer I, a model created in 1953 cut for the adventure. This iconic watch is readable and robust. A real legend was born, Rolex strikes hard with this historical model. A perfect drawing and aesthetic. It benefits from the DNA of watches of all records, it follows the shipment in the snow, the cold and the wind without ever faulty and never disappointing its owner. The proposed model is from 1964 under reference 1016, one of the most remarkable. A highly sought -after reference: the 1016 is the most desired explore I. It is a round steel box 36 minutes in diameter. A magnificent black lacquered dial with a superb tropical patina, decorated by the famous 3, 6, 9 which characterizes it. Mercedes and central handful needles. Leather bracelet. Here is a real Tool Watch With the singular patina, an explorers' watch par excellence, a watchmaking myth. A watch to the exemplary career. Since 1953 Rolex has manufactured this essential and historical model still in simplicity. A legend that can follow you in all your activities",Romain Réa,2025-02-13,False
Cartier Tank Lady Yellow Gold,Other,13500,https://romainrea.com/en-int/products/cartier-tank-lady-yellow-gold,https://cdn.shopify.com/s/files/1/0923/2685/4982/files/CC.jpg?v=1739482895,Beautiful and rare watch bracelet for women in yellow gold. Rectangle housing. Ivory color painted dial signed with Roman numeral indexes. Bleui steel needles. Sapphire winder. Mechanical movement. Black leather bracelet signed with deploying buckle in yellow gold. Gross weight: 26.4 g.,Romain Réa,2025-02-13,False
Universal Geneva Aero-Compax,Other,19000,https://romainrea.com/en-int/products/universal-geneva-aero-compax,https://cdn.shopify.com/s/files/1/0923/2685/4982/files/UG_1_1bb62a4f-ba9c-4e61-a856-0899b45fa7d0.jpg?v=1739482791,"Beautiful and rare chronograph. Round case. Screwed background. Graduated rotating bezel. Cream dial with three counters, totalizer from the minutes to three hours, totalizer for hours to six hours and small at nine at nine o'clock. Steel bracelet with deploying loop signed JB champion U.S.A.. Since the 1930s and until the late 1970s, the most beautiful emblematic chronographs have been created. Universal Geneve just before the Second World War released the Aero Compax. It is a Compax chronograph, equipped with an additional dial, equipped with hands and minutes to memorize the start of an operation, thanks to an additional crown located at 9 am. But it was in the mid -1960s that Universal Geneva produced a waterproof model with round pushes and a background screwed with ref. 890100/01 is a 24 -hour Aero Compax. Imagine yourself being deprived of solar references, such as long-haul pilots, astronauts, or speleologists, the 24-hour reading dial will allow you to read the time and know if you are the day or night and thus distinguish the 13 hour and 1 hour, the needle of hours only carry out one rotation of dial in 24 hours when it takes two for classic watches. The 41 -minute massive box is made of steel with a 24 -hour rotating telescope, the dial is in 3 meters silver, very rare with the totalizer 15 minutes instead of the usual 30 min, a function used by drivers during takeoff. The Movement and the Caliber UG90, a modified version of Venus 178, mechanical with manual reassembly. To acquire these kinds of models means paying tribute to the ingenuity of the greatest watchmaking houses and above all have fun with a vintage watch.",Romain Réa,2025-02-13,False
Caldwell & Co Chronograph Triple Mostime,Other,11800,https://romainrea.com/en-int/products/caldwell-co-chronograph-triple-mostime,https://cdn.shopify.com/s/files/1/0923/2685/4982/files/C_1.jpg?v=1739482777,"Beautiful and rare chronograph. Round steel box. Screwed background. White dial with indexes and applied Arabic figures; Three meters with totalizer from the minutes to three hours, totalizing hours at six hours and second at nine o'clock. Indication of the day and month per counter. Indication of the circular date by red arrow needle. Dauphine needles. Mechanical movement with manual reassembly signed Gallet, Valjoux 72C caliber. It was in 1826 that Julien Gallet founded the firm Gallet with backdrop. In 1864 Gallet opened a subsidiary to the United State. It makes watches for big names in watchmaking like J.E Caldwell & Co, a distributor since 1839 based in Philadelphia. It is a magnificent triple quinting chronograph from the 60s that we offer. Gallet Large name of the watchmaking makes a watch with complications there; The association of the minute hour with a chronograph with days, months, dates. It is a round steel box 35 minutes in diameter signed Gallet with screwed background, pumping pushers and quinting correctors. The dial signed J.E Caldwell & Co with stick index and Arabic twelve -applied figure. Chronograph Three meters with totalizer of the minutes at 3 a.m., that of the hours at 6 a.m. and permanent second hand at 9 a.m. The day and the month by window and circular date by needle red arrow. The needles are said to be ""dolphines"". The movement is mechanical with manual reassembly signed Gallet, it is the Valjoux 72C caliber, column wheel movement with columns and triple quinting, a neat manufacturing used by the largest horlogers. Here is a model of chronograph with multiple complications, which will provide you with elegance and originality worthy of the greatest vintage. A timepiece from the ingenuity of the Belle era of watchmaking, a drawing which assures it a privileged place in the most beautiful collections.",Romain Réa,2025-02-13,False
Universal Geneva Golden Shadow,Other,4800,https://romainrea.com/en-int/products/universal-geneva-golden-shadow-1,https://cdn.shopify.com/s/files/1/0923/2685/4982/files/DSC_0329-scaled_fc917254-179d-44be-8856-27f835f622dd.jpg?v=1739482672,"Beautiful and rare bracelet watch. Round case in 18 carat yellow gold. Champagne dial with applied index. Straight needles. Automatic movement, micro-rotor. It only offers time and minutes, a magnificent minimalist, sober and elegant watch. A classic model of a large watchmaking house founded in 1894 by Descombes and Perret, in the small Jura vile of the Locle. One of the first advertisements indicates that the two manufacturers intend to make themselves boxes, movements and dials. In 1897, Georges Perret joined forces with Louis Berthoud to found the firm Perret and Berthoud, their common brand recorded on September 2 1898 was then called ""Universal Watch"". The proposed model of 1969 is the Golden Shadow and has a round case in yellow gold 34 mm in diameter. Golden dial with gold applied stick index. The movement is mechanical with automatic reassembly. This is a fine example of a fine and dressed watch. Universal Geneva offers us a sleek model in the purest style of the 60s. A simplicity that goes to male and feminine. A beautiful timepiece of a large watch manufacturer appreciated by collectors.",Romain Réa,2025-02-13,False
"Rolex GMT Master ""Pepsi"" Ref. 1675 Gilt Dial",Other,25000,https://romainrea.com/en-int/products/rolex-gmt-master-pepsi-ref-1675-gilt-dial,https://cdn.shopify.com/s/files/1/0923/2685/4982/files/DSC_0266-2.jpg?v=1739482571,"Superb Rolex GMT Master in steel bracelet watch on steel jubilee jubilee bracelet with signed deploying loop. Round case. Crown and bottom screwed. Blue and red ""pepsi"" swing graduated over 24 hours. Very nice lacquered dial with date by window at 3 o'clock. Arrow needle for the second time zone. Automatic movement certified chronometer caliber 1570. Serial number: 13xxxxx The Pan American World Airways, ""Pan Am"", one of the largest airlines founded in 1926, could have been one of the first important Rolex customers. This is why, in 1954, probably at the request of the ""Pan Am"", Rolex designed a new pilot wrist watch: the GMT Master. Fine, it receives an additional needle and a two-tone two-tone (blue and red), which allows you to have the instant reading of a second time zone. A watchmaking complication essential for the advent of long-haul flights. Ref. 6542 is the first reference produced, followed by reference 1675 as the model we present. This is the last year of manufacturing with a so -called ""lacquered"" dial and its swiss - T",Romain Réa,2025-02-13,False
Omega Chronograph,Other,8900,https://romainrea.com/en-int/products/omega-chronograph,https://cdn.shopify.com/s/files/1/0923/2685/4982/files/OMEGA_2_e1984291-6375-444d-bf6c-5a47ef40b957.jpg?v=1739482544,"Beautiful 18 -carat yellow gold chronograph. Round case. Clipped background. Silver dial with tachymeter scale and three meters; Totalizer of the minutes at 3 a.m., totalizer of the hours at 6 a.m. and small second at 9 a.m. Index applied. Dauphine needles. Mechanical movement with manual reassembly, caliber 321 signed Omega.",Romain Réa,2025-02-13,False
Marc Nicolet Superior,Other,2200,https://romainrea.com/en-int/products/marc-nicolet-superior,https://cdn.shopify.com/s/files/1/0923/2685/4982/files/MARC_1.jpg?v=1739482478,"Beautiful and rare watch diving bracelet on leather. Round case. Crown and bottom screwed. Directional BI glasses with graduated black insert for decompression times. Black dial with tritium index. Indication of the date by window at three o'clock. Swords, central second hand. Automatic movement.",Romain Réa,2025-02-13,False
Vacheron Constantine Triple Quanteme,Other,18900,https://romainrea.com/en-int/products/vacheron-constantine-triple-quanteme-1,https://cdn.shopify.com/s/files/1/0923/2685/4982/files/VACHERON_1_daaf71c9-c7a7-4421-93bc-fbf6892e1d7a.jpg?v=1739482431,"Superb and rare watch bracelet in yellow gold. Round case, cow horn handles. Clipped background. Champagne dial with indication of the day and month per counters, dated by needle. Small second at six o'clock. Applied index Arab figures. Straight needles. Mechanical movement with manual reassembly",Romain Réa,2025-02-13,False
Patek Philippe Ref. 3418 with extract from the archives,Other,21500,https://romainrea.com/en-int/products/patek-philippe-ref-3418-with-extract-from-the-archives,https://cdn.shopify.com/s/files/1/0923/2685/4982/files/PP-1.jpg?v=1739482420,"Beautiful and rare steel bracelet watch. Round case. Silver dial with applied stick index. Stops sticks and small second at six o'clock. Mechanical movement, caliber 27 AM 400, Amagnetique. The watch is sold with its extract from Patek Philippe archives.",Romain Réa,2025-02-13,False
Omega Jumbo,Other,6800,https://romainrea.com/en-int/products/omega-jumbo,https://cdn.shopify.com/s/files/1/0923/2685/4982/files/OMEGA_1940_7.jpg?v=1739482386,"Very and large steel bracelet watch. Round case, Clipper background. Silver dial with painted Arabic figures. Stops stick. Protecting at 6 o'clock. Mechanical movement caliber 30. In 1848, then 23 years old, Louis Brandt opened an establishing counter in La Chaux-de-Fonds, in the canton of Neuchatel. His watches wear the Louis Brandt brand. In 1879, the founder's two sons decided to embark on American manufacturing. Later they will settle in Bienne in the canton of Bern, better located on the logistics level. From January 1880, they launched their first caliber made by mechanical processes, reliable and cheap, the product was a spectacular success. In 1894, the company made the Omega 19 lines caliber which will give its name to the company. The name was deposited on March 10, 1894, this product was a success, both technical and commercial. The company occupies nearly 800 people and manufactures 100,000 watches per year, it is already considered to be the largest factory in Swiss watchmaking. The proposed model is a rare and superb classic omega around 1940. It is a majestic round steel box 38 mm in diameter, a size XXL for the time and for a classic watch, a detail today which gives it a value in addition to its aesthetic qualities. Silver dial with indexes painted Arabic figures. Straight and second hand at 6 a.m. Mechanical movement with manual reassembly, caliber 30. This Omega Jumbo chic and elegant watch is an unusual piece, to collect as a priority.",Romain Réa,2025-02-13,False
Dugena Chronograph,Other,3800,https://romainrea.com/en-int/products/dugena-chronograph,https://cdn.shopify.com/s/files/1/0923/2685/4982/files/DUGENA.jpg?v=1739482351,"Beautiful steel chronograph on leather bracelet. Round case. Screwed background. Bidirectional rotating telescope graduated 60 minutes for decompression times. Black dial with tritium index. Two meters; Totalizer of the minutes at 3 am and small second at 9 am. Stops sticks. Mechanical movement, Valjoux 7733 caliber.",Romain Réa,2025-02-13,False
BULER BERYLLIUM BALANCES JEMAFLEX,Other,1200,https://romainrea.com/en-int/products/buler-beryllium-balances-jemaflex,https://cdn.shopify.com/s/files/1/0923/2685/4982/files/BULER.jpg?v=1739482339,"Beautiful steel diving bracelet watch. Round case. Bidirectional rotating bezel graduated 60 minutes with black insert for decompression times. Black dial with indexes applied luminescent radial. Stops sticks, central second hand. Indication by window of the date at 3 o'clock. Mechanical movement.",Romain Réa,2025-02-13,False
Gubelin Jumbo Steel,Other,8800,https://romainrea.com/en-int/products/gubelin-jumbo-steel,https://cdn.shopify.com/s/files/1/0923/2685/4982/files/GUBELIN_STEEL.jpg?v=1739482327,"Very rare and large steel bracelet watch. Round case, large sorky stylized handles. Black dial with indexes Arabic numbers. Central second hand. Mechanical movement.",Romain Réa,2025-02-13,False
Spirotechnical Auricoste,Other,4300,https://romainrea.com/en-int/products/spirotechnical-auricoste-1,https://cdn.shopify.com/s/files/1/0923/2685/4982/files/auricoste_face.jpg?v=1739482267,"Beautiful steel diving bracelet watch on leather. Barrel box. Crown and bottom screwed. Tournant graduated telescope. Black dial with date at 3 o'clock. Automatic movement. A century and a half of watchmaking tradition in the service of the State Navy, the Observatory of the Longitudes Bureau, the Army Geographic Service. Since its origins of 1854, Auricoste has been intimately linked to French aeronaval life. Its history gives it a particular status in the watchmaker, or beauty and rigor of the mechanism are the watchwords. Auricoste continues to offer its performances and services to the largest divisions of the army in France and around the world. Emile Thomas renowned watchmaker specializing in the Marine chronometer founded his own business, in 1889 Joseph Auricoste gave his name to the house. For more than 20 years Auricoste and the Spirotechnique equipped swimmers of the French Navy with their diving watches. The proposed model is a Spirotechnical Auricoste in perfect condition around 1970. It is a 40mm steel barrel box with screwed crown and bottom. Black dial With luminescent painted round index, small detail of a diver drawing that characterizes the model, a perfect Watch for professionals. Mechanical movement with automatic reassembly. This historical watch contributes to the history of diving. An essential tool for divers who participates in perilous and dangerous missions. A timepiece place in your collection of divers.",Romain Réa,2025-02-13,False
Breitling Top Time Ref. 810,Other,4800,https://romainrea.com/en-int/products/breitling-top-time-ref-810-2,https://cdn.shopify.com/s/files/1/0923/2685/4982/files/TOPTOPTOPTOP_2.jpg?v=1739482172,"Beautiful driver bracelet watch. Round 38 mm steel housing, engraved on the back ""for the 21 years of my son, PAPS 26-5-70"". Black dial with three sous meters: Totalizer of the minutes at 3 a.m., totalizer of hours at 6 a.m. and permanent wheelchair at 9 a.m. and tachymmetric scale. Mechanical movement with manual reassembly.",Romain Réa,2025-02-13,False
Leonidas Chronograph ref. CP2 ESERCITO ITALIANO,Other,12800,https://romainrea.com/en-int/products/leonidas-chronograph-ref-cp2-esercito-italiano,https://cdn.shopify.com/s/files/1/0923/2685/4982/files/leo_site_gris.jpg?v=1739481654,Beautiful and rare chronograph steel pilot bracelet. Screwed background. Black dial with two counters; Totalizer of the minutes at 3 a.m. and small second hand at 9 a.m. Bidirectional rotating telescope. Extensible steel bracelet.,Romain Réa,2025-02-13,False
Ebel Chronograph Stainless Steel,Other,7500,https://romainrea.com/en-int/products/ebel-chronograph-stainless-steel,https://cdn.shopify.com/s/files/1/0923/2685/4982/files/DSC_0049-3.jpg?v=1739481253,Magnificent Ebel chronograph in Staybrite steel. Round case. Rectangle pushes. Stylized handles. Very nice silver dial with 2 counters. Totalizer of the minutes at 3 a.m. and small second hand at 9 am. Telemetric and tachymmetrical scale. Mechanical movement with column wheel. Diameter: 32 mm.,Romain Réa,2025-02-13,False
"Jaeger Lecoultre ""Shark"" 4atm Ref. E2643",Other,12800,https://romainrea.com/en-int/products/jaeger-lecoultre-shark-4atm-ref-e2643,https://cdn.shopify.com/s/files/1/0923/2685/4982/files/JAEGER_SHARK.jpg?v=1739481229,"Superb and large steel bracelet chronograph. Round case. Screwed background. Rotating bezel. Silver dial with 3 black counters. Totalizer for minutes at 3 a.m., hours at 6 a.m. and small second hand at 9 a.m. Mechanical movement with column wheel caliber Valjoux 72.",Romain Réa,2025-02-13,False
Rolex GMT-Master Ref. 16750,Other,20000,https://romainrea.com/en-int/products/rolex-gmt-master-ref-16750-4,https://cdn.shopify.com/s/files/1/0923/2685/4982/files/DSC_0004_97dd98d3-b548-4ef7-bd43-5f43ad859893.jpg?v=1739481217,"Very beautiful and rare watch steel pilot bracelet. Round case. Crown and bottom screwed. Red and blue ""pepsi"" telescope graduated over 24 hours. Matt black dial with date at 3 o'clock. Arrow needle for the second time zone. Automatic movement certified chronometer. Oyster steel bracelet with deploying loop. Diameter: 40 mm.",Romain Réa,2025-02-13,False
Favre-leuba Bivouac Ref. 53203 Stainless Steel,Other,6500,https://romainrea.com/en-int/products/favre-leuba-bivouac-ref-53203-stainless-steel,https://cdn.shopify.com/s/files/1/0923/2685/4982/files/DSC_0195_81299fde-3a8f-4b7c-b0df-cbd280f07825.jpg?v=1739481205,"Superb and rare steel bracelet watch. Round case, screwed background. Graduated rotating bezel. Two -tone black and blue dial with aneroid barometer. Small face at 6 am. Mechanical movement caliber 10032. Diameter: 40 mm. In 1737, Abraham Favre inaugurated a watchmaking workshop at the Locle. A few years later his son Henry-Auguste merged with A. Leuba. From the 1950s, the Manufacture produced beautiful watch prowess, it managed to create its own automatic movement as well as in 1963 the famous manual winding and mechanical altimeter shore, bivouac.",Romain Réa,2025-02-13,False
Jenny Caribbean 1000 Ref. 702 Stainless Steel,Other,5800,https://romainrea.com/en-int/products/jenny-caribbean-1000-ref-702-stainless-steel,https://cdn.shopify.com/s/files/1/0923/2685/4982/files/DSC_0063-1.jpg?v=1739481194,Superb and very rare watch steel diving bracelet. Round case. Screwed background. Graduated rotating bezel. Orange dial with date at 3 o'clock. Central second hand. Automatic movement Caliber ETA 2452 .. Diameter: 38 mm.,Romain Réa,2025-02-13,False
Pair of Opera Binoculars,Other,2000,https://romainrea.com/en-int/products/pair-of-opera-binoculars,https://cdn.shopify.com/s/files/1/0923/2685/4982/files/J2_bfce0bb7-106f-4247-b9cf-f6f5cbec2729.jpg?v=1739481171,Beautiful pair of Rolex twins in green lacquered steel. Sold with its original case.,Romain Réa,2025-02-13,False
Omega Speedmaster Anniversary CK2998 Limited Edition Box and Papers,Other,9500,https://romainrea.com/en-int/products/omega-speedmaster-anniversary-ck2998-limited-edition-box-and-papers,https://cdn.shopify.com/s/files/1/0923/2685/4982/files/DSC_0078-1.jpg?v=1739481090,Superb and rare steel bracelet chronograph. Round case. Round pushes. Screwed background. Blue bezel with tachymetric scale. Silver dial with 3 blue counters. Mechanical movement caliber 1861. Croco bracelet with signed steel ardillon loop. Diameter: 40 mm. Ecrin and original papers. * Series limited to 2998 copies.,Romain Réa,2025-02-13,False
Girard Perregaux Olimpico Ref. 9075 AF Stainless Steel,Other,14800,https://romainrea.com/en-int/products/girard-perregaux-olimpico-ref-9075-af-stainless-steel,https://cdn.shopify.com/s/files/1/0923/2685/4982/files/DSC_0925-2.jpg?v=1739481042,"Super rare and magnificent steel bracelet chronograph. Round case. Background screwed. Round pushes. Graduated brown epoxy telescope. Very nice gray / bronze dial with 3 white counters. Totalizer 30mn at 3 a.m., hours at 6 a.m. and small second hand at 9 a.m. Tachymeter and pulsations scales. Mechanical movement with Excelsior Park Column Column Caliber 40.68. Diameter: 39 mm.",Romain Réa,2025-02-13,False
"Nivada Grenchen Chronomaster ""Exotic Dial""",Other,6000,https://romainrea.com/en-int/products/nivada-grenchen-chronomaster-exotic-dial,https://cdn.shopify.com/s/files/1/0923/2685/4982/files/N_1.jpg?v=1739480807,"Beautiful and rare chronograph. Round steel housing of 38.5 mm in diameter. Screwed background. Bidirectional graduated black bezel. Black dial with two counters; Totalizer of the minutes at 3 o'clock and permanent second hand at 9 am. Painted square indexes and sticks. Manual reassembly mechanism, Valjoux caliber. Nivada Grenchen is a Swiss watchmaking house created in 1926 by Jacob Schneider and located in the small town of Granges. Since its creation, the brand has offered four collections: Chronomaster, Antarctic, Depthmaster and Datomaster. In 1960, the so -called Newman chronomaster appeared in the collection. The creation of this exotic dial goes to Jean Singer Dialer in the Swiss Manufacture. This dial has three particular characteristics, on the one hand the Art Deco Newman typography, the red border with the tachymmetric scale and on the other hand the red minute counter also called regatta. Regarding the caliber, it is equipped with the Valjoux 23 caliber then very widespread at that time. With all these similarities, this chronograph could be compared on many points to its most popular rival Le Daytona Paul Newman from Rolex dating from the same time.",Romain Réa,2025-02-13,False
Titus Calypsomatic,Other,4800,https://romainrea.com/en-int/products/titus-calypsomatic,https://cdn.shopify.com/s/files/1/0923/2685/4982/files/TITUS_1.jpg?v=1739480779,"Beautiful and rare steel diving writer on tropic bracelet. Round case 37.5 mm in diameter. Background and crown screwed. Black bidirectional rotating telescope. Magnificent black lacquered dial with painted index, date by window at 3 o'clock, central second hand. Automatic movement ETA 24-72.",Romain Réa,2025-02-13,False
Harman Chronograph,Other,4500,https://romainrea.com/en-int/products/harman-chronograph,https://cdn.shopify.com/s/files/1/0923/2685/4982/files/harman_1.jpg?v=1739480741,"Beautiful steel chronograph on leather bracelet. Round steel box. Screwed background. Steel bezel. Black dial with painted Arabic figures, two counters; Totalizer of the minutes at 3 a.m. and permanent second hand at 9 a.m. Tachymmetrical and telemetric scale. Mechanical movement, caliber from 175.",Romain Réa,2025-02-13,False
Mido Multi-Centerchrono Stainless Steel and Gold,Other,6800,https://romainrea.com/en-int/products/mido-multi-centerchrono-stainless-steel-and-gold,https://cdn.shopify.com/s/files/1/0923/2685/4982/files/mimi.jpg?v=1739480687,Beautiful steel chronograph on leather bracelet. Round steel housing 35 mm in diameter. Screwed background. Pink gold telescope. Copper dial with painted Arabic figures. Tachymmetrical and telemetric scale. Mechanical movement with a 1300 caliber column wheel.,Romain Réa,2025-02-13,False
Ollech & Wajs Chronograph Precision,Other,4500,https://romainrea.com/en-int/products/ollech-amp-wajs-chronograph-precision,https://cdn.shopify.com/s/files/1/0923/2685/4982/files/orecision_1.jpg?v=1739480528,"Beautiful and rare stainless steel chronograph. 38mm diameter steel barrel box. Screwed background. Graduated bidirectional rotating telescope. Black dial with three silver meters called ""Inverted panda""; Totalizer of the minutes at 3 a.m., totalizer of the hours at 6 a.m. and permanent wheelchair at 9 a.m. Luminescent index. Sword -type needles. Mechanical watch with manual reassembly, Valjoux 72 caliber.",Romain Réa,2025-02-13,False
"Rolex Submariner Ref. 168,000 tropical",Other,155000,https://romainrea.com/en-int/products/rolex-submariner-ref-168-000-tropical,https://cdn.shopify.com/s/files/1/0923/2685/4982/files/coco_4.jpg?v=1739480433,Very beautiful and rare wrist watch. Round steel housing 40 mm in diameter. Background and crown and screwed. XXX9 engraved background. Bi-Directional Epoxy graduated black bezel. Comex tropical dial with circled index. Mercedes needles. Oyster 93150 bracelet with signed deploying loop. Automatic movement certified chronometer. N ° R3xxxxx,Romain Réa,2025-02-13,False
Tudor Submariner Ref. 94010 Navy,Other,38000,https://romainrea.com/en-int/products/tudor-submariner-ref-94010-navy,https://cdn.shopify.com/s/files/1/0923/2685/4982/files/tutu_1.jpg?v=1739480419,"Beautiful wristwatch. Steel housing engraved ""M.N.79"" 39 mm in diameter. Crown and bottom screwed signed Rolex. Graduated and patinated bidirectional blue ties. Blue snowflake dial with painted index. Snowflake needles. Automatic movement ETA 2776. N ° 93xxxx",Romain Réa,2025-02-13,False
Nivada Grenchen Chronomaster,Other,6500,https://romainrea.com/en-int/products/nivada-grenchen-chronomaster,https://cdn.shopify.com/s/files/1/0923/2685/4982/files/nivada_1-1.jpg?v=1739480357,"Rare and beautiful chronograph. Steel housing 38mm in diameter. Bidirectional graduated blue bezel. Black dial with two counters, totalizer for the minutes at 3 a.m. and permanent wheelchair at 9 a.m. Arrows. Mechanical movement with manual reassembly.",Romain Réa,2025-02-13,False
Omega Speedmaster Ref. 105012-66,Other,18000,https://romainrea.com/en-int/products/omega-speedmaster-ref-105012-66,https://cdn.shopify.com/s/files/1/0923/2685/4982/files/OMEGA_1.jpg?v=1739479987,"Very beautiful chronograph. Round case, screwed background. Black bezel with tachymmetric scale. Black dial with 3 counters: totalizer from minutes to 3 hours, totalizer of hours at 6 a.m., and permanent second at 9 am. Manual mechanical movement, caliber 321.",Romain Réa,2025-02-13,False
Patek Philippe Manta Ray Ref. 2554 with archive extract,Other,28000,https://romainrea.com/en-int/products/patek-philippe-manta-ray-ref-2554-with-archive-extract,https://cdn.shopify.com/s/files/1/0923/2685/4982/files/PP.jpg?v=1739479974,"Rare and beautiful bracelet watch in yellow gold. Stylized rectangle case. Silver dial with applied stick index, small seconding at 6 am. Mechanical movement. The movement was made in 1952 and followed in 1958. With extract from the Patek Philppe archives.",Romain Réa,2025-02-13,False
Rolex Submariner Ref. 5512 Four Lines,Other,32000,https://romainrea.com/en-int/products/rolex-submariner-ref-5512-four-lines-1,https://cdn.shopify.com/s/files/1/0923/2685/4982/files/5512_1-1.jpg?v=1739479896,Very beautiful watch diving bracelet in steel. Oyster US bracelet riveted steel with signed deploying loop. Round case. Crown and bottom screwed. Graduated rotating bezel. Black dial with central second hand. Mercedes needles. Automatic movement certified chronometer. Diameter: 40 mm.,Romain Réa,2025-02-13,False
Rolex Submariner Date Comex Ref. 16610 U series,Other,118000,https://romainrea.com/en-int/products/rolex-submariner-date-comex-ref-16610-u-series,https://cdn.shopify.com/s/files/1/0923/2685/4982/files/DSC_0741-2-scaled.jpg?v=1739479869,"Superb and rare watch diving bracelet in steel. Round case. Crown and bottom screwed. Graduated rotating bezel. Black dial with date at 3 o'clock. Comex logo at 6 o'clock. Central second hand. Automatic movement certified chronometer. With its case, booklet and certificate of the Comex.",Romain Réa,2025-02-13,False
Breguet Chronograph ref. 5247 with papers,Other,48000,https://romainrea.com/en-int/products/breguet-chronograph-ref-5247-with-papers,https://cdn.shopify.com/s/files/1/0923/2685/4982/files/DSC_0211-1_46efbc40-8bbc-4974-9cb8-9e3658e3418b.jpg?v=1739479693,"Superb and beautiful chronograph bracelet in pink gold. Round case. Sapphire background. Rare white enamel dial with 2 counters, totalizer 30 minutes at 3 o'clock and small second hand at 9 am. Tachymmetrical ladder Red snail. Mechanical movement with columns with columns crocodile bracelet with deploying loop in signed pink gold. With its original papers.",Romain Réa,2025-02-13,False
Mido Multi-Centerchrono Stainless Steel,Other,7900,https://romainrea.com/en-int/products/mido-multi-centerchrono-stainless-steel,https://cdn.shopify.com/s/files/1/0923/2685/4982/files/DSC_0708-1.jpg?v=1739479572,"Superb chronograph in steel bracelet. Round case. Screwed background. Round pushes. Very rare black dial with tachymmetrical and telemetric scale. Mechanical movement with wheel with 1300 caliber columns. Diameter: 35 mm. The repercussions of the First World War on the watchmaking market are not likely to prevent the watchmaker Georges Schaeren from inaugurating a watch workshop on November 11, 1918. He chose the name of Mido for his time guards, under the motto: at the forefront of fashion in mind. The proposed model is a rare and magnificent Mido Multi Center Chrono around 1950. Round box with a screw bottom and pumps 35 mm in diameter. Beautiful black dial With index numerals luminescent, light leaves luminescent. Manual mechanical movement with a 1300 caliber column wheel. This superb chronograph with a timeless design has no shortage of assets to seduce an exceptional timepiece clientele.",Romain Réa,2025-02-13,False
IWC Portuguee Skeleton Minute Repeating Limited Edition Ref. 5241 box and papers,Other,105000,https://romainrea.com/en-int/products/iwc-portuguee-skeleton-minute-repeating-limited-edition-ref-5241-box-and-papers,https://cdn.shopify.com/s/files/1/0923/2685/4982/files/DSC_0029-scaled_18d9c7db-ce4d-4a51-96b0-acd70d9a0760.jpg?v=1739479464,"Very beautiful and rare watch bracelet in white gold. Round case, sapphire bottom. Skeleton dial, blue steel leaves. Manual mechanical movement. Minutes rehearsal. Croco bracelet with deploying buckle in white gold. Diameter: 43 mm. Ecrin and his papers. *Series limited to 50 copies.",Romain Réa,2025-02-13,False
Louis Erard X Alain Silberstein The Limited Edition Box and Papers Regulator,Other,6500,https://romainrea.com/en-int/products/louis-erard-x-alain-silberstein-the-limited-edition-box-and-papers-regulator,https://cdn.shopify.com/s/files/1/0923/2685/4982/files/DSC_0997.jpg?v=1739479439,"Interesting Watch Bracelet Regulator in titanium. Barrel box, sapphire bottom. White dial with indication of the hours decentrated by red needle at noon. Large blue minutes needle. Small yellow second hand at 6 o'clock. Automatic movement. Fabric bracelet. Diameter: 40 mm. Ecrin and original guarantee card. * Edition limited to 178 copies.",Romain Réa,2025-02-13,False
Spirotechnical triton,Other,23800,https://romainrea.com/en-int/products/spirotechnical-triton,https://cdn.shopify.com/s/files/1/0923/2685/4982/files/tritonfrontfront.jpg?v=1739479306,"Diving steel watch. 38mm diameter barrel box. Luminescent black dial. Arrows with small ""lollipop"". Crown at noon. Completely original sold with its archive extract from the French Navy. Rare and magnificent Triton professional diving model. Born in 1963, gross manufacturing watch easily recognizable with its crown located at 12 noon. Designed by a former colonel Jean René Parmentier, produced by Dodane and distributed by the Spirotechnique, used by the crew of Commander Cousteau and the French National Navy.",Romain Réa,2025-02-13,False
ZRC GF38 Heritage Ref. GF38263 Box and papers,Other,3190,https://romainrea.com/en-int/products/zrc-gf38-heritage-ref-gf38263-box-and-papers,https://cdn.shopify.com/s/files/1/0923/2685/4982/files/DSC_0667.jpg?v=1739479176,"Superb steel diving bracelet watch. Barrel box. Crown and bottom screwed. Rotating bezel. Black dial with needles and luminescent indexes, date (red and black) by window at 3 o'clock. Automatic movement. Extendable steel bracelet. Writing and papers. The ZRC house is founded by Edmond Zuccolo and Joseph Rochet, they begin by manufacturing chains of watches and stretch metal bracelets. Louis Brunet Director of the firm is passionate about scuba diving and with the help of the Annecy diver team will design the Grand Fond model in 1950: mythical diving watch with atypical and affirming and recognizable design at first glance. The proposed model is a large GF 38263 reference ZRC of 2022, sold full set. 39 mm diameter steel barrel box. Risingness crown and settling at 6 a.m. Graduated rotating bezel. Black dial with index luminescent sticks, large luminescent needles, central second hand. Red and black date by window at 3 o'clock. Automatic movement. This emblematic watch steeped in history has accompanied many professional divers. A racy look, an exceptional and unique tool watch.",Romain Réa,2025-02-13,False
ZRC GF38 Heritage Ref. GF38163 Box and papers,Other,3190,https://romainrea.com/en-int/products/zrc-gf38-heritage-ref-gf38163-box-and-papers,https://cdn.shopify.com/s/files/1/0923/2685/4982/files/DSC_0673-1_2c42265c-3b99-4197-886f-f23ebd414c7a.jpg?v=1739479139,"Superb steel diving bracelet watch. Barrel box. Crown and bottom screwed. Rotating bezel. Black dial with needles and luminescent indexes. Automatic movement. Extendable steel bracelet. Writing and papers. The ZRC house is founded by Edmond Zuccolo and Joseph Rochet, they begin by manufacturing chains of watches and stretch metal bracelets. Louis Brunet Director of the firm is passionate about scuba diving and with the help of the Annecy diver team will design the Grand Fond model in 1950: mythical diving watch with atypical and affirming and recognizable design at first glance. The proposed model is a large GF 38163 reference ZRC of 2022, sold full set. 39 mm diameter steel barrel box. Risingness crown and settling at 6 a.m. Black dial with indexes and luminate Arabic sticks and numbers, large luminescent needle and central wheelchair. Automatic movement. This emblematic watch steeped in history has accompanied many professional divers. A racy look, an exceptional and unique tool watch.",Romain Réa,2025-02-13,False
Rolex Submariner Ref. 5513 Maxi Dial Mark 1,Other,18900,https://romainrea.com/en-int/products/rolex-submariner-ref-5513-maxi-dial-mark-1,https://cdn.shopify.com/s/files/1/0923/2685/4982/files/DSC_0427-1.jpg?v=1739479064,"Very beautiful watch diving bracelet in steel. Round case. Crown and bottom screwed. Patinated bezel. Black dial ""Maxi dial"" Mark I. Central trotting. Automatic movement. NATO bracelet A major turning point took place in 1926 for the Rolex brand which will file a patent for a crown and a screwed background which will make the watches completely waterproof. The oyster was born. He did not stop and present in 1953 the emblematic Submariner. Real tight diving watch at 100m. The proposed model is a submariner Reference 5513 Maxi Dial Mark1 from 1978. Round steel box 40mm in diameter. Black dial With painted index, 60 minutes swarm. Automatic movement. The Submariner saga will with the time improve with an exemplary quality of execution. A robust, reliable and precise luxury sports watch that holds a place in the world of vintage.",Romain Réa,2025-02-13,False
Minerva Chronograph Waterproof Ref VD712,Other,14800,https://romainrea.com/en-int/products/minerva-chronograph-waterproof-ref-vd712,https://cdn.shopify.com/s/files/1/0923/2685/4982/files/minervafrontwhitedial.jpg?v=1739478673,"Rare and superb chronograph waterproof steel bracelet. Round case, screwed background. Round pushes. Silver dial with 3 silver counters. Totalizer for minutes at 3 a.m., hours at 6 a.m. and small second hand at 9 a.m. Mechanical movement with column wheel caliber Valjoux 72. Diameter: 36 mm.",Romain Réa,2025-02-13,False
Tavannes Chronograph,Other,12000,https://romainrea.com/en-int/products/tavannes-chronograph-1,https://cdn.shopify.com/s/files/1/0923/2685/4982/files/tavanefront.jpg?v=1739478663,"Superb and extremely rare chronograph telemetric scale round housing, pumps. Black lacquered dial with 2 counters. Mechanical movement with column wheel.",Romain Réa,2025-02-13,False
Breguet Type XX,Other,38000,https://romainrea.com/en-int/products/breguet-type-xx-1,https://cdn.shopify.com/s/files/1/0923/2685/4982/files/frontreguettypeXX.jpg?v=1739478652,"Superb and very rare chronograph Breguet Type XX bracelet in steel on leather bracelet. Round case. Screwed background. Round pushes. Bidirectional rotating telescope. Black dial with totalizer for minutes at 3 a.m., hours at 6 a.m. and small second hand at 9 a.m. Mechanical movement with column wheel with flyback function. Diameter: 40 mm. The fabulous story of Breguet projects us directly in the middle of the 20th th century, when it evokes the parenthesis of Breguet when it associates with the French army, a very good collaboration. Breguet offers an XX type model, which meets the requirements of the specifications of the Ministry of the Armed Forces. - A black dial with luminescent numbers. - Minimum two meters for the chronograph. - A diameter of at least 38 mm. - A mechanical movement with fly back function or return in flight, this function allows the pilot to restart his chronograph on the move, in a single push pressure, a precious time saving for the pilots. Breguet initially offers a model with two steel meters with a striated bezel. Then come the models with two or three meters with that of the slightly oversized minutes with sage needle and graduated steel bezel 12 hours. Finally comes the third version with two or three meters with an epoxy black bezel graduated 60 mm. It is the latter that interests us, a large round steel box 40 mm in diameter, with pump pump and screwed background. A magnificent black dial with painted Arabic numbers. Luminescent skeleton needles. This is the perfect pilot tool of the time, the big name from Breguet joined forces with the history of aviation in a very beautiful way. A magnificent, vintage watch, to collect and wear without restraint.",Romain Réa,2025-02-13,False
Helvetia Chronograph,Other,8900,https://romainrea.com/en-int/products/helvetia-chronograph-1,https://cdn.shopify.com/s/files/1/0923/2685/4982/files/helvetiafront.jpg?v=1739478640,"Superb and extremely rare chronograph in chromed metal bracelet. Round case, olive pushes. Black lacquered dial with 2 counters. Mechanical movement with column wheel. In 1848 Louis Brandt created an establishing counter (subcontracting system of the factory of the elements of the final watch) to the backdrop or were made of precision pocket watches. Watches sell throughout Europe and particularly in England. He joined forces with his second son Louis Paul in July 1877 and founded the Louis Brandt and son company together, two years later Louis Brandt died on July 5, 1879. Louis Paul and his brother Cesar then settled in Bienne in 1880 and founded their watchmaking manufacturer. Several brand emerges from assembly workshops; Jura, Patria, Celtic Gurzulen, Labrador and the one that interests us Helvetia. Production reaches 100,000 watches per year. The largest in Swiss watchmaking. The model that interests us is a rare and magnificent Helvetia chronograph around 1930. It is a 35mm diameter chromed metal case with olive pushes. Beautiful black lacquered dial has painted Arabic figures painted. Chronograph has three counters with minutes totalizer at 3 a.m. and permanent breeze at 9 a.m. Mechanical movement with manual reassembly. This beautiful copy with the stylized case comes from the know-how of the Omega house watch.",Romain Réa,2025-02-13,False
Universal Geneve Compax Waterproof Ref. 22278,Other,18900,https://romainrea.com/en-int/products/universal-geneve-compax-waterproof-ref-22278-1,https://cdn.shopify.com/s/files/1/0923/2685/4982/files/compaxUGgiltfront-scaled.jpg?v=1739478629,"Very rare and beautiful chronograph waterproof steel bracelet. Round case. Screwed background. Round pushes. Superb black dial with 3 counters. Totalizer for minutes at 3 am, hours at 6 a.m. and small seconding at 9 a.m. Luminescent Arabic needles and numbers. Mechanical movement with column wheel caliber 281. Protective capsule. It was in 1894 that Emile Descombes and Georges Perret founded their own brand. In 1930 the firm took the name of Universal Watch and experienced real success with Raoul Perret, son of the founder. The watches will take the name of Universal Geneva and will be distinguished by their elegance and their technicalities. The proposed model is a waterproof compax Ref 22278. Round steel box 34mm in diameter with a screwed background and pump push. Black dial with indexes with luminescent Arabic numbers. Chronograph has 3 counters with totalizer for the hours of hours and permanent second hand. Manual Mechanical Movement Caliber 281 Column wheel. This emblematic piece is the source of an exemplary know -how of a brand has international renown.",Romain Réa,2025-02-13,False
Zenith Waterproof Chronograph,Other,15800,https://romainrea.com/en-int/products/zenith-waterproof-chronograph-1,https://cdn.shopify.com/s/files/1/0923/2685/4982/files/zenithfocusdialoklm-scaled.jpg?v=1739478211,"Very rare and superb chronograph waterproof steel bracelet. Round case, screwed background. Round pushes. Silver dial with 2 counters. Totalizer 45 minutes at 3 o'clock at 9 am. Blue tachometer and red tachometer ladder. Mechanical movement with 136D caliber column wheel Georges Favre Jacot undertakes the creation of quality pocket watches at Locle, using apprentices that he will train in the profession. To increase its production capacity, it is inspired by the Waltham Watch Compagny by building sufficiently bright buildings in 1865 in order to accommodate all the trades necessary for the creation and assembly of complete mechanisms. He thus controls all his production channel and it was with this idea of ​​genius that he creates the first watch manufacturer. Zenith thus enters the world history of watchmaking. At the beginning of the 20th century the demand for timepieces is strong, it used new modern manufacturing techniques to ensure the need. In addition, the ministries of the armies are very interested in the firm's timing instruments to equip the troops. Zenith designs the concept of interchangeability of components and automation of production. The proposed model is a magnificent waterproof chronograph around 1950. It is a round steel box 35mm in diameter with pumps pump and screwed background. Silver dial with indexes painted Arabic figures, chronograph with two meters. Mechanical movement with manual reassembly. This rare and beautiful very pure chronograph in terms of design, remains chic and remarkable, a technical level successful for the time.",Romain Réa,2025-02-13,False
"Breguet Type XX ""Chocolate"" Type 20",Other,85000,https://romainrea.com/en-int/products/breguet-type-xx-chocolate-type-20,https://cdn.shopify.com/s/files/1/0923/2685/4982/files/breugeutfrontbrownchocolate-scaled.jpg?v=1739478200,"Groly and superb chronograph Breguet Type XX bracelet in steel on leather bracelet. Round case. Screwed background. Round pushes. Bidirectional steel rotating telescope. Magnificent ""chocolate"" dial with totalizer minutes at 3 a.m., hours at 6 a.m. and small second hand at 9 a.m. Mechanical movement with column wheel with flyback function. Diameter: 38 mm. The fabulous prestige of Breguet in the aviation service. An extraordinary ""tool watch"", rare in this version. A 38 mm diameter round steel box, with a screwed background. An exceptional patina of the dial and needles called ""chocolate"". This is of course the time that transformed this pilot tool into a unique jewel. Simply beautiful. The particularity of this model lies in its slightly oversized minutes counter, with its sage needle. This is a three -meter version of the 1960s. It has of course the Flyback function, which allows drivers to reset their chronographs in a single push pressure. A complication that meets the request of the specifications. The movement is a mechanical valley with manual reassembly, column wheel with the function ""return in flight"". Here is an extraordinary vintage. Chronograph watch collectors will be filled. Breguet symbol of Haute Horlogerie offers you a model that immortalized the history of civil and military aviation. This very rare version can take an important place in your collection.",Romain Réa,2025-02-13,False
ENICAR Aqua-Graph,Other,12800,https://romainrea.com/en-int/products/enicar-aqua-graph-1,https://cdn.shopify.com/s/files/1/0923/2685/4982/files/frontfrontenicarfocus.jpg?v=1739478187,"Enicar, Anagram of Racine, the surname of Ariste, which in 1913 founded the watchmaking house which became Enicar SA in 1934. After the Second World War ENICAR, offered watches for pilots, adventurers or explorers. The Aqua-Graph appeared in 1966. A very good diving chronograph, a steel box 40 minutes in diameter and a double and wide rotating bezel graduated 60 minutes. A black dial with three white counters, with permanent second hand, minutes and hours. A beautiful engraving of an oyster with its pearl and the Sherpa 300 mention in the background. The movement is mechanical with manual reassembly, it is the famous Valjoux 72, which equips all the chronograph models of the major watchmarks of the time. This watch is rare, it is in the heart of chronograph collectors of the 60s, the most beautiful years for this category. The proposed model is 1969, it is in a perfect condition and is sold with a tropical period bracelet. A magnificent diving lap that will arouse in you, I have no doubt about it, the desire to collect. Enicar is an little known brand, which deserves your attention, a house that has been able to make watches for professionals, which today represents real vintage.",Romain Réa,2025-02-13,False
Porsche Design by IWC Chronograph Titanium,Other,4500,https://romainrea.com/en-int/products/porsche-design-by-iwc-chronograph-titanium,https://cdn.shopify.com/s/files/1/0923/2685/4982/files/DSC_0181_4c2bf4ca-0a02-4407-ae98-b4aa9ecf706a.jpg?v=1739478077,Superb chronograph in titanium. Barrel box. Screwed background. Integrated pushes. Black dial with 3 counters. Indication of the day and the date by counters at 3 o'clock. Automatic movement. Titanium bracelet with deploying loop in titanium.,Romain Réa,2025-02-13,False
"Heuer Chronograph ref. 68821 ""Salmon Dial""",Other,28000,https://romainrea.com/en-int/products/heuer-chronograph-ref-68821-salmon-dial,https://cdn.shopify.com/s/files/1/0923/2685/4982/files/heuersalmonfrontgrey.jpg?v=1739477963,,Romain Réa,2025-02-13,False
"Yema ""rally"" underwater chronograph",Other,5900,https://romainrea.com/en-int/products/yema-rally-underwater-chronograph,https://cdn.shopify.com/s/files/1/0923/2685/4982/files/yema_rallye.jpg?v=1739477838,"YEMA chronograph ""Submarine"" rally. Round box 38mm in diameter. Gray mouse dial with two counter at 9:00 a.m. and 12:00 p.m. Date by window at 3:00 am. BI-Directional black telescope. Manual mechanical movement.",Romain Réa,2025-02-13,False
Yema underwater chronograph,Other,3900,https://romainrea.com/en-int/products/yema-underwater-chronograph,https://cdn.shopify.com/s/files/1/0923/2685/4982/files/yema.jpg?v=1739477826,"Rare chronograph ""brand"" submarine "" Yema. Round box 38mm in diameter. Needles RIGHT . Black dial with scale tachymmetrical YELLOW. Two sub -meters, a 30 -minute totalizer and A small second. Indication of the date by window at H symbol is always preceded and followed by a spacing."">6:00 . On his bracelet tropic vintage. Mechanical movement Valjoux 7734. Henri Belmont (descendant of a family of watchmakers) created the company Yema in 1948 in Besançon. Yema offers her first series of chronometer in 1958. A firm that marks the history of vintage collection. The proposed model is a submarine chronograph YEMA around 1960. Round box 38 mm in diameter. Black dial, chronograph has 2 meters Date per counter at 6 am, yellow chronograph needles. Manual Valjoux Mechanical Movement 7734. This beautiful model should complete your collection of watches. A vintage in perfect condition with a strong character.",Romain Réa,2025-02-13,False
"Jaeger Chronograph 4 ATM ""Albinos""",Other,18500,https://romainrea.com/en-int/products/jaeger-chronograph-4-atm-albinos,https://cdn.shopify.com/s/files/1/0923/2685/4982/files/incabloc_site.jpg?v=1739477403,"Superb and large steel bracelet chronograph. Round case. Screwed background. Rotating bezel. Silver dial with 3 silver counters. Totalizer for minutes at 3 a.m., hours at 6 a.m. and small second hand at 9 a.m. Mechanical movement with column wheel caliber Valjoux 72. The hectic history of the LeCoultre house began in 1833 when the ingenious mechanic and craftsman Charles Antoine Lecoultre aged 30 years begins to make parts for quality watches. The heart of Lecoultre also beats for tools and mechanisms of details. In 1844 he caused a sensation with a device baptized Millionometre, which changed the history of watchmaking. In 1877 the founder's son began to make large complications watches. The year 1925 saw the merger of the manufacturer creator and the Alsatian watch manufacturer Edmond Jaeger (who is among his Cartier clientele and the French Navy). Jaeger manufactures products intended for Europe and Lecoultre for the American market. The proposed model is a superb and rare Jaeger Chronograph 4 ATM ALBINOS around 1970. Round steel box 40mm in diameter, black 12 -hour rotating bezel. Silver dial index Applied sticks, chronograph has 3 silver meters with hours totalizer and permanent second hand. Mechanical movement with manual Valjoux 72 with column wheel. This superb achievement is both sporty, chic and elegant. A rated watch that deserves a place of choice in the vintage world",Romain Réa,2025-02-13,False
Corum Admiral's Cup Legend 42 Limited Edition France Full Set,Other,4490,https://romainrea.com/en-int/products/corum-admirals-cup-legend-42-limited-edition-france-full-set,https://cdn.shopify.com/s/files/1/0923/2685/4982/files/DSC_0024-1.jpg?v=1739477187,"Beautiful PVD steel bracelet watch. Dodecagonal case, sapphire melting. Black dial with numerals and luminescent needles. Date by window at 3 o'clock. Automatic movement. Ecrin and original papers. Series limited to 50 copies. The Swiss René Bannwart has always had a weakness for the design of bracelets. A question always fascinated; Why do such a model win success and such other, right? This kind of consideration guides him when he founded the Corum house in 1955 with his uncle Gaston Ries and his daughter Simone. The trio wants to make ""fresh"" watches and not to be heated. The first collection in 1956 confirms this ambition. Bannwart will improvise and overnight he makes watches with a dial without figures decorated with the only corum name and the famous emblem of the brand: a vertical key. His achievements have been an immediate success against all odds. The proposed corum model is Admiral’s Cup Legend 42 in edition limited to 50 copies for France. Box in black dodecagonal PVD with sapphire full. Black dial With indexes Arab painting luminescent, date by window at 3 hours, mechanical movement with automatic reassembly. This emblematic model of the brand is in this version a total success, in terms of design and unique know -how. It is sold full set.",Romain Réa,2025-02-13,False
Universal Geneva Compur 30,Other,29800,https://romainrea.com/en-int/products/universal-geneva-compur-31,https://cdn.shopify.com/s/files/1/0923/2685/4982/files/UG_COMPUR-1.jpg?v=1739477009,"It was in 1894 that Emile Descombes and Ulysse Georges Perret Two Loclois of Pure Stump, founded ""Universal Watch"". Emile Descombes died in 1897. All models or patents are now entrusted to Ulysse Perret and Louis Edouard Berthoud. The chronograph quickly became the affair of the two men who from the start of the 20th th century offer unique and sensational models. In 1934, the chronograph model baptized Compur appeared. One two meters, totalizing minutes and permanent second hand with column wheel chronograph system. The proposed model is from 1945 it has a round steel box 37 minutes in diameter, a beautiful dimension for the time. A rare and magnificent black lacquered dial with painted Arabic figures and needles luminescent leaves, a great elegant sports and very chic. The movement is mechanical with manual reassembly. This is a model of chronograph worthy of the most beautiful executions of the time. The black dial, a real more is original. Universal Geneva A privileged brand of collectors will always surprise us with its mythical models.",Romain Réa,2025-02-13,False
Contoli Superman Ref. 24.11.17,Other,5200,https://romainrea.com/en-int/products/contoli-superman-ref-24-11-17-2,https://cdn.shopify.com/s/files/1/0923/2685/4982/files/contoli_site.jpg?v=1739476773,"Beautiful and rare watch steel diving bracelet (Contoli being the Yema distributor in Italy). Superb blue dial with dated counter at 3am. Mechanical movement with automatic reassembly. Cantoli is part of one of the Yema brand distributors. It was in Besançon that the brand was founded in 1948 by Henri Louis Belmont descending from a watchmaker's family. Major out of his promotion from the watchmaking school in 1931 with a silver medal. He will quickly take an interest in sports watches in differ field: diving, piloting or yachting. It was in 1953 that she revealed a historic diving watch. La Superman, the first French watch waterproof at 200m. The proposed model is a Contoli Superman Ref 241117. 38mm diameter round steel box topped with a 60mn graduated black bezel. U Luminescent index, central second hand at the red end. A remarkable vintage in every way to collect in priority",Romain Réa,2025-02-13,False
Juvenia Various 666ft Chronograph,Other,11800,https://romainrea.com/en-int/products/juvenia-various-666ft-chronograph,https://cdn.shopify.com/s/files/1/0923/2685/4982/files/juveniagrey.jpg?v=1739476419,"Rare Juvenia diving chronograph. Tonneau box, Nato Marine National Bracelet. BLURE TROVING BLURE Bi-Direction in graduated steel. Blue dial with 3 white counters. Mechanical movement Valjoux 72. Based on his watch factory in 1860, the watchmaker Jacques Ditisheim Goldsmith has been resolutely optimistic. To assert his chances, he quickly moved to lime, Jacques was quickly joined by his son Bernard. In 1914 the Manufacture offered the smallest movement in the world with a diameter of 9.5mm and 2.5mm thick, a technical feat chewed by the profession. Juvenia also marks with her seal the history of the bracelet watch by forms of boxes coming out of the ordinary and indications of original hours. In 1988 Juvenia was taken up by the commercial asia firm, Hong Kong. The proposed model is a rare and beautiful chronograph 666ft diver from 1960. Steel barrel box 42mm in diameter, beautiful dimension and remarkable design. Blue dial has three counters, with totalizer from the minutes at 3 a.m., that of the hours at 6 a.m. and permanent wheelchair at 9 a.m. Beautiful blue patinated telescope with double marking 60mn and 12 noon, high quality manual winding movement 72 with manual reassembly and column wheel. This beautiful collector's room marks the story of the measurement of time with high quality and watch nobility.",Romain Réa,2025-02-13,False
"Elgin Day-Date ""Diver""",Other,3350,https://romainrea.com/en-int/products/elgin-day-date-diver,https://cdn.shopify.com/s/files/1/0923/2685/4982/files/ELGIN_SITE.jpg?v=1739476287,"Superb and rare Elgin diving watch on leather bracelet. Round box, screwed background rotating bezel. Matt black dial with two counters Dateur day and date. Automatic movement.",Romain Réa,2025-02-13,False
Porsche Design Chronograph ref. P'6930 Box & Papers,Other,6590,https://romainrea.com/en-int/products/porsche-design-chronograph-ref-p6930-box-amp-papers,https://cdn.shopify.com/s/files/1/0923/2685/4982/files/DSC_0245-1.jpg?v=1739476226,"Large chronograph in titanium. Round case, sapphire bottom. Carbon dial with 3 counters and indication of the day and month per counters at 3 o'clock. Automatic movement. Ecrin and original papers. New condition. Porsche Design for decades, develops and designs watches that constantly fix new standard and uses materials before Gardist. A revolution for the time. Professor Ferdinand Porsche is inspired by the on -board counters of the legendary Porsche 911 of which he is the designer. A readable watch even in the worst conditions. This visionary then decides to create his first chronograph by dressing it entirely in black, like the dials of his favorite car. While quartz is ravaging in the watchmaking industry, Porsche Design opta for a traditional mechanics by equipping its Valjoux movements chronographs. The proposed model is a large chronograph reference P'6930 in new condition. Round titanium box with sapphire, notched rectangle pushes. Black carbon dial has three meters, indication of the day and the date by independent windows at 3 hours, mechanical movement with automatic reassembly. This superb chronograph is at the cutting edge of technology, its unusual materials upset the codes of the watchmaking world.",Romain Réa,2025-02-13,False
"Enicar Chronograph ""Big Eye""",Other,11800,https://romainrea.com/en-int/products/enicar-chronograph-big-eye,https://cdn.shopify.com/s/files/1/0923/2685/4982/files/ENICAR_BIG_EYE.jpg?v=1739476213,Superb chronograph in steel bracelet. Round case. Screwed background. White dial with 2 counters and tachymmetric scale on the rehabet of the dial. Mechanical movement. Orange chrono needle.,Romain Réa,2025-02-13,False
Girard Perregaux Ref. 2599 Vintage 1945 Chronograph,Other,6900,https://romainrea.com/en-int/products/girard-perregaux-ref-2599-vintage-1945-chronograph,https://cdn.shopify.com/s/files/1/0923/2685/4982/files/DSC_0198-1.jpg?v=1739476131,"White gold bracelet chronograph. Curvex rectangle case. Black dial guilloche with 2 counters. Index ears, Arabic figures applied gold. Gold needles. Automatic movement. Croco bracelet with ardillon loop in signed white gold. In 1791, the Geneva watchmaker Jean-François Bautte signed his first pocket watches. Very quickly, he became the partner of his trainer JD Moulinier who sees the refined, creative and wise man in business. Following Bautte her son and then grandson take the reindeer of the firm. But in 1897, she changed hands for that of Felipe Hecht, then those of her son Juan Hecht and finally Constant Girard Gallet, a parent and friend. It was during her marriage to Marie Perregaux daughter of a large chronometer manufacturer, that the firm will take its final name: Girard Perregaux. The proposed model is a very beautiful city watch reference 2599 Vintage 1945 Chronograph of 2000. Rectangle housing in white gold 30x46 mm of dimension. Black dial guilloche with two meters, index ears and Arabic figures applied gold, Golden Dauphine needles. Mechanical movement with automatic reassembly. This model takes up the style of a 1945 chronograph, a beautiful tribute to the watchmakers of the firm of the time which cultivated the art of the beautiful invoice, a timepiece with the exemplary finish worthy of the greatest watchmaking houses.",Romain Réa,2025-02-13,False
Jaeger Lecoultre Memovox Ref. E855 Stainless Steel,Other,8900,https://romainrea.com/en-int/products/jaeger-lecoultre-memovox-ref-e855-stainless-steel,https://cdn.shopify.com/s/files/1/0923/2685/4982/files/memovox_gris.jpg?v=1739475778,"Beautiful steel awakening bracelet watch. Round case. Black dial with date by window at 3 o'clock. Indication of the waking time by central turning disc. Automatic movement caliber K825. Very rare original G & F steel bracelet. This is the first automatic watch with integrated awakening. Creating the Memovox literally in 1956 ""the memory path"" is a legend. A complex system is at the heart of the movement, a tiny hammer hitting a welded needle inside the bottom of the box that makes it vibrate. It rings on demand thanks to the disk system rotating in the center of the dial, for your appointments or alarm clock morning. The model that interests us is rare. Black dial with applied index. Needles leaves and central wheelchairs. Date per counter at 3am. Very interesting gay & brothers bracelet signed Jaeger Lecoultre. The movement is mechanical with automatic reassembly. A true symbol of the Jaeger Lecoultre brand, it is essential on the collection market with greatness and prestige.",Romain Réa,2025-02-13,False
PERRELET Turbine XL Titanium Ref. A1050 BOX AND PAPERS,Other,3200,https://romainrea.com/en-int/products/perrelet-turbine-xl-titanium-ref-a1050-box-and-papers,https://cdn.shopify.com/s/files/1/0923/2685/4982/files/DSC_0057-1.jpg?v=1739475728,"Large titanium bracelet watch. Round case, sapphire bottom. Triple overflowing handles. Black dial, central second hand. Luminescent needles. Automatic movement. Writing and papers. Two important dates illustrates the history of this manufacture. It becomes the manufacture of kings and presidents. 1729 Birth of the watchmaker Abraham Louis Perret. 2004 Acquisition of the brand by the Festina group which produces modern day guards of great qualities. Abraham Louis Perret is one of the first significant watchmakers of the Neuchâtel Jura. He shows from a young age to train in watchmaking and will become a master in this area. It is the origin, (which will shake up the watchmaking history) of the automatic movement. The proposed model is a very beautiful and innovative Perrelet Turbine XL Titanium Reference A 1050 of 2017. It is a round titanium box of 48 mm der diameter. Black dial which clearly refers to turbines in aeronautics with its blades which turn to the movements of the wrist. Mechanical movement with automatic reassembly. This large and beautiful watch highlights a specific technique and a magnificent aesthetic.",Romain Réa,2025-02-13,False
Porsche Design Flat Six Ref. P'6351 Box and Papers,Other,1990,https://romainrea.com/en-int/products/porsche-design-flat-six-ref-p6351-box-and-papers,https://cdn.shopify.com/s/files/1/0923/2685/4982/files/DSC_0070.jpg?v=1739475702,"Black PVD steel bracelet watch. Round case. Crown and bottom screwed. Carbon black dial with applied Arab indexes and figures. Date by window at 3 o'clock. Central second hand. Automatic movement. Rubber bracelet. It is the designer of the legendary Porshe 911 who realized another dream. This is to found his own creation workshop in 1972, initiating himself to the manufacture of watches and other fashion accessories, he works in the modernity of forms and materials. Thus was born the first entirely black chronograph in the clock which recalls the edge instruments of the cars of the time. It is the creation of Porshe Design that jostles the ways of doing things in the profession and in the field. Tidy creations, selected materials as well as a high quality finish, combining tradition and advanced technology. At the Baselworld 2012 World Watchmaking Fair, Porshe Design offers an innovative watches range to celebrate its 40 th birthday. The proposed model is a Porshe Design Flat Six Reference P6351 of 2016. It is a round black PVD box with screwed crown and bottom. Carbon dial with applied Arabic figures index, date by window at 3 a.m. Mechanical movement with automatic reassembly. This beautiful version is inspired as in the world of automotive piloting, a watch at the top of its art, that of creativity and modern technology. It is sold with its box and its origins papers.",Romain Réa,2025-02-13,False
Jaeger Lecoultre Reverso White Dial,Other,28000,https://romainrea.com/en-int/products/jaeger-lecoultre-reverso-white-dial,https://cdn.shopify.com/s/files/1/0923/2685/4982/files/REVERSO_BLANCHE.jpg?v=1739475480,"Beautiful and rare steel bracelet watch. Reversible rectangle box. White dial. Mechanical movement with manual reassembly. Antoine Lecoultre Horloger of genius, in 1833 founded his watchmaking workshop in 1833 to invent in 1844 the millionometer and the winding up two years later. His son Elijah enliped into the Manufacture, a pioneer of the industry, creator of many complicated calibers, promoter of the new manufacturing processes, it is he who transformed the small workshop into the very first manufacture of the Valley of Joux in 1867. In 1890 the 500 skilled workers created an exceptional range of 125 simple calibers and 31 among the most complicated. Jaeger Lecoultre excels in the innovation of high -end watches intended for a demanding clientele, the Manufacture then offers models that have become iconic and emblematic, including the famous and famous Reverso. In India after a Polo match, British officers put their friend Cesar de Trey in challenge to create a watch capable of resisting the shocks of their favorite sport. A reversible watch turns out that turns on itself, to meet the demands of the officers. The Reverso receives a legendary welcome near elegant athletes. The proposed model is a reverse around 1930. It is a 33x23mm rectangular steel box of dimensions. Rare white dial with stick index and Arabic figures. Mechanical movement with manual reassembly LISICA 064. Jaeger Lecoultre was able to design an iconic model which is a major pillar of the manufacture, a rated, unrivaled and emblematic watch.",Romain Réa,2025-02-13,False
Myr Prima Chronograph Waterproof Steel,Other,5800,https://romainrea.com/en-int/products/myr-prima-chronograph-waterproof-steel,https://cdn.shopify.com/s/files/1/0923/2685/4982/files/MYR_Prima_GRIS.jpg?v=1739475388,"Very beautiful and rare steel bracelet chronograph. Round case. Clipped background. Round pushes. 3 tones dial with 2 meters, totalizer 30 minutes at 3 o'clock and small second hand at 6 am. Luminescent Arabic figures. Mechanical movement with column wheel caliber Valjoux 22. The word chronograph was used for the first time in watchmaking by Nicolas Mathieu Rieussec (1781-1866) watch located in Paris. He created, and made a short time measurement system patented in 1821 using a rotating dial surmounted by a fixed needle with a small ink reserve. The trace of the ink left on the dial made it possible to determine the period of time that we wanted to measure. Louis Frédéric Perrelet, designed in 1827 a watch with two seconds of the seconds. One of the needles could be stopped at will and by a second pressure on the pusher she resumed the place she had if she had not stopped. It’s the ancestor of modern catch -up systems. Finally in 1861, Henri Ferréol Piguet produced the first modern chronograph, with an additional needle ordered by a single pusher allowing the start, stop and reset. The proposed chronograph model is a splendid and rare Myr Pri around 1940. It is a 37 mm diameter round steel case, a beautiful dimension for the time. Very beautiful black dial 3 tones with indexes painted Arabic figures. Chronograph with 2 meters, mechanical movement with manual reassembly, Valjoux 22 caliber. This beautiful copy of a little -known brand easily competes with the factories of the time, very elegant, it will be perfect on your wrist, a watch not to be missed.",Romain Réa,2025-02-13,False
ENICAR Sherpa Graph,Other,11900,https://romainrea.com/en-int/products/enicar-sherpa-graph-1,https://cdn.shopify.com/s/files/1/0923/2685/4982/files/ENICAR_ShERPA_NOIR.jpg?v=1739475237,"Superb chronograph in steel bracelet. Round case. Screwed background. Steel bezel. Black dial with 3 black counters and tachymmetric scale on the dial rehas. Mechanical movement, Valjoux 72. Oskar Racine The brother of Ariste, joined the company in 1918, he owned a forestry company in Biel which he closed in May 1930. Ariste and Oskar were both brilliant and ingenious sellers, once again the parent company became too small. The roots decided to build a new factory in Longeau, at the end of 1919 it was operational and the name ENICAR was used on all products. On May 18, 1956, a Swiss expedition reached the top of the Lhotse mountain at 8516m in the Himalayas, followed by the summit of Mont Everest. All the members of the expedition wore Enicar Sherpa watches, this name was recorded on November 6, 1956. From this moment many varieties of Sherpa were introduced. The proposed model is an ENICAR SHERPA GRAP around 1960. It is a round box with a screwed in steel 40mm in diameter. Superb black dial with indexed sticks applied with luminescent studs. Stops stick, chronograph with 3 meters, mechanical movement with manual reassembly, the Valjoux 72 caliber. This Sherpa model is undoubtedly the most attractive. He enters the family in great pumps, a very beautiful piece to collect.",Romain Réa,2025-02-13,False
Girard Perregaux Chronometer HF Gyromatic,Other,5500,https://romainrea.com/en-int/products/girard-perregaux-chronometer-hf-gyromatic-1,https://cdn.shopify.com/s/files/1/0923/2685/4982/files/GP_site_1.jpg?v=1739473754,"Steel bracelet watch. Bowl box, screwed background. Superb and very rare smoked dial with applied stick index. Dating at 3 o'clock. Central second hand. Automatic movement at 36000 A/H with soft iron capsule. In 1791 year of foundation of the American capital Washington, the watchmaker Jean François Bautte Geneva signed his first gusset watches. Soon his founder JD Moulinier made him his partner, he appreciates the creative and wise man in a business that cultivates a refined way of life. After the death of Bautte in 1837 Felipe Hecht transmitted the luxury company with its date of foundation to Constant Girard Gallet a parent and friend. The latter is the heir to a factory founded in 1850 by Constant Girard. Company which owes its name Girard Perregaux to the boss's wedding with Marie Perregaux. The proposed model is a rare classic and technical watch, an HF Gyromatic chronometer. It is a 35mm diameter steel barrel box. Superb smoky dial with applied stick index. Date per counter at 3am. Straight needles and central second hand. Mechanical movement with automatic reassembly which beats at 36000 A/H with capsule in mild antimagnetic iron. This beautiful model clearly enriched the Girard Perregaux range for its aesthetics and technical performance. A beautiful object to collect.",Romain Réa,2025-02-13,False
Yema Chronograph Meangraf Super Stainless Steel,Other,4800,https://romainrea.com/en-int/products/yema-chronograph-meangraf-super-stainless-steel,https://cdn.shopify.com/s/files/1/0923/2685/4982/files/YEMA_site_gris.jpg?v=1739473518,Rare and beautiful steel pilot chronograph. Screwed background. 3 tones dial with two meters; Totalizer of the minutes at 3 a.m. and small at 9 a.m. Date by window at 6 a.m. Black telescope with tachymmetric scale mechanical movement with manual reassembly. Valjoux caliber 7734.,Romain Réa,2025-02-13,False
Eberhard Chronograph,Other,9500,https://romainrea.com/en-int/products/eberhard-chronograph-2,https://cdn.shopify.com/s/files/1/0923/2685/4982/files/48696886-6F49-424B-B4FC-62930898216A_1_201_a-1.jpg?v=1739472930,"Rare and superb chronograph Mono-Pusher Bracelet in gold. Round hinge box. Salmon dial with two meters. Mechanical movement with column wheel. Like his father, the young Georges Emile Eberhard born in 1865, at the age of only 22 years old, went to the lime or he created his own watchmaking workshop in 1887. We immediately tear himself away from his watches. Eberhard therefore decides to quickly let the workbench have others to go and sell and sell in person in neighboring countries its products, including chronograph gusset watches, a sector in which the house asserts itself. The company then experienced permanent growth and in 1906 Eberhard took possession of new larger workshops in the Jura metropolis. In 1919 his sons Georges and Maurice took over the reins of the company convinced that the future was at the bracelet watch, they presented their first wrist chronograph in the same year. The Eberhard model that we offer is a magnificent and rare mono pusher chronograph around 1930. It is a round gold box of 38mm in diameter called ""Jumbo"" by collectors. Salmon dial with painted Arabic figures. Blue tachymmetrical scale in a snail. Two meters with minutes totalizer at 3 a.m. and permanent second hand at 9 a.m. Mechanical movement with manual reassembly. This copy in perfect condition shows us Eberhard's ability to design high -quality chronographs very early at the beginning of the 20th century.",Romain Réa,2025-02-13,False
Fortis Marinemaster Ref. 8001,Other,8500,https://romainrea.com/en-int/products/fortis-marinemaster-ref-8001,https://cdn.shopify.com/s/files/1/0923/2685/4982/files/fortis_site_1.jpg?v=1739472832,"Superb waterproof steel chronograph. Round case. Screwed background. Graduated rotating black bezel. Black dial with 3 counters. Mechanical movement with column wheel caliber Valjoux 72. NSA steel bracelet. It was in Granges in Switzerland that Walter Vogt, in 1912, founded his company. 10 years later, in 1926, the founder established a collaboration with the watchmaker and inventor, John Harwood. This allowed Fortis to present the very first automatic watch which was produced in series. 1954 The house manufactures watches bracelets with the alarm complication: the Centine Caliber Venus 230 which was the first bracelet watch with chronometer certificate. The factory won the first prize in the Swiss Official Control Chronometry Competition for Chronometry. The founder of Fortis died on September 13, 1947, his two sons resumed and managed the company. They present the first sport series, which is still among the products today by Fortis. The proposed model is a magnificent and rare Fortis la Marinemaster Reference 8001 from 1965. It is a round steel box 39mm in diameter with a screwed background. Black dial has colored meters and applied stick index. Chronograph three meters with totalizer for minutes at 3am that of the hours at 6 a.m. and permanent wheelchair at 9 a.m. Mechanical movement with manual reassembly The famous Valjoux 72 caliber with column wheel chronograph system. NSA steel bracelet. This beautiful achievement is difficult to find for sale, a sports and waterproof at high speed which will be perfect on your wrist.",Romain Réa,2025-02-13,False
Longines 13zn Steel,Other,18900,https://romainrea.com/en-int/products/longines-13zn-steel,https://cdn.shopify.com/s/files/1/0923/2685/4982/files/9ED70425-5A38-43BD-BA21-8BD0C773A4EB_1_201_a.jpg?v=1739472801,"Rare and superb steel bracelet chronograph. Round case, rectangle pushes. Silver two -tone dial with 2 meters. Mechanical movement with 13zn caliber column, flyback function. Longines is one of the oldest active manufacturing. It was in St Imier that Auguste Agassiz founded his mark in 1832. He moved to the banks of the Suze River in 1866, on a land ""Les Longines"" or ""Les Long Prairies"". Its symbol, a winged hourglass is of global reputation. The manufacture has a double activity, both of production of watches and sporting timers. Health problems push Augus Agassiz to seek a successor. So his nephew, Ernest Francillon resumed the activities of the family business in 1854. As early as 1879, Francillon was interested in the manufacture of chronographs and offered internationally recognized calibers as on 13.33z in 1910, 13zn in 1936, and finally 30 hp in 1947. It was in 1936 that Longines filed a patent for the development of the 13zn caliber. It is a chronograph movement equipped with a column wheel, with a counter counter. This is the very first bracelet chronograph with the ""Return-Vol"" function (Flyback). The return return allowing reset while the chronograph works, very useful for air navigation. Therefore, it is possible to perform another timing without the need to stop, reset and restart the chronograph. The model presented is a 13zn chronograph from 1939. It is a round steel box 34 mm in diameter, with clipped box background and rectangular ends. Silver dial with 2 tones with 2 counters: Totalizer of the minutes at 3 a.m. and second permanent at 9 a.m. Tachymmetric scale. The movement is mechanical with manual reassembly, with command of the column wheel chronograph and return-to-theft function, the famous 13zn caliber. Here is a chic and elegant watch, with sporting connotation. A fine example of the inheritance and know-how of one of the oldest watch factories.",Romain Réa,2025-02-13,False
Bell & Ross BRV2 R.S.18 Limited Edition FULL SET,Other,5200,https://romainrea.com/en-int/products/bell-ross-brv2-r-s-18-limited-edition-full-set,https://cdn.shopify.com/s/files/1/0923/2685/4982/files/7140.jpg?v=1739472504,"Rare and beautiful chronograph in steel bracelet. Round case. Sapphire background. Black bezel with tachymmetric scale. Carbon fiber dial with 2 meters and daters between 4 and 5 hours. Automatic movement. Writing and papers. Series limited to 999 copies. We are in 1992 in Paris, Carlos Rossillo Young business banker decided to launch a watch brand with a childhood friend, Bruno Belamich, they knew each other at the age of fifteen at Lycée Carnot, the first will HEC, the second a design school. In the early 90s, the meeting with Helmut Sinn, fighter pilot during the Second World War and founder of the watchmark Sinn, will give the top start of their adventure. Carlos and Bruno decide to create models adapted to professional use. What could be more effective than an airplane dashboard, the concept is fixed; It remains to find the name of the brand, simple, refined, visual, efficient: Bell & Ross. The proposed model is a magnificent ultra modern reference chronograph BR V2 RS 18, in edition limited to 999 pieces. It is a 41mm diameter round steel box. Carbon fiber dial has two meters, date per counter between 4 and 5 a.m. Black bezel with tachymmetric scale. Mechanical movement with automatic reassembly. This superb colorful watch inspires sportiness, one of the last technical and design models of the young watchmaking house is admirable. This 2020 timepiece is sold with its box and its original papers.",Romain Réa,2025-02-13,False
Panerai Radiomir 1936 Pam00249 Full Set,Other,11800,https://romainrea.com/en-int/products/panerai-radiomir-1936-pam00249-full-set,https://cdn.shopify.com/s/files/1/0923/2685/4982/files/p_6_5_9_2_6592-PANERAI-RADIOMIR-1936-PAM00249-FULL-SET.jpg?v=1739471952,"It is the Italian Royal Navy that will use the famous Radiomir Panerai during the Second World War. In 1916 the invention of a patent, a powder based on extremely luminescent radium without the need for exposure to daylight. Appearing in the form of prototype and tested by the combat divers of the Primo Grppo Sommergibili in 1936, this imposing watch seems to be ideal for swimmers operating at night, it will be marketed in 1938. This impressive show today is a great success thanks to its virile attribute, it is Panerai who launches fashion of large watches. The proposed model is a 1936 PAM 00249 radiomir from 2007. A reissue that expresses the interest of turning to a historical past and taking up the technical and aesthetic codes of the original model. This is a 47mm diameter steel cushion box, a real backpacker watch. Californian dial with Arabic and Roman numerals painted luminescent. Mechanical movement with manual winding visible thanks to the sapphire bottom. This first -rate tool Watch will give you the impression of carrying a part of the history of diving. This timepiece is sold with its box and its original papers.",Romain Réa,2025-02-13,False
Breitling Navitimer Ref. 806 AOPA,Other,13800,https://romainrea.com/en-int/products/breitling-navitimer-ref-806-aopa,https://cdn.shopify.com/s/files/1/0923/2685/4982/files/navi_ok.jpg?v=1739471931,"The story of this pioneer is not new. The Breitling Navitimer was created in 1952, it became the most emblematic chronograph of the brand, due to its a calculation rule which mechanically authorizes almost all of the operations necessary for preparation and theft. It is quickly adopted by the pilots despite dimensions at the very generous time superior to 40mm. The Aircraft Owners and Pilots Association (AOPA) makes it its official watch. Most of the navitimer from the 1950s to 60s therefore features the acronym of this professional union: two wings which, the circumstance competition, very close to that of the B -winged B to Breitling. These pieces are highly sought after by collectors. The star of these models remains the famous 806 equipped with a movement from 178. The proposed model is therefore a Navitimer 806 for the AOPA of 1960. It is a round steel box with a Rule A Circular Bi directional. Superb black dial has 3 counters with totalizer of the minutes at 3am that of the hours at 6 a.m. and permanent wheelchair at 9 a.m. Mechanical movement with manual reassembly with column wheel system. If you are eager to acquire a watchmaking myth do not hesitate to choose this model in perfect condition. A real watch of high quality professional pilots.",Romain Réa,2025-02-13,False
Vacheron Constantin Historiques Ultra Fine 1968 Ref. 43043,Other,21900,https://romainrea.com/en-int/products/vacheron-constantin-historiques-ultra-fine-1968-ref-43043,https://cdn.shopify.com/s/files/1/0923/2685/4982/files/Vacheron_carre_gris-1.jpg?v=1739471839,"Vacheron Constantin is a Swiss show's and clock factory founded in 1755. Since 1996 it has been a subsidiary of the Swiss group Richemont, if you do not take into account a ""resurrected"" brand after several years of inactivity, Vacheron Constantine is the oldest manufacture in the world since its manufacturing of watches has never been interrupted since its foundation. It employed around 1,200 people worldwide in 2018, most of whom are based in the company's manufacturing factories located in the canton of Geneva and the Joux valley in Switzerland. Here are the main customers of Vacheron Constantin: Queen Elisabeth II, Pope Pius XI, Marlon Brando, John Rockefeller, Diana, Prince of Wales and many others. The Vacheron Constantin model is a magnificent historical watch reissued from a 1968 model under the reference 43043. It is a square rose gold box of 35 x 35ml of dimensions, ultra fine. Silver dial with indexes applied in pink gold. Mechanical movement with automatic reassembly. Here is a watch that inspires the collection. A modern watch from 2016 which takes up the attractions of a vintage, chic and elegant model it is sober and simple an art that Vacheron Constantin mastered with panache.",Romain Réa,2025-02-13,False
Breitling Unitime Ref. 2610 with extract from the archives,Other,17800,https://romainrea.com/en-int/products/breitling-unitime-ref-2610-with-extract-from-the-archives,https://cdn.shopify.com/s/files/1/0923/2685/4982/files/unitime_bret.jpg?v=1739471224,"Léon Breitling founded his workshop in the Swiss Jura in 1884. He decided to produce exclusive technical models, for sport sciences or industry. The brand accompanies the boom in competition and automotive sports, but also the exploits of aviation pioneers. In the 1960s, they offered models for pilots and intercontinental travelers, with GMT watches. It is the Unitime Ref 2610 Bidynator model that is offered to you; A round box 37 minutes in diameter in steel. An applied index dial, it is equipped with a bizone telescope, twice 12 hours rotating, as well as a 24 -hour disc by the interior box. This device allows the reading of different time zones. A discreet date is present by window at 6 a.m. The movement is mechanical with automatic reassembly, a Breitling base Felsa 711 caliber. This unusual model is technically interesting, a truly vintage and sporty look, the Unitime will be the GMT of your collection.",Romain Réa,2025-02-13,False
Bell & Ross BR05-GR-ST/SRB,Other,3990,https://romainrea.com/en-int/products/bell-ross-br05-gr-st-srb,https://cdn.shopify.com/s/files/1/0923/2685/4982/files/p_5_9_6_1_5961-BELL-ROSS-BR05.jpg?v=1739471108,"It was in 1992 that Bruno Belamhe and Carlos Rossilo created a Franco-Swiss watchmaking house. A brand that does not leave indifferent, which receives a warm welcome from the general public. Watches special to the unique look, for pilots, divers, deminers or astronauts. Watches adapted to hostile environments. Real particularly masculine tool Watch. The first customers of the house are the French army, UN and NATO. A look apart from the Bell & Ross model innovates in the watchmaker design with their BR series Inspire aviation edge instruments. The proposed model is one of the latest arrival in the catalog of the house, this is BR 05- Gr- St / SRB. A watch that marks the brand's DNA with strength and virility. It is a 40mn diameter steel case. Silver dial with index sticks and luminescent Arabic numbers. Date per counter at 3am. Luminescent needles and central power. Mechanical movement with automatic reassembly. Here is a watch that upsets the classic codes of watchmaking. A watch intended for adventurers and backpackers or by lovers of remarkable watches.",Romain Réa,2025-02-13,False
Breitling Chronograph ref. 764 Stainless Steel with extract from the archives,Other,57000,https://romainrea.com/en-int/products/breitling-chronograph-ref-764-stainless-steel-with-extract-from-the-archives,https://cdn.shopify.com/s/files/1/0923/2685/4982/files/splitseconds_site.jpg?v=1739470891,"In 1884, Léon Breitling founded his workshop in the Jura. He chooses to devote himself to an area as exclusive as they are demanding: that of chronographs and meters. After his training, he made his first chronograph himself. Thanks to its quality products and its constant quest for innovation, the brand accompanies the development of competition and automotive sports, but also the exploits of aviation pioneers. In 1934 Breitling finished giving the chronograph his modern face by creating the second pusher for reset, quickly adopted by all the competition. The proposed model is a wrist chronograph around 1960. It’s a beautiful, collecting piece. A round stainless steel box with pump and screwed bottom, a so -called ""waterproof"" chronograph. A white panda dial with black meters with totalizer of the minutes at 3 a.m. and permanent wheelchair at 9 a.m. Vintage metal bracelet. Mechanical movement with manual reassembly. This magnificent representative execution of the Chronographs of Breitling of beautiful manufacturing. A chic and elegant model with a sporting connotation, it will be perfect in your collection of historic watches. With its extract from the archives",Romain Réa,2025-02-13,False
Omega Seamaster 300 Ref. 165-014,Other,12800,https://romainrea.com/en-int/products/omega-seamaster-300-ref-165-014,https://cdn.shopify.com/s/files/1/0923/2685/4982/files/seamaster-1-scaled.jpg?v=1739470088,"In 1957, Omega offered a trilogy of watches that have become historic. The railmaster, the speedmaster and the fabulous Seamaster 300; Three historical icons, they all participated in world or space events. Omega, a big name in the watchmaking history created by Louis Brandt in 1848 in the lime, official timekeeper of the Olympic Games since 1932, Omega broke all precision records. The proposed model that interests us is amazing beauty and rarity. This historic diving watch contributes to many professional dives or for informed amateurs. It is a round steel box 37 mm in diameter. A magnificent black dial with index luminescent sticks. Luminescent needles and central arrow arrow. Amazing and magnificent unique steel and bakelitis graduated 60 min telescope to calculate diving or decompression times. This is a real watchmaker, a mythical and rare watch in this state. The 1957 trilogy inspires Omega which reissues the models. This 1965 vintage will illuminate your collection of diving watches.",Romain Réa,2025-02-13,False
Van Cleef & Arpels Lady's Yellow Gold,Other,13800,https://romainrea.com/en-int/products/van-cleef-arpels-ladys-yellow-gold,https://cdn.shopify.com/s/files/1/0923/2685/4982/files/p_4_8_7_5_4875-VAN-CLEEF-ARPELS-LADYS-YELLOW-GOLD.jpg?v=1739469675,"It is most certainly the firm in the universe of luxury, the most represented in strategic and highly renowned places like Paris, New York, London etc ... Van Cleef and Arpels was founded in 1896 by Alfred Van Cleef and his uncle and stepfather Salomon Arpels. They associate the art of jewelry with that of watchmaking successfully, they present us unique and fantastic pieces. The firm opens its first shop at 22 Place Vendôme in Paris. The proposed model is a splendid lady's watch around 1970. An octagonal box in 18K yellow gold 30 x 30mm of dimensions. Glasses set with diamonds. Attachment of the so -called ""Vendôme"" bracelet. Silver dial with indexes and Roman numbers painted in black. It is sold with a very beautiful satin bracelet, with a deploying gold loop set with diamonds. The movement is mechanical with manual reassembly signed Van Cleef and Arpels. This is a beautiful female demonstration, which by its qualities of executions, make it a real high-end timepiece. Here is ladies a fabulous model to wear without restraint.",Romain Réa,2025-02-13,False
L. Leroy Chronograph,Other,9800,https://romainrea.com/en-int/products/l-leroy-chronograph,https://cdn.shopify.com/s/files/1/0923/2685/4982/files/p_4_6_5_8_4658-L.-LEROY-CHRONOGRAPHE.jpg?v=1739469378,"L. Leroy is the official clock supplier of the King of France, it was in Paris that Basile Charles Leroy in 1785 opens a workshop is a shop, he was later joined by his son Charles in 1828. Later they settle in England, where they are the main manufacturers of watches and clocks of the Queen of England. To finally settle in Besançon and offer the watch with very large complications La Leroy 01. The proposed model is a chronograph around 1950. A round steel box 35 mm in diameter with pump pump and screwed background. A magnificent cream dial with two counters, with totalizer of the minutes at 3 a.m. and permanent second -hand wheel at 9 a.m. Tachymmetric scale. Luminescent alpha hands. Mechanical movement with manual reassembly with column wheel chronograph system. This is a traditional watch of the time, a pure style, a successful drawing made by a large watchmaking house. L. Leroy is the official clock supplier of the King of France, it was in Paris that Basile Charles Leroy in 1785 opened a workshop is a shop, he was joined by his son Charles in 1828. Later they settle in England, they are the main manufacturers of watches and clocks of the Queen of England. To finally settle in Besançon and offer the watch with very large complications: Leroy 01. The proposed model is a chronograph around 1950. A round steel box 35 mm in diameter with pump pump and screwed background. A magnificent cream dial with two counters, with totalizer of the minutes at 3 a.m. and permanent second -hand wheel at 9 a.m. Tachymmetric scale. Luminescent alpha hands. Mechanical movement with manual reassembly with column wheel chronograph system. This is a traditional watch of the time, a pure style, a successful drawing made by a large watchmaking house.",Romain Réa,2025-02-13,False
Nivada Grenchen Chronograph,Other,4900,https://romainrea.com/en-int/products/nivada-grenchen-chronograph,https://cdn.shopify.com/s/files/1/0923/2685/4982/files/p_4_3_8_3_4383-NIVADA-GRENCHEN-CHRONOGRAPHE.jpg?v=1739469074,"Nivada was founded in the 1930s in the small Swiss commune of the canton of Soleur, Granges. Grenchen was added later because Movado found the name and pronunciation too close and opened a litigation. Nivada Grenchen Small Watchmark Made of Horlogerie has made superb chronographs in the 1950s and 60s like the one offered. Chic, elegant, sporty this rare watch of pilots with all attributes to interest collectors and amateurs. A 38.5mn (important for the time) box in steel with screwed background. A superb and wide bi-zone bezel graduated 60 minutes and 12 hours, rotating in epoxy. A magnificent black lacquered dial with two counters with a totalizer of the minutes at 3 a.m. and permanent seconding at 9 a.m. Index and Arabic Luminescent Arabic. This attractive chronograph Nivada Grenchen deserves a privileged place in the world of vintage. The movement is mechanical with manual reassembly. Do not hesitate to offer yourself this room you will rarely have the opportunity to meet this model.",Romain Réa,2025-02-13,False
Panerai Submersible Carbotech 3 Days Pam 616 Full Set,Other,15900,https://romainrea.com/en-int/products/panerai-submersible-carbotech-3-days-pam-616-full-set,https://cdn.shopify.com/s/files/1/0923/2685/4982/files/p_4_0_7_8_4078-PANERAI-SUBMERSIBLE-CARBOTECH-3-DAYS-FULL-SET.jpg?v=1739468618,"It was in the mid -1930s that Panerai produced watches on behalf of the Italian Royal Navy. Today it perpetuates its inheritance by producing atypical models which receive a lightning success with a large audience warns. Interested in an inventory Panerai offers in 2015 the PAM616 reference. A concentrate of High Tech technology A new composite material whose box is made up of: carbotech. Consisting of fine carbon fiber strata compressed at high pressure, to which Panerai adds PEEK (polyetheretitonecetone) a high -end polymer that improves resistance and sustainability. Hypoallergenic and anticorrosive, higher than that of titanium or ceramics. A 47mn cushion box of dimensions with 60mn rotating bezel. Superb black dial with indexes and luminescent Arabic figures. Typical Luminescent brand needles. Small touch of blue at the level of the second hand, a needle sage at 9am, which goes perfectly with the whole. Discreet date by window at 3am. The movement is mechanical with automatic reassembly. This pure design model is the authentic originality of the immense talent of the Italian house. A watch with futuristic inspiration using materials that make each model unique. It is sold with its box and its original papers.",Romain Réa,2025-02-13,False
"DIFOR ""UNI-COMPAX""",Other,4850,https://romainrea.com/en-int/products/difor-uni-compax,https://cdn.shopify.com/s/files/1/0923/2685/4982/files/p_3_7_1_9_3719-DIFOR-_C2_AB-UNI-COMPAX-_C2_BB.jpg?v=1739468048,"Contrary to what its name indicates, the Difor Switzerland brand, a contraction of ""watchmaking"", is not Swiss but very French, from Besançon. She knew her golden age during the 1960s and our model is a beautiful representation. It is a very beautiful ""uni-compax"" diving chronograph in steel on leather bracelet with steel ardillon loop. Round box of beautiful proportion, making 37 mm. Screwed background. Graduated steel rotating bezel 60 minutes. Elegant matt black dial with two meters: totalizer 45 minutes at 3 o'clock and small second hand at 9 am. Painted Arabic figures and luminescent ears index. Luminescent ""alpha"" needles. Manual mechanical movement equipped with a Valjoux 92 caliber. This watch, emblematic of French sixties and know-how, is essential for all collectors of diving watches",Romain Réa,2025-02-13,False
Soldier,Other,8500,https://romainrea.com/en-int/products/soldier,https://cdn.shopify.com/s/files/1/0923/2685/4982/files/Longines_M_1.jpg?v=1739465805,"It was in Saint-Imier that Auguste Agassiz founded Longines in 1832. The first bracelet watches were manufactured and marketed in 1905. The house with a symbol which represents a garlic and internationally renowned hourglass, with double activity, factory of watches and sports chronometers. But the field where the brand is illustrated is the design of watches for soldiers. Efficient, robust and precise sober watches. They must be discreet and useful. Each army corps has allocations according to their activities. The one presented is intended for the British army. A real military watch with specific numbering on the back. It is a round steel box 37 mm in diameter, large at the time for better use in combat. A black dial with luminescent painted Arab index. Luminescent ""cathedral"" needles. Small face at 6 a.m. and railway timer. The acronym ""Broad Arrow"" involves belonging to the British nation. Mechanical movement with manual reassembly. This is a copy of 1945 which participated in the history of the British army. Longines Grande Manufacture takes up the military watch market, in an exemplary manner and particularly responds to the specifications of the Ministerial Armies. An iconic watch which is quite naturally part of the possibility to constitute a vintage collection of military watches.",Romain Réa,2025-02-13,False
Eberhard Chronograph,Other,9800,https://romainrea.com/en-int/products/eberhard-chronograph,https://cdn.shopify.com/s/files/1/0923/2685/4982/files/p_2_0_1_4_2014-EBERHARD-CHRONOGRAPHE.jpg?v=1739465775,"It was in 1887 that this watchmaking house was created by an excitement named Georges Emile Eberhard, born in 1865 in St Limier, he quickly decided to leave the workbench to others, to go and sell in person in neighboring countries these products, including gusset watches with chronograph. In 1919 it was these sons Georges and Maurice who took up the company convinced that the future is at the Bracelet watch, they present their first chronograph for the wrist the same year, this push -button model quickly became, in the Roaring Twenties, the flagship model of the brand in full swing. The 1930s saw Eberhard and Co named supplier of the Royal Military Navy of Italy. The model presented, around 1950 has a 40 -minute steel box, its exceptional size for the time now gives it a privileged place with collectors. Its magnificent black lacquered dial with two meters, with a snail telemetric scale, which makes it possible to appreciate the distance separating the observer from a phenomenon manifesting itself simultaneously in a visible and audible way (sound speed in the air 340 m second), beautiful dauphine needles, a mechanical movement with manual reassembly, it is offered with a crocodile bracelet with steel steel. I insist on the extraordinary proportions of this vintage model which today seems to meet the requirements of amateurs.",Romain Réa,2025-02-13,False
Jaeger Lecoultre Reverso Blue Dial,Other,38000,https://romainrea.com/en-int/products/jaeger-lecoultre-reverso-blue-dial,https://cdn.shopify.com/s/files/1/0923/2685/4982/files/REVERSO_BLEU_1.jpg?v=1739464831,"César de Trey, Swiss citizen distributor of luxury watches, goes through the Indies for business. A British army officer challenges him and shows him his broken timepiece during their favorite sport, the polo shirt. He asked him for a solution to remedy the problem. César de Trey, intimate friend of Jacques David Lecoultre, asked him to create a watch that could turn around with a steel side to protect it from possible blows. The Reverso was born in 1933, the mechanism was entrusted to Jacque David Lecoultre and the box at Alfred Chauvot who filed the patent on May 4, 1931. Thanks to this system, the watch carrier can rotate the 180 ° box to protect its glass and dial. The proposed model of 1940 is extremely rare. At the time, the austerity of black or silver dials were almost unanimous, Jaeger Lecoultre bet to use color, and designs wonderful dials, now very sought after by collectors. That of the proposed model is beautiful lacquered blue. It is a reversible reversible reversible box. The movement is mechanical with manual reassembly. The Reverso is the spearhead of the famous firm. It is manufactured for almost 80 years, a unique career which traces all periods of Swiss watchmaking. An iconic and emblematic model. The watch of elegant athletes, it combines technicality and aesthetics in a unique way. Timeless this sumptuous Reverso model will be perfect on both a female and male wrist.",Romain Réa,2025-02-13,False
Longines Grand Prize,Other,4800,https://romainrea.com/en-int/products/longines-grand-prize,https://cdn.shopify.com/s/files/1/0923/2685/4982/files/p_7_9_4_794-LONGINES-GRAND-PRIZE.jpg?v=1739463968,"A beautiful pioneer spirit animates this man. On August 14, 1832, a 23 -year -old businessman in the Jura village in Saint Limier as an active partner of the COMPTOIR RAIGUEL young clockwork store, his name: Auguste Agassiz. Health problems later force Agassiz to find out a successor, he finds him in the person of his nephew Ernest Francillon. He renamed the company ""E Francillon, Longines, Switzerland and some watches are present at the Paris Universal Exhibition. In 1880 Francillon made an official patent application for his Longines brand from the Federal Office for Intellectual Property in Bern. The proposed model is a Longines Grand Prize. It is a round pink gold box 34 minutes in diameter. Golden dial with gold applied index. Dauphine needles and central second hand. The movement is mechanical with automatic reassembly, caliber 340. This magnificent copy is chic and elegant, a three sober and effective needles. Longines proves to us with this model its privileged place in the world of watchmaking. To put in priority in your collection of master watches.",Romain Réa,2025-02-13,False
