title,brand,price,url,img,description,source,sold,priceOnRequest
Omega Railmaster Vintage Watch 2914-2,Omega,9900,https://www.shucktheoyster.com/portfolio/omega-railmaster-vintage-watch-2914-2/,https://shucktheoyster.b-cdn.net/wp-content/uploads/2026/09/5_012-1.jpg,"DIAL: Matte, black radium dial, broad arrow hands · CASE: Stainless steel straight lug case with screwdown caseback · DIAMETER: 39mm · MOVEMENT: High grade, Omega calibre 284, serial: 15577047 · STRAP: Brown Omega NATO strap · CONDITION: Overall, the watch is in excellent condition. Dial and hands are extremely well preserved, in excellent condition. Dial and hands retain original radium that has developed a pumpkin colour patina. The watch case appears to be in excellent condition. The watch was just serviced by our watchmaker, running strong with a high amplitude, keeping accurate time. (290°; +6/d). The watch comes from an Omega collector in Munich, Germany. The watch comes with an Omega extract of the archives. One of the nicest Railmasters we have seen.",Shuck the Oyster,False,False
Breitling Top Time Vintage Chronograph 810-24 MINT,Breitling,6500,https://www.shucktheoyster.com/portfolio/breitling-top-time-vintage-chronograph-810-24-mint-4/,https://shucktheoyster.b-cdn.net/wp-content/uploads/2026/09/28_009-1.jpg,"DIAL: Black 24h tritium dial, white tritium hands · CASE: Stainless steel watch case with snap-in caseback, serial: 1218304 · DIAMETER: 38mm · MOVEMENT: High grade, manual wind Breitling movement, cal. Venus 178 · STRAP: New, Italian handmade, calf leather racing strap · CONDITION: Overall, the watch is in near mint condition. The dial and hands are flawless. The original lume has aged to an extremely appealing, homogenous custard colour. The watch case appears to be unpolished, very sharp condition. The serviced movement is very clean and working strong. The chronograph starts, stops and resets neatly. The watch was just serviced by our watchmaker, thus in very good running condition, keeping very accurate time. (300°, +4s/d). The watch comes from the son of the first owner in NRW, Germany. Very clean and and rare with the 24h dial.",Shuck the Oyster,False,False
Universal Geneve Datocompax Vintage Chronograph 12495,Universal Geneve,8500,https://www.shucktheoyster.com/portfolio/universal-geneve-datocompax-vintage-chronograph-12495/,https://shucktheoyster.b-cdn.net/wp-content/uploads/2026/09/27_008-1.jpg,"DIAL: Original, silver  dial, gold feuille hands · CASE: 18k gold watch case with snap-in caseback, serial: 1296684 · MOVEMENT: High grade, manual wind movement, calibre UG 285 · STRAP: New, Italian handmade, black pigskin leather strap · CONDITION: Overall the watch is in very good condition. The original dial is in very good condition. The dial proportions are elegant, perfectly organized. The watch case appears to be unpolished. The watch was just serviced by our watchmaker, thus in very good running condition, keeping accurate time. It is running with an amplitude over 270°; +4s/d. The watch comes from a collector in Denmark. A very rare &amp; special reference.",Shuck the Oyster,False,False
Universal Geneve Tricompax Vintage Chronograph 22258,Universal Geneve,7000,https://www.shucktheoyster.com/portfolio/universal-geneve-tricompax-vintage-chronograph-22258/,https://shucktheoyster.b-cdn.net/wp-content/uploads/2026/09/30_010-1.jpg,"DIAL: Original, silver dial, blued feuille hands · MOVEMENT: High grade, manual wind movement, calibre UG 481, serial: 235709 · STRAP: New, Italian handmade, black pigskin leather strap · CONDITION: Overall the watch is in very good condition. The original dial is in good condition. The dial proportions are elegant, well organized. The watch case appears to be unpolished. The watch was just serviced by our watchmaker, thus in very good running condition, keeping accurate time. It is running with an amplitude over 300°; +4s/d. The watch comes from a collector in Denmark.",Shuck the Oyster,False,False
Omega Speedmaster Professional 145.012-67,Omega,9500,https://www.shucktheoyster.com/portfolio/omega-speedmaster-professional-145-012-67-6/,https://shucktheoyster.b-cdn.net/wp-content/uploads/2026/09/1_004-1.jpg,"DIAL: Matte black tritium step dial, white tritium hands · CASE: Stainless steel lyre lug case with screwdown caseback · DIAMETER: 40mm · MOVEMENT: High grade, Omega 321 calibre, serial: 26074433 · STRAP: New, Italian handmade, brown pigskin leather strap · CONDITION: Overall, the watch is in excellent condition. Dial and hands are flawless. Nice &amp; homogenous lume colour/patina, original tritium on dial and hands. The DO90 bezel is also in very good condition. The watch case is in very good condition, with brushed sides and sharp edges. The seahorse caseback is also in excellent condition. Original crystal with Omega logo, flat feet crown.  The watch was just serviced by our watchmaker, thus in excellent running condition, keeping accurate time (310; +4s/d). The watch comes from the first owner in Germany. A stunning, coherent and unmolested, all original, 1967 pre moon Speedmaster in investment grade condition.",Shuck the Oyster,False,False
Omega Ploprof Vintage Diver 166.077 MK1 SEMI-PROTOTYPE,Omega,15500,https://www.shucktheoyster.com/portfolio/omega-ploprof-vintage-diver-166-077-mk1-semi-prototype/,https://shucktheoyster.b-cdn.net/wp-content/uploads/2026/09/21_003-1.jpg,"DIAL: Blue tritium dial, tritium hands · CASE: Stainless steel ‘monobloque’ high pressure watch case · DIAMETER: 45mm · MOVEMENT: High grade, automatic movement, cal. 1002 · BRACELET: Original, Omega stainless steel bracelet, 1162/162, max length 20cm · CONDITION: Overall, the watch is in excellent condition. All parts are original to the watch. Dial and hands are in excellent condition, showing original tritium luminous. The watch case is unpolished. The bezel is in excellent condition. The recently serviced watch is in excellent running condition, keeping very accurate time (305°; +2s/d). 1. All original MK1 Ploprof divers are quite rare, and this is an perfect, no regret example of the reference.",Shuck the Oyster,False,False
SINN 801 Vintage Diver,Other,4500,https://www.shucktheoyster.com/portfolio/sinn-801-vintage-diver-2/,https://shucktheoyster.b-cdn.net/wp-content/uploads/2026/09/34_002-1.jpg,"DIAL: Matte, black tritium dial, white tritium hands · CASE: Stainless steel watch case, screwdown caseback, serial: 052 · MOVEMENT: High grade, automatic movement, calibre ETA 2878 · BRACELET: Original, stainless steel bracelet",Shuck the Oyster,False,False
Omega Constellation Electroquartz 396.802ST NOS,Omega,3500,https://www.shucktheoyster.com/portfolio/omega-constellation-electroquartz-396-802st-nos/,https://shucktheoyster.b-cdn.net/wp-content/uploads/2026/09/23_003-1.jpg,"DIAL: Blue dial, white hands · CASE: Stainless steel watch case with screw-in caseback · DIAMETER: 37x43mm · MOVEMENT: Quartz movement, cal. 1300, serial: 31733158 · STRAP: Original leather strap · CONDITION: Overall the watch is in excellent condition. Dial and hands are in excellent condition, all original. The watch case is in very good condition, unpolished. The movement is also in very good condition. The watch was just serviced by our watchmaker, new batteries, thus is in very good running condition, keeping very accurate time . The watch comes from the first owner in Cologne, Germany. Truly beautiful timepiece!",Shuck the Oyster,False,False
Heuer Tropical Vintage Chronograph 346 WOW!,Heuer,19500,https://www.shucktheoyster.com/portfolio/heuer-tropical-vintage-chronograph-346-wow/,https://shucktheoyster.b-cdn.net/wp-content/uploads/2026/09/16_002-2-1.jpg,"DIAL: Tropical radium dial, syringe radium hands · CASE: Stainless steel watch case with screwdown caseback, serial: 54405 · MOVEMENT: Manual wind, high grade, Valjoux 71 calibre · STRAP: New, Italian handmade, brown pigskin leather strap · CONDITION: Overall, the watch is in excellent condition. The original  dial is in outstanding condition, showing a stunning, tropical patina.  Dial and hands retain original radium lume, which has aged to a beautiful colour. The watch case is unpolished, very sharp, in excellent condition. The watch was just serviced by our watchmaker, thus in excellent running condition, keeping accurate time (335°; 4s/d). This is a very rare and outstanding chronograph, original in all parts. This unique watch comes from a Heuer collector in Rome, Italy. Absolutely stunning!",Shuck the Oyster,False,False
Rolex Explorer 14270 Oyster Perpetual,Rolex,6800,https://www.shucktheoyster.com/portfolio/rolex-explorer-14270-oyster-perpetual/,https://shucktheoyster.b-cdn.net/wp-content/uploads/2026/09/6_004-1.jpg,"DIAL: Black luminous dial, Mercedes hands · CASE: Stainless steel watch case, with screwdown caseback; serial: P531585 · DIAMETER: 40mm · MOVEMENT: High grade, automatic movement, Rolex calibre 3000 · BRACELET: Original, Oyster bracelet 78790/558B X3 clasp code · CONDITION: Overall the watch is in excellent condition. Dial and hands are in mint condition with no scratches or cracks, showing original tritium luminous. The watch case appears to be unpolished. The long bracelet is in good condition.. The watch was just serviced by our watchmaker, and remains in excellent running condition, keeping very accurate time (275°; +0s/d). The watch was acquired from the first owner in Rome, Italy. The watch comes with it original punched papers.",Shuck the Oyster,False,False
Rolex 'Ovettone' Datejust 18k WOW!,Rolex,14500,https://www.shucktheoyster.com/portfolio/rolex-ovettone-datejust-18k-wow/,https://shucktheoyster.b-cdn.net/wp-content/uploads/2026/09/17_008-3.jpg,"DIAL: Silver tritium dial, gold dauphine tritium hands · CASE: 18k gold watch case with screwdown caseback, serial: 837033 · MOVEMENT: High grade, Rolex automatic movement · STRAP: Vintage NOS black leather strap · CONDITION: Overall, the watch is in very good condition. The dial has assumed a homogenous patina. The hands are flawless. The 18k gold watch case is in excellent condition, showing a deep hallmark. The red date switches easily. The movement is in very good condition. The watch was just serviced by our watchmaker, thus in excellent running condition. (3150°; +4s/d). The watch comes from a collector in Rome, Italy. Absolutely outstanding Datejust!",Shuck the Oyster,False,False
Omega Seamaster 300 135.004-63 PAF,Omega,7000,https://www.shucktheoyster.com/portfolio/omega-seamaster-300-135-004-63-paf/,https://shucktheoyster.b-cdn.net/wp-content/uploads/2026/09/4_005-1.jpg,"DIAL: Matte, black tritium dial, luminous tritium hands · CASE: Stainless steel lyre lug case with screwdown caseback, serial: 21087217 · DIAMETER: 38mm · MOVEMENT: High grade, Omega manual wind calibre 286, serial: 21087217 · STRAP: New, handmade Italian pigskin leather strap · CONDITION: Overall, the watch is in good condition. The original dial is in fair condition. Dial and hands show original tritium luminous. The original crystal shows the Omega logo. The watch case appears to be in good condition. The recently serviced watch is running strong with a high amplitude, keeping accurate time (305°, +3s/d). The watch comes from a collector in Frankfurt, Germany.. It comes with a Omega extract of the archives.",Shuck the Oyster,False,False
Omega Seamaster 30 130.007-63 PAF,Omega,3000,https://www.shucktheoyster.com/portfolio/omega-seamaster-30-130-007-63-paf/,https://shucktheoyster.b-cdn.net/wp-content/uploads/2026/09/3_013-1.jpg,"DIAL: Matte, black tritium dial, luminous sword hands · CASE: Stainless steel case with screwdown caseback, serial: 20804294 · DIAMETER: 35mm · MOVEMENT: High grade, Omega manual wind calibre 286, serial: 20804294 · STRAP: New, handmade Italian pigskin leather strap · CONDITION: Overall, the watch is in very good condition. The original dial is in excellent condition. Dial and hands show original tritium that has homogeneously aged to a dark green colour. The original crystal shows the Omega logo. The watch case appears to be in very good condition. The recently serviced watch is running strong with a high amplitude, keeping accurate time (275°, +3s/d). The watch comes from a collector Frankfurt, Germany. It comes with a Omega extract of the archives.",Shuck the Oyster,False,False
Heuer Carrera Vintage Chronograph 2456T Tachy,Heuer,10500,https://www.shucktheoyster.com/portfolio/heuer-carrera-vintage-chronograph-2447t-tachy/,https://shucktheoyster.b-cdn.net/wp-content/uploads/2026/09/14_004-1.jpg,"DIAL: Silver tritium tachymeter dial, gold  tritium 1st exec. hands · CASE: 18k gold watch case with screwdown caseback, serial: 63530 · DIAMETER: 35,5mm · MOVEMENT: High grade, Valjoux 72 calibre · STRAP: New, Italian handmade, calf leather racing strap · CONDITION: Overall, the watch is in excellent condition. Tritium Dial and hands appear to be in excellent condition. The watch case is in very good condition, lightly polished. The recently serviced watch is running strong, with a high amplitude, keeping accurate time. (285°; +6/d). The watch comes from a collector in Frankfurt, Germany. Very nice and rare example.",Shuck the Oyster,False,False
Heuer Autavia 2446C AAF Vintage Chronograph TOP!,Heuer,10500,https://www.shucktheoyster.com/portfolio/heuer-autavia-2446c-aaf-vintage-chronograph-top-2/,https://shucktheoyster.b-cdn.net/wp-content/uploads/2026/09/7_002-1.jpg,"DIAL: Matte black tritium, white subdials, steel tritium hands · CASE: Stainless steel watch case with snap-in caseback, serial: 748 · DIAMETER: 40mm · MOVEMENT: High grade, manual wind Valjoux 72 calibre · STRAP: New, handmade Italian pigskin leather strap · CONDITION: Overall, the watch is in excellent condition. Dial and hands are in excellent condition, retaining original tritium luminous that has aged to a homogenous, beautiful amber colour. The watch case appears to be in very good condition, very sharp. The caseback shows the number 748. The watch was issued by the Argentinian Air Force! The bidirectional bezel is in very good condition. The watch was recently serviced, thus in very good running condition, keeping very accurate time. (290°, +7s/d). The watch comes from a collector in Germany.",Shuck the Oyster,False,False
Aqualung Vintage Diver U.S. Divers,Other,5000,https://www.shucktheoyster.com/portfolio/aqualung-vintage-diver-u-s-divers-2/,https://shucktheoyster.b-cdn.net/wp-content/uploads/2026/09/33_013-1.jpg,"DIAL: Original, matte black radium dial, radium pencil hands · CASE: Stainless steel watch case with screwdown caseback, serial: 1573-666 · DIAMETER: 38mm · MOVEMENT: Automatic wind movement, calibre Felsa 4004 signed Schild &amp; Co. · STRAP: New, handmade Italian pigskin leather strap · CONDITION: Overall, the watch is in excellent condition. The dial appears to be in good condition. The dial is set with a luminous that shines orange when exposed to UV light, which is typical of Aqualung. Very interesting and original. The watch case appears to be unpolished, extremely sharp. The bidirectional coronet bezel is in excellent condition and turns with the right tension. The watch was recently serviced, runs with a high amplitude and keeps accurate time. (+300; 2s/d). The watch comes from a collector in Frankfurt, Germany.",Shuck the Oyster,False,False
Tudor Vintage Submariner 7928/0,Tudor,13800,https://www.shucktheoyster.com/portfolio/tudor-vintage-submariner-7928-0-2/,https://shucktheoyster.b-cdn.net/wp-content/uploads/2026/09/40_002-1.jpg,"DIAL: Matte black chapter ring tritium dial, mercedes tritium hands · DIAMETER: 40mm · MOVEMENT: High grade, automatic 320 calibre · BRACELET: Rare, unpolished 7206/60I stainless steel stretch bracelet from 2/65 · CONDITION: Overall, the watch is in outstanding condition. Dial and hands are in perfect condition, almost never seen on Tudor watches. Both retain original tritium luminous. The case is clearly unpolished with clean, original chamfers. The long 5 bezel is in very good condition, showing a beautiful fade to gray. The watch was just serviced by our watchmaker, running with an amplitude of 320° and +4s/d. The watch comes from a collector in the Netherlands. A very nice example.",Shuck the Oyster,False,False
Corum Spartacus 2000 Jumbo 89181V20,Other,4500,https://www.shucktheoyster.com/portfolio/corum-spartacus-2000-jumbo-89181v20/,https://shucktheoyster.b-cdn.net/wp-content/uploads/2026/09/35_007-1.jpg,"DIAL: Original gray dial, steel hands · DIAMETER: 36x38mm · MOVEMENT: High grade Corum automatic movement · BRACELET: Original, stainless steel Corum bracelet · CONDITION: Overall, the watch appears to be in excellent condition. The dial is in very good condition The watch case appears to be unpolished, very sharp. A beautiful Cabochon crown is in place. The recently serviced watch is in excellent running condition, keeping accurate time (285°, +2s/d). The watch was acquired from the family of the first owner in Germany this summer. A fresh to the market, honest and all original Spartacus 2000 Jumbo.",Shuck the Oyster,False,False
Heuer Silverstone Vintage Chronograph 110.313,Heuer,6500,https://www.shucktheoyster.com/portfolio/heuer-silverstone-vintage-chronograph-110-313-2/,https://shucktheoyster.b-cdn.net/wp-content/uploads/2026/09/39_007-1.jpg,"DIAL: Fume tritium dial, white tritium hands · CASE: Stainless steel watch case with screwback, serial: 308697 · MOVEMENT: High grade, automatic calibre 12 · STRAP: New textured calf leather strap by JP Menicucci · CONDITION: Overall, the watch is in outstanding condition. Dial and hands show original tritium, remaining in excellent condition with an extremely beautiful patina. Both remain in excellent, beautiful condition. The unpolished watch case is in excellent condition. The watch was just serviced by our watchmaker, it&#8217;s running strong with all functions intact (275°; +2s/d). The watch was acquired from the first owner in Northern Italy. An absolutely stunning watch and example.",Shuck the Oyster,False,False
Heuer Montreal Vintage Chronograph 110.501,Heuer,4500,https://www.shucktheoyster.com/portfolio/heuer-montreal-vintage-chronograph-110-501-5/,https://shucktheoyster.b-cdn.net/wp-content/uploads/2026/09/38_003-1.jpg,"DIAL: Black tritium dial, white pencil tritium hands · CASE: PVD Coated stainless steel watch case with screwdown caseback · MOVEMENT: High grade, automatic wind, calibre 12 · BRACELET: Original PVD coated stainless steel bracelet · CONDITION: Overall, the watch is in excellent condition. Hands and dial are flawless. The dial and hands show original tritium lume, which has aged to a nice, even custard colour. The watch case is unpolished, in excellent condition. The watch was just serviced, runs with a very high amplitude, keeping very accurate time (305°, +4s/d). The watch was acquired from the first owner in Germany.",Shuck the Oyster,False,False
Heuer GMT 1163 White Orange Boy Vintage Chronograph,Heuer,13900,https://www.shucktheoyster.com/portfolio/heuer-gmt-1163-white-orange-boy-vintage-chronograph/,https://shucktheoyster.b-cdn.net/wp-content/uploads/2026/09/18_003-1.jpg,"DIAL: Original, white tritium dial, chocolate brown subdials, steel orange tritium hands · CASE: Stainless steel, watch case with screwdown caseback, serial: 241252 · DIAMETER: 41mm · MOVEMENT: High grade, automatic calibre 12 · STRAP: New, Italian handmade, brown pigskin leather strap · CONDITION: Overall, the watch is in excellent  condition. The dial is in very good condition, showing a homogenous patina. Dial and hands retain original tritium. The subdials have developed a homogenous, chocolate brown patina. Very appealing. The watch case remains unpolished, very sharp, in excellent condition. The watch was recently serviced, all functions intact, keeping accurate time (300°; +2s/d). It was acquired from the family of the first owner in Bonn, Germany.",Shuck the Oyster,False,False
Universal Genève Uni-Compax Vintage Chronograph 884.480,Other,3750,https://www.shucktheoyster.com/portfolio/universal-geneve-uni-compax-vintage-chronograph-884-480/,https://shucktheoyster.b-cdn.net/wp-content/uploads/2026/09/25_003-1.jpg,"DIAL: Silvered dial, gold hands · CASE: Stainless steel watch case with snap-in caseback, serial: 4093779 · MOVEMENT: High grade, manual wind UG84 calibre · BRACELET: Original UG stainless steel bracelet max length: 18mm · CONDITION: Overall, the watch is in excellent condition. Dial and hands appear to be flawless. The watch case appears to be unpolished. The watch was just serviced by our watchmaker, runs with a high amplitude over 325°, within +2s/d deviation, thus in excellent running condition, keeping very accurate time. The watch was purchased from the first owner, in Italy. This UG Compax is one of the last references produced by Universal Geneve before going out of business.",Shuck the Oyster,False,False
IWC BUND Ocean 2000 3529 Military Watch 6645-12-339-1536,IWC,18500,https://www.shucktheoyster.com/portfolio/iwc-bund-ocean-2000-3529-military-watch-6645-12-339-1536/,https://shucktheoyster.b-cdn.net/wp-content/uploads/2026/09/24_007-3.jpg,"DIAL: Black tritium dial, baton tritium hands · CASE: Titanium watch case with screwdown caseback, serial: 2622619 · DIAMETER: 41mm · MOVEMENT: IWC automatic movement, cal. 37521, serial: 2526484 · STRAP: Gray textile strap · CONDITION: Overall, the watch is in excellent, all original condition. Dial and hands are in excellent condition. Both dial and hands retain original tritium luminous, that has aged to a custard  colour. The watch case is in excellent, unpolished  condition. The watch was just serviced by our watchmaker, thus in excellent running condition, keeping very accurate time (290; +2s/d). The watch comes from an important Italian collection. Rare &amp; Special!",Shuck the Oyster,False,False
Cartier Tank Solo XL 3800,Cartier,3650,https://www.shucktheoyster.com/portfolio/cartier-tank-solo-xl-3800/,https://shucktheoyster.b-cdn.net/wp-content/uploads/2026/09/29_002-1.jpg,"DIAL: Silver dial, blued hands · CASE: Stainless steel watch case, signed Cartier, serial: 698936XX · DIAMETER: 31x40mm · MOVEMENT: High grade Cartier automatic movement · BRACELET: Original Cartier bracelet with butterfly clasp · CONDITION: Overall, the watch appears to be in excellent condition. The dial is flawless, showing no blemishes. The watch case appears to be unpolished, in very good overall condition. The serviced watch is in excellent running condition, keeping accurate time (310°+8s/d). The watch comes from a collector in Berlin, Germany.",Shuck the Oyster,False,False
IWC MARK XII Mark 12 'Die Fliegeruhr' 3241 FULL SET,IWC,4850,https://www.shucktheoyster.com/portfolio/iwc-mark-xii-mark-12-die-fliegeruhr-3241-full-set/,https://shucktheoyster.b-cdn.net/wp-content/uploads/2026/09/9_031-1.jpg,"DIAL: Black tritium dial, steel baton tritium hands · CASE: Stainless steel watch case with screwdown caseback, serial: 2656833 · MOVEMENT: High grade, automatic wind calibre 884/2, serial: 2815553 · STRAP: Original IWC leather strap with IWC buckle",Shuck the Oyster,False,False
Heuer Camaro Vintage Chronograph 7220S,Heuer,5450,https://www.shucktheoyster.com/portfolio/heuer-camaro-vintage-chronograph-7220s-2/,https://shucktheoyster.b-cdn.net/wp-content/uploads/2026/09/32_010-1.jpg,"DIAL: Silver sunburst tritium dial, steel tritium hands · CASE: Stainless steel watch case with screwdown caseback, serial: 118164 · DIAMETER: 37mm &#8211; LUG TO LUG: 43,5mm · MOVEMENT: High grade, manual wind movement, cal. Valjoux 72 · STRAP: New, Italian handmade, calf leather racing strap · CONDITION: Overall, the watch is in excellent condition. Dial and hands are in excellent condition, both showing original tritium luminous that has aged to a homogenous custard colour. The watch case appears to be unpolished, in very good condition. The watch was just serviced by our watchmaker, thus in excellent running condition. (270°; +2s/d). The watch was acquired from the family of the first owner in Saarland, Germany.",Shuck the Oyster,False,False
Omega Speedmaster Professional Chronograph 395.50.00 FULL SET,Omega,5500,https://www.shucktheoyster.com/portfolio/omega-speedmaster-professional-chronograph-395-50-00-full-set/,https://shucktheoyster.b-cdn.net/wp-content/uploads/2026/07/3_009-1.jpg,"DIAL: Matte, black tritium dial, tritium hands · CASE: Stainless steel watch case with screwdown caseback · DIAMETER: 40mm · MOVEMENT: High grade Omega calibre 861, serial: 48262862 · BRACELET: Original, stainless steel 1479/812 bracelet · CONDITION: Overall, the watch is in excellent condition. The dial is flawless. The lume shows a beautiful amber colour. The case remains in excellent, unpolished condition. The bezel is in excellent condition, showing a light fade to gray. The recently serviced watch (275°; +8s/d) is in very good running condition, keeping very accurate time. The watch comes with the original box and papers. It was found a few years ago, completely untouched from the first owner in France.",Shuck the Oyster,False,False
SINN Vintage Chronograph 140/42,Other,3400,https://www.shucktheoyster.com/portfolio/sinn-vintage-chronograph-140-42/,https://shucktheoyster.b-cdn.net/wp-content/uploads/2026/07/20_005-1.jpg,"DIAL: Black tritium dial, tritium hands · CASE: PVD coated stainless steel case with screwdown caseback, serial: 4510360 · DIAMETER: 43mm · MOVEMENT: High grade Lemania automatic movement · BRACELET: Original Sinn PVD coated bracelet · CONDITION: The watch is in overall excellent condition. The dial and hands are in very good condition, retaining original tritium that has aged homogeneously to a beautiful lemon colour. The watch case appears to be unpolished. The watch has just been serviced, thus in very good running condition keeping very accurate time. (275°, +4sd). The watch comes from the family of the  first owner in Germany. A great chance to acquire a really rare and special watch.",Shuck the Oyster,False,False
Breitling Top Time Vintage Chronograph 810 PANDA,Breitling,4800,https://www.shucktheoyster.com/portfolio/breitling-top-time-vintage-chronograph-810-panda/,https://shucktheoyster.b-cdn.net/wp-content/uploads/2026/07/28_003-1.jpg,"DIAL: Silver sunburst tritium panda dial, steel baton tritium hands · CASE: Stainless steel watch case with snap-in caseback, serial: 1134682 · DIAMETER: 38mm · MOVEMENT: High grade, manual wind Breitling movement, cal. Venus 178 · STRAP: New, Italian handmade, calf leather racing strap · CONDITION: Overall, the watch is in near mint condition. The dial and hands are near flawless. The original lume has aged to an extremely appealing, homogenous custard colour. The watch case appears to be unpolished. The serviced movement is very clean and working strong. The chronograph starts, stops and resets neatly. The watch was just serviced by our watchmaker, thus in very good running condition, keeping very accurate time. (300°, +0s/d). The watch comes from a collector in Cologne, NRW. Very clean, taken care of, nice watch!",Shuck the Oyster,False,False
Fortis Official Cosmonauts Chronograph 603.22.151 RARE,Other,2500,https://www.shucktheoyster.com/portfolio/fortis-official-cosmonauts-chronograph-603-22-151-rare/,https://shucktheoyster.b-cdn.net/wp-content/uploads/2026/07/31_004-1.jpg,"DIAL: Original, black tritium dial, black tritium hands · CASE: Stainless steel watch case with screwdown caseback, serial: 1071 · DIAMETER: 37,5mm · MOVEMENT: High grade, automatic Fortis 652 calibre · STRAP: New, handmade Italian, black pigskin leather strap · CONDITION: Overall, the watch is in excellent condition. Dial and hands are flawless. Both, dial and hands retain original tritium lume. The case remains in very good condition, likely unpolished. The watch was just serviced by our watchmaker, thus in very good running condition, keeping accurate time; 320°; +1s/d. The rare watch comes from the first owner in Bonn, Germany. A very coherent, technical tool design. Excellent piece!",Shuck the Oyster,False,False
Heuer Autavia 2446 1st Execution Vintage Chronograph WOW!,Heuer,38500,https://www.shucktheoyster.com/portfolio/heuer-autavia-2446-1st-execution-vintage-chronograph-wow/,https://shucktheoyster.b-cdn.net/wp-content/uploads/2026/07/26_004-2.jpg,"DIAL: Matte black radium dial, white subdials, steel dauphine radium hands · CASE: Stainless steel watch case with screwdown caseback, serial: 52773 · DIAMETER: 39mm · MOVEMENT: High grade, manual wind, Valjoux 72 calibre · STRAP: New, Italian handmade, calf leather racing strap · CONDITION: Overall, the watch is in excellent condition. 1st execution dial and 2nd execution steel dauphine hands show original radium, an even patina, responding to the geiger counter correctly. The watch case appears to be unpolished, showing long, beveled, sharp lugs. The bezel remains in excellent condition showing a beautiful fade to gray. The watch was recently serviced, runs with a very high amplitude, keeping very accurate time. (285°; +2s/d). The watch shows a caseback engraving: ‘AND THE LORD SHALL GUIDE THEE CONTINUALLY… ISAIAH 58:11 &#8211; LOVE MOM &amp; DAD. This important timepiece comes from a German, one of the most complete and important Heuer collections worldwide. Highly rare and collectible timepiece.",Shuck the Oyster,False,False
Heuer Panda Vintage Chronograph 73653,Heuer,4850,https://www.shucktheoyster.com/portfolio/heuer-panda-vintage-chronograph-73653-2/,https://shucktheoyster.b-cdn.net/wp-content/uploads/2026/07/34_009-1.jpg,"DIAL: Tropical tritium dial, white subdials, steel tritium hands · CASE: Stainless steel watch case with screwdown caseback, serial: 153xxx · DIAMETER: 38mm · MOVEMENT: High grade, manual wind, Heuer signed Valjoux 7736 · STRAP: New, Italian handmade, calf leather racing strap · CONDITION: Overall, the watch is in very good condition. Hands and dial appear to be in very good condition, both retaining their original tritium and showing a homogenous patina.  The watch case appears to be unpolished. The watch was recently serviced, is running strong, showing a high amplitude, keeping very accurate time. (315°; +4s/d). The watch was acquired from the family of the first owner in Rome, Italy. A real highlight, impossible to find again in this condition.",Shuck the Oyster,False,False
IWC Pyramid Bracelet For Doppelchronograph 3711,IWC,1750,https://www.shucktheoyster.com/portfolio/iwc-pyramid-bracelet-for-doppelchronograph-3711/,https://shucktheoyster.b-cdn.net/wp-content/uploads/2026/07/9_003-1.jpg,"CONDITION: Top, unworn condition, full length",Shuck the Oyster,False,False
IWC Vintage Watch,IWC,1500,https://www.shucktheoyster.com/portfolio/iwc-vintage-watch/,https://shucktheoyster.b-cdn.net/wp-content/uploads/2026/07/37_005-1.jpg,"DIAL: Blue dial, steel hands · CASE: Stainless steel watch case with screwdown caseback, serial: 2006672 · DIAMETER: 36mm · MOVEMENT: High grade, manual wind calibre8541B, serial: 1977315 · STRAP: New, Italian handmade, black pigskin leather strap · CONDITION: Overall, the watch is in very good condition. Dial and hands are in very good condition. The watch case appears to be in very good condition. The recently serviced timepiece is in excellent running condition, keeping very accurate time (330, +4s/d). The watch comes from an German collector.",Shuck the Oyster,False,False
Omega Speedmaster Professional 145.012-67 SP Ultraman,Omega,27500,https://www.shucktheoyster.com/portfolio/omega-speedmaster-professional-145-012-67-sp-ultraman-3/,https://shucktheoyster.b-cdn.net/wp-content/uploads/2026/07/18_007-1.jpg,"DIAL: Matte black tritium step dial, white tritium hands, orange chronograph hand · CASE: Stainless steel lyre lug case with screwdown caseback · DIAMETER: 40mm · MOVEMENT: High grade, Omega 321 manual wind calibre, serial: 26079613 · STRAP: New, Italian handmade, calf leather racing strap · CONDITION: Overall, the watch is in very good condition. Dial and hands are absolutely flawless. The original tritium appears to be in excellent condition, perfectly even under UV light. The DO90 bezel remains in good condition with a few dings and loss of lacquer. The characteristic lyre lug case is in very good condition, unpolished and very sharp. The recently serviced movement is clean and works properly. (320°; +5s/d). The chronograph starts, stops and resets to zero without issues. The watch is in very good running condition, keeping accurate time. The watch fits the commonly accepted Ultraman serial range. The watch comes from a private collector in Rome, Italy.",Shuck the Oyster,False,False
Omega Speedmaster Professional 145.022-69ST,Omega,5500,https://www.shucktheoyster.com/portfolio/omega-speedmaster-professional-145-022-69st/,https://shucktheoyster.b-cdn.net/wp-content/uploads/2026/07/19_008-1.jpg,"DIAL: Matte black tritium step dial, white tritium hands · CASE: Stainless steel lyre lug case with screwback · DIAMETER: 40mm · MOVEMENT: High grade, Omega 861, serial: 30586890 · BRACELET: Original Omega 1162/575 bracelet (full length) · CONDITION: Overall, the watch is in very good condition. The step dial is in excellent condition. The original tritium lume on dial and hands is in very good condition. The bezel is in very good condition. The watch case appears to be in very good condition, as well . The movement is clean. The serviced watch is in very good running condition, keeping accurate time. (330°; +2s/d). The watch comes from the first owner in Italy.",Shuck the Oyster,False,False
Panerai Luminor Marina PAM00176 MINT FULL SET,Panerai,4700,https://www.shucktheoyster.com/portfolio/panerai-luminor-marina-op6570-mint-full-set/,https://shucktheoyster.b-cdn.net/wp-content/uploads/2026/07/2_032-1.jpg,"DIAL: Black luminous dial, steel luminous hands · CASE: Titanium watch case with screwdown caseback, serial: BB1216576 / OP6570 · DIAMETER: 44mm · MOVEMENT: Manual wind Panerai movement · STRAP: Custom Camo handmade leather strap · CONDITION: Overall, the watch is in excellent  condition. Dial and hands are flawless. The watch case remains in unpolished condition. The watch comes from a collector in Rome, Italy. The barely worn watch comes with original box, original papers, invoice, etc.",Shuck the Oyster,False,False
Sinn Vintage Chronograph 623 Prototype,Other,3500,https://www.shucktheoyster.com/portfolio/sinn-vintage-chronograph-623-prototype/,https://shucktheoyster.b-cdn.net/wp-content/uploads/2026/07/29_005-1.jpg,"DIAL: Original, gold tritium dial, blac/gold tritium hands · CASE: 20 micron gold platedl watch case with snap-in caseback · DIAMETER: 41mm · MOVEMENT: High grade, automatic wind calibre Lemania 5100, serial: 4387100 · STRAP: Original, Tropic strap · CONDITION: Overall, the watch is in mint  condition. The original dial and hands remain in excellent condition, with a beautiful lume patina. Both dial and hands retain original tritium lume. The watch appears to be unpolished, showing the original finish. The watch was just serviced by our watchmaker, thus in very good running condition, keeping accurate time; 270°; +10s/d. The watch was recently found in Switzerland, never seen before, thus extremely rare and special.",Shuck the Oyster,False,False
Yema Rallygraf Vintage Chronograph,Other,3750,https://www.shucktheoyster.com/portfolio/yema-rallygraf-vintage-chronograph/,https://shucktheoyster.b-cdn.net/wp-content/uploads/2026/07/23_007-1.jpg,"DIAL: Matte, black tritium dial, white tritium hands · CASE: Stainless steel watch case with screwdown caseback, serial: 850737 · DIAMETER: 40mm · MOVEMENT: High grade, manual wind, cal. Valjoux 7750 · STRAP: Gray, tropic rubber strap · CONDITION: Overall, the watch is in very good condition. Dial and hands are in very good condition. Dial and hands retain original tritium luminous. The watch case appears to be in very good condition. The watch is in very good running condition, keeping accurate time (285°; +4/d). A nice, cool chronograph! The watch comes from a collector in Ireland.",Shuck the Oyster,False,False
Zenith Port Royal Tricompax Vintage Chronograph 92.0100.418 FULL SET,Zenith,8900,https://www.shucktheoyster.com/portfolio/zenith-port-royal-tricompax-vintage-chronograph-92-0100-418-full-set/,https://shucktheoyster.b-cdn.net/wp-content/uploads/2026/07/42_028-1.jpg,"DIAL: Original, gray cream dial with white tritium hands, German calendar · CASE: Titanium and 14k gold watch case with screw down caseback · DIAMETER: 40mm · MOVEMENT: High grade, manual wind movement, calibre Zenith 410 · BRACELET: Original Zenith titanium and 14k gold bracelet · CONDITION: Overall the watch is in excellent condition. The original dial is in excellent condition, absolutely stunning in any lighting, showing a beautiful patina to the lume. The dial proportions are elegant, well organized. The watch case appears to be unpolished. The watch shows a German calendar that is working properly. The watch was just serviced by our watchmaker, thus in very good running condition, keeping accurate time. It is running with an amplitude over 290°; +4s/d. The watch was acquired from the family of the first owner in Italy. An amazing timepiece, full set, with original box, papers and manual.",Shuck the Oyster,False,False
Jaquet Droz Vintage Diver,Other,2500,https://www.shucktheoyster.com/portfolio/jaquet-droz-vintage-diver/,https://shucktheoyster.b-cdn.net/wp-content/uploads/2026/06/31_008-1.jpg,"DIAL: Black glossy tritium dial, steel tritium hands · CASE: Stainless steel watch case with screwdown caseback · DIAMETER: 35mm · MOVEMENT: High grade, automatic movement, cal. 2472 · STRAP: New, handmade Italian, black pigskin leather strap · CONDITION: Overall, the watch is in excellent condition. Dial and hands appear to be in very good condition, both retaining tritium luminous. The watch case appears to be in very good condition, presumably unpolished. The watch was acquired from a private collector in Germany.  The watch was recently serviced, running with a high amplitude keeping very accurate time. (265°; +6s/d). Original, beautiful diver.",Shuck the Oyster,False,False
MAD2 Eric Giroud Green,Other,4850,https://www.shucktheoyster.com/portfolio/mad2-eric-giroud-green/,https://shucktheoyster.b-cdn.net/wp-content/uploads/2026/06/14_008-1.jpg,"DIAL: Green dial · CASE: Stainless steel watch case, serial: M02S4381 · DIAMETER: 41,5mm · MOVEMENT: High grade, automatic M1C movement · STRAP: Original green leather strap · CONDITION: The watch is new and unworn, complete with all accessories. Rare opportunity at a fun piece!",Shuck the Oyster,False,False
Omega Speedmaster Professional Chronograph 145.022,Omega,4450,https://www.shucktheoyster.com/portfolio/omega-speedmaster-professional-chronograph-145-022-7/,https://shucktheoyster.b-cdn.net/wp-content/uploads/2026/06/5_008-1.jpg,"DIAL: Matte, black tritium dial, tritium hands · CASE: Stainless steel watch case with screwdown caseback · DIAMETER: 40mm · MOVEMENT: High grade Omega calibre 861, serial: 48295436 · BRACELET: Original, stainless steel 1479/812 bracelet · CONDITION: Overall, the watch is in excellent condition. The dial is flawless. The lume shows a beautiful vanilla colour. The case remains in unpolished condition. The bezel is in excellent condition. The crystal shows the Omega signet. The recently serviced watch (275°; +8s/d) is in very good running condition, keeping very accurate time. If you want an excellent, all original, Speedmaster for a price &#8211; this is your watch!",Shuck the Oyster,False,False
Omega Seamaster Trilogy 234.10.39.20.01.001 FULL SET,Omega,5750,https://www.shucktheoyster.com/portfolio/omega-seamaster-trilogy-234-10-39-20-01-001-full-set/,https://shucktheoyster.b-cdn.net/wp-content/uploads/2026/06/6_012-1.jpg,"DIAL: Matte black luminous dial, steel luminous hands · CASE: Stainless steel watch case with screwdown caseback · DIAMETER: 39mm · MOVEMENT: High grade, Omega 1861, serial: 2168/3557 · BRACELET: Original Omega stainless steel bracelet · CONDITION: Overall, the watch is in excellent condition. Dial and hands are absolutely flawless. The characteristic case is in excellent, unpolished condition. The watch is in excellent running condition, keeping accurate time. The watch comes as a full set with box &amp; accessories and cards. A beautiful, unworn modern Seamaster.",Shuck the Oyster,False,False
Omega Seamaster XVI Vintage Wristwatch 2850 SC WOW,Omega,6500,https://www.shucktheoyster.com/portfolio/omega-seamaster-xvi-vintage-wristwatch-2850-sc-wow/,https://shucktheoyster.b-cdn.net/wp-content/uploads/2026/06/30_002-1.jpg,"DIAL: Cream dial, gold dauphine hands · CASE: 18k gold watch case with snapin caseback, serial: 11424622 · DIAMETER: 34mm · MOVEMENT: High grade, automatic wind calibre 471, serial: 14736482 · STRAP: Vintage, Omega black leather leather strap, Swiss made, with original plated Omega buckle · CONDITION: Overall, the watch is in mint condition. The cream colour dial is in stunning, all original condition. All lume plots are in place. The watch case is in excellent condition, still sharp, showing deep hallmarks. The watch was just serviced by our watchmaker, thus in excellent mechanical condition. (330°; +2s/d). The watch was acquired from a collector in Rome, Italy. This watch was made for the 1956 Melbourne Olympic Games. A very sharp, top condition solid gold Seamaster you will not regret!",Shuck the Oyster,False,False
Breitling Original Bracelet,Breitling,1650,https://www.shucktheoyster.com/portfolio/breitling-original-bracelet/,https://shucktheoyster.b-cdn.net/wp-content/uploads/2026/06/2_002.jpg,"CONDITION: Excellent Condition, full length",Shuck the Oyster,False,False
Sinn 103B Original Dial,Other,450,https://www.shucktheoyster.com/portfolio/sinn-103b-original-dial/,https://shucktheoyster.b-cdn.net/wp-content/uploads/2026/06/6_003.jpg,"CONDITION: excellent, original condition!",Shuck the Oyster,False,False
Heuer Temporada Original Dial Red,Heuer,250,https://www.shucktheoyster.com/portfolio/heuer-temporada-original-dial-red/,https://shucktheoyster.b-cdn.net/wp-content/uploads/2026/06/5_004.jpg,,Shuck the Oyster,False,False
Mauser Watch Caliper RARE,Other,0,https://www.shucktheoyster.com/portfolio/mauser-watch-caliper-rare/,https://shucktheoyster.b-cdn.net/wp-content/uploads/2026/06/4_005.jpg,,Shuck the Oyster,False,True
Breitling Chrono-Matic Vintage Chronograph 1809,Breitling,3500,https://www.shucktheoyster.com/portfolio/breitling-chrono-matic-vintage-chronograph-1809/,https://shucktheoyster.b-cdn.net/wp-content/uploads/2026/05/13_008-1.jpg,"DIAL: Original, black tritium dial, white/orange tritium hands · CASE: Stainless steel with screwdown caseback, serial: 1442540 · DIAMETER: 44mm · MOVEMENT: High grade, automatic movement, calibre 14 · BRACELET: Original Breitling stainless steel bracelet (full length) · CONDITION: Overall the watch is in excellent condition. Dial and hands are in excellent condition, with matching, original tritium luminous. The case appears to be unpolished, in excellent condition. The chronograph is in full working order starting, stopping and resetting to ‘0’. The watch was just serviced by our watchmaker, thus in excellent running condition, keeping accurate time. (+260; +8s/d). The watch comes from the family of the first owner, in Germany.",Shuck the Oyster,False,False
Omega Memomatic 166.071,Omega,2500,https://www.shucktheoyster.com/portfolio/omega-memomatic-166-077/,https://shucktheoyster.b-cdn.net/wp-content/uploads/2026/05/24_008-2.jpg,"DIAL: Grey tritium dial, white tritium hands · CASE: Stainless steel watch case with screwdown caseback · DIAMETER: 39,5mm · MOVEMENT: High grade, automatic calibre 980, serial: 30010666 · BRACELET: Original Omega stainless steel 1125/185 bracelet · CONDITION: Overall, the watch is in very good condition. The dial is in very good condition. Both dial and hands retain original tritium. The watch case appears to be in excellent condition. The watch was just serviced by our watchmaker, thus in perfect mechanical condition. (295°; +4s/d). The watch comes from the family of the first owner in Cologne, Germany. A very nice, budget friendly vintage watch with character.",Shuck the Oyster,False,False
Mulco Vintage Spillman Chronograph,Other,2950,https://www.shucktheoyster.com/portfolio/mulco-vintage-spillman-chronograph/,https://shucktheoyster.b-cdn.net/wp-content/uploads/2026/05/34_009-1.jpg,"DIAL: Original, black multiscale radium dial with Arabic numerals, white radium hands · CASE: Stainless steel watch case with screwback caseback, serial: 281100 · DIAMETER: 38mm · MOVEMENT: High grade, Valjoux 22 chronograph movement, 17 jewels · STRAP: Vintage style calf leather strap · CONDITION: Overall, the watch is in very good condition. The original dial is in very good condition, showing a homogenous patina. The watch case is in very good condition not showing any signs of polishing. The chronograph starts, stops and resets without any issues. The serviced watch in excellent running condition, keeping accurate time (250°, +2s/d). The watch comes from a collector in the Netherlands.",Shuck the Oyster,False,False
Omega Speedmaster Professional 145.022-69 ST RACING RARE,Omega,39500,https://www.shucktheoyster.com/portfolio/omega-speedmaster-professional-145-022-69-st-racing-rare/,https://shucktheoyster.b-cdn.net/wp-content/uploads/2026/05/21_004-2.jpg,"DIAL: Matte black tritium step dial, white tritium hands · CASE: Stainless steel lyre lug case with screwdown caseback · DIAMETER: 40mm · MOVEMENT: High grade, Omega 861 calibre, serial: 29609944 · STRAP: New, Italian handmade, calf leather racing strap · CONDITION: Overall, the watch is in excellent condition. Dial and hands are flawless. Nice &amp; homogenous lume colour/patina, original tritium on dial and hands. The DO90 bezel is also in excellent condition, showing a nice fade to grey matching the dial. The unpolished watch case is in very good condition, with brushed sides and sharp edges. The seahorse caseback is also in excellent condition. Original crystal with Omega logo, original crown. The serial fits the range of all known and correct 69 racing examples. The watch was just serviced by our watchmaker, thus in excellent running condition, keeping accurate time (280°; +1s/d). The watch comes from the first owner in Germany. The watch comes from the family of the first owner in NRW Germany, and was purchased in Switzerland in the early 70s according to them.  A stunning, coherent and unmolested, all original, 1969 racing Speedmaster in investment grade condition.",Shuck the Oyster,False,False
Omega Speedmaster Professional 145.012-67,Omega,12000,https://www.shucktheoyster.com/portfolio/omega-speedmaster-professional-145-012-67-5/,https://shucktheoyster.b-cdn.net/wp-content/uploads/2026/05/7_012-1.jpg,"DIAL: Matte black tritium step dial, white tritium hands · CASE: Stainless steel lyre lug case with screwdown caseback · DIAMETER: 40mm · MOVEMENT: High grade, Omega 321 calibre, serial: 26544712 · BRACELET: Original, 1039 bracelet with 516 endlinks stamped 2/68 · CONDITION: Overall, the watch is in excellent condition. Dial and hands are flawless. Nice &amp; homogenous lume colour/patina, original tritium on dial and hands. The DO90 bezel is also in excellent condition. The watch case is in very good condition, with brushed sides and sharp edges. The seahorse caseback is also in excellent condition. Original crystal with Omega logo, flat feet crown. The full length bracelet is in excellent condition. The watch was just serviced by our watchmaker, thus in excellent running condition, keeping accurate time (310; +4s/d). The watch comes from the first owner in Germany. A stunning, coherent and unmolested, all original, 1967 pre moon Speedmaster in investment grade condition.",Shuck the Oyster,False,False
Longines Greenlander Military Watch WWW K.N.I.L. 4699 &#8211; UBERRARE,Longines,5900,https://www.shucktheoyster.com/portfolio/longines-greenlander-military-watch-www-k-n-i-l-4699-uberrare/,https://shucktheoyster.b-cdn.net/wp-content/uploads/2026/05/30_009-1.jpg,"DIAL: Matte, black radium dial, radium hands · CASE: Stainless steel watch case with screwdown caseback, serial: F5740 &#8211; 23088/2C16 · DIAMETER: 37mm · MOVEMENT: High grade, manual wind movement, calibre 12.68Z · STRAP: Green, vintage BUND strap · CONDITION: Overall, the watch is in very good condition. Dial and hands appear to be in very good condition. Both dial and hands show original radium. The dial has assumed a homogeneous patina. The watch case appears to be in very good condition. The recently serviced watch is in excellent running condition, keeping accurate time (275°, +4s/d). The watch comes from a collector in the Netherlands. This is one of the rarest military watches in this category. Only a handful are known. Rare collectors piece!",Shuck the Oyster,False,False
Blancpain 50 Fathoms Rotomatic Vintage Diver,Blancpain,29500,https://www.shucktheoyster.com/portfolio/blancpain-50-fathoms-rotomatic-vintage-diver-2/,https://shucktheoyster.b-cdn.net/wp-content/uploads/2026/05/28_008-1-1.jpg,"DIAL: Black radium dial, white radium hands · CASE: Stainless steel watch case with screw down caseback, serial: 889 · DIAMETER: 40mm · MOVEMENT: High grade, automatic calibre AS1361N · STRAP: New, handmade Italian, calf leather strap · CONDITION: Overall, the watch is in very good condition. Dial and hands are in very good condition, both showing original radium luminous, that has aged to a beautiful colour. The watch case appears to be in very good condition, still very sharp and unpolished. The bidirectional bakelite bezel is in very good condition. The watch was just serviced again by our watchmaker, thus in excellent running condition. (290°; +2s/d). The watch comes from a collector in Italy.",Shuck the Oyster,False,False
Eterna Clamshell Vintage Watch,Other,1900,https://www.shucktheoyster.com/portfolio/eterna-clamshell-vintage-watch/,https://shucktheoyster.b-cdn.net/wp-content/uploads/2026/05/4_005-1.jpg,"DIAL: Black gilt dial, gold feuille hands · CASE: Stainless steel watch case with screw-in caseback · DIAMETER: 22,5x39mm · MOVEMENT: High grade, manual wind Eterna calibre · BRACELET: Vintage stainless steel Bonklip bracelet · CONDITION: Overall, the watch is in excellent condition. Dial and hands are in excellent condition. The watch case appears to be unpolished, in overall excellent, superharp condition. The watch is quite large and has a great presence on the wrist. It is serviced, running strong, showing a high amplitude, keeping accurate time. (295°; +2s/d). The watch comes from a collector in Cologne, Germany. A real gem!",Shuck the Oyster,False,False
Heuer Carrera Dato 45 Vintage Chronograph 3147N 1st Execution,Heuer,9850,https://www.shucktheoyster.com/portfolio/heuer-carrera-dato-45-vintage-chronograph-3147n-1st-execution-2/,https://shucktheoyster.b-cdn.net/wp-content/uploads/2026/05/30_008-1.jpg,"DIAL: Matte black tritium dial, steel hands · CASE: Stainless steel watch case with screwdown caseback, serial: 71828 · DIAMETER: 35,5mm · MOVEMENT: Manual wind, Landeron 189 calibre · STRAP: New, Italian handmade, calf leather racing strap · CONDITION: Overall, the watch is in excellent condition. The dial appears to be flawless. The tritium luminous on dial and hands is fully original and all in place. The watch case is in very good condition. The watch was just serviced, thus in very good running condition, keeping accurate time. (300°; +2s/d). The watch was acquired from a collector in Frankfurt, Germany. A very rare watch in investment grade quality.",Shuck the Oyster,False,False
Omega Constellation Megaquartz 196.0015,Omega,1650,https://www.shucktheoyster.com/portfolio/omega-constellation-megaquartz-196-0015/,https://shucktheoyster.b-cdn.net/wp-content/uploads/2026/05/22_007-1.jpg,"DIAL: Silvered tritium dial, steel tritium hands · CASE: Stainless steel watch case with screwdown caseback · DIAMETER: 37mm · MOVEMENT: Quartz movement, cal. 1310, serial: 37900626 · BRACELET: Omega stainless steel bracelet 1037 · CONDITION: Overall the watch is in excellent condition. Dial and hands are in excellent condition, all original. The watch case is in very good condition, unpolished. The movement is also in very good condition. The watch was just serviced by our watchmaker, new batteries, thus is in very good running condition, keeping very accurate time . The watch comes from the first owner in Cologne, Germany. Truly beautiful timepiece.",Shuck the Oyster,False,False
Omega De Ville 14k Ladies Watch,Omega,1250,https://www.shucktheoyster.com/portfolio/omega-de-ville-14k-ladies-watch/,https://shucktheoyster.b-cdn.net/wp-content/uploads/2026/05/7_009-1.jpg,"DIAL: Original gold dial, gold dauphine hands · CASE: 14k gold watch case, signed Omega, serial: 5117012 · DIAMETER: 24mm · MOVEMENT: High grade Omega manual wind movement cal. 625, serial: 38029624 · STRAP: Black perlon strap · CONDITION: Overall, the watch appears to be in good condition. The original dial is in good condition. The watch case appears to be unpolished. The recently serviced watch is in excellent running condition, keeping accurate time (260°, +2s/d). The watch was acquired from the family of the first owner in Germany.",Shuck the Oyster,False,False
Omega De Ville Rectangular Jumbo,Omega,1750,https://www.shucktheoyster.com/portfolio/omega-de-ville-rectangular-jumbo/,https://shucktheoyster.b-cdn.net/wp-content/uploads/2026/05/23_007-1.jpg,"DIAL: Silvered dial, steel hands · CASE: Stainless steel watch case with snap-in caseback · DIAMETER: 50x27mm · MOVEMENT: Automatic Omega movement · BRACELET: Omega stainless steel bracelet · CONDITION: Overall the watch is in excellent ‘untouched’ condition. Dial and hands are in very good condition, all original. The watch case is in excellent condition, unpolished. The movement is also in very good condition. The watch was just serviced by our watchmaker, runs with an amplitude over 260°, thus is in very good running condition, keeping very accurate time (+2s/d). The watch comes from the first owner in Belgium. Truly beautiful timepiece.",Shuck the Oyster,False,False
Omega Geneve Vintage Watch 166.0166,Omega,1450,https://www.shucktheoyster.com/portfolio/omega-geneve-vintage-watch-166-0166/,https://shucktheoyster.b-cdn.net/wp-content/uploads/2026/05/16_007-1.jpg,"DIAL: Silvered tritium dial, steel tritium hands · CASE: Stainless steel watch case with screw down caseback · DIAMETER: 35mm · MOVEMENT: Automatic movement, cal. 1012, serial: 37303529 · STRAP: Original Omega strap with original buckle · CONDITION: Overall the watch is in excellent condition. Dial and hands are in excellent condition. The unpolished watch case is in very good condition. The movement is in excellent condition. The watch was just serviced by our watchmaker, runs with an amplitude over 275°, thus is in very good running condition, keeping very accurate time (+4s/d). The watch comes from a private estate in Spain. The watch comes with its original box.",Shuck the Oyster,False,False
Rolex Submariner 16610 FULL SET,Rolex,8900,https://www.shucktheoyster.com/portfolio/rolex-submariner-16610-full-set-2/,https://shucktheoyster.b-cdn.net/wp-content/uploads/2026/05/15_008-1.jpg,"DIAL: Glossy, black dial tritium dial, steel Mercedes tritium hands · CASE: Stainless steel watch case, with screwdown caseback; serial: S496585 · DIAMETER: 39mm · MOVEMENT: High grade, automatic movement, calibre 3135 · BRACELET: Original Rolex oyster bracelet 93150 with 501B endlinks and T5 clasp code · CONDITION: Overall the watch is in excellent condition. Dial and hands are flawless. The watch case appears to be very good condition, still thick and sharp. The bracelet is in very good condition, fully linked. The recently serviced watch runs with an amplitude of over 280° and shows no time deviation. The watch comes as a complete full set incl. punched papers, calendar, brochures, etc. Great set!",Shuck the Oyster,False,False
Zenith G583 Vintage Chronograph,Zenith,8900,https://www.shucktheoyster.com/portfolio/zenith-g583-vintage-chronograph-2/,https://shucktheoyster.b-cdn.net/wp-content/uploads/2026/05/24_003-1.jpg,"DIAL: Original, gold tritium dial, gold tritium hands · CASE: 18k gold watch case with snap-in caseback, serial: 009E348 · DIAMETER: 37mm · MOVEMENT: High grade manual wind movement, calibre 3019PHC, 17 jewels · STRAP: New, Italian handmade, calf leather racing strap · CONDITION: Overall, the watch is in excellent condition. Dial and hands are in excellent, flawless condition. Both retain their original lume, that has aged to a homogenous, orange colour. The watch case appears to be in very good condition. The watch was just serviced by our watchmaker, now in excellent running condition, keeping very accurate time (265°, +2s/d). A very beautiful and rare timepiece in investment grade condition. Only 350 pieces ever made.",Shuck the Oyster,False,False
IWC Aquatimer Supercompressor GST2000 3536 PAPERS,IWC,4900,https://www.shucktheoyster.com/portfolio/iwc-aquatimer-supercompressor-gst2000-3536-papers/,https://shucktheoyster.b-cdn.net/wp-content/uploads/2026/05/17_018-1.jpg,"DIAL: Original, matte black dial with tritium and luminova luminous, white luminova hands · CASE: Titanium watch case with screwdown caseback, serial: 2825527 · DIAMETER: 42 mm · MOVEMENT: Automatic wind movement, calibre 37524, serial: 2760931 · BRACELET: Titanium IWC bracelet · CONDITION: Overall, the watch is in excellent, unpolished condition. Dial and hands show original tritium and luminova. Excellent condition on both. The watch case is unpolished, very sharp. The bezel works perfectly. The watch was just serviced by our watchmaker, runs with a high amplitude and keeps accurate time. (+270°; +5s/d). A nice and rare neovintage diver by IWC. The watch comes from a collector in Duesseldorf, Germany.",Shuck the Oyster,False,False
Breitling Original Leather Strap 18mm,Breitling,90,https://www.shucktheoyster.com/portfolio/breitling-original-leather-strap-18mm/,https://shucktheoyster.b-cdn.net/wp-content/uploads/2026/03/10_009.jpg,,Shuck the Oyster,False,False
Bovet Vintage Chronograph Oversize Impermeable Pressione 5347,Bovet,9900,https://www.shucktheoyster.com/portfolio/bovet-vintage-chronograph-oversize-impermeable-pressione-5347-3/,https://shucktheoyster.b-cdn.net/wp-content/uploads/2026/03/36_007-1.jpg,"DIAL: Black, gray gilt radium dial, steel radium hands · CASE: Large Stainless steel waterproof watch case; serial: 122; lug: 122 · DIAMETER: 38mm · MOVEMENT: Manual wind, high grade, Valjoux 84 mono- rattrapante calibre · STRAP: New, black, handmade Italian pigskin leather strap · CONDITION: Overall, the watch is in excellent condition. The black gilt dial has assumed a very nice, homogenous patina, and remains in excellent condition. Dial and hands retain original radium that has aged homogeneously. The watch case appears to be in very good condition, unpolished. The chronograph, including the mono-rattrapante feature is working properly. The watch has great appeal due to its beautiful two colour dial, large high pressure watch case, oversize pump pushers and matching last 3 numbers on lug and inner caseback. The watch was just serviced by our watchmaker, thus in excellent running condition, sounding super crisp, keeping accurate time (290°; +6s/d). The watch was acquired from a collector in the US. The example from the book FERO &#8211; 150 steel chronographs. Important watch!",Shuck the Oyster,False,False
Enicar Aqua Graph 072/002,Enicar,5850,https://www.shucktheoyster.com/portfolio/enicar-aqua-graph-072-002/,https://shucktheoyster.b-cdn.net/wp-content/uploads/2026/03/30_003-1.jpg,"DIAL: Matte, black tritium dial, tritium hands · CASE: Stainless steel Piquerez watch case with screwdown caseback · DIAMETER: 40,5mm · MOVEMENT: High grade, automatic movement, cal. Valjoux 72 · STRAP: New, Italian handmade, black pigskin leather strap · CONDITION: Overall, the watch is in very good condition. The dial appears to be in very good condition. Dial and hands retain original tritium luminous. The watch case appears to be unpolished, very sharp. The watch was just serviced by our watchmaker, runs with a high amplitude and keeps accurate time. (+270°; +3s/d). The watch comes from a collector in Berlin, Germany. Altogether a very nice and rare tool chronograph.",Shuck the Oyster,False,False
Heuer Camaro 'Champion' Vintage Chronograph 73443 RARE,Heuer,17900,https://www.shucktheoyster.com/portfolio/heuer-camaro-champion-vintage-chronograph-73443-rare/,https://shucktheoyster.b-cdn.net/wp-content/uploads/2026/03/32_003-1-2.jpg,"DIAL: Black tritium dial, white tritium hands · CASE: Stainless steel watch case with screwdown caseback, serial: 232884 · DIAMETER: 37mm · MOVEMENT: High grade, manual wind movement, cal. Valjoux 7734 · STRAP: New, handmade, calf leather racing strap with Heuer B buckle · CONDITION: Overall, the watch is in very good condition. The original dial is in very good condition. Dial and hands both retain original tritium luminous, that has aged homogenously. The watch case is in excellent condition. The chronograph starts, stops and resets perfectly. The watch was just serviced by our watchmaker, thus in excellent running condition, keeping accurate time (300°, +2s/d). The watch comes from a collector in Germany. A very nice and super rare Camaro in investment grade condition.",Shuck the Oyster,False,False
Omega Seamaster Vintage Wristwatch 2577 &#8211; 10SC WOW,Omega,3250,https://www.shucktheoyster.com/portfolio/omega-seamaster-vintage-wristwatch-2577-10sc-wow/,https://shucktheoyster.b-cdn.net/wp-content/uploads/2026/03/1_005-2.jpg,"DIAL: Black, honeycomb radium dial, steel dauphine radium hands · CASE: Stainless steel waterproof watch case with screwdown caseback · DIAMETER: 34,5mm · MOVEMENT: High grade, automatic wind calibre 354, 17 jewels, serial: 13730930 · STRAP: New, Italian handmade, black pigskin leather strap · CONDITION: Overall, the watch is in excellent condition. The black honeycomb dial is simply stunning. Dial and hands retain original radium that has aged homogeneously and beautifully. All lume plots are in place. The watch case appears to be in very good condition. The watch was recently serviced, thus in excellent mechanical condition. (280°; +2s/d). The watch comes from a collector in Italy. Absolutely outstanding.",Shuck the Oyster,False,False
Omega Seamaster Vintage Wristwatch 2577-9 SC,Omega,1550,https://www.shucktheoyster.com/portfolio/omega-seamaster-vintage-wristwatch-2577-9-sc/,https://shucktheoyster.b-cdn.net/wp-content/uploads/2026/03/2_009-1.jpg,"DIAL: Rose two tone radium dial, steel dauphine steel radium hands · CASE: Stainless steel waterproof watch case with screwdown caseback · DIAMETER: 34,5 mm · MOVEMENT: High grade, automatic wind calibre 354, 17 jewels, serial: 13635025 · STRAP: New, handmade Italian, black pigskin leather strap · CONDITION: Overall, the watch is in excellent condition. The originally silvered dial has developed a beautiful, homogenous, rose patina over the years., all original. All lume plots are in place. Lume on the dial and hands is 100% original. The watch case appears to be unpolished, in excellent condition The watch was recently serviced, thus in excellent mechanical condition. (270°; +2s/d). The watch comes from a collector in Spain.",Shuck the Oyster,False,False
Rolex Precision Caméléon Ladies Watch NOS FULL SET,Rolex,6000,https://www.shucktheoyster.com/portfolio/rolex-precision-cameleon-ladies-watch-nos-full-set/,https://shucktheoyster.b-cdn.net/wp-content/uploads/2026/03/11_009-1.jpg,"DIAL: Original silver dial, steel hands · CASE: 18k white gold watch case, signed Rolex, serial: 1473646 · DIAMETER: 17mm · MOVEMENT: High grade Rolex manual wind movement · BRACELET: Original, 18k gold Rolex bracelet and 3 Rolex calf leather straps · CONDITION: CONDITION: Overall, the watch appears to be in NOS condition. The original dial is in perfect condition. The watch case appears to be unpolished. The recently serviced watch is in good running condition, keeping accurate time. The watch was acquired from the family of the first owner in the US.",Shuck the Oyster,False,False
Vintage NOS NSA Bracelet Full Length 20mm,Other,850,https://www.shucktheoyster.com/portfolio/vintage-nos-nsa-bracelet-full-length/,https://shucktheoyster.b-cdn.net/wp-content/uploads/2026/03/24_011.jpg,,Shuck the Oyster,False,False
"Vintage Heuer Crown 6,15mm For Autavia",Heuer,500,https://www.shucktheoyster.com/portfolio/vintage-heuer-crown/,https://shucktheoyster.b-cdn.net/wp-content/uploads/2026/03/25_004.jpg,,Shuck the Oyster,False,False
Longines Ultra Quartz8444 RARE!,Longines,6800,https://www.shucktheoyster.com/portfolio/longines-ultra-quartz8444-rare/,https://shucktheoyster.b-cdn.net/wp-content/uploads/2026/02/9_041-1.jpg,"DIAL: Silver tritium dial, steel tritium hands · CASE: Stainless steel watch case with push in caseback, serial: 107546 · DIAMETER: 39,5mm · MOVEMENT: High grade, Longines BETA 21 quartz calibre · BRACELET: Original, Longines stainless steel bracelet · CONDITION: Overall, the watch is in excellent condition. Dial and hands are in excellent condition. The watch case appears to be unpolished, in excellent condition, too. The watch comes from the first owner in Solingen, Germany. The watch runs perfectly, with new batteries.. This is without any doubt an investment grade collectors piece, special, because of its sheer rarity. Only a handful known.",Shuck the Oyster,False,False
Enicar Sherpa Ultradive Compressor Vintage Diver OPS,Enicar,5500,https://www.shucktheoyster.com/portfolio/enicar-sherpa-ultradive-compressor-vintage-diver-ops-4/,https://shucktheoyster.b-cdn.net/wp-content/uploads/2026/02/15_007-1.jpg,"DIAL: Matte, black tritium dial, tritium hands · CASE: Stainless steel Piquerez watch case with screwdown caseback · DIAMETER: 39,5mm · MOVEMENT: High grade, automatic movement, cal. AR 165 · STRAP: New, Italian handmade, calf leather racing strap · CONDITION: Overall, the watch is in excellent condition. The dial appears to be in excellent condition. Dial and hands retain original tritium luminous, that has aged to a beautiful orange colour. The watch case appears to be unpolished, very sharp. The watch was just serviced by our watchmaker, runs with a high amplitude and keeps accurate time. (+320°; +3s/d). The watch comes from a collector in Germany. Altogether a very nice and rare tool chronograph.",Shuck the Oyster,False,False
Lot Of Vintage Rolex Boxes,Rolex,0,https://www.shucktheoyster.com/portfolio/lot-of-vintage-rolex-boxes-2/,https://shucktheoyster.b-cdn.net/wp-content/uploads/2026/01/43_004.jpg,,Shuck the Oyster,False,True
Lot Of Vintage Rolex Boxes,Rolex,950,https://www.shucktheoyster.com/portfolio/lot-of-vintage-rolex-boxes/,https://shucktheoyster.b-cdn.net/wp-content/uploads/2026/01/42_032.jpg,,Shuck the Oyster,False,False
Lot Of Vintage Omega Boxes,Omega,550,https://www.shucktheoyster.com/portfolio/lot-of-vintage-omega-boxes/,https://shucktheoyster.b-cdn.net/wp-content/uploads/2026/01/41_011.jpg,,Shuck the Oyster,False,False
Gallet Vintage Chronograph Flying Officer,Gallet,5450,https://www.shucktheoyster.com/portfolio/gallet-vintage-chronograph-flying-officer/,https://shucktheoyster.b-cdn.net/wp-content/uploads/2026/01/34_012-1.jpg,"DIAL: Original, silvered tritium dial with blued tritium hands · CASE: Stainless steel watch case with screwdown caseback · DIAMETER: 36mm · MOVEMENT: High grade, manual wind movement, calibre L149, 17 jewels · STRAP: Black racing strap · CONDITION: Overall the watch is in excellent condition. The original dial is in outstanding condition. Both dial and hands show original tritium lume, that has aged to a pumpkin colour. The watch case appears to be unpolished, showing the original cut. The watch was just serviced by our watchmaker, thus in very good running condition, keeping accurate time. (amplitude 320°, +1s/d). The watch was acquired from a collector in Italy.",Shuck the Oyster,False,False
Omega Speedmaster CK 2915-1 WOW!,Omega,75500,https://www.shucktheoyster.com/portfolio/omega-speedmaster-ck-2915-1-wow/,https://shucktheoyster.b-cdn.net/wp-content/uploads/2026/01/3_008-1-1.jpg,"DIAL: Matte black/brown radium step dial, steel alpha radium hands · CASE: Stainless steel straight lug case with screwdown double bevel ‘Speedmaster’ caseback · DIAMETER: 40mm · MOVEMENT: High grade, Omega 321, serial: 15996564 · BRACELET: Original Omega 7077/6 flex link stainless steel bracelet / modern Forstner bracelet · CONDITION: Overall, the watch is in outstanding condition. Dial and hands remain in very good condition. The dial has assumed a homogenous patina. The original radium lume (tested with geiger counter) appears to be in very good condition. The characteristic straight lug case is in very good condition. The watch shows the original crystal and crown. The bezel is a very sophisticated, early and hand etched professional replacement. The serviced watch is running strong, keeping accurate time. (340°, +0s/d). The watch comes from a collector in Germany. The watch comes with its rare original box, Omega extract of the archives and brochure. Really outstanding collectors set.",Shuck the Oyster,False,False
Dugena 157 Vintage Chronograph UNIQUE,Other,3650,https://www.shucktheoyster.com/portfolio/dugena-157-vintage-chronograph-unique/,https://shucktheoyster.b-cdn.net/wp-content/uploads/2026/01/6_008-1-1.jpg,"DIAL: Silver tritium dial, black subdials, black tritium hands · CASE: Stainless steel watch case with screwdown caseback, serial: 524140 · DIAMETER: 38mm · MOVEMENT: High grade, automatic wind, calibre 15 · STRAP: Vintage Corfam rallye strap · CONDITION: Overall, the watch is in excellent ‘untouched’ condition. Hands and dial are flawless, both showing original tritium luminous, that shows beautiful patina. The watch case is unpolished, very sharp. The serviced watch is running strong, keeping accurate time. (260°, +4s/d). The watch was acquired from the family of the first owner in Italy. The watch comes with the original box and hangtag. First time we see this extremely rare and appealing tool chronograph. Absolutely stunning!",Shuck the Oyster,False,False
Omega Seamaster Vintage Wristwatch 2577-6 SC WOW,Omega,3500,https://www.shucktheoyster.com/portfolio/omega-seamaster-vintage-wristwatch-2577-6-sc-wow-2/,https://shucktheoyster.b-cdn.net/wp-content/uploads/2026/01/33_003-1.jpg,"DIAL: Silver, radium dial, gold dauphine radium hands · CASE: 14k gold watch case with screwdown caseback, serial: 11252556 · DIAMETER: 34mm · MOVEMENT: High grade, automatic wind calibre 354, 17 jewels, serial: 13637796 · STRAP: Vintage, black calf leather leather strap, Swiss made, with original plated Omega buckle · CONDITION: Overall, the watch is in excellent condition. The silvered Breguet numerals radium dial is in stunning, all original condition. All lume plots are in place. All lume is 100% original and has developed a stunning, homogeneous pumpkin patina. The watch case is 100% unpolished, super sharp, showing deep hallmarks. The watch was just serviced by our watchmaker, thus in excellent mechanical condition. (330°; +2s/d). The watch was acquired from a collector in Sweden. A very sharp, top condition solid gold Breguet numeral Seamaster you will not regret! Most likely the best I have even seen.",Shuck the Oyster,False,False
Favre Leuba Bathy 50 Vintage Diving Watch,Other,3000,https://www.shucktheoyster.com/portfolio/favre-leuba-bathy-50-vintage-diving-watch-3/,https://shucktheoyster.b-cdn.net/wp-content/uploads/2026/01/22_007-1.jpg,"DIAL: Blue tritium dial, white tritium hands · CASE: Stainless steel watch case with screwdown caseback · DIAMETER: 42mm · MOVEMENT: High grade, manual wind Peseux 320 · STRAP: Original, stainless steel NSA bracelet · CONDITION: Overall, the watch is in excellent condition. Dial and hands are in very good condition, both retaining original tritium. The watch case remains unpolished. The blue  bidirectional bakelite bezel rotates with intervals. The watch is in excellent running condition, keeping accurate time. The depthmeter is working perfectly. The serviced watch comes from a private collector in Portugal. (305°; +1s/d). A rare collectors piece.",Shuck the Oyster,False,False
Heuer Autavia 2446C Vintage Chronograph TOP!,Heuer,6800,https://www.shucktheoyster.com/portfolio/heuer-autavia-2446c-vintage-chronograph-top-3/,https://shucktheoyster.b-cdn.net/wp-content/uploads/2025/12/27_005-1.jpg,"DIAL: Matte black dial with tritium luminous mass, white subdials, steel tritium hands · CASE: Stainless steel watch case with snap-in caseback, serial: 129432 · DIAMETER: 40mm · MOVEMENT: High grade, manual wind Valjoux 72 calibre · STRAP: New, Italian handmade, calf leather racing strap · CONDITION: Overall, the watch is in excellent condition. Dial and hands are in excellent condition, retaining original tritium luminous that has aged to a homogenous, beautiful amber colour. The watch case appears to be in very good condition, unpolished! The bezel is in excellent condition and turns with the right tension. The watch was recently serviced, thus in very good running condition, keeping very accurate time. (300°, +7s/d). The watch comes from the first owner in Cologne, Germany. Investment grade quality!",Shuck the Oyster,False,False
Longines Quartz-Chron 8444 RARE!,Longines,7500,https://www.shucktheoyster.com/portfolio/longines-quartz-chron-8444-rare/,https://shucktheoyster.b-cdn.net/wp-content/uploads/2025/12/19_003-1.jpg,"DIAL: Silver, two tone tritium dial, steel tritium hands · CASE: Stainless steel watch case with screw-down caseback, serial: 755999 · DIAMETER: 42mm · MOVEMENT: High grade, Longines quartz calibre · BRACELET: Stainless steel bracelet · CONDITION: Overall, the watch is in excellent condition. Dial and hands are in excellent condition. The watch case appears to be unpolished, in excellent condition, too. The watch comes from a collector in Italy. This is without any doubt an investment grade collectors piece, special, because of its sheer rarity.",Shuck the Oyster,False,False
Vacheron Constantin Square Fancy Lugs Vintage Watch,Vacheron Constantin,4500,https://www.shucktheoyster.com/portfolio/vacheron-constantin-square-fancy-lugs-vintage-watch-2/,https://shucktheoyster.b-cdn.net/wp-content/uploads/2025/12/16_006-1.jpg,"DIAL: Silvered Roman numeral dial, gold hands · CASE: 18k solid gold watch case, serial: 310869 · DIAMETER: 25x38mm including lugs · MOVEMENT: High grade, manual wind movement, V458, serial: 476790 · STRAP: New, handmade Italian, black leather strap · CONDITION: Overall, the watch is in excellent condition. Dial and hands are also in excellent condition. The watch case appears to be unpolished, in excellent condition. The watch was just serviced by our watchmaker (275°; +2s/d).  The watch comes from a collector inItaly. An extremely nice, special and appealing, time only, yellow gold Vacheron Constantin, that works really well even on larger wrists.",Shuck the Oyster,False,False
Cyma Oversize Desk Clock,Other,3500,https://www.shucktheoyster.com/portfolio/cyma-oversize-desk-clock/,https://shucktheoyster.b-cdn.net/wp-content/uploads/2025/12/2_007-1.jpg,"DIAL: Silver dial, black hands · CASE: Chromed watch case with snap-in caseback; serial: 016392 · DIAMETER: 97mm · MOVEMENT: High grade, manual wind movement cal. 3780 · STRAP: Vintage, brown leather strap",Shuck the Oyster,False,False
Longines NOS Vintage Watch 8239,Longines,1900,https://www.shucktheoyster.com/portfolio/longines-nos-vintage-watch-8239/,https://shucktheoyster.b-cdn.net/wp-content/uploads/2025/12/33_001-1.jpg,"DIAL: Black exotic dial, white hands · CASE: Stainless steel watch case with snap-in caseback, serial: 393190 · DIAMETER: 34mm · MOVEMENT: High grade, Longines manual wind, cal. 490, serial: 14758344 · BRACELET: Vintage style, tapered, milanaise bracelet · CONDITION: Overall, the watch is in NOS condition. The black exotic dial is in excellent condition. The watch case is in perfect condition, unpolished. The movement was just serviced by our watchmaker, thus in very good working order, keeping accurate time. (280°; +8s/d). The watch was found from a private estate in Rome, Italy. An amazing, no regret watch.",Shuck the Oyster,False,False
Omega Military Watch WWW 'Thin Arrow' CK2777,Omega,7900,https://www.shucktheoyster.com/portfolio/omega-military-watch-www-thin-arrow-ck2777/,https://shucktheoyster.b-cdn.net/wp-content/uploads/2025/11/21_005.jpg,"DIAL: Matte, black radium dial, radium hands · CASE: Stainless steel watch case with screwdown caseback, serial: 6645-101000 6B/542 7176/53 · DIAMETER: 37mm · MOVEMENT: High grade, manual wind movement, calibre 283, Omega signed; serial: 12905031 · STRAP: Green NATO strap · CONDITION: Overall, the watch is in excellent condition. Dial and hands appear to be in very good condition. The dial has assumed an homogeneous patina. The watch case appears to be in very good condition, presumably unpolished. The watch was just serviced by our watchmaker, now in excellent running condition, keeping accurate time (275°, +4s/d). The watch comes from a collector in Germany",Shuck the Oyster,False,False
Heuer Autavia 2446C Vintage Chronograph,Heuer,8500,https://www.shucktheoyster.com/portfolio/heuer-autavia-2446c-vintage-chronograph-7/,https://shucktheoyster.b-cdn.net/wp-content/uploads/2025/11/30_008-1.jpg,"DIAL: Matte black tritium, white subdials, steel tritium hands · CASE: Stainless steel watch case with snap-in caseback, serial: 109878 · DIAMETER: 40mm · MOVEMENT: High grade, manual wind Valjoux 72 calibre · STRAP: New, Italian handmade, black rallye strap · CONDITION: Overall, the watch is in good condition. Dial and hands are in good condition, retaining original tritium luminous that has aged to a homogenous colour and showing a homogenous patina. The watch case appears to be in very good condition, very sharp and unpolished. The bezel is in excellent condition turning with the right tension. The watch was just serviced by our watchmaker, thus in very good running condition, keeping very accurate time. (290°, +44s/d). The watch comes from a collector in southern Germany.",Shuck the Oyster,False,False
Certina DS2 Vintage Watch 5801 300,Other,1500,https://www.shucktheoyster.com/portfolio/certina-ds2-vintage-watch-5801-300/,https://shucktheoyster.b-cdn.net/wp-content/uploads/2025/09/12_002-1.jpg,"DIAL: Original, silver blue tritium dial, steel tritium hands · CASE: All stainless steel watch case with screwdown caseback, serial: 6172559 · DIAMETER: 37mm · MOVEMENT: High grade, automatic movement, calibre 25-651 · STRAP: New, Italian handmade, black pigskin leather strap · CONDITION: Overall, the watch is in very good condition. The original dial is in excellent condition. The dial and hands show the original custard color tritium. The watch case appears to be unpolished or polished very lightly and long time ago. The watch was just serviced by our watchmaker (270°; +3s/d). The watch comes from a collector in Germany.",Shuck the Oyster,False,False
Enicar Mini-Dive Lady Vintage Diver,Enicar,1500,https://www.shucktheoyster.com/portfolio/enicar-mini-dive-lady-vintage-diver-2/,https://shucktheoyster.b-cdn.net/wp-content/uploads/2025/08/15_009-1.jpg,"DIAL: Matte, black tritium dial, tritium baton hand · CASE: Stainless steel Piquerez watch case with screwdown caseback, serial: 314962 · DIAMETER: 27mm · MOVEMENT: High grade, automatic movement · STRAP: Original, black tropic strap · CONDITION: Overall, the watch is in mint condition. The dial appears to be flawless. The watch case appears to be unpolished, in excellent condition. The watch has an Enicar signed hashed crown. The watch was recently serviced, runs with a high amplitude and keeps accurate time. (+270; 9s/d). The watch comes from the first owner iin Sweden. Altogether a very nice and rare timepiece.",Shuck the Oyster,False,False
IWC 'Deep Purple' Automatic Vintage Watch,IWC,5500,https://www.shucktheoyster.com/portfolio/iwc-deep-purple-automatic-vintage-watch/,https://shucktheoyster.b-cdn.net/wp-content/uploads/2025/08/21_006-1.jpg,"DIAL: Silver sunburst dial,  steel hands · CASE: Stainless steel watch case with snap-in caseback, serial: 2007805 · DIAMETER: 44mm · MOVEMENT: High grade, manual wind calibre C8541B, serial: 1973295 · BRACELET: Original IWC stainless steel bracelet (max length 18cm) · CONDITION: Overall, the watch is in excellent condition. Dial and hands are in very good condition, showing original tritium luminous. The watch case appears to be unpolished, in very good condition. The recently serviced timepiece is in excellent running condition, keeping very accurate time (290°, +1s/d). The watch comes from a German collector. Important Watch!",Shuck the Oyster,False,False
Zenith Cairelli Vintage Military Chronograph,Zenith,7900,https://www.shucktheoyster.com/portfolio/zenith-cairelli-vintage-military-chronograph/,https://shucktheoyster.b-cdn.net/wp-content/uploads/2025/06/20_009-1.jpg,"DIAL: Black tritium dial, white tritium hands · CASE: Stainless steel watch case with screw down caseback · DIAMETER: 43mm · MOVEMENT: High grade manual wind calibre 146DP · STRAP: New, Italian handmade, black pigskin leather strap · CONDITION: Overall, the watch is in excellent condition. Dial and hands are in excellent condition, both showing original tritium luminous. The watch case appears to be in very good condition. The bidirectional black bezel is in excellent condition, showing a light fade to gray.. The watch was just serviced by our watchmaker, thus in excellent running condition. (335°; +2s/d). The watch comes from a watch collector in Düsseldorf. A very nice and beautiful military chronograph, issued to Italian Air Force. Investment grade condition.",Shuck the Oyster,False,False
Omega Seamaster 300 &#8211; 166.024 Vintage Diver,Omega,6500,https://www.shucktheoyster.com/portfolio/omega-seamaster-300-166-024-vintage-diver/,https://shucktheoyster.b-cdn.net/wp-content/uploads/2025/06/18_007-1.jpg,"DIAL: Matte, black tritium dial, steel tritium hands · CASE: Stainless steel lyre lug case with screwdown caseback · DIAMETER: 40mm · MOVEMENT: High grade, Omega calibre 565, serial: 26913327 · STRAP: New, Italian handmade, black pigskin leather strap · CONDITION: Overall, the watch is in excellent condition. Dial and hands are original showing homogeneous tritium luminous. The bezel is in very good condition. The watch case appears to be in very good condition, still sharp. The watch shows the original, Omega signed crystal. The watch was recently serviced by our watchmaker, is running strong with a high amplitude, keeping accurate time. (amplitude 270°, +2s/d). The watch comes from a watchmakers stock, fresh to the market.",Shuck the Oyster,False,False
Zenith Chronometre 'Cioccolatone' Vintage Wristwatch,Zenith,7900,https://www.shucktheoyster.com/portfolio/zenith-chronometre-cioccolatone-vintage-wristwatch/,https://shucktheoyster.b-cdn.net/wp-content/uploads/2025/05/30_003-1.jpg,"DIAL: Original, two tone gold dial, gold dauphine hands · CASE: 18k gold watch case with snap-in caseback, serial: 811209 · DIAMETER: 34x34mm · MOVEMENT: High grade automatic wind movement, Zenith calibre 133.8, serial: 4878564 · BRACELET: 18k solid gold integrated bracelet · CONDITION: Overall, the watch is in very good condition. Dial and hands are in very good condition, showing a homogenous patina. The watch case appears to be unpolished, in excellent condition, showing a deep hallmark.. The watch was just serviced by our watchmaker, now in excellent running condition, keeping very accurate time (275, +2s/d). A very beautiful, unmolested and rare timepiece in investment grade condition.",Shuck the Oyster,False,False
Longines Conquest 9000 Vintage Watch,Longines,1800,https://www.shucktheoyster.com/portfolio/longines-conquest-9000-vintage-watch/,https://shucktheoyster.b-cdn.net/wp-content/uploads/2025/05/13_003-1.jpg,"DIAL: Salmon patina radium dial, steel radium dauphine hands · CASE: Stainless steel watch case with screwdown caseback · DIAMETER: 35,5mm · MOVEMENT: High grade, automatic wind, Longines cal. 290, serial: 9736674 · BRACELET: New, Italian handmade, black pigskin leather strap (original buckle on 2nd strap) · CONDITION: Overall, the watch is in excellent condition. Dial and hands are original and in very good condition, all original. The dial has developed a homogenous, very appealing salmon patina over the years. The original lume has aged homogeneously. The watch case appears to be in very good condition, unpolished. The watch was just serviced by our watchmaker, it&#8217;s running strong with all functions intact (270°; +5s/).  A very nice entry level Longines with absolutely stunning patina.",Shuck the Oyster,False,False
Omega Seamaster 300 165.0024 Vintage Diver Military,Omega,23500,https://www.shucktheoyster.com/portfolio/omega-seamaster-300-165-0024-vintage-diver-military/,https://shucktheoyster.b-cdn.net/wp-content/uploads/2025/05/3_006-2.jpg,"DIAL: Matte, black tritium dial, luminous sword hands · CASE: Stainless steel lyre lug case with screwdown caseback · DIAMETER: 40mm · MOVEMENT: High grade, Omega automatic calibre 552, serial: 28900665 · STRAP: Vintage NATO strap · CONDITION: Overall, the watch is in excellent condition. The original T signed military dial is in excellent, flawless condition. The watch shows service hands. The original bakelite bezel is in excellent condition, crackfree. The original crystal shows the Omega logo. The lyre lug watch case appears to be in very good condition. The recently serviced watch is running strong with a high amplitude, keeping accurate time (275°, +3s/d). The watch comes from a military collector in southern Germany. It comes with several service receipts as well as a Omega extract of the archives.",Shuck the Oyster,False,False
Pierre Cardin &#038; Jaeger-LeCoultre,Jaeger-LeCoultre,350,https://www.shucktheoyster.com/portfolio/pierre-cardin-jaeger-lecoultre/,https://shucktheoyster.b-cdn.net/wp-content/uploads/2025/04/16_003-1.jpg,"DIAL: White dial, white obelisque hands · CASE: Stainless steel watch case with screwdown caseback, serial: 902405 · DIAMETER: 40x39mm · MOVEMENT: High grade, manual wind JLC calibre · STRAP: Black NATO strap · CONDITION: Overall, the watch is in very good condition. Original dial and hands are also in very good condition. The watch case appears to be unpolished. The serviced watch is in very good running condition, keeping accurate time, showing excellent results on the timegrapher (275°, +4s/d). We acquired this watch from the family of the first owner in Cologne, Germany. Outstanding design, superb.",Shuck the Oyster,False,False
Heuer GMT 1163 Orange Boy White Vintage Chronograph,Heuer,13900,https://www.shucktheoyster.com/portfolio/heuer-gmt-1163-orange-boy-white-vintage-chronograph/,https://shucktheoyster.b-cdn.net/wp-content/uploads/2025/04/33_004-1.jpg,"DIAL: Original, white tritium dial, chocolate brown subdials, orange tritium hands · CASE: Stainless steel,  watch case with screwdown caseback, serial: 243266 · DIAMETER: 41mm · MOVEMENT: High grade, automatic calibre 12 · BRACELET: Original, Heuer stainless steel GF bracelet · CONDITION: Overall, the watch is in very good condition. The dial is in very good condition, showing a homogenous patina. Dial and hands retain original tritium. The watch case remains unpolished, very sharp, in excellent condition. The watch was recently serviced, all functions intact, keeping accurate time (300°; +2s/d). It was acquired from a seasoned collector in Rome, Italy.",Shuck the Oyster,False,False
IWC Moonphase Pocket Watch 5250,IWC,6000,https://www.shucktheoyster.com/portfolio/iwc-moonphase-pocket-watch-5250/,https://shucktheoyster.b-cdn.net/wp-content/uploads/2025/02/11_009-1.jpg,"DIAL: Original, enameled dial, blued hands · CASE: 18k gold watch case, serial: 2283341 · DIAMETER: 47mm · MOVEMENT: Manual wind movement, calibre 38.5LT1, serial: 2310485 · CONDITION: Overall the watch is in mint condition. The original dial is in mint condition. The watch case remains unpolished. The watch was just serviced by our watchmaker, thus in very good running condition, keeping very accurate time. (330°, +10s/d). The watch was acquired from the family of the first owner in Hessen, Germany. The watch comes with its original box, hang tag and leather pouch. Amazing!",Shuck the Oyster,False,False
Blancpain 3H Bund Diver,Blancpain,13500,https://www.shucktheoyster.com/portfolio/blancpain-3h-bund-diver/,https://shucktheoyster.b-cdn.net/wp-content/uploads/2025/02/36_004-1.jpg,"DIAL: Black tritium dial, tritium hand · CASE: Stainless steel watch case with screw down caseback · DIAMETER: 41mm · MOVEMENT: High grade automatic calibre 2873 · STRAP: Vintage, black NATO strap · CONDITION: Overall, the watch is in very good condition. Dial and hands are in excellent condition, both showing original tritium luminous. The watch case appears to be in very good condition. The bidirectional bezel is in very good condition. The watch was just serviced by our watchmaker, thus in excellent running condition. (285°; +1s/d). The watch comes from a military watch collector in southern Germany. A very nice and beautiful bund diver, issued to BUNDESWEHR,  in investment grade condition.",Shuck the Oyster,False,False
Lemania RAF Vintage Doublepusher Military Chronograph 818 RARE!,Lemania,9500,https://www.shucktheoyster.com/portfolio/lemania-raf-vintage-doublepusher-military-chronograph-818-rare-2/,https://shucktheoyster.b-cdn.net/wp-content/uploads/2024/07/26_008-1.jpg,"DIAL: Original, matte black dial with tritium luminous mass, white hands · CASE: Asymmetrical, stainless steel watch case with screwdown caseback engraved with military markings 0552/924-3306 / 5307/76 · DIAMETER: 40mm · MOVEMENT: High grade, manual wind movement, caliber Lemania 1872, 17 jewels · STRAP: Black NATO strap · CONDITION: Overall, the watch is in excellent condition. The original matte, black dial retains its original tritium luminous mass. Dial and hands show original, matching lume. The watch case is very strong, absolutely unpolished. The chronograph starts, stops and resets perfectly. The movement is very clean. The recently serviced watch is in excellent running condition, showing a high amplitude, keeping accurate time. (300; +8s/d). Overall, in minty, investment grade condition. This watch was issued to the MoD only for two years in a very limited production of only 250 pieces a year. With only 500 pieces ever produced this is one of the most desirable and rare military watches.",Shuck the Oyster,False,False
Hamilton Chrono-Matic Fontainbleau Prototype Vintage Chronograph,Hamilton,10900,https://www.shucktheoyster.com/portfolio/hamilton-chrono-matic-fontainbleau-prototype-vintage-chronograph/,https://shucktheoyster.b-cdn.net/wp-content/uploads/2024/07/8_007-1.jpg,"DIAL: Original, silver dial with black subdials · CASE: Stainless steel with screwdown caseback, serial: 1694737 · DIAMETER: 46mm · MOVEMENT: Automatic high grade movement, calibre 11, 17 jewels · STRAP: Black tropic strap · CONDITION: Overall the watch is in mint condition. Dial and hands are in excellent condition, with matching, original tritium luminous.The case appears to be in very good condition, sharp and unpolsihed.. The chronograph as is in full working order starting, stopping and resetting to ‘0’. The watch was just serviced by our watchmaker, thus in excellent running condition, keeping accurate time. (+300°; +4s/d). The watch comes from a collector in Rome, Italy.",Shuck the Oyster,False,False
IWC Ingenieur 866A Vintage Watch FULL SET WOW!,IWC,8950,https://www.shucktheoyster.com/portfolio/iwc-ingenieur-866a-vintage-watch-full-set-wow/,https://shucktheoyster.b-cdn.net/wp-content/uploads/2024/01/3_040-1.jpg,,Shuck the Oyster,False,False
Longines Vintage Chronograph 8229-1,Longines,3750,https://www.shucktheoyster.com/portfolio/longines-vintage-chronograph-6229-1/,https://shucktheoyster.b-cdn.net/wp-content/uploads/2023/08/41_003-1.jpg,"DIAL: Original, tritium exotic dial, orange hands · CASE: Stainless steel with screwdown caseback, orange bakelite bezel, serial: 15890126 · DIAMETER: 39mm · MOVEMENT: High grade, manual wind calibre Valjoux 726 · STRAP: New, Italian handmade, black pigskin leather strap · CONDITION: Overall the watch is in very good condition. Dial and hands are in excellent condition, with matching, original tritium luminous. The case appears to be in very good condition. The bezel is in very good condition. The serviced chronograph is in full working order starting, stopping and resetting to ‘0’, thus in excellent running condition, keeping accurate time. (+275°; +2s/d). Nice exotic style chronograph!",Shuck the Oyster,False,False
Rolex GMT Master Nipple Dial 1675,Rolex,1500,https://www.shucktheoyster.com/portfolio/rolex-gmt-master-nipple-dial-1675/,https://shucktheoyster.b-cdn.net/wp-content/uploads/2023/08/15_005-1.jpg,"CONDITION: Excellent, all original condition",Shuck the Oyster,False,False
Rolex Submariner 1680 Dial,Rolex,4200,https://www.shucktheoyster.com/portfolio/rolex-submariner-1680-dial/,https://shucktheoyster.b-cdn.net/wp-content/uploads/2023/08/20_007-1.jpg,"CONDITION: Excellent, all original condition",Shuck the Oyster,False,False
Omega Seamaster 600 Ploprof D4 Dial 166.077,Omega,1750,https://www.shucktheoyster.com/portfolio/omega-seamaster-600-ploprof-d4-dial-166-077/,https://shucktheoyster.b-cdn.net/wp-content/uploads/2023/08/12_007-2.jpg,"CONDITION: Excellent, all original condition",Shuck the Oyster,False,False
"Rolex Daytona Pave Dial Diamond Set 116506, 116509, 116519",Rolex,18500,https://www.shucktheoyster.com/portfolio/rolex-daytona-pave-dial-diamond-set-116506-116509-116519/,https://shucktheoyster.b-cdn.net/wp-content/uploads/2023/08/13_008-2.jpg,"CONDITION: Excellent, all original condition",Shuck the Oyster,False,False
Omega Seamaster 600 Ploprof D2 Dial 166.077,Omega,1750,https://www.shucktheoyster.com/portfolio/omega-seamaster-600-ploprof-d2-dial-166-077/,https://shucktheoyster.b-cdn.net/wp-content/uploads/2023/08/11_011-2.jpg,"CONDITION: Excellent, all original condition",Shuck the Oyster,False,False
Breitling 765 Digital MK1 Dial,Breitling,7500,https://www.shucktheoyster.com/portfolio/breitling-765-digital-mk1-dial/,https://shucktheoyster.b-cdn.net/wp-content/uploads/2023/08/10_006-1.jpg,,Shuck the Oyster,False,False
Tudor Snofllake Dial + Hands 94010,Tudor,3400,https://www.shucktheoyster.com/portfolio/tudor-snofllake-dial-hands-94010/,https://shucktheoyster.b-cdn.net/wp-content/uploads/2023/08/14_009-1.jpg,,Shuck the Oyster,False,False
Rolex Original Pyramid Box,Rolex,275,https://www.shucktheoyster.com/portfolio/rolex-original-pyramid-box/,https://shucktheoyster.b-cdn.net/wp-content/uploads/2023/07/2_011-1.jpg,,Shuck the Oyster,False,False
Rolex 1655 Original Date Wheel,Rolex,150,https://www.shucktheoyster.com/portfolio/rolex-1655-original-date-wheel/,https://shucktheoyster.b-cdn.net/wp-content/uploads/2023/07/4_014-1.jpg,,Shuck the Oyster,False,False
Rolex Sea-Dweller 1665 MK3 Dial in MINT CONDITION,Rolex,4200,https://www.shucktheoyster.com/portfolio/rolex-sea-dweller-1665-mk3-dial-in-mint-condition/,https://shucktheoyster.b-cdn.net/wp-content/uploads/2023/07/5_016-1.jpg,,Shuck the Oyster,False,False
Aquastar 'Deepstar' Vintage Chronograph,Aquastar,8500,https://www.shucktheoyster.com/portfolio/aquastar-deepstar-vintage-chronograph-5/,https://shucktheoyster.b-cdn.net/wp-content/uploads/2023/07/33_008-1.jpg,"DIAL: Original, dial with large 30m register subdial, tritium lume, steel tritium hands · CASE: Stainless steel compressor case with screwdown caseback, serial: 229575 · DIAMETER: 38mm · MOVEMENT: High grade, manual wind movement, calibre Valjoux 92, 17 jewels · STRAP: New, handmade Italian, black pigskin leather strap · CONDITION: Overall, this stunning chronograph remains in very good condition. The original dial has assumed an appealing,  homogenous patina. The original tritium luminous of dial and hands has aged to a custard colour. Usually, hands are relumed or much lighter. The watch case appears to be unpolished, very sharp. The bezel is in excellent condition. The original domed crystal shows some scratches that can be polished off. The watch was just serviced by our watchmaker, keeping very accurate time. (280; +8s/d). The watch comes from a collector in Berlin, Germany. Truly rare and collectible.",Shuck the Oyster,False,False
Seiko Quartz Chronograph Sports 'Speedmaster' 7A28-7000 'RIPLEY' NOS,Seiko,5000,https://www.shucktheoyster.com/portfolio/seiko-quartz-chronograph-sports-speedmaster-7a28-7000-ripley-nos/,https://shucktheoyster.b-cdn.net/wp-content/uploads/2023/02/19_010-1.jpg,"DIAL: Digital Dial · CASE: Stainless steel Coated watch case with screwdown caseback, serial: 345396 · DIAMETER: 43x37mm · MOVEMENT: Automatic movement, calibre 6138B, 21 jewels · BRACELET: Seiko stainless steel bracelet · CONDITION: Overall, the watch is in excellent condition. Dial and hands appear to be flawless, with matching, original tritium luminous. The watch case is unpolished with clear chamfers. All functions, including two calendars, date and chronograph are working. The watch was shown/worn in the blockbuster 1979 film ‘Aliens’ by James Cameron and worn by protagonist Ellen Ripley portrayed by Sigourney Weaver. ! The watch was acquired from a collector in Portugal. It remains in NOS condition and comes with its original outer and inner box!. Pure style!",Shuck the Oyster,False,False
Seiko Voice Recorder Digital LCD Watch M516-4009 'GHOSTBUSTERS',Seiko,1500,https://www.shucktheoyster.com/portfolio/seiko-voice-recorder-digital-lcd-watch-m516-4009-ghostbusters/,https://shucktheoyster.b-cdn.net/wp-content/uploads/2023/02/20_004-1.jpg,"DIAL: Digital dial, voice recorder, chronograph · CASE: Stainless steel and carbon fiber plastic watch case screwdown caseback, serial: 346670 · DIAMETER: 37x36mm · MOVEMENT: Seiko quartz movement · STRAP: Stainless steel + carbon fiber plastic original bracelet · CONDITION: Overall, the watch is in very good condition. The digital display is flawless. The watch case is in excellent condition. All functions, including voice recorder are intact and a lot of fun to use and tease your friends and family. The watch was acquired from a friend in Hungary. The watch was shown/worn in the blockbuster 1984 film ‘Ghostbusters’. Pure style!",Shuck the Oyster,False,False
Excelsior Park &#038; SHUCKTHEOYSTER Chronograph &#8216;Tabacco Dial&#8217;,Other,1900,https://www.shucktheoyster.com/portfolio/excelsior-park-shucktheoyster-chronograph-tabacco-dial/,https://shucktheoyster.b-cdn.net/wp-content/uploads/2022/11/C6A0005-scaled.jpg,"DIAL: Multiscale &#8216;tabacco&#8217; colour dial, blued hands · CASE: Stainless steel watch case with screwdown caseback · DIAMETER: 38.9mm · MOVEMENT: High grade, manual wind SW510 calibre · STRAP: Mogano dark crown leather strap with engraved line, stainless steel buckle · CONDITION: NEW!",Shuck the Oyster,False,False
Rolex Sea Dweller 1665 'Great White' Oyster Perpetual Date FULL SET,Rolex,27500,https://www.shucktheoyster.com/portfolio/rolex-sea-dweller-1665-great-white-oyster-perpetual-date-full-set/,https://shucktheoyster.b-cdn.net/wp-content/uploads/2022/07/7_009-1.jpg,"DIAL: Matte black tritium dial, Mercedes tritium hands · CASE: Stainless steel watch case, with screwdown caseback; serial: 6751860 · DIAMETER: 40mm · MOVEMENT: High grade, automatic movement, calibre 1570, 27 jewels · BRACELET: Original, Oyster bracelet 93150 stamped 07 with 580 endlinks",Shuck the Oyster,False,False
Tissot Vintage Chronograph 15TL 6201/2 STUNNING PATINA,Tissot,5900,https://www.shucktheoyster.com/portfolio/tissot-vintage-chronograph-15tl-6201-2-stunning-patina/,https://shucktheoyster.b-cdn.net/wp-content/uploads/2021/11/26_003-1.jpg,,Shuck the Oyster,False,False
Longines Calatrava Black Sector Dial 4312,Longines,5500,https://www.shucktheoyster.com/portfolio/longines-calatrava-black-sector-dial-4312/,https://shucktheoyster.b-cdn.net/wp-content/uploads/2021/05/4_014.jpg,,Shuck the Oyster,False,False
Vetta Ermetico Tropical Gilt Vintage Chronograph UNIQUE,Other,11500,https://www.shucktheoyster.com/portfolio/vetta-ermetico-tropical-gilt-vintage-chronograph-unique/,https://shucktheoyster.b-cdn.net/wp-content/uploads/2021/01/B_082-1.jpg,"DIAL: Black/tropical, glossy mirror gilt, multicolour dial, white feuille hands · CASE: Thick stainless steel waterproof ‘IMPERMEABILE’ clamshell case with screw-in caseback · DIAMETER: 38mm · MOVEMENT: High grade, manual wind. Valjoux 22 movement · BRACELET: Generic, GF style stainless steel bracelet · CONDITION: Overall, the watch is in excellent condition. Dial and hands show an appealing crazed patina. The case appears to be unpolished. This black dial version almost never comes up for sale and poses the chance to acquire a real masterpiece from the 40s. The patina of this gilt dial chronograph is absolutely unique and stunning. The stainless steel step watch case is absolutely unpolished, in excellent condition, super sharp! The watch was just serviced by our watchmaker, remaining in excellent running condition, keeping accurate time. (300°+ 5s/d). The watch was acquired from a gentleman and friend in Italy. The watch represents one of the peaks of 1940s chronograph collecting. The execution is of the highest possible quality. The patina is one of the best I have ever seen on any 1940s chronograph. Rare, investment grade, important!",Shuck the Oyster,False,False
Breitling Chrono-Matic Vintage Chronograph 2110,Breitling,4200,https://www.shucktheoyster.com/portfolio/breitling-chrono-matic-vintage-chronograph-2110-4/,https://shucktheoyster.b-cdn.net/wp-content/uploads/2021/01/15_004-1.jpg,"DIAL: Original, white dial with black subdials, original tritium luminous mass, orange hands · CASE: All stainless steel with screwdown caseback, bi-directional hours/minutes bezel, serial: 1333652 · DIAMETER: 39mm · MOVEMENT: High grade, Automatic movement, calibre 12, 17 jewels · STRAP: New, handmade Italian, black pigskin leather strap",Shuck the Oyster,False,False
Heuer Autavia 2446 Tachymeter Dial Vintage Chronograph,Heuer,25000,https://www.shucktheoyster.com/portfolio/heuer-autavia-2446-tachymeter-dial-vintage-chronograph/,https://shucktheoyster.b-cdn.net/wp-content/uploads/2020/09/9_005-e1692866434688.jpg,"DIAL: Matte black tritium tachymeter dial, white subdials, silver pencil tritium hands · CASE: Stainless steel watch case with screwdown caseback, serial: 85337 · DIAMETER: 39mm · MOVEMENT: High grade, manual wind Valjoux 72 calibre · STRAP: New, black, handmade Italian pigskin leather strap",Shuck the Oyster,False,False
Tavannes Watersport Vintage Chronograph Valjoux 22,Other,8000,https://www.shucktheoyster.com/portfolio/tavannes-watersport-vintage-chronograph-valjoux-22/,https://shucktheoyster.b-cdn.net/wp-content/uploads/2020/08/19_009.jpg,"DIAL: Silver dial with outer tachymeter and inner telemeter scale, blued radium hands · CASE: Stainless steel waterproof high pressure watch case, serial: 5347 · DIAMETER: 38mm · MOVEMENT: Manual wind, high grade, calibre Valjoux 22 · STRAP: New, black, handmade Italian pigskin leather strap · CONDITION: Overall, the watch is in excellent condition. The silver, two-tone radium dial is in excellent condition. The hands are professionally relumed. The watch case appears to be unpolished. The chronograph is working properly as it should. The watch was just serviced by our watchmaker, thus in excellent running condition, keeping accurate time (280°; 8s/d). This is an outstanding chronograph, in all parts. The whole execution is pure quality.",Shuck the Oyster,False,False
"Heuer Carrera Vintage Chronograph, Ref. 7753NST",Heuer,0,https://www.shucktheoyster.com/portfolio/heuer-carrera-vintage-chronograph-ref-7753nst-2/,https://shucktheoyster.b-cdn.net/wp-content/uploads/2019/01/15_055.jpg,"DIAL: Matte, black dial with white subdials, silver 2nd exec. hands · CASE: Stainless steel watch case with screwdown caseback, serial: 107345 · DIAMETER: 35,5mm · MOVEMENT: High grade, Valjoux 7730 calibre · STRAP: New, Italian pigskin leather strap",Shuck the Oyster,False,True
Omega Constellation 191.0012 Vintage Watch,Omega,750,https://www.shucktheoyster.com/portfolio/omega-constellation-191-0012-vintage-watch/,https://shucktheoyster.b-cdn.net/wp-content/uploads/2018/12/12_023.jpg,"DIAL: Glossy black dial, silver dauphine hands · CASE: Stainless steel watch case with integrated steel bracelet and snap-in caseback · DIAMETER: 35mm · MOVEMENT: Omega quartz calibre, serial: 39769336 · BRACELET: Integrated Omega stainless steel bracelet",Shuck the Oyster,False,False
"Heuer Vintage Chronograph 'Big Eyes', Ref. 2406",Heuer,4800,https://www.shucktheoyster.com/portfolio/heuer-vintage-chronograph-big-eyes-nos-ref-2406-2/,https://shucktheoyster.b-cdn.net/wp-content/uploads/28_002-4.jpg,"DIAL: Glossy, black radium dial, gilt radium feuille hands · CASE: Stainless steel waterproof watch case, serial: 52293 · DIAMETER: 35mm · MOVEMENT: High grade, manual wind Landeron 13 movement · STRAP: New pigskin leather strap by JP Menicucci with stainless steel buckle",Shuck the Oyster,False,False
