title,brand,price,url,img,description,source,date,sold,priceOnRequest
F.P.Journe Octa Lune Ref. LN Boutique Edition 40mm in 18k RG Full Set Unpolished,Other,690000,https://www.windvintage.com/fpjourne-octa-lune-ref-ln-boutique-edition-40mm-in-18k-rose-gold-full-set-unpolished-1,https://images.squarespace-cdn.com/content/v1/5b213f95506fbec9b54e014c/1791316503355-F1CITSDSJ0T5LN3ZTPL0/Image+96.jpeg,"The moonphase on these watches is spectacular and incredibly attractive. The example is 40mm in diameter. The case is unpolished. The watch is powered by the calibre 1300.3 with retrograde power reserve indication of 120 hours. Complicated F.P.Journe models have been achieving records at auction in recent months. A platinum Resonance example just sold for $762,000 and a pink gold Resonance example just sold for $685,800 . The interest in F.P.Journe has skyrocketed and these are incredibly special timepieces. This watch comes from the original owner who purchased it in 2024 and is one of the last ones produced. It comes full set with the original box and papers. We do not know the service history, but it is running well. It comes with the original F.P.Journe leather strap. It is paired on a Jean Rousseau leather strap.",Wind Vintage,2026-04-19,False,False
Joe DiMaggio's Patek Philippe Breguet Dial Reference 130 Chronograph in 18K YG w/ Extract,Patek Philippe,1200000,https://www.windvintage.com/joe-dimaggios-patek-philippe-breguet-dial-reference-130-chronograph-in-18k-yg-w/-extract,https://images.squarespace-cdn.com/content/v1/5b213f95506fbec9b54e014c/1787880799955-QOVTGXRRCCZ4IU4QB5AS/Image+20.jpeg,"This remains the longest consecutive-game hitting streak in MLB history to this day! Throughout the May 15 to July 16, 1941 streak, he batted .408 with 15 home runs and 55 RBIs. Joltin’ Joe’s career started alongside the “Iron Horse” Lou Gehrig and ended alongside Micky Mantle. He operated at the intersection of two legendary Yankees eras (with Gehrig who played alongside Babe Ruth and was part of the Murderers’ Row 1927 Yankees team) and then with Mantle who of course had the legendary home run duel with his teammate Roger Maris in 1961. From 1943–1945, DiMaggio served in the U.S. Army Air Forces during World War II (which many cite as his prime years). DiMaggio had a lifetime batting average of .325 and accumulated 361 home runs. In 1955, DiMaggio was elected into the National Baseball Hall of Fame. In 1969, Joe DiMaggio was voted the greatest living baseball player. He famously married Marilyn Monroe in 1954 and they had a short marriage, but they rekindled their relationship years later and were reportedly close to marrying again before Monroe passed in 1962. According to the Extract from the Archives, this timepiece was produced in 1947 and was sold on December 12, 1948. The dial features beautiful hand-cut Breguet numerals which are confirmed in the Extract notes. It features the tachymeter scale demarcated for miles on the perimeter of the dial. This example features the spade hand configuration which was popular in the American market during the late 1940s. The watch is powered by the prestigious calibre 13-130 which was featured in many of the most important chronographs from Patek Philippe in this period. The case measures 33mm in diameter, and wears large at 41mm lug-to-lug. The 18k yellow gold case was produced by Emile Vichet, the Geneva master casemaker and features the Poinçon de Maître number 9. (Stainless steel reference 130s were produced by Wenger, Crossier or Dubois.) Emile Vichet produced the gold cases for the legendary Patek Philippe reference",Wind Vintage,2026-04-19,False,False
Cartier Tank Cintrée Ivory Dial WGTA0057 100th Anniversary in 18K YG Unpolished Full Set,Cartier,58000,https://www.windvintage.com/cartier-tank-cintree-ivory-dial-wgta0057-100th-anniversary-1-of-150-in-18k-yg-unpolished-full-set,https://images.squarespace-cdn.com/content/v1/5b213f95506fbec9b54e014c/1791497662327-U9OX86Z5QSWBC7NGR983/Image+116.jpeg,"This Cartier Tank Cintrée WGTA0057 is an incredibly special timepiece commemorating the 100th Anniversary of the iconic Cartier Tank Cintrée. The watch was introduced in 2021, and was among one of the most celebrated timepieces. This is a limited edition of only 150 examples. The 18k yellow gold case measures approximately 46mm by 23mm. The condition is outstanding and no signs of wear. It features the beautiful “Ivory” dial wth painted Roman numerals. The watch features blue Breguet hands. It is paired on the original Cartier leather strap and yellow gold buckle. For those interested in a sophisticated dress watch, this is an amazing choice. The watch comes with full set with box and papers. It is running well and keeping excellent time.",Wind Vintage,2026-04-19,False,False
Patek Philippe 2nd Series Reference 3940P in Platinum w/ Extract Unpolished,Patek Philippe,159000,https://www.windvintage.com/patek-philippe-2nd-series-reference-3940p-in-platinum-w/-extract-unpolished,https://images.squarespace-cdn.com/content/v1/5b213f95506fbec9b54e014c/1791572394839-A58G2ZWDES81JYX4JBMS/Image+5.jpeg,"The Patek Philippe reference 3940 perpetual calendar is one of the most elegant complicated timepieces one can find from any manufacturer. The Patek Philippe reference 3940 is one of the ultimate in discreet complications. The reference 3940 was introduced in 1985 and remained in production until circa 2007. Many collectors consider the reference 3940 and reference 3970 to be the most important complicated timepieces to be introduced in the 1980s. This watch features the thin self-winding calibre 240Q with microrotor. The case is 36mm and is made of platinum. The case appears to be unpolished with very strong hallmarks. The watch has a solid case back (which are exclusive for the platinum examples as they never featured exhibition case backs). The watch features the highly desired 2nd series dial with English calendar. It comes with a Patek Philippe black leather strap and platinum buckle. It does not come with box and papers. It does come with an Extract from the Archives. The watch was produced and sold in 1992. We do not know the service history, but it is running well and keeping good time.",Wind Vintage,2026-04-19,False,False
Patek Philippe Nautilus 5980/60G-001 Flyback Chronograph in 18k WG Unpolished Full Set,Patek Philippe,199000,https://www.windvintage.com/patek-philippe-nautilus-5980/60g-001-flyback-chronograph-in-18k-wg-unpolished-full-set,https://images.squarespace-cdn.com/content/v1/5b213f95506fbec9b54e014c/1791307536348-VB6XP7V5SCXHA4M2J8EH/Image+91.jpeg,"This Patek Philippe Nautilus reference 5980/60G-001 is one of the most desirable Patek Philippe wristwatches. The Patek Philippe Nautilus reference 5980/60G-001 was introduced in April 2024. It is cherished by collectors for the sporty style and casual look. This watch is a fantastic Nautilus with flyback chronograph movement. The watch is powered by the automatic calibre CH 28-520 C. The 18k white gold case measures 40.5mm in diameter. The case is unpolished. It is comes with the original calfskin denim pattern strap and also comes wth the additional original fabric pattern, blue-gray. The watch is paired on the original 18k white gold deployant buckle. The watch was sold in 2026 and is in outstanding condition. The watch comes “full set” with box and the Certificate of Origin and pin pusher. The watch is running well and keeping great time.",Wind Vintage,2026-04-19,False,False
Patek Philippe Tiffany &amp; Co. Aquanaut 5167/1A-001 Full Set w/ Extra Strap,Patek Philippe,145000,https://www.windvintage.com/patek-philippe-tiffany-co-aquanaut-5167/1a-001-full-set-w/-extra-strap,https://images.squarespace-cdn.com/content/v1/5b213f95506fbec9b54e014c/1790718550283-3HSIN7N8MPO6TUMAC7QW/Image+49.jpeg,"This Patek Philippe Aquanaut reference 5167/1A-001 is an incredibly special sports watch from the leading name in watchmaking. It is particularly important with the highly coveted double-signed dial from prestigious New York retailer Tiffany & Co. Tiffany-signed watches from Patek Philippe and Rolex are certainly the most desirable timepieces, so this Aquanaut reference 5167 is definitely a grail watch. The stainless steel case has been lightly polished. It measures 40mm in diameter. It is in fantastic condition. It is powered by the calibre 26-330 S C. This watch comes full set with box and Certificate of Origin. It was originally sold in 2015. We do not know the service history but it is running well. It comes with an additional Patek Philippe rubber strap.",Wind Vintage,2026-04-19,False,False
Patek Philippe 24-Hour Display Travel Time 5224R-001 in 18K RG Full Set Unpolished,Patek Philippe,47900,https://www.windvintage.com/patek-philippe-24-hour-display-travel-time-5224r-001-in-18k-rg-full-set-unpolished,https://images.squarespace-cdn.com/content/v1/5b213f95506fbec9b54e014c/1790977490352-YE0BEOOIRXAZ59T40750/Image+80.jpeg,"The Patek Philippe Travel Time reference 5224R-001 is a very special and interesting wristwatch. The watch was introduced in 2023. The watch features a stunning blue dial. It is powered by the in-house calibre 31-260 PS FUS 24H. The 18k rose gold case measures 42mm in diameter and 10.2mm in height. The watch is in outstanding condition and remains unpolished. It is paired on the original strap and 18k rose gold buckle. The watch is running well. It comes full set with box and papers. The watch was sold in 2025. This watch retails for $67,267",Wind Vintage,2026-04-19,False,False
Patek Philippe Reference 3567/1 in 18K White Gold Unpolished w/ Extract,Patek Philippe,14900,https://www.windvintage.com/patek-philippe-reference-3567/1-in-18k-white-gold-unpolished-w/-extract,https://images.squarespace-cdn.com/content/v1/5b213f95506fbec9b54e014c/1791227509083-C0F3LXGY9I4FTHVKMGDR/Image+87.jpeg,"This Patek Philippe reference 3567/1 is a special time-only dress watch dating to 1971. The case is made by Ateliers Réunis S.A with the 28th key of Geneva. Ateliers Réunis S.A would be purchased by Patek Philippe in circa 1977 and would become one of the more common case makers seen in timepieces from the 1970s-1980s (most famously in the Nautilus reference 3700). This watch is a spectacular timepiece that features a beautiful integrated bracelet. The length will fit a wrist 7.2 inches. The dial and bracelet features a hammered texture which is very interesting. The dial features blue hour markers with exception to 1 o’clock. It is not clear whether these markers were born blue. The watch is powered by the manual wind calibre 175. The case measures 26mm by 32mm in length. We do not know the service history, but the watch is running well. It does not come with a box or papers. It comes with an Extract from the Archives.",Wind Vintage,2026-04-19,False,False
Patek Philippe Breguet Dial Reference 5940J-001 in 18K YG Full Set Unpolished,Patek Philippe,59000,https://www.windvintage.com/patek-philippe-breguet-dial-reference-5940j-001-in-18k-yg-full-set-unpolished,https://images.squarespace-cdn.com/content/v1/5b213f95506fbec9b54e014c/1788465752883-CH93HU4VNM9KL8INV984/Image+12.jpeg,The Patek Philippe reference 5940 perpetual calendar is one of the most elegant complicated timepieces one can find from any manufacturer. The 5940 was introduced in 2012 and this example was sold in December 2012 -a first year production. This particular example is in yellow gold. The dial is English with beautiful applied Breguet numerals. The dial is gorgeous and one of the most attractive dials from the era. These are also a fraction of the price of early 3940s. These feature the cushion case design that has become increasingly popular in recent years. It measures 37mm and 45mm lug to lug. The case appears to be unpolished. It features an exhibition case back. The watch features the iconic ultra-thin self-winding calibre 240Q with microrotor. The watch comes with an Certificate of Origin. It comes on an original Patek Philippe buckle in 18k yellow gold and box.,Wind Vintage,2026-04-19,False,False
Patek Philippe Aquanaut 5167/1A-001 w/ Box and Extract,Patek Philippe,65000,https://www.windvintage.com/patek-philippe-aquanaut-5167/1a-001-w/-box-and-extract,https://images.squarespace-cdn.com/content/v1/5b213f95506fbec9b54e014c/1791574330035-8CR5GNZJ702CDMF3LTDL/Image+8.jpeg,The Patek Philippe Aquanaut reference 5167/1A is a spectacular sports watch from the leading name in watchmaking.. It measures 40mm in diameter. It was recently discontinued. The watch is paired on a steel bracelet which it was originally sold on. It is powered by the calibre 26-330 S C. The watch was produced and sold in 2010. This watch comes with box. It does not come with the Certificate of Origin. It does come with an Extract from the Archives. We do not know the service history but it is running well.,Wind Vintage,2026-04-19,False,False
Patek Philippe Heures Sautantes Diamond Set Reference 3619/3 in 18K White Gold Unpolished w/ Extract,Patek Philippe,250000,https://www.windvintage.com/patek-philippe-diamond-set-reference-3619/3-in-18k-white-gold-unpolished,https://images.squarespace-cdn.com/content/v1/5b213f95506fbec9b54e014c/1789764353168-IN1EIHW33TB06DONYSSU/Image+18.jpeg,"This is an incredibly special and possibly unique Patek Philippe referece 3619/3 in 18k white gold. The watch is fresh to market from the family of the original owner. The original owner purchased the watch from Patek Philippe in the 1970s and was a successful New York based attorney. It is massive case measuring 40mm in diameter by 35mm in length. The bracelet is an intricately woven white gold design that is extremely comfortable on the wrist. The watch will fit a wrist approximately 7.5 inches. These cases were produced by Ateliers Réunis. This particular example appears to be a specially requested example with the unseen diamond bezel. It features 50 brilliant diamonds throughout the bezel and 12 diamond hour markers on the dial. The dial features an indentation between 11 and 12 o’clock. The watch is powered by the “Heures Sautantes” (Jumping Hours) manual-wind calibre 27 HS 400. This imporant calibre also used in the iconic Patek Philippe Travel Time reference 2597. In 1959 this movement was introduced by Patek Philippe through the Swiss Patent 340,191 and was based on a 1953 prototype wristwatch from Louis Cottier. These case profile features two adjustments for setting the travel time forward or backward. The watch was found with the travel time set to the local time concealing the third hand. When the son of the original owner was informed of this important complication they were astonished. These timepieces are incredibly rare. It is estimated that 32 examples of the reference 3619 were made with only 13 examples sold publicly. Many were made with leather straps, and others with integrated bracelets. Dials often feature “ribbon” diamond hour markers for black dials and satiné blue dials will feature the more traditional single diamond hour markers. One example in white gold with white lacquered dial with Breguet numerals on leather strap sold in May of 2026 for approximately $447,000 . We do not know the service history, but the watch is running well. It d",Wind Vintage,2026-04-19,False,False
Patek Philippe Nautilus Reference 3711/1G in 18k White Gold w/ Box &amp; Extract,Patek Philippe,199000,https://www.windvintage.com/patek-philippe-nautilus-reference-3711/1-in-18k-white-gold-w/-box-extract-from-the-archives,https://images.squarespace-cdn.com/content/v1/5b213f95506fbec9b54e014c/1790194404016-K01C6DLA1211MPCTKVQ4/Image+31.jpeg,"The Patek Philippe Nautilus is perhaps the most desired watch on the planet. The introduction of the model marked the first true sports watch from the manufacturer in 1976. Along with the Audemars Piguet Royal Oak, it ushered in the world of integrated stainless steel watches which are adored by watch enthusiasts today. This Patek Philippe Nautilus is a very special and rare reference 3711/1 in 18k white gold. It is believed 700 examples were produced. The 3711/1G was the successor reference to the 3700/1A. Lord David Snowdon famously wore one for years that was sold at Christie’s. The case is a “Jumbo” and measures 42mm in diameter. It has been lightly polished but is attractive. The reference 3711 was introduced in circa 2004 and was only produced until 2006. This is example dates to 2005. The watch is powered by the calibre 315 SC. It features a beautiful black dial. The 3711 is certainly one of the most attractive iterations of the Nautilus and this is an outstanding example. The watch comes with box. It comes with an Extract from the Archives. We do not know the service history, but it is running well.",Wind Vintage,2026-04-19,False,False
Patek Philippe Reference 2508 in 18K YG w/ Certificate of Origin,Patek Philippe,65000,https://www.windvintage.com/patek-philippe-reference-2508-in-18k-yg-w/-certificate-of-origin,https://images.squarespace-cdn.com/content/v1/5b213f95506fbec9b54e014c/1788557639206-FL6PR39Q2OK3UWBPF79F/Image+24.jpeg,"The Patek Philippe reference 2508 is one of the most amazing time-only models. Many say it is the quintessential Calatrava reference. For those looking for an incredible mid-century Patek Philippe, this is a special watch. It is powered by the calibre 27 SC. This example was sold in the 1963. The non-luminous dial is extremely attractive. The 18K yellow gold case has been lightly polished in the past but is attractive and strong. It features a hallmark at 6 o’clock between the lugs. It is 35mm in diameter and produced by François Borgel (Taubert Frères). For those looking for an incredible mid-century Patek Philippe, this is a special watch. It comes from an important collector who Eric and Charlie admire. GREAT PROVENANCE. It is paired on a Patek Philippe leather strap and 18k yellow gold buckle. The watch comes with the Certificate of Origin. It does not come with a box. We do not know the service history, but it is running well.",Wind Vintage,2026-04-19,False,False
Patek Philippe Retailed by Brock &amp; Co. Reference 42 Tank in 18K White Gold w/ Extract,Patek Philippe,79000,https://www.windvintage.com/patek-philippe-reference-42-tank-in-18k-white-gold-w/-extract,https://images.squarespace-cdn.com/content/v1/5b213f95506fbec9b54e014c/1785875379758-EL99Z7FRPXEKP4ND6SAJ/Image+173.jpeg,"This is an incredibly special rectangular timepiece from Patek Philippe dating to 1927. The watch is an early wristwatch produced in a time when the primary exports in Switzerland were pocket watches. The wristwatch would eventually become more prominent for Patek Philippe by the early 1930s. This example is a very rare model that was produced for the Beverly Hills based retailer Brock & Co. There are a handful of Patek Philippe wristwatches for Brock & Co of this era. Examples from this period include the references 42 and 425 made of gold or platinum. The designs of these watches were reminiscent of the trend-setting Cartier Tank. The Tank had been released about decade prior, and the Art Deco styles defined the watch industry throughout the 1920s. The dial features an incredible two-tone sector dial with the “Cat Whiskers” hour markers (2, 4, 8, and 9 o’clock). Both the manufactuer and retailer signature are engraved hard enamel. The case is made of 18k white gold. It measures approximately 33mm in length by 25mm in diameter. It has been lightly polished. The case design is quite incredible, as it is reminiscent of the pocket watches and features a hinged case at 12 o’clock. The watch is powered by the manual wind calibre 9 movement with lever escapement. We do not know the service history, but the watch is running well. It does not come with a box or papers. The watch comes with an Extract from the Archives.",Wind Vintage,2026-04-19,False,False
The Baden Baden Jewelry Collection Including Jewelry worn on the Drake 'Take Care' Album,Other,295000,https://www.windvintage.com/the-baden-baden-jewelry-collection-including-jewelry-worn-on-the-drake-take-care-album,https://images.squarespace-cdn.com/content/v1/5b213f95506fbec9b54e014c/1789765285084-2FA0KI90D89381JVMSU1/Image+22.jpeg,"The Baden Baden Jewelry Collection Including Jewelry worn on the Drake 'Take Care' Album Wind Vintage is pleased to present the Baden Baden jewelry collection, an archive of custom jewelry and design history that includes pieces worn by Drake for the artwork of his landmark 2011 album, Take Care. Released in 2011, ‘Take Care’ is regarded by many Drake fans as his best album, and it is widely considered one of the most important and influential albums of the 2010s. It is a Certified Diamond album by the RIAA selling over 10 million copies (a record achieved by approximately 100 albums in history). The album spent 400 weeks on the Billboard 200 chart, is ranked 95th on Rolling Stone’s 500 Greatest Albums of All Time , and won Best Rap album of the 55th Grammy Awards (Drake’s first of five Grammys). Aubrey “Drake” Graham was photographed for the cover art and additional photographs by Hyghly Alleyne and Lamar Taylor wearing the associated collection of jewelry. This is an incredible opportunity to own Hip-hop jewelry worn by Drake on the album cover of ‘Take Care’. Additional photos of the jewelry can be seen here . The jewelry comes from the original owner who was a colleague of Drake during the breakthrough years of the musician’s career and formerly owned the Rolex GMT-Master II Ref 116758SANR worn on the album cover which we recently sold. Created between 2009 and 2011, the gold jewelry formed part of a larger collection made by Baden Baden for Drake. The pieces offered here have remained in the original owner’s archive since their manufacture. The large anchor chain and both bracelets were custom manufactured in Italy by Nicolis Cola for Baden Baden in 2011. The remaining jewelry was custom made in New York City, where all diamond setting was also completed. All diamonds are natural. The micro pavé diamond setting was executed entirely by hand under a microscope by a specialist setter who has since retired. The setting holes were individually drilled by hand. The ",Wind Vintage,2026-04-19,False,False
Spencer Tracy's Rolex Explorer Reference 6350 w/ Waffle Dial Unpolished,Rolex,290000,https://www.windvintage.com/spencer-tracys-rolex-explorer-reference-6350-w-waffle-dial-unpolished,https://images.squarespace-cdn.com/content/v1/5b213f95506fbec9b54e014c/1786717561617-W8CQCLWIK55AXO35MM3S/DSC05638.png,"This Rolex Explorer reference 6350 is an incredibly rare and important example from the early 1950s which belonged to American actor Spencer Tracy. This watch was worn in the 1956 movie ‘The Mountain’, an adventure film starring Spencer Tracy and Robert Wagner based on the French novel La neige en deuil. It is possibly one of the earliest product placements of a Rolex in a film. This example features an outstanding black “honeycomb” or “waffle” dial with very attractive lume. The textured Rolex dials of the 1950s are very uncommon and particularly important on Rolex sports models! It is paired on a Rolex Oyster Rivet bracelet with 64 end links dating to 1957 which we added and is period correct. The watch also comes with a Rolex strap and steel buckle which was worn on the Explorer for many years by Tracy. Linked here is a photo of Tracy wearing the watch. This example dates to circa 1953 with a 955,XXX serial It measures 36mm in diameter. The case appears to be unpolished. I’m often asked about which watches I would love to own if I could have anything. Watches like this waffle-dial Rolex Explorer 6350 is at the top of the list and the added provenance is an incredible bonus. This watch certainly belongs in the Rolex Museum collection - as it is the best of the best! To learn more about the history and evolution of the Rolex Explorer I, you can see my video and corresponding article Reference Points A Comprehensive Collector's Guide To The Rolex Explorer I . This watch does not come with box and papers. We do not know the service history but it is running well.",Wind Vintage,2026-04-19,False,False
Rolex Small Crown Submariner Reference 6536-1 Unpolished,Rolex,79000,https://www.windvintage.com/rolex-small-crown-submariner-reference-65361-,https://images.squarespace-cdn.com/content/v1/5b213f95506fbec9b54e014c/1790695521309-MKUOHJDY29W4FHOJZ0RE/Image+42.jpeg,"The Rolex “Small Crown” Submariner reference 6536 is a classic reference and one of the iconic dive watches. I purchased this watch in 2020 from the sons of the original owner, Louis “Lou” Ross, who led a distinguished career of public service including as an aide to President Kennedy. Lou served as a Foreign Service Officer and wore this Submariner while posted around the world. When he retired, he put the watch away and his sons only recently found it after their mother passed. Amazingly, it seemed that the watch had not been opened since it left Rolex in 1957 and it remains all original including the crystal with slight crazing and original bracelet. Lou’s story is definitely worth telling in greater detail in the future, he was orphaned at age 3 and went on to record the Nuremberg trials as a very young man for the U.S. Government before embarking on a career of public service at important posts around the world, but given all the current interest in Submariners I felt it would be worth showing one of the great ones. The case measures 38mm in diameter (48mm lug-to-lug). The case appears to be unpolished. These models wear very nice on the wrist and are extremely this and light. It features the original “no hash” bezel which is original for pre-1957 and early 1957 Submariners. It was serviced for the first and only time in 2020. The luminous-hour markers have a warm patina which is much more beautiful in person. Complementing the warm lume is the awesome gilt font and chapter ring. The watch dates to circa 1957 and has a 230,XXX serial. It is paired on the original Rolex stretch Rivet bracelet dated to 1957. This watch should be in the Rolex Museum! To learn more about the Rolex Submariner, you can read my ‘ Reference Points: Understanding The Rolex Submariner ’ article and corresponding video. The watch does not come with box and papers. We do not know the service history, but it is running well.",Wind Vintage,2026-04-19,False,False
Rolex FAP Peruvian Air Force Daytona Reference 6263,Rolex,89000,https://www.windvintage.com/rolex-fap-peruvian-air-force-daytona-reference-6263,https://images.squarespace-cdn.com/content/v1/5b213f95506fbec9b54e014c/1789233642878-985RKT19GI7Z0GMYB3O9/Image+14.jpeg,"This Rolex Daytona reference 6263 is an awesome watch issued to the Peruvian Air Force. The Peruvian Air Force (Fuerza Aerea del Perú) ordered a small number of Daytonas in the 1970s and they say “FUERZA AEREA DEL PERÚ” (or FAP for short) around the edge. These are extremely interesting watches as we don’t often associate Daytonas with military use. This example features a 3.99M serial dating to circa 1975. The dial is very attractive. It features a replaced bezel, but has period Mark 2 pushers we found and placed on the watch. The central seconds hand is a replacement with a longer triangular tip, but is attractive. It is paired on an 78350 Oyster solid link bracelet with incorrect 557 end links, but they work well. The case has been lightly polished. It is powered by the manual-wind movement Caliber 727 made by Valjoux and is 37mm in diameter. The watch does not come with box or papers. We do not know the service history, but it is running well. This is a rare FAP Daytona and we are excited to be offering it for sale!",Wind Vintage,2026-04-19,False,False
Rolex Black Dial Daytona Ref. 116520 Box &amp; Papers Papers,Rolex,21900,https://www.windvintage.com/rolex-black-dial-daytona-ref-116520-box-papers,https://images.squarespace-cdn.com/content/v1/5b213f95506fbec9b54e014c/1789676911457-M5S5RQL5F2UK2NKSKTBK/Image+8.jpeg,The reference 116520 was produced from the course of 2000-2016. This specific example dates to circa 2008-2009 and features a V8 serial. It was sold in 2010. It is a great looking watch. The watch measures 40mm in diameter. It features the black dial variant. The case and bracelet have been polished. The bracelet fits a wrist approximately 7 inches. The watch comes with a box and papers. We do not know the service history but it is running well. It recently passed a water resistance of 5 bar.,Wind Vintage,2026-04-19,False,False
Rolex Zenith Black Dial Daytona Reference 16520 Unpolished,Rolex,39000,https://www.windvintage.com/rolex-zenith-black-dial-daytona-reference-16520-unpolished,https://images.squarespace-cdn.com/content/v1/5b213f95506fbec9b54e014c/1788955044186-QKVS1QUVDL6M00TYZTB0/Image+1.jpeg,"The Rolex Zenith Daytona reference 16520 is an outstanding stainless steel sports chronograph. It features a U serial number, which dates to circa 1997. It is paired with a reference 78390 Oyster bracelet with a Z clasp code dating to circa 1997. The case appears to be unpolished. It measures 40mm in diameter. This example features a black dial with tritium luminous material. The watch does not come with a box or papers. We do not know the service history, but the watch is running well. It recently passed a water resistance test of 5 bar.",Wind Vintage,2026-04-19,False,False
Rolex Inverted 6 Champagne Dial Zenith Daytona Reference 16528 in 18K Yellow Gold Unpolished,Rolex,49000,https://www.windvintage.com/rolex-champagne-zenith-daytona-reference-16528-in-18k-yellow-gold-unpolished,https://images.squarespace-cdn.com/content/v1/5b213f95506fbec9b54e014c/1788452475003-MPV3KR63OZPZ6S07UVW0/Image+7.jpeg,"This Rolex Zenith Daytona reference 16528 is a gorgeous yellow gold chronograph. For those looking for an incredible neo-vintage Rolex, this is one of the most attractive gold Zenith Daytonas we have ever seen. This example features the rare champagne “inverted 6” dial. Finding examples in this condition is extremely difficult. The case features a W serial dating to circa 1995. The 18k yellow gold case appears to be unpolished. The case measures 40mm in diameter. It still features the case back sticker. It is paired on the original bracelet that features a T date code from circa 1995. The watch does not include the box and papers. We do not know the service history, but it is running well. It recently passed a water resistance test of 5 bar.",Wind Vintage,2026-04-19,False,False
Rolex GMT-Master Reference 6542 Bakelite Bezel,Rolex,89000,https://www.windvintage.com/rolex-gmtmaster-reference-6542,https://images.squarespace-cdn.com/content/v1/5b213f95506fbec9b54e014c/1789161762488-TP4A9RNSIDLCZX8WWR5L/Image+8.jpeg,"The Rolex GMT-Master reference 6542 marked the first reference in what would go onto become one of the most celebrated timepieces across all manufacturers. The timepiece became an icon within the James Bond movie Goldfinger after being worn by Honor Blackman during her portrayal of ""Pussy Galore"". It is an unmistakable watch and it is seen as grail watches for collectors who understand the importance of the 1950s Rolex sports catalog. This particular example is an outstanding 6542 with a spectacular dial, vivid original Bakelite bezel, and great provenance. These Bakelite bezels have a propensity for cracks and are radioactive, and as a result many were replaced with non-luminous, anodized aluminum bezels. The colors are so unique and it makes for an out of this world aesthetic. In addition to the Bakelite bezel, the dial is very well preserved and attractive. The reference 6542 dials are often known for cracking and crazing, but this example has one of the nicest dial we have seen on any reference 6542. The GMT hand has minimal lume loss, but this is expected in a sports watch over 65 years old. The case has been lightly polished, but is very attractive and full. The watch has a 398,XXX serial dating to circa late 1958. It is 38mm in diameter (48mm lug-to-lug). It is paired on what is likely its original Swiss-made Oyster rivet bracelet with super-desirable “Big Logo” clasp and 65 end links dating to 1959. It has been in an important private collection for a number of years. We do not know the service history, but it is running well. The watch recently passed a water resistance test of 3 bar. To learn more about the Rolex GMT-Master, you can watch my ‘Reference Points: Understanding The Rolex GMT-Master' video and read the corresponding article. I selected this exact watch for inclusion in the Reference Points article and video, so that should tell you how I feel about the quality of this example.",Wind Vintage,2026-04-19,False,False
Rolex Serpico Y Laino GMT-Master Reference 1675,Rolex,65000,https://www.windvintage.com/rolex-serpico-y-laino-gmt-master-reference-1675,https://images.squarespace-cdn.com/content/v1/5b213f95506fbec9b54e014c/1784829796257-FNLXS570Z3DGK1NJO3MK/Image+59.jpeg,"The Rolex GMT-Master was originally designed for Pan Am pilots in the 1950s and continues to be a flagship model for Rolex to this day. The reference 1675 was introduced in 1959 and remained in production until 1980. This is an incredible Rolex GMT-Master 1675 with a rare double-signed dial from the Venezuelan retailer Serpico Y Laino and engraved case back. These double-signed gilt GMT-Masters are incredibly rare, and to feature one with the prestigious retailer of the finest Rolex and Patek Philippe models is truly special. It has a 1.14M serial number dating to circa 1964-1965. It features an incredible gilt dial. The luminous material is attractive. The aluminum bezel insert features a beautiful blue and autumn red color which is one of my favorites of all time. The case has been polished in the past. It is paired on a tight Rolex 7206 Rivet bracelet with 58 end links dating to 1964. It does not come with box and papers. We do not know the service history, but it is running well. It recently passed a water resistance test of 5 bar. To learn more about the Rolex GMT-Master you can watch the ‘Reference Points: Understanding The Rolex GMT-Master' video and corresponding article I produced. You can also read Charlie Dunne’s comprehensive article ‘ Collector's Guide: The Rolex GMT-Master Reference 1675 In Steel ’.",Wind Vintage,2026-04-19,False,False
Rolex Matte GMT-Master Reference 1675 with Box &amp; Booklet,Rolex,23900,https://www.windvintage.com/rolex-matte-gmt-master-reference-1675-with-box-booklet,https://images.squarespace-cdn.com/content/v1/5b213f95506fbec9b54e014c/1788890896336-KUMQK2BXYZHV0JZVPU43/Image+28.jpeg,"The Rolex GMT-Master was originally designed for Pan Am pilots in the 1950s and continues to be a flagship model for Rolex to this day. The reference 1675 was introduced in 1959 and remained in production until 1980. The case has been polished in the past. This is anThe serial is 5.33M dating to circa 1978. It is paired on an oval link Rolex bracelet made by J.B. Champion. It features a beautiful insert which is slightly earlier to the watch and much more attractive than the inserts from the late 1970s. We do not know the service history, but it is running well. It comes with box, catalogs and a booklet featuring the hand written serial indicating it was sold at Linz in Dallas, Texas in 1979. It does not come with chronometer papers. It just recently passed a water resistance test of 5 bar. To learn more about the Rolex GMT-Master you can watch the ‘Reference Points: Understanding The Rolex GMT-Master' video and corresponding article I produced. You can also read our comprehensive article ‘ Collector's Guide: The Rolex GMT-Master Reference 1675 In Steel ’.",Wind Vintage,2026-04-19,True,False
Rolex Radial Dial GMT-Master Reference 1675 w/ Additional Black Insert,Rolex,26900,https://www.windvintage.com/rolex-radial-dial-gmtmaster-reference-1675,https://images.squarespace-cdn.com/content/v1/5b213f95506fbec9b54e014c/1788355048244-XLBVTO9LDPNLZ438V6GV/Image+217.jpeg,"The Rolex GMT-Master was originally designed for Pan Am pilots in the 1950s and continues to be a flagship model for Rolex to this day. The reference 1675 was introduced in 1959 and remained in production until 1980. This example reference 1675 features the highly admired “Radial Dial”. It features a 3.9M serial number dating to circa 1975. The case has been lightly polished. It is paired on a reference 78360 Rolex Oyster bracelet with a VB code dating to circa 1977. This watch does not come with box and papers. We do not know the service history, but it is running well. It recently passed a water resistance test of 5 bar. The watch comes with an additional all black insert. To learn more about the Rolex GMT-Master you can watch the ‘Reference Points: Understanding The Rolex GMT-Master' video and the corresponding article I produced. You can also read Charlie Dunne’s comprehensive article ‘ Collector's Guide: The Rolex GMT-Master Reference 1675 In Steel ’.",Wind Vintage,2026-04-19,False,False
Rolex Faded Coke GMT-Master II Ref 16710 Unpolished,Rolex,12500,https://www.windvintage.com/rolex-faded-coke-gmtmaster-ii-ref-16710-unpolished,https://images.squarespace-cdn.com/content/v1/5b213f95506fbec9b54e014c/1788195365484-CSN88F6DF6VZD6MMZ6IO/Image+29.jpeg,"Originally designed for Pan-Am pilots in the 1950s, the Rolex GMT-Master is one of the most sought-after models in the brand’s lineup. Due to its incredible heritage and iconic look, it remains a flagship model for Rolex to this day. This is an beautiful example with a faded “Coke” insert with the “SWISS” only dial with Luminova. The case appears to be unpolished. It measures 40mm in diameter (47mm lug-to-lug). The watch features an A serial dating to circa 1999. The bracelet features an X code dating to circa 1999. To learn more about the Rolex GMT-Master you can watch my ‘Reference Points: Understanding The Rolex GMT-Master' video and corresponding article. The watch does not come with a box or papers. We do not know the service history but it is running well. It recently passed a water resistance test of 5 bar.",Wind Vintage,2026-04-19,True,False
Rolex GMT-Master Reference 16758 in 18K Yellow Gold,Rolex,29900,https://www.windvintage.com/rolex-gmtmaster-reference-16758-in-18k-yellow-gold,https://images.squarespace-cdn.com/content/v1/5b213f95506fbec9b54e014c/1784910799793-UIM7KKQ25XCAEKKXP1PQ/Image+93.jpeg,"The Rolex GMT-Master was originally designed for Pan Am pilots in the 1950s and continues to be a flagship model for Rolex to this day. The reference 1675 was introduced in 1959 and remained in production until 1980. This is a cool 16758 featuring an 6.6M serial number, dating to circa 1981. The 18k yellow gold case and bracelet has been polished. It has a beautiful sunburst dial. The second hand has been relumed. The watch will fit a wrist slightly above 7 inches. The insert is for a two-tone GMT-Master. It comes with a later all brown insert from the late 1990s. To learn more about the Rolex GMT-Master you can watch the ‘Reference Points: Understanding The Rolex GMT-Master' video and corresponding article I produced. You can also read Charlie Dunne’s comprehensive article ‘ Collector's Guide: The Rolex GMT-Master Reference 1675 In Steel ’. It does not come with box or papers. We do not know the service history, but it is running well. It recently passed a 5 bar water resistance test.",Wind Vintage,2026-04-19,False,False
Rolex GMT-Master Reference 16758 in 18K YG on Jubilee w/ Box,Rolex,31500,https://www.windvintage.com/rolex-gmt-master-reference-16758-in-18k-yg-on-jubilee-w/-box,https://images.squarespace-cdn.com/content/v1/5b213f95506fbec9b54e014c/1789161540992-N9KOHXY7II15F3E3Q6L0/Image+4.jpeg,"The Rolex GMT-Master was originally designed for Pan Am pilots in the 1950s and continues to be a flagship model for Rolex to this day. The reference 1675 was introduced in 1959 and remained in production until 1980. This is a cool 16758 featuring an 8.1M serial number, dating to circa 1984. The 18k yellow gold case and bracelet has been polished. It has a black dial. The watch will fit a wrist approximately 6.7 inches. The bracelet has some stretch. To learn more about the Rolex GMT-Master you can watch the ‘Reference Points: Understanding The Rolex GMT-Master' video and corresponding article I produced. You can also read Charlie Dunne’s comprehensive article ‘ Collector's Guide: The Rolex GMT-Master Reference 1675 In Steel ’. It does not come with papers. It comes with a box. We do not know the service history, but it is running well. It recently passed a 5 bar water resistance test.",Wind Vintage,2026-04-19,False,False
Rolex King Midas Ref 4315 in 18K Yellow Gold,Rolex,55000,https://www.windvintage.com/rolex-king-midas-ref-4315-in-18k-yellow-gold,https://images.squarespace-cdn.com/content/v1/5b213f95506fbec9b54e014c/1791558453209-2W918GSI6S1UG3GXU3W7/Image.jpeg,"The King Midas was the most expensive Rolex by far at retail in the 1960s and 1970s. Starting in the 1970s, Rolex changed the dial to have Cellini instead of Midas in Greek on the dial and also introduced the smaller Queen Midas model. The King Midas has been closely associated with Elvis Presley, who is photographed holding one, and more recently with Rihanna, who wore a customized model for her pregnancy announcement. It is said that Gérald Genta designed these watches and they certainly seemed to be part of the evolution of integrated watch design that led to the Audemars Piguet Royal Oak, IWC Ingenieur 1832, and Patek Philippe Nautilus. This example is 18k yellow gold. The case has been polished in the past. It is an extremely attractive timepiece. The bracelet will fit a wrist slightly over 7 inches. The case features a 4.36M serial dating to circa 1976. The watch does not come with box and papers. We do not know the service history, but it is running well.",Wind Vintage,2026-04-19,False,False
Rolex Pre-Explorer 36MM Oyster Perpetual Reference 6298 Unpolished,Rolex,14900,https://www.windvintage.com/rolex-pre-explorer-36mm-oyster-perpetual-reference-6298,https://images.squarespace-cdn.com/content/v1/5b213f95506fbec9b54e014c/1789410288366-NGMJVLQZZCGSTBBY5YV1/Image+18.jpeg,"The reference 6298 is a rare and oversized Oyster Perpetual model which measures 36mm in diameter. The reference 6298 is known amongst collectors as the Pre-Explorer as it paved the way for the Explorer models. These cases are similar to the reference 6350 with slightly lower bezels. The case appears to be unpolished. The applied coronet is beautiful and seen in 1950s models. The watch features a 913,XXX serial dating to circa 1953. The watch is paired on a later JB Champion bracelet. The watch does not come with box and papers. The service history is not known, but it is running well.",Wind Vintage,2026-04-19,False,False
"Rolex ""Puzzle"" ""Jigsaw"" Day-Date Reference 128235 18K Everose Gold Full Set Unpolished",Rolex,279000,https://www.windvintage.com/rolex-puzzle-day-date-reference-128235-18k-everose-gold-full-set-unpolished,https://images.squarespace-cdn.com/content/v1/5b213f95506fbec9b54e014c/1790241940032-GI5UM5IFKU76XJLCQ43U/Image+32.jpeg,"The Rolex Day-Date is one of the world’s most iconic wristwatches. It was introduced in 1956 and was the first watch to display the date, as well as the fully-spelled-out day of the week. This Rolex “Puzzle” Day-Date is one of the most desirable wristwatches on the planet. Introduced at the 2023 Watches & Wonders, the Rolex “Puzzle” (or “Emoji”/”Jigsaw”) was a watch that made the watch community astonished and excited. Nobody was certain whether the watch was a hoax or an authentic release from The Crown. This “Puzzle” Day-Date in rose gold is in outstanding condition. It is an incredible off catalog Rolex. It features a “Puzzle” calendar features 31 emojis and the days are inspirational words (""Happy,"" ""Eternity,"" ""Gratitude,"" ""Peace,"" ""Faith,"" ""Love"" and ""Hope""). It features 10 rainbow baguette-cut sapphire hour indexes. The watch is powered by the Rolex Calibre 3255, with a 70-hour power reserve and a double quick-set day and date function. The case measures 36mm in diameter and approximately 43mm lug-to-lug. The watch is in excellent condition and appears to be unpolished. The watch recently passed a water resistance test of 5 bar. It comes as a “full set” with the original box and papers. It was sold in 2025. For those looking for an incredible and rare contemporary Rolex, this is a grail Day-Date.",Wind Vintage,2026-04-19,False,False
Rolex Day-Date United States Merchant Marine Reference 18038 Unpolished,Rolex,39000,https://www.windvintage.com/rolex-day-date-united-states-merchant-marine-reference-18038-unpolished,https://images.squarespace-cdn.com/content/v1/5b213f95506fbec9b54e014c/1787849583364-X3V4KT8P491HTA3XEMJ3/Image+12.jpeg,"The Rolex Day-Date was introduced in 1956 and was the first watch to display the date, as well as the fully-spelled-out day of the week. This Rolex Day-Date reference 18038 is an incredibly attractive watch with an unbelievably rare United States Merchant Marine dial. This particularly with this original non-Rolex gold bracelet makes for a seriously impressive watch. We would rather have this logo on our watch than the signature of a despot who allegedly committed patricide, honestly! The 18K-gold case appears to be unpolished. It measures 36mm in diameter (43mm lug-to-lug). This particular example dates to circa 1986 with a 9.31M serial. The watch does not come with box and papers. We do not know the service history, but it is running well. It recently passed a water resistance test of 5 bar. For those looking for a prolific vintage Day-Date, this is one of the coolest examples we have offered!",Wind Vintage,2026-04-19,False,False
Rolex Day-Date United States Merchant Marine Reference 18038 Unpolished Full Set,Rolex,49000,https://www.windvintage.com/rolex-day-date-united-states-merchant-marine-reference-18038-in-18k-yg-unpolished-full-set,https://images.squarespace-cdn.com/content/v1/5b213f95506fbec9b54e014c/1789165012199-EINQ34MKLBRCS991UPJB/Image+11.jpeg,"The Rolex Day-Date was introduced in 1956 and was the first watch to display the date, as well as the fully-spelled-out day of the week. This Rolex Day-Date reference 18038 is an incredibly attractive watch with an unbelievably rare United States Merchant Marine dial. This particularly with this original non-Rolex gold bracelet makes for a seriously impressive watch. We would rather have this logo on our watch than the signature of a despot who allegedly committed patricide, honestly! These Merchant Marine Day-Dates are extremely rare and only a few are known. The 18K-gold case appears to be unpolished. It measures 36mm in diameter (43mm lug-to-lug). This particular example dates to circa 1978 with a 5.4M serial. The watch comes full set with box and papers. We do not know the service history, but it is running well. It recently passed a water resistance test of 5 bar.",Wind Vintage,2026-04-19,False,False
Rolex Cellini King Midas Reference 4312 in 18K Yellow Gold Unpolished,Rolex,23900,https://www.windvintage.com/rolex-king-midas-reference-4312-in-18k-yellow-gold-unpolished,https://images.squarespace-cdn.com/content/v1/5b213f95506fbec9b54e014c/1787608998184-WV6S96HV84197RO90714/Image+7.jpeg,"The King Midas was the most expensive Rolex by far at retail in the 1960s and 1970s. Starting in the 1970s, Rolex changed the dial to “Cellini” instead of “Midas” in Greek on the dial. The Cellini and King Midas models are incredibly well made integrated bracelet models from Rolex that have been associated with Elvis Presley, Rihanna and others. It is said that Gérald Genta possibly designed these watches and they certainly seemed to be part of the evolution of integrated watch design that led to the Audemars Piguet Royal Oak, IWC Ingenieur 1832, and Patek Philippe Nautilus. This Rolex Cellini King Midas reference 4312 is a special timepiece in 18k yellow gold. The case is unpolished. It measures approximately 24mm in diameter. The dial on this watch is remarkable and features an ornate pyramid pattern. The bracelet is also quite amazing with a mesh/woven design that would be a fortune to replicate today. It features a 4.2M serial dating to circa 1976. The bracelet is quite long and will fit a wrist over 7.5 inches. It has likely never been cut. For those looking for a stylish and unique Rolex, this is an incredible choice. The watch does not come with box and papers. We do not know the service history, but it is running well.",Wind Vintage,2026-04-19,False,False
Rolex Linen Datejust Ref 16014 Unpolished,Rolex,8900,https://www.windvintage.com/rolex-linen-dial-datejust-reference-16014-unpolished1-1-1-1,https://images.squarespace-cdn.com/content/v1/5b213f95506fbec9b54e014c/1790964472943-IQ0EHA8Z4NJCGWNKAQL4/Image+75.jpeg,The Simple Vintage Rolex Datejust In Steel ’. I’m constantly amazed by the quality and differentiations of the dials that Rolex used in vintage Datejusts over the decades. I have found the Rolex Datejust to be one of the most versatile watches a person can have and the simplicity in this linen-dial reference 16014 is so beautiful. The watch dates to circa 1978 and features an 5.62M serial. The case measures 36mm in diameter and is paired on a 62510H Rolex Jubilee bracelet and 555 end links dating to 1979. It features a beautiful linen dial. This watch features a quick-set date movement. The watch is in excellent condition. The case appears to be unpolished. It does not come with box and papers. It was recently serviced and it is running well. It recently passed a water resistance test of 5 bar.,Wind Vintage,2026-04-19,False,False
Rolex Two-Tone Datejust Reference 16233 Unpolished,Rolex,8900,https://www.windvintage.com/rolex-twotone-datejust-reference-ref16233-unpolished,https://images.squarespace-cdn.com/content/v1/5b213f95506fbec9b54e014c/1791307633953-SRSYB40HF467L9BXCC12/Screenshot%2B2026-10-06%2Bat%2B1.26.11%25E2%2580%25AFPM.png,The Simple Vintage Rolex Datejust In Steel ’. I’m constantly amazed by the quality and differentiations of the dials that Rolex used in vintage Datejusts over the decades. I have found the Rolex Datejust to be one of the most versatile watches a person can have. This model 16233 has a champagne dial set with 18K gold applied coronet and index markers and sapphire crystal. It features an X1 serial dating to 1991. The bracelet features a P clasp code dating to circa 1991. The case appears to be unpolished. It measures 36mm in diameter. The watch does not come with a box and papers. We do not know the service history but it is running well. It recently passed a water resistance test of 5 bar.,Wind Vintage,2026-04-19,False,False
Rolex Ladies Oyster Perpetual Reference 76188 in 18k YG Unpolished,Rolex,13900,https://www.windvintage.com/rolex-ladies-oyster-perpetual-reference-76188-in-18k-yg-unpolished,https://images.squarespace-cdn.com/content/v1/5b213f95506fbec9b54e014c/1791580076182-GHD5RAT29IM14C4ZTIUG/Image+9.jpeg,"This Rolex Oyster Perpetual is a super attractive ladies model. The case appears to be unpolished and has a very attractive dial. It measures 24mm in diameter. The watch features a Y6 serial dating to circa 2002. It features an incredibly rare 7204A Rivet bracelet with AD date code dating to circa 2003 which is original to the watch. The watch does not come with box and papers. We do not know the service history, but it is running well. It recently passed a water resistance test of 5 bar.",Wind Vintage,2026-04-19,False,False
Rolex Date Reference 1500 in 14K Yellow Gold Unpolished,Rolex,5900,https://www.windvintage.com/rolex-date-reference-1500-in-14k-yellow-gold-unpolished,https://images.squarespace-cdn.com/content/v1/5b213f95506fbec9b54e014c/1791492226050-QVER25KE7PZG25EVFUMB/Image+115.jpeg,"This Rolex Date is an incredibly attractive example with a silver dial. The case is made of 14k yellow gold and appears to be unpolished. 18K yellow gold is the standard for Rolex models, and these 14k yellow gold models are far less common. They were often sold in the United States and are extremely cool. The watch has a 1.06M serial number dating to circa 1964. The watch features dauphine hands which are very interesting and seen in early 1960s Rolex models before the standard baton hands. The watch does not come with papers. It does come with a Rolex box. The watch was just serviced and it is running great. The watch recently passed a 5 bar water resistance test.",Wind Vintage,2026-04-19,False,False
Rolex Ladies Oyster Perpetual Ref. 6618 Unpolished,Rolex,3900,https://www.windvintage.com/rolex-ladies-oyster-perpetual-ref-6618-unpolished-2,https://images.squarespace-cdn.com/content/v1/5b213f95506fbec9b54e014c/1791203507161-7R8EBWCTPAEYU76DRMBR/Image+82.jpeg,"This Oyster Perpetual is a great stainless steel ladies watch. It measures approximately 25mm in diameter. The serial number dates the watch to circa 1970. It is paired on a folded link bracelet and features a silver dial. The watch is in great shape and appears to be unpolished. The watch does not come with a box or papers. We do not know the service history, but it is running well. It recently passed a water resistance test of 3 bar.",Wind Vintage,2026-04-19,False,False
Rolex Domino's Air-King Ref 5500 Unpolished,Rolex,12900,https://www.windvintage.com/rolex-dominos-air-king-ref-5500-unpolished,https://images.squarespace-cdn.com/content/v1/5b213f95506fbec9b54e014c/1790882636384-41Y4LPV7J9RBFCD3GF40/Image+64.jpeg,"The Rolex-Domino’s connection is perhaps the ultimate high-low collaboration. These watches were not made for purchase by the public, but as a way to reward Domino’s franchise owners who hit their sales targets. All these watches were originally ordered through Schlanderer and Sons in Ann Arbor, Michigan, where Domino’s has its headquarters. In the past, these watches on the secondhand market were generally the least expensive Rolex a person could purchase as few people wanted a pizza logo like this on their dial. Dealers would buy them, swap out the Domino’s dial, and polish off the case back initials. Over the last year, however, they have gained a massive following. The watch features an engraving on the back with the recipient’s initials above “T.S.M.” for Thomas S. Monaghan, the founder of Domino’s. The engravings were made in Ann Arbor, Michigan. This example dates to circa 1990 with an E serial. It is paired on a Rolex 78350 bracelet that features an O date code dating to 1990 with with 557 end links and is original to the watch. The case appears to be unpolished. It measures 34mm in diameter. It does not come with box or papers. It recently passed a water resistance test of 5 bar. It was recently serviced and is running well. You can learn about these watches in our video Collector Conversation: Tom Monaghan - Founder of Domino's Pizza - on the Domino's Rolex . To learn more about Rolex-Domino’s story, watch the video ”Rolex Model NEVER in Stores” .",Wind Vintage,2026-04-19,False,False
Rolex Celebration Dial 36mm Oyster Perpetual 126000 Full Set Unpolished,Rolex,19900,https://www.windvintage.com/rolex-celebration-dial-36mm-oyster-perpetual-126000-full-set-unpolished,https://images.squarespace-cdn.com/content/v1/5b213f95506fbec9b54e014c/1790710184850-8T398LP5YDRSZ0P043V1/Image+47.jpeg,"This Rolex Oyster Perpetual reference 126000 is a very special and interesting release from Rolex featuring the “Celebration” dial. These were a very exciting and unexpected design from the crown. The watch appears to be unpolished. It measures 36mm in diameter. For those looking for an incredible Oyster Perpetual, the Celebration is in a league of its own! It comes full set with box and papers from the original owner. It was sold in 2024. It recently passed a water resistance test of 5 bar. The watch comes with the white hang tag.",Wind Vintage,2026-04-19,False,False
Rolex Black Dial Datejust Oysterquartz Reference 17000 Box &amp; Papers + RSC Card,Rolex,0,https://www.windvintage.com/rolex-black-dial-datejust-oysterquartz-reference-17000-box-papers,https://images.squarespace-cdn.com/content/v1/5b213f95506fbec9b54e014c/1791572447648-JGGKKZZE7RABNO7A6P6F/Image+6.jpeg,"This Rolex Datejust is an awesome deviation from the iconic design the model is known for in that it has a bold Oysterquartz case. The case has been polished, but is in strong form. The watch measures approximately 36mm in diameter but wears slightly larger due to the lug profile. The serial (N24XXXX) dates to circa 1991 and bracelet has an R2 serial. The watch comes with box and papers. It comes with a Rolex Service Center card dating to 2022. It it is running well and passed a water resistance test of 5 bar.",Wind Vintage,2026-04-19,True,True
Rolex Land-Dweller 36mm Ref 127234 in Stainless Steel Full Set Unpolished,Rolex,18900,https://www.windvintage.com/rolex-land-dweller-36mm-ref-127234-in-stainless-steel-full-set-unpolished,https://images.squarespace-cdn.com/content/v1/5b213f95506fbec9b54e014c/1787347965613-UGTLPHK5JF9HXP6ZG4XS/Image+263.jpeg,"The Rolex Land-Dweller is a monumental new release from the manufacturer with design cues from the Oysterquartz Day-Date and Datejust. The reference 127234 is beautiful 36mm case with one of the most comfortable bracelets. The watch is powered by the Rolex automatic calibre 7135 which is seen in the exhibition caseback. This example is unpolished. It features the beautiful honeycomb dial motif, and the 6 and 9 numerals inspired by the 1950s Rolex dials. We do not know the service history, but the watch is running well. It does comes full set with box and papers from the original owner. It was sold in 2025.",Wind Vintage,2026-04-19,False,False
Rolex Tropical Double Red Sea-Dweller Reference 1665 Thin Case,Rolex,99000,https://www.windvintage.com/rolex-double-red-sea-dweller-reference-1665-thin-case-tropical,https://images.squarespace-cdn.com/content/v1/5b213f95506fbec9b54e014c/1785875277382-6NBSZJC4UI9752LPASES/Image+172.jpeg,"This Rolex Sea-Dweller reference 1665 features the highly desired and vibrant ""Double Red"" dial and the rare thin case. The earliest Sea-Dwellers such as this example used cases like on the Rolex Submariner reference 5512, but with a helium escape valve (HEV) added to the left side of the case. The case is lightly polished, but in strong condition overall. The watch measures 40mm in diameter. It previously came from the original owner. The amazing tropical dial has the original tritium lume on the dial and hands. The aluminum bezel insert has faded to a beautiful grey color. The watch features a 1.7 million serial with inside case back dating to circa 1967. These were not assembled by Rolex to be Sea-Dwellers until later. The watch came from the original owner who purchased it new in New Zealand in the early 1970s. The gentleman’s wife was upset about the cost of the watch, but it was already purchased. The gentleman was a roofer and did various forms of manual labor. One day, he was on a roof and he took his watch off and left it on the roof so it would not get damaged while he was working. Unfortunately, he slipped and fell off the roof. He went to the hospital for a few days and when he regained his senses he realized his Rolex was probably still on the roof. He went back about a week later once he had left the hospital and promptly climbed onto the roof to find his watch still sitting there. He joked that spending the week in the sun up on the roof might have helped the dial turn “tropical” brown. The watch does not come with box and papers. Overall, this is an amazing opportunity to get a spectacular and rare Rolex sports watch. We do not know the service history, but it is running well. It recently passed a water resistance test of 5 bar.",Wind Vintage,2026-04-19,False,False
Rolex Mk IV Double Red Sea-Dweller Reference 1665 w/ Box,Rolex,37500,https://www.windvintage.com/rolex-mk-double-red-sea-dweller-reference-1665-w/-box,https://images.squarespace-cdn.com/content/v1/5b213f95506fbec9b54e014c/1789589549137-90UXZE32XSX4P0S4WV3C/Image+2.jpeg,"This Rolex Sea-Dweller reference 1665 features the highly desired and vibrant ""Double Red"". The case has been polished. This example features the Mk IV (Mark 4) dial. The watch measures 40mm in diameter. The serial is 5.2 million dating to circa 1978. This is towards the end of the production of “Double Red” Sea-Dwellers. The watch is paired on a service Rolex Oyster 93150 bracelet with 580 end links dating to circa 1999. It features a later service insert. The watch does not come with papers. It does come with box. It was just serviced and is running well. It recently passed a water resistance test of 5 bar.",Wind Vintage,2026-04-19,False,False
Rolex Double Red Sea-Dweller Reference 1665,Rolex,39000,https://www.windvintage.com/rolex-double-red-seadweller-reference-1665,https://images.squarespace-cdn.com/content/v1/5b213f95506fbec9b54e014c/1790791605133-PI50XO9NLZW081FUFH3X/Image+54.jpeg,"The Rolex Sea-Dweller reference 1665 is one of the iconic dive watches, and according to Rolex it was produced in 22,038 examples. These watches are appreciated by collectors due to their depth rating and robust cases. This Rolex Sea-Dweller reference 1665 features the highly desired and vibrant ""Double Red"" dial. The aluminum bezel insert has faded to a beautiful greyish black color. The watch features a 4.10M serial dating to circa 1975-1976. The case is lightly polished. It is paired on a 93150 solid link Rolex bracelet with A (1976) date stamp and 585 end links which are correct. The watch does not come with box and papers. We do not know the service history, but it is running well.",Wind Vintage,2026-04-19,False,False
Rolex Submariner Feet First Dial Ref 5513,Rolex,13000,https://www.windvintage.com/rolex-submariner-feet-first-dial-ref-5513,https://images.squarespace-cdn.com/content/v1/5b213f95506fbec9b54e014c/1785514038610-YE57U3PQSHAIB62W0DIX/Image+158.jpeg,"First Dial Ref 5513 This Rolex Submariner is an incredible vintage example. The reference 5513 is an iconic sports watch which was introduced in circa 1962. The case has been polished in the past. This example features a 2.98M serial dating to circa 1972. It is paired on a Rolex Oyster 93150 bracelet with 580 end links with J5 date code dating to 1985. To learn more about the Rolex Submariner, you can watch my ‘ Reference Points: Understanding The Rolex Submariner ’ video and read the corresponding article. This watch does not come with box and papers. We do not know the service history but it is running well. It recently passed a water resistance test of 5 bar.",Wind Vintage,2026-04-19,False,False
Rolex Meters First Submariner Ref 5513 Unpolished,Rolex,24900,https://www.windvintage.com/rolex-meters-submariner-5513-unpolished,https://images.squarespace-cdn.com/content/v1/5b213f95506fbec9b54e014c/1786449272002-1VUBWICQ9EIHVM8DTUKE/Image+208.jpeg,"First Submariner Ref 5513 Unpolished This Rolex Submariner reference 5513 is an incredibly attractive example with beautiful puffy lume. The watch has a 1.96M serial dating to circa 1969. It features the original bezel insert and twinlock crown. The case appears to be unpolished. It is was paired on a 7206 rivet bracelet with 80 end links which are correct dating to 1969. The bracelet appears to be original to the watch. It could use tightening through Michael Young in Hong Kong. For those looking for an out of this world Submariner 5513, this is a spectacular example. Learn more about the iconic Submariner within Charlie Dunne’s comprehensive article “ Collector’s Guide: Understanding The Rolex Submariner Reference 5512 ’. To learn more about the Rolex Submariner, you can read my ‘Reference Points: Understanding The Rolex Submariner’ article and corresponding video . This watch does not come with box and papers. It features a TrueDome D 19 crystal. We do not know the service history, but it is running great! It recently passed a water resistance test of 5 bar.",Wind Vintage,2026-04-19,False,False
Rolex Submariner Reference 14060 w/ Box and Booklets,Rolex,8900,https://www.windvintage.com/rolex-submariner-reference-14060-w/-box-and-booklets,https://images.squarespace-cdn.com/content/v1/5b213f95506fbec9b54e014c/1791572497505-XZJULQT5PJ8EFBPXZGRS/Image+7.jpeg,"This Rolex Submariner reference 14060 dates to circa 1999 with an A5 serial. The case has been polished in the past and measures 40mm in diameter. It is paired on an Oyster 93150 bracelet with 501 B end links and an X5 bracelet date code dating to circa 1999. It features a correct “SWISS” only dial with what appears to be Chromalight lume, To learn more about the Rolex Submariner, dive into ‘ Reference Points: Understanding The Rolex Submariner ’ video and corresponding article. The watch comes with a box and the booklets. We do not know the service history, but it is running well. It recently passed a water resistance test of 5 bar.",Wind Vintage,2026-04-19,False,False
Rolex Submariner Reference 5513 Unpolished,Rolex,23000,https://www.windvintage.com/rolex-submariner-reference-5513-unpolished-22-,https://images.squarespace-cdn.com/content/v1/5b213f95506fbec9b54e014c/1781810639978-E78CMWWQ3FWUTLRFM2ZN/Image+65.jpeg,"This Rolex Submariner is super attractive reference 5513 . It features a 5.15M serial dating to circa 1977-1978. The lume features a nice warm tone. It features the original bezel insert. It is paired on the rare Rolex 93150 bracelet with 580 end links dating to 1977. The case appears to be unpolished. The back of the lugs and between the lugs have some corrosion, but the serial is visible. Learn more about the iconic Submariner within Charlie Dunne’s comprehensive article “ Collector’s Guide: Understanding The Rolex Submariner Reference 5512 ’. To learn more about the Rolex Submariner, you can read my ‘Reference Points: Understanding The Rolex Submariner’ article and corresponding video . This watch does not come with box and papers. We do not know the service history, but it is running great! It recently passed a water resistance test of 3 bar.",Wind Vintage,2026-04-19,False,False
Rolex Submariner 5513 Maxi Mk 4 Unpolished,Rolex,22900,https://www.windvintage.com/rolex-submariner-5513-maxi-mk-4-unpolished,https://images.squarespace-cdn.com/content/v1/5b213f95506fbec9b54e014c/1790964378820-NMQFTPDWUL9L5SDM7MEM/Image+73.jpeg,"The Rolex Submariner is one of the most iconic watches of all time. This is a spectacular Submariner reference 5513 with a Mk IV dial. It features a 7.16M serial number dating to circa 1982. It is paired with a service reference 93150 Oyster bracelet without code. It has the correct 580 end-links. This example features an attractive matte dial with tritium lume. The case appears to be unpolished. Learn more about the sibling model reference 5512 within Charlie Dunne’s article ‘ Collector’s Guide: Understanding The Rolex Submariner Reference 5512 ’. To learn more about the Rolex Submariner, you can read my ‘ Reference Points: Understanding The Rolex Submariner ’ article and corresponding video. We do not know the service history, but the watch is running well. It recently passed a water resistance test of 5 bar. It does not come with the box or papers.",Wind Vintage,2026-04-19,False,False
"Rolex Meters First Red Sub Submariner Ref 1680 w/ Papers, Receipt &amp; Letter of Provenance &amp; Photos",Rolex,35000,https://www.windvintage.com/rolex-red-sub-submariner-reference-1680-w/-papers-letter-of-provenance,https://images.squarespace-cdn.com/content/v1/5b213f95506fbec9b54e014c/1785875021315-9DXW7QEDKE1CBKS5Z8XW/Image+168.jpeg,"First Red Sub Submariner Ref 1680 w/ Papers, Receipt & Letter of Provenance & Photos This Rolex Submariner reference 1680 is an awesome sports watch dating to circa 1969-1970 with a 2.21M serial number. The watch features the “Meters First” “Red Sub” dial. It is a very special example that came from a dive enthusiast who worked at Costain International Limited company during the construction of Dubai International Airport in 1970. The watch was used during dives at the MV Dara wreck off the Trucial States coast. The case has been lightly polished in the past. The watch is paired on a Oyster folded link reference 9315 with 280 end links dating to circa 1970. The Long 5 bezel insert is also likely earlier than the watch. The watch comes with the receipt, catalog, photographs of the original owner, a letter of provenance and the original papers. It does not come with a box. We do not know the service history but it is running well. It just passed a water resistance test of 5 bars. To learn more about the Rolex Submariner, dive into my ‘ Reference Points: Understanding The Rolex Submariner ’ video and corresponding article.",Wind Vintage,2026-04-19,True,False
Rolex Serti Submariner Ref. 16613 Full Set,Rolex,14500,https://www.windvintage.com/rolex-serti-submariner-ref-16613-full-set,https://images.squarespace-cdn.com/content/v1/5b213f95506fbec9b54e014c/1786130719878-UFO0WQRH37R7H5W1BFLK/Image+203.jpeg,"This Rolex ""Serti"" Submariner Reference 16613 features a silver (slate) dial with diamonds and sapphires. It features a two-tone gold and stainless steel bezel and bracelet. The lug-to-lug length is 47mm and it measures 40mm in diameter excluding the crown. It features an Y serial dating to circa 2002. To learn more about the Rolex Submariner, you can watch my ‘ Reference Points: Understanding The Rolex Submariner ’ video and read the corresponding article. The watch comes with a box and papers. It was sold in 2003. We do not know the service history of this watch, but it is running well. It recently passed a water resistance test of 5 bar.",Wind Vintage,2026-04-19,False,False
Rolex Ladies Explorer Dial Oyster Perpetual Ref 76080 Unpolished,Rolex,4900,https://www.windvintage.com/rolex-ladies-explorer-dial-oyster-perpetual-ref-76080-unpolished,https://images.squarespace-cdn.com/content/v1/5b213f95506fbec9b54e014c/1791202734094-1X8GQ4FRH6AXARIYFQ5Z/Image+81.jpeg,"This Rolex Oyster Perpetual is an awesome ladies model. This example features a great “Explorer” dial. It measures 24mm in diameter. The watch features a Y serial number dating to circa 2002. It features a DT date code on the bracelet, dating to circa 2002 and is likely original to the watch. The case appears to be unpolished. The watch does not come with a box and papers. We do not know the service history, but it is running well. It recently passed a water resistance test of 5 bar.",Wind Vintage,2026-04-19,False,False
TUDOR U.S. Navy PCG Underline Submariner Reference 7928 Unpolished,Tudor,35000,https://www.windvintage.com/tudor-pcg-underline-submariner-reference-7928-unpolished,https://images.squarespace-cdn.com/content/v1/5b213f95506fbec9b54e014c/1789165062831-R00JF55GNNNWRS76WA0I/Image+31.jpeg,"This TUDOR Submariner reference 7928 is an extremely cool and special watch. The watch is a super rare U.S. Navy-issued TUDOR in unpolished and original condition. You never find them like this! U.S. Navy TUDOR Submariners are among the most desired military categories watches from the brand. The dial features the rare “Underline” designation signfiying a transition to tritium luminous material - although this still reads on a Geiger counter and was a transitional watch. The case features a 400,XXX serial dating to circa 1963. The case appears to be unpolished. It features the rare PCG (Pointed Crown Guards) case style. It features the original crystal which has wear and tear. It features the original “Skinny 4” or “Thin 4” insert, which has a beautiful fade. The watch does not have box or papers. It recently passed a 5 bar water resistance test. We do not know the service history, but it is running well. A future service is recommended. The watch is being offered “As Is” and is a very raw find. This watch was originally issued to Merwin Stanley “Stan” Follis who was issued the watch by the Navy when he joined the video branch of the Naval Electronics Laboratory Center after graduating from USC with a bachelor’s degree and master’s degree in cinema. Stan passed away earlier this year at the age of 92 after a successful career and the watch came from his estate. It is a miraculous find and a sort of American MilSub.",Wind Vintage,2026-04-19,False,False
TUDOR Submariner 7016/0 Unpolished,Tudor,19000,https://www.windvintage.com/tudor-submariner-7016-unpolished,https://images.squarespace-cdn.com/content/v1/5b213f95506fbec9b54e014c/1790890761106-0916HLC0UBYG4R1H94LR/Image+67.jpeg,"This TUDOR Submariner reference 7016/0 is an awesome vintage sports watch. The watch was produced in circa 1968 with a 621,XXX serial. This is an early example of the 7016/0 and features the earliest dial configuration with the Rose logo. It features the long 5 insert which is very attractive. It measures 40mm in diameter. The case appears to be unpolished. The hands were recently relumed as the lume had fallen out when it was originally found in a Florida flea market. This watch was likely was worn by a member of the American military. The watch does not come with a box or papers. We do not know the service history, but it is running well. It recently passed a water resistance test of 5 bar.",Wind Vintage,2026-04-19,False,False
Tudor Submariner Ref 79090 Unpolished,Tudor,9900,https://www.windvintage.com/tudor-submariner-ref-79090,https://images.squarespace-cdn.com/content/v1/5b213f95506fbec9b54e014c/1791564917009-T7OOOHIV3RKUHOLYY3BA/Image+60.jpeg,"This Tudor Submariner reference 79090 is an exceptional example. We believe the case is unpolished. The watch dates to circa 1989 (299,XXX serial). The case measures 40mm in diameter (47mm lug-to-lug). It is paired on a 9315 folded Oyster bracelet with 380B end links and N2 date code. The watch does not come with box and papers. We do not know the service history but it is running well. It recently passed a water resistance test of 5 bar.",Wind Vintage,2026-04-19,False,False
TUDOR Submariner Reference 76100 Unpolished,Tudor,9900,https://www.windvintage.com/tudor-submariner-ref-76100-unpolished111,https://images.squarespace-cdn.com/content/v1/5b213f95506fbec9b54e014c/1790802128332-M7X1N6OF51U3YM7SFUAN/Image+56.jpeg,"This TUDOR Submariner reference 76100 is an exceptional example. The watch is in great condition. The case appears to be unpolished. The case measures 40mm in diameter. The watch dates to circa 1988 with a 227,XXX serial. It is paired on the original TUDOR bracelet with 380 B end link and an M date code dating to circa 1988. The watch does not come with box and papers. We do not know the service history, but it is running well. It recently passed a water resistance test of 5 bar.",Wind Vintage,2026-04-19,False,False
TUDOR Submariner Ref 79090 Unpolished Full Set,Tudor,9900,https://www.windvintage.com/tudor-submariner-ref-79090-unpolished-full-set,https://images.squarespace-cdn.com/content/v1/5b213f95506fbec9b54e014c/1791402010969-X5BH2M8FEQDY3F4QO0DW/Image%2B101.jpg,"This TUDOR Submariner reference 79090 is an exceptional example. We believe the case is unpolished. The watch dates to circa 1993 (B400,XXX serial). The case measures 40mm in diameter (47mm lug-to-lug). It is paired on a 9315 folded Oyster bracelet with 380B end links and P2 date code. It fits a wrist approximately 7.1 inches and comes with two extra links. The watch comes as a full set. We do not know the service history but it is running well. It recently passed a water resistance test of 5 bar.",Wind Vintage,2026-04-19,False,False
TUDOR Marine Nationale Submariner Ref 7016/0 with Marine Nationale Book,Tudor,24900,https://www.windvintage.com/tudor-marine-nationale-submariner-ref-7016/0/-with-marine-nationale-book,https://images.squarespace-cdn.com/content/v1/5b213f95506fbec9b54e014c/1788304914035-A7IQRMXVURKGB4PK6OM9/Image+35.jpeg,"This TUDOR Submariner reference 7016/0 is a special watch issued to the Marine Nationale (French Navy). Additionally, this watch was featured in and comes with a copy of latest version of the book Marine Nationale: REGISTRE by Watchistry . It features a TrueDome D19 crystal. MN issued TUDORs are regarded as the most collectible watches from the French Navy, and are among the most desired vintage TUDOR models. The watch dates to circa 1969/1970 with a 740,XXX serial. It was issued to the Marine Nationale in 1974. The case has been polished. It features a later insert. The dial and hands have been relumed. The watch is paired on a Rolex 93150 bracelet with Z date code dating to circa 1997 with one 580 end link and a 501 B end link. It is often the case where Military and Navy watches have replaced parts. Some collectors appreciate the current state of these watches, as the watch remains true to the way the watch was worn by the original owner. It does not come with box and papers. The watch was serviced in 2024 and it is running well. It recently passed a water resistance test of 5 bar. The watch was previously sold with decommission papers, but these have been lost since the last sale.",Wind Vintage,2026-04-19,False,False
Tornek-Rayville by Blancpain Reference TR-900 Unpolished,Other,95000,https://www.windvintage.com/tornek-rayville-reference-tr-900-unpolished,https://images.squarespace-cdn.com/content/v1/5b213f95506fbec9b54e014c/1791314459480-M1U7PEAPEBMEY9ADM2EK/Image+23.jpeg,"The Tornek Rayville reference TR-900 by Blancpain is an iconic dive watch made for the U.S. Navy in the 1960s. These are incredibly rare and highly-coveted versions of the Fifty Fathoms with a great story. These watches were sold by Blancpain under the “Tornek-Rayville” name during the 1960s as a way to be supportive of the “Buy American Act “by way of Blancpain’s United States distributor Allen Tornek. They used the word “Rayville” as an English take on Blancpain’s associated history with the Swiss village Villeret. These watches were introduced in 1964, There were a purported 780 delivered to the United States in that first year. Another 300 examples were purportedly delivered in 1966 - this example coming from the later batch. In the 1970s, the U.S. government destroyed the majority of these watches. It is estimated that fewer than 100 examples still exist. This example is quite cool for anyone who has a penchant for the Rolex Explorer I as it features the case back serial 1016. The sandblasted stainless steel case measures 41mm in diameter. It has come to our attention that the springbars were later reapplied with the current fixed springbars. The hands have been relumed due to previous cracking / fissures. These watches feature the unique humidity indicator on the dials that would alert the wearer if humidity or water were to enter the watch. The watch is powered by the automatic A. Schild calibre 1361. The bezels of these watches are often susceptible to cracking. This example is intact and extremely attractive. We do not know the service history, but the watch is running well. It does not come with box or papers, which is of course to be expected for a U.S.-military issued watch.",Wind Vintage,2026-04-19,False,False
Vacheron Constantin Overseas Off-Catalog Perpetual Ultra-Thin Skeleton Ruby 4307V/220G Full Set,Vacheron Constantin,550000,https://www.windvintage.com/vacheron-constantin-overseas-off-catalog-perpetual-ultra-thin-skeleton-ruby-4307v/220g-full-set,https://images.squarespace-cdn.com/content/v1/5b213f95506fbec9b54e014c/1786559836513-D7A5YG1IQHB66WUEDTAU/Image+213.jpeg,"This Vacheron Constantin Overseas Perpetual Calendar Ultra-Thin Skeleton reference 4307V/220G is an incredibly special timepiece by VC. The watch is an off-catalog offering dating to 2023. These examples are made of white gold and reserved for the most important patrons of the company, whether world-famous soccer players or their most devoted and beloved clients. These gem-set Perpetual Calendar Overseas models are offered to the most important Vacheron Constantin clients. Erling Haaland recently was seen wearing an example with sapphires . It is purported that 4-6 examples were sold in the United States - this being one of the earliest examples. We understand the bezel and buckle are decorated with rare Burmese rubies. The subdials and outer minute track are beautifully matched with a maroon tone that compliments the stones. The moonphase disc is one of the most attractive examples we have seen on a contemporary watch. Vacheron Constantin is absolutely crushing it with their off-catalog models. It is no wonder why we are seeing so much enthusiasm for the brand in the past year. This is certainly the best of the best when it comes to Vacheron Constantin. The case is made of 18k white gold and measures 42.5mm in diameter. This watch comes full set with box and papers. We do not know the service history, but it is running well. For those hunting for a piece of history, this is your chance.",Wind Vintage,2026-04-19,False,False
Vacheron Constantin Historiques Américan 1921 Reference 1100S/00R-H115 in 18k RG Unpolished Full Set,Vacheron Constantin,44000,https://www.windvintage.com/vacheron-constantin-historiques-amrican-1921-reference-1100s/00r-h115-in-18k-rg-unpolished-full-set,https://images.squarespace-cdn.com/content/v1/5b213f95506fbec9b54e014c/1790351644114-P5WKHS6MVV88CBJ7KJMC/Image+34.jpeg,"This Vacheron Constantin 1921 Historiques Américan is an amazing model. It is a reference 1100S/00R-H115. The case is made of 18k rose gold. The case appears to be unpolished. It measures 36.6mm in diameter. This watch dates to 2026. It is paired on a Vacheron Constantin leather strap and pink gold buckle that was produced Unroc (Cornu)! Cornu & Cie produced buckles for everyone and when I showed this to @WatchAbbie she laughed hysterically. It comes with box and papers. We do not know the service history, but it is running well.",Wind Vintage,2026-04-19,False,False
Vacheron Constantin Salmon Overseas 42040/423A Unpolished,Vacheron Constantin,25000,https://www.windvintage.com/vacheron-constantin-salmon-overseas-42040/423a-,https://images.squarespace-cdn.com/content/v1/5b213f95506fbec9b54e014c/1791467311809-HLM1O2JUFGA7RPU3C67Z/Image+104.jpeg,"A Unpolished The Overseas line has recently seen a great deal of appreciation by collectors, and we are excited to offer this rare example that highlights the heritage of the iconic watch model. This Vacheron Constantin reference 42040/423A (42040-423A) is the younger sibling of the integrated sports model, reference 222. The dial is the rare salmon dial variant which is among the most desirable Overseas models. The stainless steel case measures approximately 36.5mm in diameter. These watches were introduced in the mid 1990s. We believe this example dates to the late 1990s - early 2000s. The case appears to be unpolished. The watch does not come with box and papers. We do not know the service history but it is running well.",Wind Vintage,2026-04-19,False,False
Vacheron &amp; Constantin Les Historiques Chronograph Ref. 47111/000J Full Set Unpolished,Other,33900,https://www.windvintage.com/vacheron-constantin-les-historiques-chronograph-ref-47111/000j-full-set-unpolished,https://images.squarespace-cdn.com/content/v1/5b213f95506fbec9b54e014c/1791562107206-E1PZKEV5YRAJGZSB25W1/Image+3.jpeg,"This Vacheron & Constantin Historiques Chronograph reference 47111/000J is a fantastic and modern chronograph. These are among the most interesting and well made VC chronographs. The watch is powered by the calibre 1141. The case is made of 18K yellow gold and appears to be unpolished. It measures 37mm in diameter and approximately 44mm lug-to-lug. For those looking for a sophisticated Vacheron & Constantin chronogaph, these are incredible watches. The watch comes full set with box and papers. It was sold in Japan in 2006. We do not know the service history, but it is running well.",Wind Vintage,2026-04-19,False,False
Vacheron &amp; Constantin Reference 6908 in 18k YG Unpolished,Other,9500,https://www.windvintage.com/vacheron-constantin-reference-6908,https://images.squarespace-cdn.com/content/v1/5b213f95506fbec9b54e014c/1791562050021-4FAWZHSFI09DLUA1DQZM/Image+2.jpeg,This Vacheron & Constantin reference 6908 is a spectacular timepiece with a bark-like textured case. The 18K yellow gold exterior is made by Wenger. The dimensions measure 26.5mm x 26.5mm. The bracelet should fit a wrist up to 6 inches. The buckle features a pronounced Maltese cross. The watch is powered by the manual wind calibre 1003. The watch does not come with box and papers. We do not know the service history but it is running well and keeping great time..,Wind Vintage,2026-04-19,False,False
Vacheron Constantin Overseas Reference 42542/423A-8930 Mid-Size Unpolished,Vacheron Constantin,14900,https://www.windvintage.com/vacheron-constantin-overseas-reference-42542-mid-size,https://images.squarespace-cdn.com/content/v1/5b213f95506fbec9b54e014c/1791307505072-WI5PJNB2YSRCJKPFW73X/Image%2B90.jpg,"The Overseas line has recently seen a great deal of appreciation by collectors, and I am proud to offer this example that highlights the heritage of the iconic watch model. This Vacheron Constantin is the younger sibling of the integrated sports model, reference 222. It is the mid-size case. The watch features a white dial with diamond hour markers as well as a diamond set bezel. The stainless steel case measures 37mm in diameter (40mm including the crown). The watch fits a wrist approximately 7 inches. The case appears to be unpolished. The watch does not come with box or papers. We do not know the service history, but it is running well.",Wind Vintage,2026-04-19,False,False
Audemars Piguet Royal Oak Concept Black Panther Flying Tourbillon Full Set,Audemars Piguet,185000,https://www.windvintage.com/audemars-piguet-royal-oak-concept-black-panther-flying-tourbillon-full-set,https://images.squarespace-cdn.com/content/v1/5b213f95506fbec9b54e014c/1788529739368-KDKZ7IO7I70W724SCMBI/Image+23.jpeg,"This Audemars Piguet Royal Oak Concept Black Panther is an amazing concept Audemars Piguet Flying Tourbillon. This model was released in 2021 through Audemars Piguet with their brand ambassadors Kevin Hart, Serena Williams, LeBron James, along with François-Henri Bennahmias. The initial watch was sold for charity on livestream for $5,200,000. This case is made of sandblasted titanium. It measures 42mm in diameter. It features a black ceramic bezel and crown, sapphire crystal and caseback. It is powered by the calibre 2965. It is a limited edition of 250 examples. The watch was sold in 2021. The watch comes full set with box and papers. We do not know the service history but it is running well.",Wind Vintage,2026-04-19,False,False
Audemars Piguet Royal Oak 15550SR.OO.1356SR.02 Full Set,Audemars Piguet,42500,https://www.windvintage.com/audemars-piguet-royal-oak-15550sroo1356sr02-full-set,https://images.squarespace-cdn.com/content/v1/5b213f95506fbec9b54e014c/1786562826579-0Q4X0XL7DKLBQG0TJVEK/Image+217.jpeg,"The Audemars Piguet Royal Oak is an icon. It is the original luxury sports watch that created and defined the category. Introduced at BaselWorld in 1972 after being designed by Gérald Genta, it turned the Swiss industry upside down and changed the fortunes of the struggling Audemars Piguet. It’s no surprise, that Patek Philippe hired Gerald Genta a few years later to introduce their own version of a steel luxury sports watch: the Nautilus. This is a very special Audemars Piguet Royal Oak reference 15550SR.OO.1356SR.02. The case is two-tone in rose gold and stainless steel. It measures 37mm in diameter. It is powered by the calibre 5900. The bracelet will fit a wrist approximately 7 inches. The watch comes full set with box and papers. It comes from the original owner who cited he purchased the watch in 2024. These cards are not dated. The watch is running well and keeping good time.",Wind Vintage,2026-04-19,False,False
Cartier Tank Louis Xl Jumbo 17002 in 18K White Gold Unpolished,Cartier,29900,https://www.windvintage.com/cartier-tank-louis-xl-jumbo-17002-in-18k-white-gold,https://images.squarespace-cdn.com/content/v1/5b213f95506fbec9b54e014c/1784583586154-AD0GUWI6V7G1G4JPQXQY/Image+41.jpeg,The Cartier Tank Louis is one of the most sophisticated dress watches and these models have grown to become highly collectible over recent years. It is a great contrast to many sports Rolex models within a collection and can be worn in both a casual and dressed up state. This example dates to the 1970s. It features an 18K white gold case which is extremely rare. These are the largest vintage Cartier Tank models. The case measures 28mm in diameter and 35mm in length. It appears to be unpolished. The dial appears to be a service dial with SWISS at 6 o'clock. It is powered by the automatic calibre 170. This is an interesting model also worn by David Prowse (the famous actor who played Darth Vader in the Stars Wars Trilogy). Prowse owned a yellow gold example from the era. The watch does not come with box and papers. We do not know the service history but it is running well. It comes with a Cartier strap that is very short. It also comes with a white-gold Cartier deployant buckle.,Wind Vintage,2026-04-19,False,False
Cartier Tortue Ref. 2496D with Service Papers + Receipt,Cartier,12500,https://www.windvintage.com/cartier-tortue-ref-2496d-with-service-papers-receipt,https://images.squarespace-cdn.com/content/v1/5b213f95506fbec9b54e014c/1788541685923-2V8HNZSX5V4WL3H9AF7L/IMG_8133.webp,This Cartier Tortue large reference 2496D is a great modern dress watch in 18k yellow gold. The Tortue case measures approximately 34mm at its widest point and 43mm lug-to-lug. The watch features a white guiloché dial with classic Roman numerals. The watch is paired with an 18k yellow gold deployant buckle and black crocodile strap. It features an exhibition caseback. The watch does not come with a box or papers. It was serviced by Cartier in 2025 and is running well.,Wind Vintage,2026-04-19,False,False
A. Lange &amp; Söhne Saxonia Outsize Date 381.031 in 18K RG Full Set,A. Lange,29900,https://www.windvintage.com/a-lange-shne-saxonia-outsize-date-381031-in-18k-rg-full-set,https://images.squarespace-cdn.com/content/v1/5b213f95506fbec9b54e014c/1789754671400-DIXMF7BZX1QIN215LU7V/Image+17.jpeg,"The case is made of 18K rose gold. The case measures 38.5mm in diameter. It is powered by the automatic calibre L086.8. It is paired on a A. Lange & Söhne strap with A. Lange & Söhne rose gold gold buckle. The watch was originally sold in 2021. The watch comes with box and papers. We do not know the service history, but it is running well.",Wind Vintage,2026-04-19,False,False
Jaeger-LeCoultre Memovox E 850 Unpolished,Jaeger-LeCoultre,5900,https://www.windvintage.com/jaeger-lecoultre-memovox-e-850-unpolished,https://images.squarespace-cdn.com/content/v1/5b213f95506fbec9b54e014c/1791492155174-V33NGNZKTA8U2BZIFNLB/Image+110.jpeg,"This is an uncommon Memovox model - a reference E 850. The cases on these are super cool and measure 33.5mm in diameter. These references were produced in the 50s and are incredibly rare. These were among the earliest water resistant Memovox models. They feature gorgeous dials with dagger markers. It is one of Charlie/s favorite Jaeger-LeCoultre references and he owns one in his personal collection that was given to him by Eric. To learn more about these special Memovox models, read Charlie Dunne’s Collectors Guide: The Jaeger-LeCoultre Memovox Reference E 850 . The watch does not include box and papers. The watch was just serviced and is running well.",Wind Vintage,2026-04-19,False,False
Daniel Roth Ellipsocurvex Moon Phase Ref. 368.X.60 in 18K WG with Box,Other,33000,https://www.windvintage.com/daniel-roth-ellipsocurvex-moonphase-ref-368x60-with-box,https://images.squarespace-cdn.com/content/v1/5b213f95506fbec9b54e014c/1789410393275-LOOAXZSRZDR81IKABBRO/Image+21.jpeg,"The Daniel Roth Ellipsocurvex is an incredible timepiece that was introduced in 1988. This watch dates to the mid-2000s. The case is 18k white gold. It measures approximately 38mm in diameter. It appears to be unpolished. This watch features an incredible guilloche dial with beautiful painted Roman numerals. The hand set on the Daniel Roth is very unique and attractive. The moonphase disc is stunning. The watch is paired on a Daniel Roth leather strap with white gold buckle. This is a great timepiece for those who appreciate refined independent watchmaking. The watch comes with box. It does not come with papers. We do not know the service history, but it is running well.",Wind Vintage,2026-04-19,False,False
Abercrombie &amp; Fitch Auto-Graph Unpolished,Other,7900,https://www.windvintage.com/abercrombie-fitch-auto-graph,https://images.squarespace-cdn.com/content/v1/5b213f95506fbec9b54e014c/1785447144195-324O8FU2XXTWNO2UF5W6/Image+147.jpeg,"This Abercrombie & Fitch Auto-Mark is an uncommon and highly interesting model. The stainless steel case measures 35mm in diameter (approximately 42.5mm lug-to-lug). The case appears to be unpolished. It is paired on a contemporary beads of rice bracelet. The watch features a central hand that is changed through a pusher near 9 o’clock to mark a stopped time. The watch dates to the early 1950s. The watch does not come with a box and papers. We do not know the service history, but it is running great!",Wind Vintage,2026-04-19,False,False
Abercrombie &amp; Fitch Seafarer 2443 By Heuer Unpolished,Heuer,14900,https://www.windvintage.com/abercrombie-fitch-seafarer-2443-by-heuer-unpolished,https://images.squarespace-cdn.com/content/v1/5b213f95506fbec9b54e014c/1779136457986-0S5FSGRWA3VVC2L4F9CC/Image+95.jpeg,"The most desirable models from the retailer would be the Seafarer. The watch features a Valjoux 72 movement which was modified to incorporate a tide complication. The case appears to be unpolished. It measures in at 38mm wide. The watch is paired on a contemporary beads of rice bracelet. Learn more about these watches within Charlie Dunne’s article ‘ Collector's Guide: Vintage Abercrombie & Fitch Seafarer Watches ’. The watch does not come with box and papers. We do not know the service history, but it is running well.",Wind Vintage,2026-04-19,False,False
Heuer Chronomatic Monaco Paintless Wonder Dial Reference 1133 Unpolished,Heuer,89000,https://www.windvintage.com/heuer-chronomatic-monaco-paintless-wonder-dial-reference-1133-unpolished,https://images.squarespace-cdn.com/content/v1/5b213f95506fbec9b54e014c/1790694114539-6146204XDM0CWQ7737NT/Image+36.jpeg,"The Heuer Monaco was introduced in 1969 with the first automatic chronograph movement, the calibre 11. Coupled by the association of Steve McQueen’s decision to wear the watch in the film ‘Le Mans’, the watch is nothing short of iconic. This example is one of the most famous Heuer Monacos on the planet (outside of the numerous Steve McQueen Le Mans models). It is one of the earliest examples known of the Heuer Monaco Chronomatic reference 1133. It is the rare variant with the “Chronomatic” font and luminous earlier hand set. The dial has developed an incredibly beautiful patina with the brass dial reacting through the blue paint - hence the nickname “Paintless Wonder” Monaco. The watch dates to circa 1969. The Heuer Monaco is actually quite a rare model and we are seeing more collectors recognize the reference 1133 as a staple within the vintage chronograph collection. This example is particularly special as it formerly belonged to the monumental vintage Heuer collector and historian, Jeff Stein. The watch was in Stein’s collection for over 18 years and was one of his most celebrated watches of all time. For those looking for one of the earliest examples of a historically important model, this is a grail watch. The case appears to be unpolished. It is stainless steel and measures approximately 38mm x 40mm. The watch does not come with a box and papers. We do not know the service history, but it is running well.",Wind Vintage,2026-04-19,False,False
Tobey Steinman Heuer Carrera Reference 3647N Unpolished,Heuer,49000,https://www.windvintage.com/tobey-steinman-heuer-carrera-reference-3647n-unpolished,https://images.squarespace-cdn.com/content/v1/5b213f95506fbec9b54e014c/1789506802290-B0N62KXKTCUCZXEQDGY4/Image+1.jpeg,"This Heuer Carrera reference 3647N is an incredibly special example with the name Tobey Steinman printed at 6 o'clock. Tobey Steinman was a lady who was the chief buyer for Abercrombie & Fitch and lived in Ohio, where the company was headquartered. It is not clear what Ms. Steinman’s relationship with Heuer was, although perhaps she had been involved in the relationship between the manufacturer and Abercrombie & Fitch. leading to this incredibly rare personalized dial. The dial is a similar style as the iconic Heuer Carrera reference 3647 owned by James Garner which sold for $176,400 in 2022. This is one of only two black dial Heuer Carrera to have a name on it exclusively. We also sold the Sherman Decker Heuer Carrera reference 3647S , which was only the third example we have seen with a name on a Carrera. It features the the same font as the MG Carreras, but those were for MG customers and had the MG logo printed on the dial. The crystal had been removed from the watch for decades, leading to wear on the dial. This example dates to circa 1965-1966. We believe the case is unpolished with wear. It is powered by the Valjoux calibre 92. It is paired on a Gay Freres Bracelet for Heuer with HEL end links dating to 1965. You can read more about the origins of the Carrera in the in-depth article that I wrote back in 2013 . This is a very special Heuer Carrera and a rare opportunity to purchase a special piece of Heuer history. The watch does not come with box and papers. It was recently serviced and is running great.",Wind Vintage,2026-04-19,False,False
Heuer Carrera Ref. 2447N Unpolished,Heuer,16500,https://www.windvintage.com/heuer-carrera-ref-2447n-,https://images.squarespace-cdn.com/content/v1/5b213f95506fbec9b54e014c/1784568434668-4HKB5B0Q1U2I7XV9KVTG/Image+33.jpeg,"The Carrera is an iconic sports chronograph which is one of the most versatile watches to have in a collection. This is a very attractive example with the black dial. The case appears to be unpolished. It measures 36 millimeters in diameter and 45mm lug-to-lug. The watch is powered by the Valjoux manual-winding calibre 72. It is paired on a aftermarket anonymous bracelet that looks great. The watch dates to the mid 1960s. It features the early hexagonal caseback. The watch does not come with box and papers. We do not know the service history, but it is running great.",Wind Vintage,2026-04-19,False,False
Heuer “Gubelin” Autavia Ref. 2446 Unpolished,Heuer,19900,https://www.windvintage.com/heuer-gubelin-autavia-ref-2446,https://images.squarespace-cdn.com/content/v1/5b213f95506fbec9b54e014c/1790694149613-DEVVEF9G169B0LLO13YP/Image+91.jpeg,"The Heuer Autavia is recognized by collectors as one of the great sports chronographs of the 1960s. Along with many of its contemporaries of the era, it is powered by the Valjoux 72. The reference 2446 is regarded as one of the great Heuer racing chronographs. The present example is extra special by the signed detail that features the retailer’s name “Gubelin”. The lugs feature a fluid design, tapering down toward the wrist with thinner, beveled lugs. The dimensions are 38mm in diameter with a height of 13mm. The case appears to be unpolished. The watch does not come with a box and papers. The service history is unknown, but it is running well.",Wind Vintage,2026-04-19,False,False
Heuer Dato Carrera Reference 3147N Indianapolis Motor Speedway Indy 500,Heuer,49000,https://www.windvintage.com/heuer-dato-carrera-reference-3147n-indianapolis-motor-speedway-indy-500-1,https://images.squarespace-cdn.com/content/v1/5b213f95506fbec9b54e014c/1780348316912-N2DQG39ROMR4O0NLCTVC/Image+48.jpeg,"The Heuer Carrera is one of the legendary chronograph designs of the 20th century. Featuring stark angled lugs that were a product of the architecture of the 1960s, the present watch is notably a “first execution” and features an unpolished case. Finding Carreras from the 1960s with in great condition is extremely difficult. The reference 3147 was the first Heuer Carrera with date and this is a 3147N with the N meaning “Noir” indicating a black dial. The movement is a Landeron 189 with date and the case back is thicker on these to accommodate the thicker movement with the date. The case diameter is 36mm with a lug width of 18mm. The present example is a bit of a hodgepodge. The watch features service replacement hands with Super-LumiNova. The case has been lightly polished and it has a replacement crystal. The case back sticker is in tact. It is possible the dial was placed in the watch. Regardless, it is a very rare dial and highly coveted vintage Heuer. An Autavia model with this dial sold at Christie’s for nearly $200,000 back in 2017 . You can read more about the origins of the Carrera in the in-depth article that I wrote for HODINKEE back in 2013 . We do not know the service history, but the watch is running well. It does not come with a box or papers.",Wind Vintage,2026-04-19,False,False
Heuer Dato Carrera Ref. 3147S Indianapolis Motor Speedway Indy 500 Unpolished,Heuer,49000,https://www.windvintage.com/heuer-dato-carrera-ref-3147s-indianapolis-motor-speedway-indy-500,https://images.squarespace-cdn.com/content/v1/5b213f95506fbec9b54e014c/1782489866046-36KQ3ELWXGC6EA536UCO/Image+118.jpeg,"The Heuer Carrera is one of the legendary chronograph designs of the 20th century. Featuring stark angled lugs that were a product of the architecture of the 1960s, the present watch is notably a “first execution”. Finding Carreras from the 1960s in great condition is extremely difficult. The reference 3147 was the first Heuer Carrera with date and this is a 3147S with the S meaning “Silver” indicating a black dial. The movement is a Landeron 148 with date and the case back is thicker on these to accommodate the thicker movement with the date. The case appears to be unpolished. The diameter measures approximately 36mm with a lug width of 18mm. We are not sure of the provenance of the watch, but it is an unbelievably attractive example. This is a grail watch and perhaps a once-in-a-lifetime opportunity for Heuer and racing enthusiasts. This example features the Indianapolis Motor Speedway logo and an Autavia model with this dial sold at Christie’s for nearly $200,000 back in 2017 . You can read more about the origins of the Carrera in the in-depth article that I wrote for HODINKEE back in 2013 . It was just serviced and is running well. It does not come with a box or papers.",Wind Vintage,2026-04-19,False,False
Universal Geneve Space-Compax Reference 885104 on Leather,Universal Geneve,11000,https://www.windvintage.com/universal-geneve-space-compax-reference-885104-on-leather,https://images.squarespace-cdn.com/content/v1/5b213f95506fbec9b54e014c/1784650823072-H1AYZ2T0TBG91WRDLTK7/Image+44.jpeg,"The Universal Geneve Space-Compax was designed by the company to be their underwater dive chronograph. Not many were produced at the time and very few survive in excellent condition today. The case has been polished in the past.This watch is from the late 1960s. It is powered by the manual-wind movement (Caliber 72 made by Valjoux), and is 40mm in diameter. It does not come with box and papers. We do not know the service history, but it is running well.",Wind Vintage,2026-04-19,False,False
Universal Genève Eric Clapton Tri-Compax Reference 881101/01,Other,32000,https://www.windvintage.com/universal-genve-eric-clapton-tri-compax-reference-881101/01,https://images.squarespace-cdn.com/content/v1/5b213f95506fbec9b54e014c/1784571426370-C45MKC7QZKAPADKVFF6C/Image+38.jpeg,This Universal Genève Tri-Compax reference 881101/01 is a very special and rare complicated UG. Eric Clapton wore a similar model when he was part of Cream and the watch now has the moniker “Eric Clapton” in the watch community. It has a 2.43 million serial number. The case has been lightly polished. The watch does not come with box and papers. We do not know the service history but it is running well.,Wind Vintage,2026-04-19,False,False
Universal Geneve Compax Ref. 885103 w/ Evil Nina Dial,Universal Geneve,14900,https://www.windvintage.com/universal-geneve-compax-ref-885103-w/-evil-nina-dial,https://images.squarespace-cdn.com/content/v1/5b213f95506fbec9b54e014c/1788466040326-O9R5O9WBALIOL4K3NNAN/Image+14.jpeg,"This is a Universal Geneve Compax reference 885103. It features an Evil Nina dial. We have no reason to believe the dial is not original to the watch, but the serial is not visible. The case has been lightly polished in the past. It features a replacement crown. For those looking for a great deal on a vintage UG, this is a sick watch. It has a manual-wind movement (Caliber 72 made by Valjoux), and measures 36mm in diameter, and approximately 45mm lug-to-lug. It does not include the original box or papers. We do not know the service history, but it is running well.",Wind Vintage,2026-04-19,False,False
Universal Genève Dato-Compax Reference 22325 W/ WWII Provenance Unpolished,Other,49000,https://www.windvintage.com/universal-genve-dato-compax-reference-22325-w/-wwii-provenance-unpolished,https://images.squarespace-cdn.com/content/v1/5b213f95506fbec9b54e014c/1789164936926-9X9SWLMLN3O49XI2KODQ/Image+9.jpeg,"This is more than just a spectacular Universal Geneve Dato-Compax chronograph. It was Mayhew Y. ""Bo"" Foster's timekeeper on May 9, 1945 while he flew Hermann Göring in a Stinson L-5 Sentinel from Kitzbuhel, Austria to Augsburg, Germany for interrogation by the 7th Army before he later stood trial at Nuremberg. “Bo"" Foster (October 9, 1911 – March 21, 2011) was a decorated American pilot and hero. Foster graduated in 1937 with a degree in English from Yale. For his actions in World War II - including 70 reconnaissance combat missions - Foster was awarded the Silver Star for his service in France in 1944, the Air Medal, and the Légion d'Honneur for his contribution to liberating France. Foster later reached the rank of Brigadier General in the Montana Army National Guard Foster transported Göring in the L-5, a larger plane than the L-4 he normally piloted, because Göring weighed more than 300 pounds. In a letter to his wife, Virginia, written at the time, Foster described his first impression of Göring as ""effeminate [and he] gave me the creeps . . . Several times I had the impulse to turn the plane over and see if I could shake him out, but he was wedged in like a champagne cork… He acted as though he was going on a sightseeing tour, or really as though I was going on a sightseeing tour, and he was showing me where he grew up. I had a .45 in a shoulder holster, but he couldn't reach that. But neither could I, because I had two hands controlling the plane.” When Foster arrived, there was just a single jeep at the airstrip to meet the arriving flight. Foster rode with Göring and formally turned him over to the intelligence officer without ceremony. It seems likely that Göring was also wearing a Universal Geneve chronograph in steel on that flight - in his case an oversized non-luminous Compax reference 22430 that was in his possession at Nuremberg and sold at auction in 2016. Göring was eventually convicted of war crimes, but took a smuggled cyanide pill on October 15,",Wind Vintage,2026-04-19,False,False
Ulysse Nardin Chronograph Ref. 7536-2 Unpolished,Other,39000,https://www.windvintage.com/ulysse-nardin-chronograph-ref-7536-2-unpolished,https://images.squarespace-cdn.com/content/v1/5b213f95506fbec9b54e014c/1790890885340-3CPGQHKVHU21RQVHBHG7/Image+70.jpeg,"This Ulysse Nardin chronograph reference 7536-2 is one of the best models from Ulysse Nardin. These are extremely cool and uncommon chronographs. These watches are massive 38mm chronographs. The lugs are extremely attractive and feature the beveled edges. The case appears to be unpolished. It is powered by the Valjoux 72 movement. It features an attractive matte black dial with the applied anchor logo. The dot over 90 bezel is strong and does not have cracks. These are quite cool as they feature nice grooves throughout the bezel. These have sold as high as $72,000 at auction . For those who have a penchant for interesting alternative chronographs, this is a great watch. We do not know the service history, but the watch is running well. It does not come with a box or papers.",Wind Vintage,2026-04-19,False,False
Ulysse Nardin Blast Tourbillon Reference 1723-400/03 Full Set,Other,39500,https://www.windvintage.com/ulysse-nardin-blast-tourbillon-reference-1723-400/03-full-set,https://images.squarespace-cdn.com/content/v1/5b213f95506fbec9b54e014c/1788195252099-PKW8VSKUGLQG57B40KTI/Image+28.jpeg,"This Ulysse Nardin Blast Tourbillon is an awesome wristwatch. It is powered by the skeletonized self-winding tourbillon calibre UN-172. Ulysse Nardin is known for their daring designs, and this model is certainly one that collectors love. The reference 1723-400 was introduced in 2020 as the first skeletonized automatic tourbillon from Ulysse Nardin. It is a highly innovative model. It measures 45mm in diameter but wears very nice on the wrist. The case is made of titanium and is quite comfortable. The watch dates to 2020 We do not know the service history, but the watch is running well. It does comes with box and papers. It comes from a collector who is a boss. GOOD PROVENANCE!",Wind Vintage,2026-04-19,False,False
Breguet Tradition Seconde Rétrograde 7037BB/11/9V6 w/ Papers Unpolished,Breguet,24000,https://www.windvintage.com/breguet-tradition-seconde-rtrograde-7037bb/11/9v6-w/-papers-unpolished,https://images.squarespace-cdn.com/content/v1/5b213f95506fbec9b54e014c/1791467460685-ZPPRQI18KRZTI29XCE9E/Image+102.jpeg,"The Breguet Tradition 7037BB is an incredible design that has been highly appreciated from the prestigious watchmaker. The 18k white gold case measures 39mm in diameter (46mm lug-to-lug). Like within the vintage Breguet models, it has an awesome coin edge profile and fantastic buckle design. The watch is powered by the automatic calibre 505SR. The watch is a beautiful timepiece with the retrograde seconds hand. This watch comes with a service pouch and Certificate of Origin. We do not know the service history but it is running well. We do not know the date of production.",Wind Vintage,2026-04-19,False,False
Vulcain Cricket OG Model with Arabic Numeral Dial Variant Unpolished,Other,12900,https://www.windvintage.com/vulcain-lbj-dial-cricket-on-gay-frres-bracelet-unpolished,https://images.squarespace-cdn.com/content/v1/5b213f95506fbec9b54e014c/1789410355328-T2P6FA3TQS9SETJHHGHT/Image+20.jpeg,"This Vulcain Cricket is is an amazing example produced in La-Chaux-de-Fonds. It measures 34mm in diameter (just under 43mm lug-to-lug). The case is unpolished. The watch is paired on a period correct stretch rivet bracelet made by Gay Freres. The dial is an incredibly nice LBJ variant which was the style worn by Lyndon Baines Johnson while he served as Senator of Texas. The watch is powered by the calibre 120. This is one of the most attractive Vulcain Crickets to own! The watch does not come with box and papers. We do not know the service history, but it is running well.",Wind Vintage,2026-04-19,False,False
Vulcain Cricket Black Dial Reference S2328A Unpolished,Other,7900,https://www.windvintage.com/vulcain-cricket-black-dial-unpolished,https://images.squarespace-cdn.com/content/v1/5b213f95506fbec9b54e014c/1782925392269-L6YAVK2WD7U1LWVNRZ6L/Image+156.jpeg,"A Unpolished This Vulcain Cricket reference S2328A is a fantastic and rare example with the rare black dial. These are incredibly rare and attractive models. It is powered by the calibre MSR S2. The case is unpolished. It features the very cool “Officer” style lugs, and an angled bezel. The case measures 35mm in diameter (41.5mm lug-to-lug). The alarm is very loud and will surely wake you up when it rings! The watch does not come with box and papers. We do not know the service history but it is running well.",Wind Vintage,2026-04-19,False,False
Vulcain Cricket Grey Dial Ref S2328A Unpolished,Other,7900,https://www.windvintage.com/vulcain-cricket-grey-dial-ref-s2328a-unpolished,https://images.squarespace-cdn.com/content/v1/5b213f95506fbec9b54e014c/1779983060970-719HJZTYGLH0B7XYLE4C/Image+23.jpeg,"A Unpolished This Vulcain Cricket reference S2328A is a fantastic and rare example with the rare grey metallic dial with a mirror track. Over the years of collecting, I have only seen three examples - one of which is in Eric’s personal collection which he wore in the Rolex Explorer Reference Points video! The watch has a blue “RA” stamp on the outside of “Swiss Made” at 6 o’clock. It is powered by the calibre MSR S2. The case is unpolished. It features the very cool “Officer” style lugs, and an angled bezel. The case measures 35mm in diameter (41.5mm lug-to-lug). The alarm is very loud and will surely wake you up when it rings! The watch does not come with box and papers. We do not know the service history, but it is running well.",Wind Vintage,2026-04-19,False,False
OMEGA Speedmaster Professional Reference 105.012-66 CB Case Unpolished,Omega,22500,https://www.windvintage.com/omega-speedmaster-professional-reference-10501266-cb-case-w-extract-unpolished,https://images.squarespace-cdn.com/content/v1/5b213f95506fbec9b54e014c/1788365202699-WQ4JUMUNGLL56KHXW6GS/Image+3.jpeg,"A Speedmaster Professional Reference 105.012-66 CB Case Unpolished The OMEGA Speedmaster was introduced in 1957, initially created for drivers in automotive racing. However, it would reach iconic status by eventually reaching spaceflight qualification by NASA amongst several of the highest grade chronographs of its era. This is a nice OMEGA Speedmaster reference 105.012. The reference 105.012 was the first Speedmaster with crown and pusher guards, garnering the “Professional” name on the dial for the case upgrade. It features a stepped dial, and an applied OMEGA logo. This is a very special OMEGA Speedmaster 105.012-66. The watch comes from the family of the original owner. Eric purchased it for his personal collection in 2021. It is powered by the highly admired calibre 321, which was recently re-released to the excitement of many Speedy lovers. The reference 105.012 was the first asymmetrical case to be released in the Speedmaster line from 1963 to 1966. The case was made by CB (le Centrale Boites). The case appears to be unpolished. The dimensions are 42mm in diameter with a lug width of 20mm. It is paired on a OMEGA 1116 bracelet with 575 end links which is original to the watch. The bracelet will fit a wrist over 7 inches. To learn more about the OMEGA Speedmaster, you can watch my ‘Reference Points: Understanding The Entire Lineage Of The OMEGA Speedmaster ’ video and read the corresponding article. The watch does not come with box and papers. It was issued an Extract from the Archives, but we cannot locate the physical Extract. We have attached a photo below. We do not know the service history, but it is running well.",Wind Vintage,2026-04-19,False,False
OMEGA Speedmaster Racing Dial Ref. 145.022-69 ST Full Set w/ Extract,Omega,62000,https://www.windvintage.com/omega-speedmaster-racing-dial-ref-145022-69-stfull-set,https://images.squarespace-cdn.com/content/v1/5b213f95506fbec9b54e014c/1783026161286-IQ97QZR9F8NCY7M1WBNI/Image+170.jpeg,"A Speedmaster Racing Dial Ref. 145.022-69 ST Full Set w/ Extract The OMEGA Speedmaster is certainly one of the most iconic watches with a truly rich history of exploration and sport. This is an incredible “Racing Dial” reference 145.022-69. The watch was originally delivered to Japan in 1971 and was sold in 1975 according to the papers. The racing dial is one of the most exciting and interesting dial variants on any Speedy. These models are very rare and this example is in awesome condition. The dial is incredibly attractive. The case has been lightly polished. It comes with a contemporary OMEGA bracelet and is paired on an OMEGA 1039 bracelet dating to 1970. It is powered by the calibre 861 manual wind movement. This example is a very special watch that was sold at Phillips' START-STOP-RESET: 88 Epic Stainless Steel Chronographs . The watch comes as a full set with a box and papers. It comes with the Extract from the Archives. It also comes with the leather bound book of START-STOP-RESET: 88 Epic Stainless Steel Chronographs. We do not know the service history, but it is running well. To learn more about the Omega Speedmaster, you can read my ‘ Reference Points: Understanding The Omega Speedmaster ’ article and corresponding video with HODINKEE.",Wind Vintage,2026-04-19,False,False
OMEGA Speedmaster Reduced Blue Kart Ref. 175.0032 / PIC 3810.80.08 From Paul Newman &amp; Carl Haas Full Set + Extract,Omega,69000,https://www.windvintage.com/omega-speedmaster-reduced-blue-kart-ref-351081-from-paul-newman-full-set-extract,https://images.squarespace-cdn.com/content/v1/5b213f95506fbec9b54e014c/1786407226007-SBK5YHPO6O13W9LP6KGH/Image+206.jpeg,"A Speedmaster Reduced Blue Kart Ref. 175.0032 / PIC 3810.80.08 From Paul Newman & Carl Haas Full Set + Extract The OMEGA Speedmaster is certainly one of the most iconic watches with a truly rich history of exploration and sport. This is a particularly cool limited edition watch with incredible provenance. It is an OMEGA Speedmaster Reduced Blue Kart Edition reference 3510.81 that was gifted by Paul Newman and Carl Haas to the Newman/Haas Racing team’s body engineer Bill Mann during Christmas of 1997. The watch was featured in HODINKEE’s article ‘ Found An Omega Speedmaster Gifted By Paul Newman ’ in 2016. It was later sold at Heritage Auctions in 2019. The case is unpolished. It measures 39mm in diameter. This watch comes with box and papers. It also comes with an Extract from the Archives. We do not know the service history, but it is running well. The box is designed like a racing tire which is insanely cool. The watch dates to 1997. To learn more about the OMEGA Speedmaster, you can read my ‘ Reference Points: Understanding The OMEGA Speedmaster ’ article and corresponding video with HODINKEE.",Wind Vintage,2026-04-19,False,False
OMEGA Speedmaster “Ed White” 105.003-65 Full Set and Extract Unpolished,Omega,39000,https://www.windvintage.com/omega-speedmaster-ed-white-105003-65-with-bracelet-booklet-box-and-extract,https://images.squarespace-cdn.com/content/v1/5b213f95506fbec9b54e014c/1788359806898-SCW5N22BV53XYR8NRQD2/Image+2.jpeg,"A Speedmaster “Ed White” 105.003-65 Full Set and Extract Unpolished It is no secret that I love vintage OMEGA Speedmasters. You can see the HODINKEE Reference Points video I did on the subject with Ben Clymer. This is an incredible reference 105.003, also referred to as the “Ed White” as it was famously worn by the iconic NASA astronaut. The watch dates to circa 1966. It is powered by the iconic calibre 321, which was recently re-released and garnered great reception and excitement from a large portion of watch collectors. The case appears to be unpolished. The dimensions are 38.5mm in diameter (or 48mm lug-to-lug) with a lug width of 19mm. The dial is gorgeous and features tritium lume that has patinated with age. It is paired with an Omega 7912 bracelet dating to 1966. To learn more about the Omega Speedmaster, you can watch ‘Reference Points: Understanding The Entire Lineage Of The Omega Speedmaster ’ video I made with Ben Clymer in 2015 (and corresponding article ). The watch comes full set with box, papers and with an additional receipt. The watch was sold in 1967 in the United Kingdom. It comes with an Extract from the Archives. We do not know the service history, but it is running well.",Wind Vintage,2026-04-19,False,False
OMEGA Speedmaster Reference 145.022-69 BA In 18K YG,Omega,45000,https://www.windvintage.com/omega-speedmaster-reference-14502269-ba-in-18k-yg,https://images.squarespace-cdn.com/content/v1/5b213f95506fbec9b54e014c/1778015999821-KMB0ZV2WZBHBBIWSH8IK/Image+43.jpeg,"A Speedmaster Reference 145.022-69 BA in 18K YG OMEGA introduced the Speedmaster in 1957, initially created for drivers in automotive racing needing to time their laps. However, the Speedmaster would reach eternal iconic status by eventually being qualified for spaceflight by NASA after an intense testing of several of the highest-grade chronographs of the 1960s. NASA selected the Speedmaster as the exclusive watch for use by its astronauts. The OMEGA Speedmaster reference 145.022-69 BA was the first OMEGA Speedmaster to be produced in 18k yellow gold. Only 30 examples were produced in total for astronauts and two were produced for President Nixon and Vice President Agnew. The next examples were given to Astronauts and are considered by many to be the grail OMEGA Speedmasters. On October 20, 2022, Wally Schirra’s personal OMEGA Speedmaster Professional BA 145.022 was sold for $1,906,954 . This example is one that was sold to the public. The 18K yellow-gold case is in has been lightly polshed. The dial is fantastic and the bezel remains in good condition. The watch is powered by the caliber 861. The bracelet is long and should fit a wrist approximately 7.1 inches. Finding an example with a long bracelet is incredibly difficult. For those looking for an epic gold Speedmaster, these are amazing watches. To learn more about the OMEGA Speedmaster, you can watch my ‘Reference Points: Understanding The Entire Lineage Of The OMEGA Speedmaster ’ video and read the corresponding article. The watch does not come with box and papers. We do now know the service history, but it is running well.",Wind Vintage,2026-04-19,False,False
Roger Dubuis Hommage Chronograph Reference H37 in 18K White Gold Full Set,Other,105000,https://www.windvintage.com/roger-homage-h37-chronograph-in-18k-white-gold-full-set,https://images.squarespace-cdn.com/content/v1/5b213f95506fbec9b54e014c/1786651649451-QE68TPGHDSZ2QX8K3IV4/Image+230.jpeg,"This Roger Dubuis Hommage Chronograph reference H37 is an incredibly sophisticated timepiece. The dial features luminous numerals and demarcations within the multi-tone sector dial. It features an attractive cream colored dial with luminous feuille (leaf) hands. These dial layouts are extremely attractive and pay homage to the iconic chronographs of the 1930s. The case is made of 18k white gold and measures approximately 37mm in diameter. The watch is powered by the calibre RD56. The watch features an exhibition caseback displaying the manual wind movement. These movements were chronometer certified and it accompanies the original papers when tested in 2000. It is paired with an aftermarket leather strap and buckle. This watch comes with box and papers. We do not know the service history, but it is running well.",Wind Vintage,2026-04-19,False,False
Zenith El Primero Reference A386 Unpolished on Gay Frères Bracelet,Zenith,19900,https://www.windvintage.com/zenith-el-primero-reference-a386-unpolished-on-gay-frres-bracelet,https://images.squarespace-cdn.com/content/v1/5b213f95506fbec9b54e014c/1784221449570-698AT94WCKBW3GQLACOC/Image+7.jpeg,"Introduced in 1969, the Zenith El Primero Reference A386 sits amongst the most celebrated chronographs in watchmaking. Powered by the automatic high-beat calibre 3019. The model’s hands and hour markers feature a pale yellow tritium that immediately catches the attention of the wearer. Competing with the tri-colored subdials, the attributes of this watch are really a beautiful testament to the sports watches of yesteryear. The watch is 38mm wide (with a lug-to-lug length of 45.5mm). The lug width is 19mm and the height is 12.5mm including the crystal. The case appears to be unpolished. It is paired on a the rare and incredibly cool Zenith ladder Gay Frères bracelet dating to circa 1971. The bracelet will fit a wrist approximately 7.5 inches. We do not know the service history, but it is running great. It does not come with box or papers.",Wind Vintage,2026-04-19,False,False
Zenith El Primero Ref A386 on Gay Freres Bracelet Unpolished,Zenith,24900,https://www.windvintage.com/zenith-el-primero-ref-a386-on-gay-freres-bracelet-unpolished,https://images.squarespace-cdn.com/content/v1/5b213f95506fbec9b54e014c/1782912472821-YCS8ARAAELQBCHUT4FX3/Image+154.jpeg,"Introduced in 1969, the Zenith El Primero Reference A386 sits amongst the most celebrated chronographs in watchmaking. Powered by the automatic high-beat calibre 3019, the highly emphasized red chronograph hand glides over the dial in the smoothest manner. The model’s hands and hour markers feature a pale yellow tritium that immediately catches the attention of the wearer. Competing with the tri-colored subdials, the attributes of this watch are really a beautiful testament to the sports watches of yesteryear. This particular example comes with the Gay Frères steel ladder bracelet dating to 1969. The watch is 38mm wide (with a lug-to-lug length of 45.5mm). The lug width is 19mm and the height is 12.5mm including the crystal. The case appears to be unpolished. We do not know the service history, but it is running well. It does not come with papers. It does not come with box.",Wind Vintage,2026-04-19,False,False
Titus Big Crown Calypsomatic Ref. 7840 Unpolished,Other,9900,https://windvintage.com/titus-calypsomatic-ref-7840-unpolished,https://images.squarespace-cdn.com/content/v1/5b213f95506fbec9b54e014c/1769954824146-LJM9PPIKTWJ4QZHPH749/DSC01655.png,"This Titus Calypsomatic reference 7840 is an extremely cool vintage dive watch. It is reminiscent of many Rolex Big Crown Submariners and there is a strong collector community for these watches. The watch features the nicest and most attractive glossy dial I have seen on any example. It features warm patina on the hands and markers - which are tritium. This is like wearing a Big Crown without radium! The stainless steel case measures approximately 38mm in diameter (48mm lug-to-lug). The watch comes with an original three link bracelet signed by Titus. For those looking for a world class Titus Big Crown Calypsomatic, this is one of the best! The watch does not come with a box and papers. We do not know the service history, but it is running well.",Wind Vintage,2026-04-19,False,False
Longines Legend Diver w/ JB Champion Stretch Bracelet Unpolished w/ Box &amp; Papers,Longines,10900,https://www.windvintage.com/longines-legend-diver-w/-jb-champion-stretch-bracelet-unpolished-w/-box-papers,https://images.squarespace-cdn.com/content/v1/5b213f95506fbec9b54e014c/1782337096230-MGDO4HSY6IN51VWWEEWS/Image+112.jpeg,"This Longines Legend Diver is an incredible vintage dive watch in fantastic condition. The watch measures 42mm in diameter, and approximately 53mm lug-to-lug. It features a stunning black dial that has begun to turn tropical. It comes with a stretch bracelet made by JB Champion. It features a beautiful gilt tropical dial. The comes with box and papers. We do not know the service history, but it is running well.",Wind Vintage,2026-04-19,True,False
Longines 13ZN Chronograph Reference 5415 w/ Extract,Longines,21000,https://www.windvintage.com/longines-13zn-chronograph-reference-5415-w/-extract,https://images.squarespace-cdn.com/content/v1/5b213f95506fbec9b54e014c/1791232991051-CPVKIYEZ0G2KEF6JBNKJ/Image+89.jpeg,"This Longines reference 5415 is a special vintage chronograph with the rare snapback waterproof compressor case. The watch features the legendary calibre 13ZN which was used from circa 1936-1947 within Longines chronographs. The calibre 13ZN is considered one of the most important chronograph movements and is cherished by collectors. This example was invoiced to Longines-Wittnauer Watch Co in the United States on October 27, 1947. The case measures 37.5mm in diameter. The case has been lightly polished. We do not know the service history, but the watch is running well. It does not come with a box or papers. It comes with an Extract from the Archives.",Wind Vintage,2026-04-19,False,False
Longines Greenlander Reference 5707 w/ Extract Unpolished,Longines,6900,https://www.windvintage.com/longines-greenlander-military-5707-w/-extract,https://images.squarespace-cdn.com/content/v1/5b213f95506fbec9b54e014c/1791232895095-LMLADWRNC6WAQ9PLVRYI/Image+88.jpeg,"The Longines reference 5707 is a special watch known as the “Greenlander” is an important military Longines and one of the most desired and rarer models from the Dirty Dozen wristwatches. The stainless steel case measures 37.5mm in diameter by 48mm lug to lug. This watch was produced in 1945 according to the Extract from the Archives and was invoiced to Baume & Co. of the United Kingdom. This is a special example with the matching number stamped on the bottom of the of the lug which coincides with the case back number. The case appears to be unpolished. We do not know the service history, but the watch is running well. It does not come with a box or papers. It comes with an Extract from the Archives. For those looking for a special military Longines, these are incredible watches.",Wind Vintage,2026-04-19,True,False
Longines Swissair 24-Hour Reference 6630 w/ Extract from the Archives,Longines,51000,https://www.windvintage.com/longines-swissair-24-hour-reference-6630,https://images.squarespace-cdn.com/content/v1/5b213f95506fbec9b54e014c/a84a1d72-c227-47dc-93bd-2cc0d5c8e0e2/DSC06188.JPG,"This Longines is an incredibly interesitng and rare oversized wristwatch made for Swissair pilots. The stainless steel case is a massive 47mm in diameter and 57mm lug-to-lug. The watch displays a 24-hour dial. It features a spade hour hand and leaf minute hand. The watch features a 9mm onion crown. The watch was invoiced to Swissair in 1957. These watches have sold as high as $176,000 at auction. For those looking for incredible aviation Longines timepieces, these are special watches. The watch does not come with a box or papers. We do not know the service history but it is running well. It comes with Extract from the Archives. The watch is paired on the original strap and buckle appears to be original.",Wind Vintage,2026-04-19,False,False
Enicar Sherpa Reference 140/013 Unpolished,Other,1900,https://www.windvintage.com/enicar-sherpa-reference-140013-unpolished,https://images.squarespace-cdn.com/content/v1/5b213f95506fbec9b54e014c/1780341985360-O2G3HP7Y6MW11QXJ85AB/Image+45.jpeg,"This Enicar Sherpa is an exceptionally cool stainless steel wristwatch. The case measures approximately 35mm in diameter and just over 42mm lug-to-lug. The watch features a sunburst soleil dial that has turned to a warm silver hue. The dial has printed numerals at the 6, 9 and 12 positions and features a date window at 3 o’clock on the dial. This watch is from circa 1964, does not include box or papers, has a manual-wind movement (Caliber AR 1141). We do not know the service history but it is running well.",Wind Vintage,2026-04-19,False,False
Enicar Mk 3 Sherpa Graph Reference 072-02-01 Unpolished,Other,9900,https://www.windvintage.com/enicar-mk-3-sherpa-graph-reference-0720201-unpolished,https://images.squarespace-cdn.com/content/v1/5b213f95506fbec9b54e014c/1790351721430-LRS1ZI6P5J89P8BA2JYP/Image+35.jpeg,"The Enicar Sherpa Graph models are extremely desirable for collectors and very difficult to find. The present watch is a fantastic example with the case made by E. Piquerez SA (also called EPSA). Enicar was way ahead of other companies with the white registers against a dark blue dial and a large 40mm diameter case with a tachymeter scale. The case appears to be unpolished. It is a “Mark III” / “Mark 3” model with reference 072-02-01 on the case back. It features the original signed Compressor crown with the Saturn logo, while the earliest examples have no logo. If you are looking for a large alternative cool sports chronograph , this is really is such a watch! It is paired on an Enicar bracelet that was later added. This watch does not include box or papers, has a manual-wind movement (Caliber 72 made by Valjoux), and is 40mm in diameter. We do not know the service history, but it is running well.",Wind Vintage,2026-04-19,False,False
Enicar Seapearl Ref. 124/003 Unpolished,Other,1500,https://windvintage.com/enicar-seapearl-ref-124/003-unpolished,https://images.squarespace-cdn.com/content/v1/5b213f95506fbec9b54e014c/1781272061363-00JZF1V0ZYUPF1LCT90N/Image+24.jpeg,"This Enicar Seapearl is another highly attractive stainless steel wristwatch. The case measures approximately 35mm in diameter and just over 43mm lug-to-lug. The watch features a sunburst soleil dial with applied indices at 3, 6, 9 and 12 positions. It powered an automatic movement. This watch does not include a box or papers. We do not know the service history but it is running well.",Wind Vintage,2026-04-19,False,False
Rolex Tiffany &amp; Co. Great White Sea-Dweller Reference 1665,Rolex,39000,https://www.windvintage.com/rolex-tiffany-co-sea-dweller-ref-1665,https://images.squarespace-cdn.com/content/v1/5b213f95506fbec9b54e014c/1780937406250-2E4RPD96NR4772WHWBOY/Image+6.jpeg,"This Rolex “Great White” Sea-Dweller reference 1665 is an incredibly special watch featuring a Tiffany & Co. signed dial. . The dial features a beautiful yellow lume. It is a “Maxi” Sea-Dweller dial and was among the last examples of the legendary reference 1665 made. These examples with 6 million serial numbers have the extremely large hour markers that give them the “Maxi” moniker. I find them to be the most beautiful Great White Sea-Dweller dials. The reference 1665 models with all-white text are known as “Great White” models and the early examples are known as “Double Red” Sea-Dwellers with two red lines of text and the earliest, essentially prototype and not-for-sale, Sea-Dwellers are known as “Single Red” Sea-Dwellers with a single line of red text. The case has been polished in the past. It features a 6.7M serial dating to circa 1981. The lug-to-lug length is 47mm and it measures 40mm in diameter excluding the crown. It is paired on a later service Rolex 93150 Oyster bracelet from circa 1991 and later 501B end links. The watch does not come box and papers. We do not know the service history but it is running well. The watch recently passed a water resistance test of 5 bar. It features a TrueDome D39 crystal.",Wind Vintage,2026-04-19,True,False
Urwerk UR-106 ‘Only Watch’ Full Set Mint Condition,Urwerk,85000,https://www.windvintage.com/urwerk-ur-106-only-watch-full-set-mint-condition,https://images.squarespace-cdn.com/content/v1/5b213f95506fbec9b54e014c/f550741c-48a6-4d39-83ef-4369d411f3f8/DSC06621.JPG,"This Urwerk reference UR-106 was made as a Piece Unique for Only Watch. The watch features an aggressive case shape which is crafted from titanium with a black PVD coating. The dimensions measure approximately 50 x 35mm. The watch features satellite hours indication which gives the appearance of analog and digital time. It is powered by the automatic calibre UR-6.01. For those looking for something eclectic, and highly interesting this is a great opportunity. Despite our passion leaning towards vintage watches, there are certainly a number of modern watches that are undeniably awesome. Urwerk watches represent forward thinking watchmaking and get just about everyone excited - whether you are simply curious about watches or are amazed at the linear format on the timepiece. This is truly a fun watch to wear. The watch comes with box and papers. We do not know the service history of the watch but it is running well. It was previously sold at Phillips for the 2015 “Only Watch” charity auction in favour of research on Duchenne muscular dystrophy, and belonged to an incredible collector! It comes with the 2 year International Warranty paperwork from Urwerk dating to 2020.",Wind Vintage,2026-04-19,True,False
Universal Genève Exotic Tri-Compax Reference 881101/03,Other,0,https://www.windvintage.com/universal-genve-exotic-tri-compax-reference-881101/03,https://images.squarespace-cdn.com/content/v1/5b213f95506fbec9b54e014c/1789676981392-S502Y04QBF7UFI0ROLYY/Image+10.jpeg,"This Universal Genève Exotic Compax reference 881101/03 is super cool watch. The case is strong, but appears to have been lightly polished. The grey metallic dial is extremely attractive and this is one of the most interesting, desirable, and attractive variants of all Tri-Compax models. The case measures 36mm in diameter. It is paired on a rare UG bracelet made by Gay Frères with aftermarket end links that fit well. The watch is powered by the calibre 281. The watch does not come with box and papers. We do not know the service history, but it is running well. SOLD (Item SBUXYT2703) SOLD #block-9bb3770cc85942e3c7a2 { --sqs-block-content-flex: 0; } #block-9bb3770cc85942e3c7a2 { --opacity: 100%; --translate-x: 0px; --translate-y: 0px; --rotation: 0deg; --scale-x: 100%; --scale-y: 100%; --skew-x: 0deg; --skew-y: 0deg; --origin-x: 50%; --origin-y: 50%; --block-transform: none; opacity: var(--opacity, 1); transform: var(--block-transform); transform-origin: var(--origin-x) var(--origin-y); }",Wind Vintage,2026-04-19,True,True
Abercrombie &amp; Fitch Seafarer by Heuer Reference 2444,Heuer,25000,https://www.windvintage.com/abercrombie-fitch-seafarer-by-heuer-reference-2444,https://images.squarespace-cdn.com/content/v1/5b213f95506fbec9b54e014c/1787348013841-WMCIF6TZ7FMPB9W6RC0Z/Image+264.jpeg,"The Abercrombie & Fitch Seafarer is essentially the same watch as the Heuer Mareographe reference 2444 with a bit of retailer sauce! This example is an incredibly attractive reference 2444. It has an outstanding dial with excellent blue accents in the registers. The minute register is designated for timing yacht races. The case has been lightly polished. It measures approximately 35mm in diameter. The watch dates to the early 1960s. It is paired on a great blue strap that compliments the dial. Learn more about these watches within Charlie Dunne’s article ‘ Collector's Guide: Vintage Abercrombie & Fitch Seafarer Watches ’. The watch does not come with box or papers. We do not know the service history, but it is running well. This watch is featured in our forthcoming book ‘ Vintage Watches: The Modern Guide ’.",Wind Vintage,2026-04-19,True,False
Longines Conquest Reference 9001/5  in 18k Rose Gold Unpolished,Longines,5900,https://www.windvintage.com/longines-conquest-reference-9001/5-in-18k-rose-gold-unpolished,https://images.squarespace-cdn.com/content/v1/5b213f95506fbec9b54e014c/1782510403570-8A0GKU6Y0KRCJ0EAXZWH/Image+133.jpeg,This is an extremely attractive example of the iconic Longines Conquest. This reference 9001/5 features an incredible rose dial with a very rare 3 stars located under the automatic font. It measures 35mm in diameter and approximately 41mm lug-to-lug. The case appears to be unpolished. It is paired on a leather strap and unsigned buckle. It does not come with box and papers. We do not know the service history but it is running well.,Wind Vintage,2026-04-19,True,False
Rolex Neat Fonts Submariner Reference 5512,Rolex,19900,https://www.windvintage.com/rolex-neat-fonts-submariner-reference-5512,https://images.squarespace-cdn.com/content/v1/5b213f95506fbec9b54e014c/1790802657577-PUZ45NL65SCYI4JKTA2O/Image+60.jpeg,"This Rolex Submariner reference 5512 is an awesome example with attractive lume. The watch has a 1.6M serial dating to circa 1967. It features the original bezel insert. The case has been lightly polished, but is attractive. It is paired on a stretch C&I Rolex bracelet dating to 1968. The dial is extremely attractive and has the Neat Fonts SCOC font. These are quite rare, and they should be considered much more desirable to those who appreciate Submariners. It features a later Triplock crown. Learn more about the iconic Submariner within Charlie Dunne’s comprehensive article “ Collector’s Guide: Understanding The Rolex Submariner Reference 5512 ’. To learn more about the Rolex Submariner, you can read my ‘Reference Points: Understanding The Rolex Submariner’ article and corresponding video . This watch does not come with box and papers. We do not know the service history, but it is running great! It just passed a water resistance test of 5 bar.",Wind Vintage,2026-04-19,True,False
Blancpain Villeret Quantième Complet Phases de Lune 6654 1127 55B Full Set,Other,8500,https://www.windvintage.com/blancpain-villeret-quantime-complet-phases-de-lune-6654-1127-55b-full-set,https://images.squarespace-cdn.com/content/v1/5b213f95506fbec9b54e014c/1790351527945-SRN6OEOOG17LTKJG7HCU/Image+26.jpeg,"This is a very special timepiece. The Blancpain Villeret Quantième Complet Phases de Lune reference 6654 1127 55B is a great complicated timepiece. The watch measures 40mm in diameter. The case is made of steel. The watch dates to 2024. The MSRP is $19,600. We do not know the service history, but the watch is running well. It does not come with a box or papers.",Wind Vintage,2026-04-19,True,False
OMEGA Constellation C-Shape Reference 168009 / 168017 in 18K WG on Bracelet Unpolished,Omega,14900,https://www.windvintage.com/omega-constellation-c-shape-reference-168009-/-168017-in-18k-wg-on-bracelet-unpolished,https://images.squarespace-cdn.com/content/v1/5b213f95506fbec9b54e014c/1789754938066-BYHIHLGF3P35VMVA49FZ/Image+19.jpeg,"A Constellation C-Shape Reference 168009 / 168017 in 18K WG on Bracelet Unpolished This OMEGA Constellation C-Shape reference 168009 / 168017 is an incredibly special and rare timepiece. It features the rare diamond-dial which is very uncommon on vintage Constellations. Additionally, this example is in 18k white gold. The watch is in outstanding condition. The C-Shape case OMEGA Constellation was purportedly designed by Gérald Genta. The case appears to be unpolished. It is paired on the incredibly rare white gold bracelet. This should fit a wrist approximately 7.3 inches. The watch was previously sold by Monaco Legend Group as part of The Goldberger Omega Time-Only Collection and was formerly owned by noted author and collector John Goldberger. More recently, it belonged to a renowned American collector. For those inclined to channel a bit of Italian sprezzatura, this may be the perfect watch to pair with a frayed chambray shirt and rolled-up sleeves. This is an awesome and uncommon vintage OMEGA which is exciting to share! The watch does not come with box or papers. We do not know the service history, but it is running well.",Wind Vintage,2026-04-19,True,False
Rolex Grey Dial Datejust Reference 16030 Unpolished Full Set,Rolex,8900,https://www.windvintage.com/rolex-grey-dial-datejust-reference-16030-unpolished-full-set,https://images.squarespace-cdn.com/content/v1/5b213f95506fbec9b54e014c/1790882744617-6FDTBC3WUP5SUJ5W6X7W/Image+66.jpeg,"The Simple Vintage Rolex Datejust In Steel ’. I’m constantly amazed by the quality and differentiations of the dials that Rolex used in vintage Datejusts over the decades. I love the steel engined turned bezel on these classic stainless steel models. This watch features a quickest date movement. The dial is a very attractive slate grey. The reference 16030 is notable for its stainless steel engine-turned bezel. The watch features a 9.0M serial number, which dates to circa 1986. The watch is paired with a 62510H Jubilee bracelet with an H date code dating to circa 1983, as well as the correct 555 end links (it is possibly original to the watch). The watch is in incredible condition and appears to be unpolished. The watch recently passed a water resistance test of 5 bar. We do not know the service history, but the watch is running well. It comes full set with box and papers.",Wind Vintage,2026-04-19,True,False
Jaeger-LeCoultre Etrier in 18k YG Unpolished,Jaeger-LeCoultre,4900,https://www.windvintage.com/jaeger-lecoultre-etrier-in-18k-yg-unpolished,https://images.squarespace-cdn.com/content/v1/5b213f95506fbec9b54e014c/1781901156879-U64VIX1Q9MO56C9KL3C8/Image+74.jpeg,"The Jaeger-LeCoultre Etrier is an incredibly special model that is known for Jaeger-LeCoultre enthusiasts. Along with the Reverso and Memovox, it is one of the most interesting ladies timepieces from JLC. This example dates to the early 1970s. it measures 23mm in diameter by 35mm in length. The case is made of 18k yellow gold. The black dial is gorgeous. For those looking for an incredible ladies timepiece, the Jaeger-LeCoultre Étrier is a rare classic. @WatchAbbie has a very similar example and wrote about these watches in her article ‘ The Jaeger-LeCoultre Étrier: The Coolest Ladies JLC You Do Not Know About ’. We do not know the service history, but the watch is running well. It does not come with a box or papers.",Wind Vintage,2026-04-19,True,False
Heuer Calculator 740.633,Heuer,0,https://www.windvintage.com/heuer-calculator-740633,https://images.squarespace-cdn.com/content/v1/5b213f95506fbec9b54e014c/1789677210363-HV5MG98UR760VJBNJFZ9/Image+11.jpeg,"This is an incredibly cool Heuer Calculator watch. It could take a lifetime to find these watches in this condition. Also, they will garner respect from every woman you encounter. A lot of people reached out to us about the OMEGA Equinoxe, but this is a way cooler watch if we’re being honest. This Calculator reference 740.633 is a very attractive example. The case is measures 45mm in diameter. These bezels are extremely cool and fun to use. The colors are incredible. It features a blue dial and blue strap with Heuer buckle! Adrian van Hooydonk, BMW Design Chief wears one of these. The watch does not come with box and papers. We do not know the service history, but it is running well. SOLD (Item SBUXYT4172) SOLD #block-2d4c5d2babfc887e857e { --sqs-block-content-flex: 0; } #block-2d4c5d2babfc887e857e { --opacity: 100%; --translate-x: 0px; --translate-y: 0px; --rotation: 0deg; --scale-x: 100%; --scale-y: 100%; --skew-x: 0deg; --skew-y: 0deg; --origin-x: 50%; --origin-y: 50%; --block-transform: none; opacity: var(--opacity, 1); transform: var(--block-transform); transform-origin: var(--origin-x) var(--origin-y); }",Wind Vintage,2026-04-19,True,True
Rolex GMT-Master II Ref 16710T w/ Black Insert Unpolished,Rolex,0,https://www.windvintage.com/rolex-gmt-master-ii-ref-16710t-w/-black-insert-unpolished,https://images.squarespace-cdn.com/content/v1/5b213f95506fbec9b54e014c/1788890849350-HU130T3KPYCQA7MGD1GG/Image+26.jpeg,"This Rolex GMT-Master II reference 16710 is an outstanding watch. It features the all-black bezel insert giving it a clean look. This example dates to circa 2006 with a Z serial. The case is crisp appears to be unpolished. It measures 40mm in diameter (47mm lug-to-lug). It is paired on an Oyster bracelet with OP dating to 2006 and is original to the watch. To learn more about the Rolex GMT-Master you can watch my ‘Reference Points: Understanding The Rolex GMT-Master' video and corresponding article. The watch does not come with box and papers. It comes with a photocopy of the papers and receipt indicating the watch was purchased at Mayors in 2006. We do not know the service history, but it is running well! It recently passed a water resistance test of 5 bar. This is an outstanding watch! It is not easy to find unpolished and fully original GMT-Master and GMT-Master II examples. SOLD (Item SBUXYT5723) SOLD #block-f628efe8d84142b0f9a6 { --sqs-block-content-flex: 0; } #block-f628efe8d84142b0f9a6 { --opacity: 100%; --translate-x: 0px; --translate-y: 0px; --rotation: 0deg; --scale-x: 100%; --scale-y: 100%; --skew-x: 0deg; --skew-y: 0deg; --origin-x: 50%; --origin-y: 50%; --block-transform: none; opacity: var(--opacity, 1); transform: var(--block-transform); transform-origin: var(--origin-x) var(--origin-y); } #block-1b93e3d4d197d35694a6 { } #block-1b93e3d4d197d35694a6 .intrinsic { } #block-1b93e3d4d197d35694a6 { mix-blend-mode: var(--tweak-video-block-blend); border-radius: var(--tweak-video-block-radius); } @media screen and (max-width: 767px) { #block-1b93e3d4d197d35694a6 { } } @media screen and (max-width: 767px) { #block-1b93e3d4d197d35694a6 .intrinsic { } } @media screen and (max-width: 767px) { } #block-1b93e3d4d197d35694a6 { border-width: 0; height: auto; } @media screen and (max-width: 767px) { #block-1b93e3d4d197d35694a6 { background-color: transparent; } #block-1b93e3d4d197d35694a6 .intrinsic { background-color: var(--tweak-video-block-background-color); } }",Wind Vintage,2026-04-19,True,True
Rolex Domino's Air-King 14000 Full Set W/ Hangtag Unpolished,Rolex,0,https://windvintage.com/rolex-dominos-airking-14000-full-set-w-hangtag-unpolished-2,https://images.squarespace-cdn.com/content/v1/5b213f95506fbec9b54e014c/1791203792563-CRX8OSPK0Z5JSYOUN9YC/Image+83.jpeg,"The Rolex-Domino’s connection is perhaps the ultimate high-low collaboration. These watches were not made for purchase by the public, but as a way to reward Domino’s franchise owners who hit their sales targets. All these watches were originally ordered through Schlanderer and Sons in Ann Arbor, Michigan, where Domino’s has its headquarters. In the past, these watches on the secondhand market were generally the least expensive Rolex a person could purchase as few people wanted a pizza logo like this on their dial. Dealers would buy them, swap out the Domino’s dial, and polish off the case back initials. Over the last year, however, they have gained a massive following. The watch features an engraving on the back with the recipient’s initials. You can learn about these watches in our video Collector Conversation: Tom Monaghan - Founder of Domino's Pizza - on the Domino's Rolex . This version features the “tilted logo” that is the last version of Dominos’s Rolex watch with the logo on the dial. . The watch features a U^ serial dating to 1997. The case appears to be unpolished. The watch comes as a “full set” with a box, papers and hangtag. It was originally sold in 1998. We do not know the full service history, but it is running well. It recently passed a water resistance test of 5 bar. To learn more about Rolex-Domino’s story, watch the video ”Rolex Model NEVER in Stores” . SOLD (Item SBUXYT5219) SOLD #block-d5ddf8f91cee711ca8a5 { --sqs-block-content-flex: 0; } #block-d5ddf8f91cee711ca8a5 { --opacity: 100%; --translate-x: 0px; --translate-y: 0px; --rotation: 0deg; --scale-x: 100%; --scale-y: 100%; --skew-x: 0deg; --skew-y: 0deg; --origin-x: 50%; --origin-y: 50%; --block-transform: none; opacity: var(--opacity, 1); transform: var(--block-transform); transform-origin: var(--origin-x) var(--origin-y); } #block-46adbe20676de9d9c804 { } #block-46adbe20676de9d9c804 .intrinsic { } #block-46adbe20676de9d9c804 { mix-blend-mode: var(--tweak-video-block-blend); border-radius: v",Wind Vintage,2026-04-19,True,True
Cartier Paris Tank Normale 78092 in 18K Gold,Cartier,0,https://www.windvintage.com/cartier-paris-tank-normale-78092-in-18k-gold,https://images.squarespace-cdn.com/content/v1/5b213f95506fbec9b54e014c/1787593059706-T9JMJ9THXSHMDQZOXRTQ/Image+2.jpeg,"This is a beautiful Cartier Tank Normale reference 78092. The watch features the original Paris dial. The case is approximately 23mm in diameter by 30mm lug to lug. It comes with an additional leather strap (aftermarket) on a Cartier deployant. This strap is quite short . The case is made of 18k yellow gold. It dates to late 1970s. It has been polished in the past. It does not come with box and papers. We do not know the service history and is running well. SOLD (Item SBUXYT5626) SOLD #block-db6a363fd1ae65c92136 { --sqs-block-content-flex: 0; } #block-db6a363fd1ae65c92136 { --opacity: 100%; --translate-x: 0px; --translate-y: 0px; --rotation: 0deg; --scale-x: 100%; --scale-y: 100%; --skew-x: 0deg; --skew-y: 0deg; --origin-x: 50%; --origin-y: 50%; --block-transform: none; opacity: var(--opacity, 1); transform: var(--block-transform); transform-origin: var(--origin-x) var(--origin-y); }",Wind Vintage,2026-04-19,True,True
Rolex Kermit Submariner 16610 Unpolished Box &amp; Papers,Rolex,15900,https://www.windvintage.com/rolex-kermit-submariner-16610-unpolished-box-papers,https://images.squarespace-cdn.com/content/v1/5b213f95506fbec9b54e014c/1790802092475-ZMVWX9DUGQ5KOJJPAJN7/Image+55.jpeg,"This Rolex Submariner “Kermit” Submariner Reference 16610 is an awesome sports watch. The condition is fantastic. We believe the case is unpolished. It features an V serial dating to 2009. The case measures 40mm in diameter. It was sold in South Korea To learn more about the Rolex Submariner, dive into my ‘ Reference Points: Understanding The Rolex Submariner ’ video and corresponding article. The watch comes with box and papers. We do not know the service history but it is running well. It recently passed a water resistance test of 5 bar.",Wind Vintage,2026-04-19,True,False
Rolex GMT-Master Ref 16750 Box &amp; Papers,Rolex,17900,https://www.windvintage.com/rolex-gmt-master-ref-16750-box-papers,https://images.squarespace-cdn.com/content/v1/5b213f95506fbec9b54e014c/1787008357325-0CZCISVF31DO9BSTC3MG/Image+245.jpeg,"This Rolex GMT-Master reference 16750 is an attractive example. It dates to circa 1985 with an 8.65M serial. The case has been polished, but it is nice. The insert is a beautiful example of the classic Pepsi. It is paired on a Rolex 78360 Oyster bracelet with 580 end links with I date code dating to circa 1984. This watch was sold in 1986 according to the papers and production dates to circa 1985. The bracelet dates to 1984 and is likely original. This is perfect for anyone seeking a birth-year 1984 to 1986 watch as Rolex production and sales were much slower back in this era. Read our article about birth-year watches here . To learn more about the Rolex GMT-Master, you can watch my ‘ Reference Points: Understanding The Rolex GMT-Master ' video and read the corresponding article. You can also read our comprehensive article on the previous reference ‘ Collector's Guide: The Rolex GMT-Master Reference 1675 In Steel ’. The watch comes with box and papers. We do not know the service history, but it is running well. It recently passed a water resistance test of 5 bar.",Wind Vintage,2026-04-19,True,False
Jaeger-LeCoultre Master Control Chronometre Perpetual Calendar Q4178180 Full Set,Jaeger-LeCoultre,44900,https://www.windvintage.com/jaeger-lecoultre-master-control-chronometre-q4178180-full-set,https://images.squarespace-cdn.com/content/v1/5b213f95506fbec9b54e014c/1789769025302-PFSYHZQTVTH519RQ6CLE/Image+25.jpeg,"The Jaeger-LeCoultre Master Control Chronometre Q4178180 was introduced in April 2026 and it was one of the greatest releases from JLC in years. The manufacturer is known for their fine watchmaking and the Master Control Chronometre Q4178180 was a bold release in the integrated sports watch line. This watch is a very stunning timepiece with an incredibly comfortable sleek case and bracelet. The case measures 39mm in diameter. It features a stunning blue dial. The watch is powered by the ultra-thin Calibre 868 automatic perpetual calendar movement. We do not know the service history, but the watch is running well. It comes with box and papers",Wind Vintage,2026-04-19,True,False
TUDOR Snowflake Submariner Reference 7016/0 Mint Condition w/ Box &amp; Guarantee Papers,Tudor,22000,https://www.windvintage.com/tudor-submariner-reference-7016/0-unpolished,https://images.squarespace-cdn.com/content/v1/5b213f95506fbec9b54e014c/1788890695997-70GUX1Q3X23BVP1N6JMY/Image+25.jpeg,"This TUDOR Submariner reference 7016/0 is in outstanding condition. The watch is in like new old stock condition with very little wear. It features the original case back sticker. It features attractive pale lume with the iconic “Snowflake” hour hand that was influenced by the Marine Nationale (French Navy). The watch dates to circa 1970 with a 742,XXX serial. It is paired on the original Rolex 7836 folded Oyster bracelet with 282 end links dating to 1971. The bracelet is extremely firm and the end links are perfectly flush to the case. We do not know the service history but it is running well. The watch comes with box and guarantee papers. It could be described as “full set” but these papers were rarely filled out. The hinge on the box is broken. It recently passed a water resistance test of 3 bar.",Wind Vintage,2026-04-19,True,False
OMEGA Seamaster Diver 300 M 210.92.44.20.01.003 Full Set,Omega,5900,https://www.windvintage.com/omega-seamaster-diver-300-m-21092442001003-full-set,https://images.squarespace-cdn.com/content/v1/5b213f95506fbec9b54e014c/1790704080432-P3DXL1IKAY014HPRIYZ5/Image+43.jpeg,"A Seamaster Diver 300 M 210.92.44.20.01.003 Full Set This is a super cool OMEGA Seamaster Diver 300 reference 210.92.44.20.01.003. The watch is powered by the Co-Axial calibre 8806 which would make a great impression on everyone who loves the Co-Axial! The case measures 43mm in diameter. It is made of black ceramic. It is paired on an OMEGA rubber strap. The watch dates to 2023. This watch retailed for $10,700 before tax. We do not know the service history, but the watch is running well. It comes with box and papers.",Wind Vintage,2026-04-19,True,False
Rolex Submariner 116613LN Full Set Unpolished,Rolex,14500,https://www.windvintage.com/rolex-submariner-116613ln-full-set-unpolished,https://images.squarespace-cdn.com/content/v1/5b213f95506fbec9b54e014c/1789595687264-WSU6I52FE1H4JWYIQG5L/Image+6.jpeg,"This Rolex Submariner reference 116613LN is an awesome sports watch. The watch comes full set with box and papers. It measures 40mm in diameter and was one of the last 40mm Submariners made by Rolex before they switched to the current 41mm model. The watch was sold in 2013. The case is made of stainless steel and 18k yellow gold. It appears to be unpolished. The watch comes full set with box and papers. We do not know the service history but it is running well. The watch recently passed a water resistance test of 5 bar. To learn more about the Rolex Submariner, you can read my ‘ Reference Points: Understanding The Rolex Submariner ’ article and corresponding video.",Wind Vintage,2026-04-19,True,False
Audemars Piguet Tropical Royal Oak A Series Reference 5402ST,Audemars Piguet,89000,https://www.windvintage.com/audemars-piguet-tropical-royal-oak-a-series-reference-5402s,https://images.squarespace-cdn.com/content/v1/5b213f95506fbec9b54e014c/1791214212092-OMSPYSVMTUNBE6DYSCCT/Image+85.jpeg,"A Series Reference 5402ST The Audemars Piguet Royal Oak is an icon. It is the original luxury sports watch that created and defined the category. Introduced at BaselWorld in 1972 after being designed by Gérald Genta, it turned the Swiss industry upside down and changed the fortunes of the struggling Audemars Piguet. It’s no surprise, that Patek Philippe hired Gerald Genta a few years later to introduce their own version of a steel luxury sports watch: the Nautilus. The origin of the species is the Royal Oak reference 5402ST - nicknamed the “Jumbo”. It is no surprise that the A series examples are hotly hunted and desired by collectors around the world. Only a few seem come to market each year - at most. I am thrilled and honored to offer this incredible example with a beautiful tropical dial. Often these early dials can have an uneven and sometimes unattractive patina, whereas this dial is a gorgeous and even example. The watch should fit a wrist up slightly over 7 inches and features the original flip “Audemars Piguet” flip clasp (often replaced with the AP flip clasp) with the Gay Freres “GF” logo. The watch dates to circa 1972. The case measures 39mm in diameter (48mm lug to lug) and this is the original “Jumbo”. The case and bracelet have been lightly polished in the past like on the vast majority of these, but this case is still super attractive on the wrist. This watch does not come with box and papers. We do not know the service history, but it is running well. For those hunting for an incredible A Series Royal Oak, do not sleep on this watch!",Wind Vintage,2026-04-19,True,False
Heuer Carrera Reference 2447NT Unpolished,Heuer,12900,https://www.windvintage.com/heuer-carrera-reference-2447nt-unpolished,https://images.squarespace-cdn.com/content/v1/5b213f95506fbec9b54e014c/1790890847521-7DONY55OJP3FTJ7M2KDU/Image+69.jpeg,"The Heuer Carrera reference 2447NT is an extremely unusual and rare model. Only a small number are known of this particular model. It has the racing aspect of having a tackymeter on the dial, but also having the all black dial. The case appears to be unpolished. It measures 36 millimeters in diameter and 45mm lug-to-lug. The watch does not come with box and papers. We do not know the service history but it is running well.",Wind Vintage,2026-04-19,True,False
Audemars Piguet Reference 5007BA VZSSC Movement in 18K YG Unpolished w/ Extract,Audemars Piguet,29000,https://www.windvintage.com/audemars-piguet-reference-5007ba-vzssc-movement-in-18k-yg-unpolished-w/-extract,https://images.squarespace-cdn.com/content/v1/5b213f95506fbec9b54e014c/1790802170464-QH7IAAUGX0UQ79214UT2/Image+57.jpeg,"A VZSSC Movement in 18K YG Unpolished w/ Extract For those looking for an incredible time-only Audemars Piguet this watch is a brilliant option! This an incredible Audemars Piguet reference 5007BA. The dial is non luminous with baton markers. It features the legendary 13 ligne VZSSC movement and an 18k yellow gold case. The case appears to be unpolished. It measures 35.5mm diameter and 43mm lug to lug. The case was manufactured by Charles Dubois & Cie. To learn more about vintage Audemars Piguet timepieces reach Charlie Dunne’s article ‘Inside The Musée Atelier Audemars Piguet’! We do not know the service history, but it is running great. It does not come with box or papers. It does come with an Extract from the Archives confirming it was added to the AP Register in 1957. It was hand delivered to Eric by AP’s Heritage Director in the AP Museum in the Vallee de Joux.",Wind Vintage,2026-04-19,True,False
Rolex Daytona Reference 6262,Rolex,59000,https://www.windvintage.com/rolex-daytona-reference-6262,https://images.squarespace-cdn.com/content/v1/5b213f95506fbec9b54e014c/1791392243944-TJJ6UN1TWA070AS1TV38/Image+97.jpeg,"The Daytona reference 6262 is an uncommon Rolex reference. The Daytona reference 6262 was the shortest produced manual-wind Daytona period being introduced in circa 1970 and remaining in production through circa 1971, merely one year! The Rolex Daytona reference 6262 is defined by the steel bezel and pump pushers, but the reference 6262 (and reference 6263, 6264, and 6265) would also usher in the Valjoux 727 which was a higher-frequency manual-wind calibre upgraded from the Valjoux 72 in predecessor references 6269, 6240, and 6241. This example features a gorgeous silver dial with black sub dials. The luminous plots are quite attractive with a warm color. The case has been polished in the past. The watch measures approximately 37mm in diameter (39mm including the crown). It features a 2.731M serial number dating to circa 1971. It is paired on a Rolex C&I rivet bracelet dating to 1972. It features a TrueDome D21 crystal. The watch comes from the son of the original owner. The watch does not come with box and papers. The watch was just serviced and and is running great! It recently passed a water resistance test of 5 bar.",Wind Vintage,2026-04-19,True,False
Patek Philippe Reference 5970G-001 in 18K WG Full Set Unpolished,Patek Philippe,230000,https://www.windvintage.com/patek-philippe-reference-5970g-001-in-18k-wg-full-set-unpolished,https://images.squarespace-cdn.com/content/v1/5b213f95506fbec9b54e014c/1791330116653-O6PM1DWQDA8BDKTAO6AR/Image%2B93.jpg,"The Patek Philippe reference 5970 is an iconic model. This perpetual calendar chronograph was the successor to the Patek Philippe reference 3970 , which succeeded the reference 2499, which succeeded the reference 1518. The reference 5970 was produced over the course of six years from 2004 to 2010. It incorporates an aggressive lug design and highly-legible dial that collectors love. The reference 5970R is powered by the calibre CH 27-70 Q, which is a highly-praised movement in Patek Philippe circles originating from the Lemania calibre 2310. The 5970 was the last Lemania-based perpetual calendar chronograph made by Patek Philippe. This example is in 18k white gold. The case appears to be unpolished and measures 39.5mm in diameter not including the crown. It is 46mm lug-to-lug. The watch is an early example that dates to 2005. The watch comes full set with box and the Certificate of Origin. It comes with the solid white gold case back (the serial has been redacted in the photo below). It is paired on an aftermarket leather strap, but comes with an original Patek Philippe brown leather strap. The watch features the original deployant buckle in 18k white gold. It also comes with the pin pusher. We do not know the service history, but it is running well. This is one of the iconic perpetual calendar chrongraphs from Patek Philippe and we are thrilled to offer it for sale.",Wind Vintage,2026-04-19,True,False
Vacheron Constantin Perpetual Calendar Reference 43031J in 18K YG Full Set Unpolished,Vacheron Constantin,39000,https://www.windvintage.com/vacheron-constantin-perpetual-calendar-reference-43031j-in-18k-yg-full-set,https://images.squarespace-cdn.com/content/v1/5b213f95506fbec9b54e014c/1791392313034-CC5GJX1MAIG3Z97YX0NU/Image+98.jpeg,"This Vacheron Constantin reference 43031J is a spectacular perpetual calendar wristwatch. The reference 43031 was introduced in the early 1980s and remained in production through the 1990s. The Vacheron Constantin reference 43031 is a special timepiece that was introduced prior to the Patek Philippe 3940. These watches were somewhat of a response to the Audemars Piguet reference 5548. It is powered by the caliber 1120 QP (a modified version of the ultra-thin JLC 920 base calibre). These watches wear favorably on the wrist at approximately 36mm in diameter. The case is made of 18k yellow gold. The case appears to be unpolished. It is paired on beautiful Alex Crown strap with an 18k gold VC buckle. We do not know the service history, but the watch is running well. It comes full set with box and papers. The watch was originally sold in 1989.",Wind Vintage,2026-04-19,True,False
Berneron Mirage 34 Tiger Eye Dial In 18K Full Set Unpolished,Other,249000,https://www.windvintage.com/berneron-mirage-34-tiger-eye-dial-in-18k-full-set-unpolished,https://images.squarespace-cdn.com/content/v1/5b213f95506fbec9b54e014c/1790704165689-Q4KR5DOESXL0AIFSHE17/Image+45.jpeg,"The Berneron Mirage debuted in 2023. This asymetrical model made an incredible impression with collectors and is synonymous with the brand. The Mirage 34 is the is the smaller iteration of the Mirage series. The Tiger Eye is a special configuration introduced in 2024. These watches are powered by the in-house calibre 215 which is beautifully displayed through the exhibition case back. The movement’s mainplate and bridges are made of 18k gold. It is a manual-wind movement with a 72 hour power reserve. These Tiger Eye dials absolutely beautiful and each feature a hand-carved subdial. It features curved gold hands to complement the asymmetrical case. The case measures 34mm in diameter and is made of 18k yellow gold. This example is unpolished and remains in outstanding condition. This example was sold in 2026. For those who admire the independent watchmaking spirit, Berneron is certainly the most exciting manufacturer that has emerged in the 2020s. These watches have had tremendous results recently selling for over $244,000 . The ""Viridian"" Chrysoprase models have also had great results recently selling at $521,400 on LoupeThis and $497,000 at Phillips. We recently sold one in this range as well. The watch is running well. It comes full set with a box or papers from the original owner.",Wind Vintage,2026-04-19,True,False
Rolex Panda Dial Daytona Ref 116500LN Full Set Unpolished,Rolex,31000,https://www.windvintage.com/rolex-panda-dial-daytona-ref-116500ln-full-set-unpolished,https://images.squarespace-cdn.com/content/v1/5b213f95506fbec9b54e014c/1790710234176-BX8ZNZ4UX1K6E7PNRSZL/Image+48.jpeg,"The Rolex Daytona Cosmograph reference 116500LN with white dial is affectionately known as the “Panda” and is one of the most sought-after watches in the world. It is an excellent contemporary timepiece easily suitable for any collector to wear as an everyday watch. The watch features a white dial and black Cerachrom bezel, white dial, and black registers. It beautifully pays homage to the red arched “Daytona” font from the past. The case is unpolished. It was sold in 2021. It comes “full set” with original box and papers. It recently passed a water resistance test of 5 bar. The watch comes from the original owner.",Wind Vintage,2026-04-19,False,False
Marvin Hime Rectangular Wristwatch in 18K YG Unpolished,Other,4900,https://www.windvintage.com/marvin-hime-co-rectangular-wristwatch-in-18k-yg,https://images.squarespace-cdn.com/content/v1/5b213f95506fbec9b54e014c/1790964324445-PK6O72SUGHKLE4UEGMNN/Image+72.jpeg,"This is a very cool an unusual rectangular wristwatch made for Marvin Hime & Co. Marvin Hime & Co. was a prominent retailer in Beverly Drive in Beverly Hills, California. The watch features the important Frédéric Piguet Calibre 21 movement. The case is made of 18k yellow gold and appears to be unpolished. The measures 27mm in diameter by 31mm lug to lug. The dial features the initials C.R. likely belonging to the original owner. We do not know the service history, but the watch is running well. It does not come with a box or papers.",Wind Vintage,2026-04-19,False,False
Patek Philippe Grand Complication Perpetual Calendar 5327G-001 in 18K WG Full Set Unpolished,Patek Philippe,68900,https://www.windvintage.com/patek-philippe-grand-complication-perpetual-calendar-5327g-001-in-18k-wg-full-set-unpolished,https://images.squarespace-cdn.com/content/v1/5b213f95506fbec9b54e014c/1790977404368-JGZ59CJZ7WKJOUHK4O5V/Image+79.jpeg,"The Patek Philippe reference 5327 was introduced in Baselworld of 2016. The watch features a gorgeous sunburst blue dial with Breguet numerals. The 18k white gold case measures 39mm in diameter and 9.7mm in height. The watch is in outstanding condition and remains unpolished. This model is a sophisticated grand complication watch which features a perpetual calendar, leap year indicator and 24-hour indicator hands and moon phase indicator. The watch is powered by the in-house micro-roter calibre 240 Q. It is paired on the original strap and 18k white gold deployant buckle. The watch is running well. It comes full set with box and papers. The watch was sold in 2025. This watch retails for $120,656! This is the deal of the century.",Wind Vintage,2026-04-19,True,False
Breitling Premier Chronograph Reference 777 in 18K Rose Gold Unpolished,Breitling,9900,https://www.windvintage.com/breitling-premier-chronograph-reference-777-in-18k-rose-gold-unpolished,https://images.squarespace-cdn.com/content/v1/5b213f95506fbec9b54e014c/1791488197773-397UFN97HKM0OOBX54NT/Image+109.jpeg,This Breitling Premier is easily one of the most attractive and beautiful chronographs Breitling ever produced. This particular Breitling Premier reference 777 is an outstanding example in 18k rose gold. These cases are fantastic as they feature water resistant screw down case backs with beautiful lugs. It features a gorgeous dial with luminous numerals and blued syringe hands. The serial number places it into the circa late 1945. The case measures approximately 37mm in diameter. The case appears to be unpolished. This is certainly one of the most attractive Premiers we have offered and the next owner should be thrilled to add this to their collection. The watch does not come with a box or papers. We do not know the service history but it is running well.,Wind Vintage,2026-04-19,True,False
Audemars Piguet Royal Oak Ref 4100BA in 18K Yellow Gold,Audemars Piguet,45000,https://www.windvintage.com/audemars-piguet-royal-oak-ref-4100ba-in-18k-yellow-gold,https://images.squarespace-cdn.com/content/v1/5b213f95506fbec9b54e014c/1790803334342-382DR04I6UNFFEMPPSZG/Image+61.jpeg,A in 18K Yellow Gold The Audemars Piguet Royal is among the most iconic wristwatch models ever produced. This reference 4100BA is made in an 18k yellow gold case and bracelet. The case measures approximately 35mm in diameter placing it in the category of “midsized” Royal Oaks. The case and bracelet are lightly polished but remain attractive. The dial is a very attractive grey color and is well preserved. The bracelet will fit a wrist approximately 7 inches. We do not know the full service history but the watch is running well. It does not come with a box or papers.,Wind Vintage,2026-04-19,True,False
Heuer Autavia Jo Siffert Mk 6 Ref 1163T Unpolished,Heuer,9900,https://www.windvintage.com/heuer-autavia-jo-siffert-mk-6-ref-1163t-unpolished,https://images.squarespace-cdn.com/content/v1/5b213f95506fbec9b54e014c/1791549231537-EQ9JFKOKVA04GBQS229K/Image%2B114.jpg,"The Heuer “Jo Siffert” Autavia reference 1163T is one of the best vintage Heuer chronographs. These are incredibly fun on the wrist due to their large dimension and beautiful dials.. This example has a Jo Siffert Mark 6 dial. It features an automatic movement, the Caliber 11 made by Heuer-Léonidas, and is 42mm in diameter. The case appears to be unpolished. The hands have been relumed. The watch is fresh to market and comes from the family of the original owner. It is paired on a contemporary Heuer buckle. The watch was just serviced and is running great. The watch does not include the box and papers.",Wind Vintage,2026-04-19,True,False
Orvis Solunagraph by Heuer Second Execution Reference 2446C Unpolished,Heuer,9900,https://www.windvintage.com/orvis-solunagraph-by-heuer-second-execution-reference-2446c-unpolished,https://images.squarespace-cdn.com/content/v1/5b213f95506fbec9b54e014c/1791492103032-TJG2BZBMVSV5I9MW91XS/Image+112.jpeg,"The Orvis Solunagraph reference 2446C made by Heuer is a fantastic sports watch. These EPSA cases are very large, and wear incredible for those who prefer modern proportions. They are the same cases as the Heuer Autavia reference 2446C. It features the 2nd Execution dial and MH bezel.It measures 40mm in diameter and 47mm lug-to-lug. The lugs are awesome and it is a very fun watch to wear. The case appears to be unpolished. It is powered by the Valjoux calibre 723. The watch does not come with a box or papers. We do not know the service history, but it is running strong.",Wind Vintage,2026-04-19,True,False
Audemars Piguet Royal Oak Reference 56175BA in 18K YG w/ Box &amp; Receipt Unpolished,Audemars Piguet,29000,https://www.windvintage.com/audemars-piguet-royal-oak-reference-56175ba-in-18k-yg-w/-box-receipt,https://images.squarespace-cdn.com/content/v1/5b213f95506fbec9b54e014c/1791486361832-GXKJGDQFXDHRBWQP7GKK/Image+106.jpeg,"A in 18K YG w/ Box & Receipt Unpolished The Audemars Piguet Royal Oak is an icon. It is the original luxury sports watch that created and defined the category. Introduced at BaselWorld in 1972 after being designed by Gérald Genta, it turned the Swiss industry upside down and changed the fortunes of the struggling Audemars Piguet. It’s no surprise, that Patek Philippe hired Gerald Genta a few years later to introduce their own version of a steel luxury sports watch: the Nautilus. The Audemars Piguet Royal Oak is easily one of the most important watches and is desired by the most passionate watch collectors. This Royal Oak reference 56175BA was originally introduced in early 1990s. This is an early example. The 18k gold case measures 33mm in diameter. It appears to be unpolished. The bracelet will fit a wrist approximately 7.1 inches. It is powered by a quartz movement and is running great. This watch does not come with papers. It comes with an original receipt from 1992. It was purchased for $21,000! It does come with a box and hang tag. The watch was just serviced and it is running great.",Wind Vintage,2026-04-19,True,False
Jaeger-LeCoultre Memovox E 855 Unpolished,Jaeger-LeCoultre,7900,https://www.windvintage.com/jaegerlecoultre-memovox-e-855-unpolished,https://images.squarespace-cdn.com/content/v1/5b213f95506fbec9b54e014c/1790890799963-VYR4KVJKXHORQ67AQPRQ/Image+68.jpeg,"The Jaeger-LeCoultre Memovox reference E 855 is one of my favorite watches of all time. This example dates to circa 1967. The case measures 37mm in diameter and wears excellent. The case appears to be unpolished. Overall this is an outstanding example. The watch is powered by the calibre 825, the first automatic alarm wristwatch to incorporate the calendar complication. The movement is a bumper-automatic, which means it does not rotate a full 360 degrees. Instead, the oscillating weight will bounce back and forth between two spring sides within the movement. Along with the Atmos clock and Reversos, Jaeger-LeCoultre’s advancements in alarm timepieces throughout the 20th century are certainly one of the most iconic genres from the Le Sentier manufacturer. Perhaps the quintessential Memovox is the reference E 855 from the 1960s. The reference’s “E” stands for Etanche, which indicates the case is a water-resistant model. It does not come with box and papers. The watch was recently serviced and is running well. To learn more about this model, read Charlie Dunne’s Collector's Guide: Jaeger-LeCoultre Memovox Reference E 855 .",Wind Vintage,2026-04-19,True,False
Audemars Piguet Star Wheel Reference 25720BA in 18k YG Unpolished Full Set,Audemars Piguet,39000,https://www.windvintage.com/audemars-piguet-star-wheel-reference-25720ba-in-18k-yg-full-set,https://images.squarespace-cdn.com/content/v1/5b213f95506fbec9b54e014c/1791398801237-VAW5EHJ55LM0IC776UYI/Image+100.jpeg,"A in 18k YG Unpolished Full Set The Audemars Piguet Star Wheel reference 25720 is an incredible and innovative wristwatch introduced in the 1990s. These watches introduced the wandering hours complication to the wristwatch. The case is made of 18k yellow gold. The case measures approximately 36mm in diameter by 9mm in height. The 19k yellow gold case appears to be unpolished. The watch is powered by the calibre 2124 (which is based on the Jaeger-LeCoultre calibre 889/888). It is paired on an Audemars Piguet leather strap and gold buckle. We do not know the service history, but the watch is running well. It comes with box and papers. The papers are not filled in which is common for these watches. We do not know the date of production.",Wind Vintage,2026-04-19,True,False
Breitling Top Time Reference 810 Unpolished,Breitling,5900,https://www.windvintage.com/breitling-top-time-reference-810,https://images.squarespace-cdn.com/content/v1/5b213f95506fbec9b54e014c/1791560937682-C50YQK5WUS0GM5ZI5F00/Image+1.jpeg,"This example has a beautiful silver dial with black subdials. The watch is powered by the manual wind Venus 178 movement. It is running well and keeping good time. The case appears to be unpolished. The watch does not come with box and papers. We do not know the service history, but it is running well",Wind Vintage,2026-04-19,False,False
LeCoultre Master Mariner Unpolished,Other,1900,https://www.windvintage.com/lecoultre-master-mariner-unpolished,https://images.squarespace-cdn.com/content/v1/5b213f95506fbec9b54e014c/1791398748083-NEFSJYQNZJMPCVM8X4GU/Image%2B99.jpg,This Jaeger-LeCoultre Master Mariner is a super cool watch. The steel case is unpolished. It measures 32mm in diameter by 39mm lug to lug. It has a very unique engraving on the caseback “To Art With All My Love Judy” dating to November 6th of 1960. The LeColtre was a Jaeger-LeCoultre American market model with a screw-back case. It has a very attractive dial and is one of the best affordable vintage watches one can get. It does not come with box and papers. We do not know the service history but it is running well.,Wind Vintage,2026-04-19,True,False
"Audemars Piguet Royal Oak Chronograph 25960BA 18KYG w/ Box, Digital Extract &amp; Booklet",Audemars Piguet,66000,https://windvintage.com/audemars-piguet-royal-oak-chronograph-25960ba-18kyg,https://images.squarespace-cdn.com/content/v1/5b213f95506fbec9b54e014c/1791310126707-QYMH0MSQLRN9N0FX08Z3/Screenshot%2B2026-10-06%2Bat%2B2.08.13%25E2%2580%25AFPM.png,"The Audemars Piguet Royal Oak is among the most iconic wristwatches. It was introduced in 1972 and remains one of the most cherished designs in watchmaking today. This particular example is one of our favorite models from the manufacturer, a reference 25960BA.00.1185BA or 25960BA. The watch is in great condition, with very minimal signs of wear. The case is unpolished. The watch is powered by an Audemars Piguet Calibre 2385 movement. It has a case made of 18k yellow gold. It will fit a wrist of approximately 7.3 inches. This watch comes with box, booklet and a digital extract. It dates to 2003. We are told it was serviced in 2019 by Audemars Piguet but we do not have service records. The watch is running well and keeping good time.",Wind Vintage,2026-04-19,True,False
Rolex Explorer Reference 1016 Box &amp; Booklet MK1 Frog Foot,Rolex,0,https://www.windvintage.com/rolex-explorer-reference-1016-box-booklet,https://images.squarespace-cdn.com/content/v1/5b213f95506fbec9b54e014c/1791580148473-JZPKBW4AEBP3OOEG2W77/Image+10.jpeg,"The Rolex Explorer reference 1016 is one of the purest expressions of watch design, and it is for this reason that I am probably asked for vintage Explorer reference 1016s more than any other watch. The case measures 36mm in diameter. The case has been polished. It has an 1.73M serial, dating to circa 1967. It features a Rolex 7206 Rivet bracelet dated to circa 1967 with the correct 58 end links. It features the highly admired Mk 1 Frog Foot dial. The watch includes box and booklet. We do not know the service history, but it is running well. The watch recently passed a water resistance test of 1 bar. It does not come with papers. To learn more about the history and evolution of the Rolex Explorer I, you can see the video and corresponding article I produced with HODINKEE :",Wind Vintage,2026-04-19,True,True
Rolex Daytona White Dial Ref 116500LN Full Set,Rolex,32900,https://www.windvintage.com/rolex-daytona-white-dial-ref-116500ln-full-set,https://images.squarespace-cdn.com/content/v1/5b213f95506fbec9b54e014c/1789595825498-PH4BIUF8MMWWSMPHHOTE/Image+7.jpeg,"The Rolex Daytona Cosmograph reference 116500LN with white dial is affectionately known as the “Panda” and is one of the most sought-after watches in the world. It is an excellent contemporary timepiece easily suitable for any collector to wear as an everyday watch. The watch features a white dial and black Cerachrom bezel, white dial, and black registers. It beautifully pays homage to the red arched “Daytona” font from the past. It was sold in 2017. It comes “full set” with original box and papers. It recently passed a water resistance test of 5 bar.",Wind Vintage,2026-04-19,True,False
Aquastar Deepstar Big Eye Mk 4 Chronograph Mint Condition,Aquastar,5900,https://www.windvintage.com/aquastar-deepstar-chronograph-mint-condition,https://images.squarespace-cdn.com/content/v1/5b213f95506fbec9b54e014c/5939edec-f9e8-4d5a-9dc6-b0a567c466ab/DSC01540.JPG,"This Aquastar Deepstar Big Eye Mk 4 chronograph is an outstanding example. The case is made in stainless steel and measures 38mm in diameter and approximately 48mm lug-to-lug. It is in mint condition. The watch features a grey dial with one white subdial at 3 o’clock displaying elapsed minutes. The watch features an engraved rotating bezel. The watch is paired with a black rubber strap and a stainless steel starfish buckle. The watch dates to circa 1965. For those looking for one of the greatest examples of a vintage Aquastar Deepstar, this is it. The watch has been highly endorsed by the legendary Aquastar collector @10thwatch . The watch does not come with a box or papers. We do not know the service history, but it is running well.",Wind Vintage,2026-04-19,False,False
Rolex Domino's Air-King 14000 Full Set W/ Hangtag Unpolished,Rolex,0,https://www.windvintage.com/rolex-dominos-air-king-14000-full-set-w/-hangtag-unpolished,https://images.squarespace-cdn.com/content/v1/5b213f95506fbec9b54e014c/1780691477628-8WMMYMT81PXQ9AL4XLD1/Image+62.jpeg,"The Rolex-Domino’s connection is perhaps the ultimate high-low collaboration. These watches were not made for purchase by the public, but as a way to reward Domino’s franchise owners who hit their sales targets. All these watches were originally ordered through Schlanderer and Sons in Ann Arbor, Michigan, where Domino’s has its headquarters. In the past, these watches on the secondhand market were generally the least expensive Rolex a person could purchase as few people wanted a pizza logo like this on their dial. Dealers would buy them, swap out the Domino’s dial, and polish off the case back initials. Over the last year, however, they have gained a massive following. The watch features an engraving on the back with the recipient’s initials. You can learn about these watches in our video Collector Conversation: Tom Monaghan - Founder of Domino's Pizza - on the Domino's Rolex . This version features the “tilted logo” that is the last version of Dominos’s Rolex watch with the logo on the dial. . The watch features a U^ serial dating to 1997. The case appears to be unpolished. The watch comes as a “full set” with a box, papers and hangtag. It was originally sold in 1998. We do not know the full service history, but it is running well. It recently passed a water resistance test of 5 bar. To learn more about Rolex-Domino’s story, watch the video ”Rolex Model NEVER in Stores” . This watch is available through J. Press.",Wind Vintage,2026-04-19,True,True
Rolex Ladies Oyster Perpetual Ref. 6618 Unpolished,Rolex,4900,https://www.windvintage.com/rolex-ladies-oyster-perpetual-ref-6618-unpolished,https://images.squarespace-cdn.com/content/v1/5b213f95506fbec9b54e014c/1773774077564-Z1IY8GDW6J6AF7B0GFQP/Image+3.jpeg,"This Oyster Perpetual is a great stainless steel ladies watch. It measures approximately 25mm in diameter. The serial number dates the watch to circa 1970. It is paired on a folded link bracelet and features a silver dial. The watch is in great shape and appears to be unpolished. The watch does not come with a box or papers. We do not know the service history, but it is running well. It recently passed a water resistance test of 3 bar. This watch is available through J. Press.",Wind Vintage,2026-04-19,False,False
19mm Brick Bracelet in 18k Rose Gold 5.1 Inches,Other,14000,https://www.windvintage.com/19mm-brick-bracelet-in-18k-rose-gold-51-inches,https://images.squarespace-cdn.com/content/v1/5b213f95506fbec9b54e014c/1784303784297-MO8X9V5I7QHNA36EGOJ4/Image+25.jpeg,"This is a remarkable vintage bracelet in 18k rose gold. It is an extremely well made brick-style bracelet that measures approximately 5.1 inches in length. The straight end links are approximately 19mm wide. The bracelet measures 39 grams. This would look outstanding on a rose gold dress watch from Cartier, Patek Philippe, Audemars Piguet, or any manufacturer from the mid-century. For those looking to upgrade their rose gold timepiece, this is a fantastic pairing.",Wind Vintage,2026-04-19,False,False
17mm Gay Frères Stretch Rivet Bracelet 5.7 inch 1950,Other,3900,https://www.windvintage.com/17mm-gay-frres-stretch-rivet-bracelet-57-inch,https://images.squarespace-cdn.com/content/v1/5b213f95506fbec9b54e014c/1703366925454-TUR2D9ZQBW3FIHEG0ZO8/DSC05988.jpeg,"This steel Gay Frères is an incredibly comfortable and classic bracelet from the fourth quarter of 1950. It features the classic rivet style bracelet with a stretch feature. The straight end links measure 17mm in width. It measures 5.7 inches in length. It would look fantastic on a period correct Rolex, Heuer, or and Patek Philippe steel models from the era.",Wind Vintage,2026-04-19,True,False
18mm Gay Frères Stretch Rivet Bracelet 5.5 inch 1960,Other,1900,https://www.windvintage.com/18mm-tapered-gay-frres-stretch-rivet-bracelet-55-inch-1960,https://images.squarespace-cdn.com/content/v1/5b213f95506fbec9b54e014c/1703379696948-9LA7VJLVLJ9Y6A1PL7NQ/DSC06102.jpeg,"This steel Gay Frères is an incredibly comfortable and classic bracelet from 1960. It is very firm and tight. It features the classic rivet style bracelet with a stretch feature. The straight end links measure 18mm in width. It measures 5.5 inches in length. It would look fantastic on a period correct Rolex, Heuer, or and Patek Philippe steel models from the era.",Wind Vintage,2026-04-19,False,False
18mm Gay Frères Stretch Rivet Bracelet 6.1 inch,Other,2800,https://www.windvintage.com/18mm-gay-frres-stretch-rivet-bracelet-61-inch,https://images.squarespace-cdn.com/content/v1/5b213f95506fbec9b54e014c/1703381493805-P37MRORO5ZUQG9MUHSVT/DSC06122.jpeg,"This steel Gay Frères is an incredibly comfortable and classic bracelet. It is very firm and tight. It features the classic rivet style bracelet with a stretch feature. The straight end links measure 18mm in width. It measures 6.1 inches in length. It would look fantastic on a period correct Rolex, Heuer, or and Patek Philippe steel models from the era.",Wind Vintage,2026-04-19,False,False
19.5mm Bamboo Gay Frères Bracelet,Other,1900,https://www.windvintage.com/195mm-bamboo-gay-frres-bracelet,https://images.squarespace-cdn.com/content/v1/5b213f95506fbec9b54e014c/1d571ecc-5436-4811-b875-f37c7827409f/DSC06322.JPG,"This steel Gay Frères bracelet is a very cool model made in the 1940s. The bracelet is very long and features 19.5mm end links. It would look great on any time-only, chronograph, or rectangular steel models from the era.",Wind Vintage,2026-04-19,False,False
18mm Gay Frères Beads of Rice Rivet Style Bracelet 6 Inches 1960s,Other,3900,https://www.windvintage.com/18mm-gay-frres-beads-of-rice-rivet-style-bracelet-6-inches-1960s,https://images.squarespace-cdn.com/content/v1/5b213f95506fbec9b54e014c/1709910878388-M4QN7VN7MOPJXOV1LM4V/DSC06416.jpeg,"This steel Gay Frères beads of rice rivet style bracelet is an incredibly comfortable and classic bracelet from the 1960s. The straight end links measure 18mm in width. It measures approximately 6 inches in length. It would look great on a period correct Patek Philippe, Heuer, Angelus, any time-only, chronograph, or rectangular steel models from the era.",Wind Vintage,2026-04-19,False,False
17.5mm Gay Freres Jubilee Beads of Rice Bracelet 6 Inches,Other,3900,https://www.windvintage.com/175mm-gay-freres-jubilee-beads-of-rice-bracelet-6-inches,https://images.squarespace-cdn.com/content/v1/5b213f95506fbec9b54e014c/1791311030916-7P07QU7NHYM9NZGRFHDM/Image+92.jpeg,"This steel Gay Frères beads of rice Jubilee style bracelet is an incredibly comfortable and classic bracelet from the 1950s. The straight end links measure 17.5mm in width. It measures approximately 6 inches in length. It would look great on a period correct Patek Philippe, Heuer, Angelus, any time-only, chronograph, or rectangular steel models from the era.",Wind Vintage,2026-04-19,False,False
17.5mm Gay Frères Stretch Rivet Bracelet 1940s 7.25 inch,Other,4900,https://www.windvintage.com/175mm-gay-frres-stretch-rivet-bracelet-1940s-725-inch,https://images.squarespace-cdn.com/content/v1/5b213f95506fbec9b54e014c/1709307512406-YCU32MYBCBN6FMCF6STY/DSC06964.jpg,"This steel Gay Frères is an incredibly comfortable and classic bracelet from th 1940s. It features the classic rivet style bracelet with a stretch feature. The straight end links measure 17.5mm in width. It measures 7.25 inches in length. It would look fantastic on a period correct Rolex, Heuer, or and Patek Philippe steel models from the era.",Wind Vintage,2026-04-19,False,False
17mm Gay Frères Thick Beads of Rice Bracelet Straight End Links 5.1 Inches,Other,2400,https://www.windvintage.com/17mm-gay-frres-thick-beads-of-rice-bracelet-straight-end-links-51-inches,https://images.squarespace-cdn.com/content/v1/5b213f95506fbec9b54e014c/1709236963596-21OUSWL6VI6OXQQP3T2N/DSC07120.jpg,"This steel Gay Frères beads of rice bracelet is an incredibly comfortable and classic bracelet. The straight end links measure 17mm in width. It measures approximately 5.1 inches in length. It would look great on a period correct Patek Philippe, Heuer, Angelus, any time-only, chronograph, or rectangular steel models from the era.",Wind Vintage,2026-04-19,False,False
Mulco Gay Frères Stretch Bracelet No End Links 5.9 Inches,Other,490,https://www.windvintage.com/mulco-gay-frres-bracelet-no-end-links-59-inches,https://images.squarespace-cdn.com/content/v1/5b213f95506fbec9b54e014c/1709237908095-MN8CNM1STV4B28D4PFWL/DSC07142.jpg,This steel stretchMulco Gay Frères bracelet is an incredibly cool and uncommon. It does not have end links. It measures approximately 5.9 inches in length. It dates to 1964.,Wind Vintage,2026-04-19,False,False
16mm Gay Frères Stretch Rivet Bracelet 5.7 inch,Other,4000,https://www.windvintage.com/16mm-gay-frres-stretch-rivet-bracelet-57-inch,https://images.squarespace-cdn.com/content/v1/5b213f95506fbec9b54e014c/1713543264264-5L35U82TQJ19EW697QPB/DSC01619.jpeg,"This steel Gay Frères is an incredibly comfortable and classic bracelet from cica 1940s-1950s. It features the classic rivet style bracelet with a stretch feature. The straight end links measure approximately 16mm in width. It measures approximately 5.7 inches in length. It would look fantastic on a period correct Rolex, Heuer, or and Patek Philippe steel models from the era.",Wind Vintage,2026-04-19,False,False
18mm Gay Freres Bracelet Stretch Rivet 1955 6 Inches,Other,5000,https://www.windvintage.com/18mm-gay-freres-bracelet-stretch-rivet-1955-6-inches,https://images.squarespace-cdn.com/content/v1/5b213f95506fbec9b54e014c/307ce4a2-60ca-49a4-aa7b-f9a04e4bf7cd/DSC04328.jpg,"This steel Gay Frères is an incredibly comfortable and classic bracelet dating back to 1955. It features the classic rivet style bracelet with a stretch feature. The straight end links measure 18mm in width. It measures 6 inches in length. It would look fantastic on a period correct Rolex, Heuer, or and Patek Philippe steel models from the era.",Wind Vintage,2026-04-19,False,False
18mm Gay Frères Stretch Rivet Bracelet 5.9 inches 1955,Other,4900,https://www.windvintage.com/18mm-gay-frres-stretch-rivet-bracelet-59-inches-1955-2024,https://images.squarespace-cdn.com/content/v1/5b213f95506fbec9b54e014c/1714068687967-2VQMSWPPD8VS4SCKZPST/DSC02131.jpeg,"This Gay Freres bracelet is an incredibly comfortable and classic bracelet from circa 1955. It features the classic rivet style bracelet with a stretch feature. The bracelet measures approximately 5.9 inches in length. The end links measure approximately 18mm in width. It would look fantastic on a period correct Rolex, Heuer, or and Patek Philippe steel models from the era.",Wind Vintage,2026-04-19,False,False
Heuer Autavia Beads of Rice Style Bracelet No End Links 6.2 inches,Heuer,1200,https://www.windvintage.com/heuer-autavia-beads-of-rice-style-bracelet-no-end-links-62-inches,https://images.squarespace-cdn.com/content/v1/5b213f95506fbec9b54e014c/1710858635383-HNPPOLUD9QSD56V5S4WD/DSC09291.jpeg,This Heuer beads of rice style bracelet is an incredibly comfortable and classic bracelet. The bracelet is approximately 6.2 inches in length.,Wind Vintage,2026-04-19,False,False
Heuer Bracelet 20mm End Links 6.25 inches,Heuer,1900,https://www.windvintage.com/heuer-nsa-bracelet-18mm-end-links-61-inches,https://images.squarespace-cdn.com/content/v1/5b213f95506fbec9b54e014c/1710857698336-NF9B0BD48MTEJU1I8XQA/DSC09284.jpeg,A Bracelet 18mm End Links 6.1 inches This Heuer NSA bracelet is an incredibly comfortable and classic bracelet with a sleek design. The bracelet end links measure at 18mm in width and approximately 6.1 inches in length. It dates to the 1970s.,Wind Vintage,2026-04-19,False,False
16mm Universal Geneve Mesh Bracelet 6.4 inch,Universal Geneve,900,https://www.windvintage.com/16mm-universal-geneve-mesh-bracelet-64-inch,https://images.squarespace-cdn.com/content/v1/5b213f95506fbec9b54e014c/60e7dc52-abfe-4337-a89d-2591b8d3e886/DSC09520.JPG,This Universal Geneve mesh bracelet is very sophisticated creation. It features 16mm end links. It measures approximately 6.4 inches in length.,Wind Vintage,2026-04-19,False,False
16mm Universal Geneve Mesh Bracelet 6.8 inch,Universal Geneve,900,https://www.windvintage.com/16mm-universal-geneve-mesh-bracelet-68-inch,https://images.squarespace-cdn.com/content/v1/5b213f95506fbec9b54e014c/60e7dc52-abfe-4337-a89d-2591b8d3e886/DSC09520.JPG,This Universal Geneve mesh bracelet is very sophisticated creation. It features 16mm end links. It measures approximately 6.8 inches in length.,Wind Vintage,2026-04-19,False,False
16mm Universal Geneve Mesh Bracelet 7 inch,Universal Geneve,900,https://www.windvintage.com/16mm-universal-geneve-mesh-bracelet-7-inch,https://images.squarespace-cdn.com/content/v1/5b213f95506fbec9b54e014c/49c01de3-9dc9-4661-b40a-9809fc3b2080/DSC09509.JPG,This Universal Geneve mesh bracelet is very sophisticated creation. It features 16mm end links. It measures approximately 7 inches in length.,Wind Vintage,2026-04-19,False,False
16mm Gay Frères Rolled Bracelet in Steel 5.6 Inches,Other,4800,https://www.windvintage.com/16mm-gay-frres-rolled-bracelet-in-steel-56-inches,https://images.squarespace-cdn.com/content/v1/5b213f95506fbec9b54e014c/3ac18a91-2a8f-4321-9385-d28fc6f1af0c/DSC02293.JPG,"This Gay Frères bracelet is very nice. It is a rolled style bracelet with very minimal stretch. It would go great with any Rolex, Patek Philippe, or any vintage watch from the middle of the 20th century! The bracelet is approximately 5.6 inches in length. The straight end links are 16mm.",Wind Vintage,2026-04-19,False,False
19MM OMEGA 1039 Bracelet 6.3 Inches with 6 End Links,Omega,2900,https://www.windvintage.com/19mm-omega-1039-bracelet-63-inches-with-6-end-links,https://images.squarespace-cdn.com/content/v1/5b213f95506fbec9b54e014c/1791297113557-34W2Q6Z5PE46ZGUZRY03/965D4293-C29B-4F3A-91F7-1E4F220193CCDSC02947.jpeg,A Speedmaster / Seamaster 1039 Bracelet 6.3 Inches with 6 End Links This OMEGA bracelet is an incredibly comfortable and classic bracelet with 19mm 6 end links and it measures approximately 6.3 inches in length. The bracelet features 6 end links which are correct. The bracelet dates to 1968. It would look great on a period correct And it is for Speedmasters and Seamasters with straight lugs from the late 1950s through late 1960s. This bracelet appears to be unpolished.,Wind Vintage,2026-04-19,False,False
20mm OMEGA Speedmaster 1171 bracelet 633 end links 5.7 Inch,Omega,900,https://www.windvintage.com/20mm-omega-speedmaster-1171-bracelet-633-end-links-57-inch,https://images.squarespace-cdn.com/content/v1/5b213f95506fbec9b54e014c/1710863173793-RWJ6FVM06H9AZ1M2LRZV/DSC09353.jpeg,A Speedmaster 1171 bracelet 633 end links 5.7 Inch This OMEGA 117/1 bracelet is an incredibly tough and comfortable bracelet design. The bracelet end links measure at 20mm in width and approximately 5.7 inches in length. It would look great on a period correct Constellation or Deville of the period.,Wind Vintage,2026-04-19,False,False
OMEGA 1171 bracelet 5.8 inch No End Links,Omega,500,https://www.windvintage.com/omega-1171-bracelet-58-inch-no-end-links,https://images.squarespace-cdn.com/content/v1/5b213f95506fbec9b54e014c/1710869643056-J5O415ZZDWO8BLNNX8BP/DSC09393.jpeg,This OMEGA 1171 bracelet is an incredibly tough and comfortable bracelet with a sleek design. The bracelet end links measure at 18mm in width and approximately 5.8 inches in length. It would look absolutely incredible on an OMEGA.,Wind Vintage,2026-04-19,False,False
OMEGA No end links No. 32 1171/1 bracelet 6.4 inch,Omega,1000,https://www.windvintage.com/omega-no-end-links-no-32-1171/1-bracelet-64-inch,https://images.squarespace-cdn.com/content/v1/5b213f95506fbec9b54e014c/1714069354761-YHB9WF743V1UK5J6MX52/DSC02122.jpeg,This Omega bracelet is an incredibly tough and comfortable bracelet design. The bracelet measures approximately 6.4 inches in length with no end links. It would look fantastic on a period correct OMEGA from the era.,Wind Vintage,2026-04-19,False,False
OMEGA no end links two tone 5.9 inch,Omega,500,https://www.windvintage.com/18mm-omega-no-end-links-two-tone-59-inch,https://images.squarespace-cdn.com/content/v1/5b213f95506fbec9b54e014c/1706024184961-A7FDNFNXYT5MDT8F9YV7/DSC08384.jpg,A No End Links Two-Tone 5.9 Inch This two-tone gold plated OMEGA beads of rice bracelet is an incredibly comfortable and classic bracelet . It does not have end links. It would look great on a period correct Constellation or Deville of the period.,Wind Vintage,2026-04-19,False,False
13mm Rolex 7830 Folded Oyster Bracelet 366 End Links 6 inches,Rolex,900,https://www.windvintage.com/13mm-rolex-7830-folded-oyster-bracelet-366-end-links-6-inches,https://images.squarespace-cdn.com/content/v1/5b213f95506fbec9b54e014c/1710948330952-GK7PZD8LATBGOO1DB9KQ/DSC09500.jpeg,This Rolex 7830 bracelet is very nice example of the Rolex Folded Oyster Braclet. It features 13mm end links. It measures approximately 6 inches.,Wind Vintage,2026-04-19,False,False
18mm Rolex C&amp;I Straight End Rivet Stretch 6.2 inch 1973,Rolex,2900,https://www.windvintage.com/18mm-rolex-ci-straight-end-rivet-stretch-62-inch-1973,https://images.squarespace-cdn.com/content/v1/5b213f95506fbec9b54e014c/1710950946931-63Z0R8CDBDL48Q9DUESE/DSC09492.jpeg,This Rolex bracelet is an extremely nice example made by C&I. It features 18mm straight end links. It measures approximately 6.2 inches in length. It dates to circa 1973. It is very tight and has no stretch.,Wind Vintage,2026-04-19,False,False
Rolex 78350 Solid Link Swiss 6.5 inch no end links 1993,Rolex,0,https://www.windvintage.com/rolex-78350-solid-link-swiss-65-inch-no-end-links-1993,https://images.squarespace-cdn.com/content/v1/5b213f95506fbec9b54e014c/1711648095996-PNUKK002ZWQ0LNDDBKI5/DSC08494.jpeg,This Rolex 78350 bracelet is very nice example made by Gay Frères. The bracelet measures at approximately 6.5 inches in length with no end links. It dates to 1993,Wind Vintage,2026-04-19,True,True
Rolex 78350 Solid Link Swiss 6.2 inch no end links 1989,Rolex,0,https://www.windvintage.com/rolex-78350-solid-link-swiss-62-inch-no-end-links-1989,https://images.squarespace-cdn.com/content/v1/5b213f95506fbec9b54e014c/1711647757474-AE9MRRQABLHIHN20OKAO/DSC08502.jpeg,This Rolex 78350 bracelet is very nice example made by Gay Frères. The bracelet measures at approximately 6.2 inches in length with no end links. It dates to 1989.,Wind Vintage,2026-04-19,True,True
Rolex 78350 Solid Link Swiss 6.2 Inches w/ 1 end link 557 B 1979,Rolex,1900,https://www.windvintage.com/rolex-78350-solid-link-swiss-62-inches-w/-1-end-link-557-b-1979,https://images.squarespace-cdn.com/content/v1/5b213f95506fbec9b54e014c/1711649024166-K7B39NJQMQ7OEWDYY7MM/DSC08511.jpeg,This bracelet is very nice example made by Rolex. It is a solid link Swiss and measures approximately 6.2 inches in length. It dates to 1979. It comes with one 557B end link. If you need another we can assist.,Wind Vintage,2026-04-19,False,False
Rolex 78350 Solid Link Swiss 6.2 Inches w/ 1 end link 557 B 1979,Rolex,1500,https://www.windvintage.com/rolex-78350-solid-link-swiss-66-inch-w/-1-end-link-557-circa-2011-,https://images.squarespace-cdn.com/content/v1/5b213f95506fbec9b54e014c/1711651449891-6O6QUHHJ20XBOM8Q047J/DSC08519.jpeg,This bracelet is very nice example made by Rolex. It is a solid link Swiss and measures approximately 6.2 inches in length. It dates to post 2011. It comes with one 557 end link. If you need another we can assist.,Wind Vintage,2026-04-19,True,False
16mm Gay Freres Stretch Bracelet in Steel 6.2 Inches,Other,0,https://www.windvintage.com/16mm-gay-freres-stretch-bracelet-in-steel-62-inches,https://images.squarespace-cdn.com/content/v1/5b213f95506fbec9b54e014c/d3738dba-d259-4a65-a0ba-2982b7d3285e/DSC01526.JPG,This steel bracelet is spectacular and very rare. It was produced by Gay Frères. The bracelet is very firm and tight. It features 16mm ends. It measures approximately 6.2 inches in length on the last hole. It would look absolutely incredible on a steel vintage watch.,Wind Vintage,2026-04-19,True,True
21mm Gay Freres Rare Stretch Bracelet in Steel 5.75 Inches,Other,1900,https://www.windvintage.com/21mm-gay-freres-rare-stretch-bracelet-in-steel-575-inches,https://images.squarespace-cdn.com/content/v1/5b213f95506fbec9b54e014c/1693937763416-WGFBBRF9ZMEC5QU2IIP4/DSC01599.jpg,This steel stretch bracelet is a very rare and spectacular example. It was produced by Gay Freres. The bracelet is very firm and tight. It features 21mm ends. It measures approximately 5.75 inches in length. It would look absolutely incredible on a steel vintage watch.,Wind Vintage,2026-04-19,False,False
17mm Gay Freres Steel Gladiator Bracelet 7 Inches,Other,1900,https://www.windvintage.com/17mm-gay-freres-steel-gladiator-bracelet-7-inches,https://images.squarespace-cdn.com/content/v1/5b213f95506fbec9b54e014c/9f3620b0-47d8-4381-8d06-4023c6f0c898/DSC01505.JPG,This steel bracelet is spectacular and very rare Gladiator style. It was produced by Gay Frères. It features 17mm ends. It measures approximately 7 inches in length at longest (6.5 at shortest). It would look absolutely incredible on any steel timepiece.,Wind Vintage,2026-04-19,False,False
18mm Gay Freres Stretch Bracelet in Steel 6.1 Inches,Other,2900,https://www.windvintage.com/18mm-gay-freres-stretch-bracelet-in-steel-61-inches,https://images.squarespace-cdn.com/content/v1/5b213f95506fbec9b54e014c/1693942440970-R9YQ3PPA6HLFDLHUXWGA/DSC01625.jpg,This steel bracelet is spectacular and very rare. It was produced by Gay Frères. The bracelet is very firm and tight. It features 18mm ends. It measures approximately 6.1 inches in length on the last hole. It would look absolutely incredible on a steel vintage watch.,Wind Vintage,2026-04-19,False,False
17mm Tapered Gay Freres Stretch Bracelet in Steel 6 Inches 1958,Other,1900,https://www.windvintage.com/17mm-tapered-gay-freres-stretch-bracelet-in-steel-6-inches,https://images.squarespace-cdn.com/content/v1/5b213f95506fbec9b54e014c/1693944528515-48PX3I9JGAEHJ2L7O5VK/DSC01635.jpg,This steel bracelet is spectacular and very rare. It was produced by Gay Frères. The bracelet is very firm and tight. It features 17mm ends and tapers to approximately 13mm. It measures approximately 6 inches in length on the last hole. It dates to 1958. It would look absolutely incredible on a steel vintage watch.,Wind Vintage,2026-04-19,False,False
18mm OMEGA Speedmaster JB Champion Bracelet 5.5 Inch,Omega,500,https://www.windvintage.com/18mm-omega-speedmaster-jb-champion-bracelet-55-inch,https://images.squarespace-cdn.com/content/v1/5b213f95506fbec9b54e014c/1715111450275-4UVG39V3B9Q1UVZAXRFN/DSC04304.jpeg,A Speedmaster JB Champion Bracelet 5.5 Inch This Omega bracelet is an incredibly comfortable and classic bracelet. It measures 5.5 inches in length. The 47 end links measure approximately 18mm in width.,Wind Vintage,2026-04-19,False,False
20mm Rolex Jubilee Oval Link Bracelet Made in USA 6 inches,Rolex,900,https://www.windvintage.com/20mm-rolex-jubilee-oval-link-bracelet-made-in-usa-6-inches,https://images.squarespace-cdn.com/content/v1/5b213f95506fbec9b54e014c/7810a530-9ca3-49f0-a6d1-44e2eed93aa2/DSC02247.JPG,"This Rolex Jubilee bracelet is very nice example made by JB Champion in the US. It does not come with the 20mm end links. It measures approximately 6 inches in length. It dates to the 1960s. It would look absolutely incredible on a vintage Rolex GMT-Master Reference 1675, or Datejust.",Wind Vintage,2026-04-19,False,False
20mm Rolex Jubilee Oval Link Bracelet Made in USA 5.3 Inches,Rolex,900,https://www.windvintage.com/20mm-rolex-jubilee-oval-link-bracelet-made-in-usa-53-inches,https://images.squarespace-cdn.com/content/v1/5b213f95506fbec9b54e014c/7aa9fafe-a569-43d6-981e-ed76e9b5b0e9/DSC02221.JPG,"This Rolex Jubilee bracelet is very nice example made by JB Champion in the US. It does not come with the 20mm end links. It measures approximately 5.3 inches in length. It dates to the 1960s It would look absolutely incredible on a vintage Rolex GMT-Master Reference 1675, or Datejust.",Wind Vintage,2026-04-19,False,False
18mm Korean War Rolex Stretch Rivet Bracelet 6.1 inch,Rolex,5900,https://www.windvintage.com/18mm-korean-war-rolex-stretch-rivet-bracelet-61-inch,https://images.squarespace-cdn.com/content/v1/5b213f95506fbec9b54e014c/1710781900260-DXZTO478UOK3G2X3MCLW/DSC09226.jpeg,This is a very cool Rolex SA bracelet made in Switzerland which was altered by a Korean War Veteran. It is very firm and tight. It features the classic rivet style bracelet with a stretch feature. The straight end links measure 18mm in width. It would look fantastic on a vintage Rolex of the era.,Wind Vintage,2026-04-19,False,False
20mm Rolex Swiss Jubilee Bracelet 5.25 inches,Rolex,900,https://www.windvintage.com/20mm-rolex-swiss-jubilee-bracelet-525-inches,https://images.squarespace-cdn.com/content/v1/5b213f95506fbec9b54e014c/06f7cda1-d430-4b6c-88c4-1c49ee5ab65e/DSC02262.JPG,This Rolex Jubilee bracelet is very cool and made by Gay Freres in Switzerland. It does not come with the 20mm end links. It measures approximately 5.25 inches in length. It dates to the 1966. It would look absolutely incredible on a vintage Rolex Datejust.,Wind Vintage,2026-04-19,False,False
19mm Rolex Bracelet 7835 End links 357 6.25 inches,Rolex,1500,https://www.windvintage.com/rolex-bracelet-7835-end-links-357-625-inches,https://images.squarespace-cdn.com/content/v1/5b213f95506fbec9b54e014c/1742834992702-GU8RRGBFURNXTFRYG8M4/DSC02425.jpg,This Rolex 7835 Folded Oyster Bracelet is very nice example made by Gay Frères. It dates to 1972. It features 357 End Links. It would look absolutely incredible on a vintage Rolex Oyster Perpetual or Date. They can also be fitted to a Daytona as an alternative option,Wind Vintage,2026-04-19,False,False
Rolex Jubilee Oval Link Bracelet Made in USA No End Links 5.5 Inches,Rolex,1200,https://www.windvintage.com/rolex-jubilee-oval-link-bracelet-made-in-usa-no-end-links-55-inches,https://images.squarespace-cdn.com/content/v1/5b213f95506fbec9b54e014c/b9b7caa8-1ec6-4331-a0a8-798e94b77852/DSC02568.JPG,"This Rolex Jubilee bracelet is very nice example made by JB Champion in the US. It does not come with the 20mm end links. It measures approximately 5.5 inches in length. It dates to the 1960s It would look absolutely incredible on a vintage Rolex GMT-Master Reference 1675, or Datejust.",Wind Vintage,2026-04-19,False,False
16mm Gay Freres Stretch Rivet 5.25 inches 1958,Other,1900,https://www.windvintage.com/16mm-gay-freres-stretch-rivet-525-inches-1958,https://images.squarespace-cdn.com/content/v1/5b213f95506fbec9b54e014c/8b52773b-8165-4211-b762-53f77db3f844/DSC02625.JPG,This Rolex stretch Rivet bracelet is very nice example made by Gay Freres. It features 16mm straight end links. It measures approximately 5.25 inches in length. It dates to 1958,Wind Vintage,2026-04-19,False,False
19mm Rolex 6635 Stretch Rivet 6.25 Inches 1956,Rolex,2900,https://www.windvintage.com/19mm-rolex-rivet-6635-stretch-rivet-625-inches-1956,https://images.squarespace-cdn.com/content/v1/5b213f95506fbec9b54e014c/044d9fef-3b0e-45c0-9585-ae99ca6679cd/DSC02550.JPG,"This Rolex incredibly comfortable and classic Rolex stretch Rivet 6635 bracelet. It predates having a reference number, which was added by Rolex for bracelets around 1960.” It features the classic rivet style bracelet. The end links measure 19mm in width. One is a 60 end link and the other is unsigned. It measures approximately 6.25 inches in length. It dates to 1956. It would look fantastic on a period correct Rolex models from the era.",Wind Vintage,2026-04-19,False,False
17mm Gay Frères Stretch Rivet Bracelet 6.2 inch 1966,Other,1900,https://www.windvintage.com/17mm-gay-frres-stretch-rivet-bracelet-62-inch-1966,https://images.squarespace-cdn.com/content/v1/5b213f95506fbec9b54e014c/82688681-5512-4188-a4f9-d4bf473c30f4/DSC09586.JPG,"This steel Gay Frères is an incredibly comfortable and classic bracelet from 1966. It is very firm and tight. It features the classic rivet style bracelet with a stretch feature. The straight end links measure 17mm in width. It measures 6.2 inches in length. It would look fantastic on a period correct Rolex, Heuer, or and Patek Philippe steel models from the era.",Wind Vintage,2026-04-19,False,False
18mm Gay Freres Stretch Rivet Bracelet 6 inches,Other,2500,https://www.windvintage.com/18mm-gay-freres-stretch-rivet-bracelet-6-inches,https://images.squarespace-cdn.com/content/v1/5b213f95506fbec9b54e014c/e81292c1-2b75-4b48-a570-5ef6cce0e09f/DSC01476.JPG,This Rolex stretch Rivet bracelet is very nice example made by Gay Freres. It features 18mm straight end links. It measures approximately 6 inches in length. It dates to the late 1950s,Wind Vintage,2026-04-19,False,False
20mm IWC Gay Frères Stretch Rivet Bracelet 6.25 inches,IWC,2500,https://www.windvintage.com/20mm-iwc-gay-frres-stretch-rivet-bracelet-625-inches,https://images.squarespace-cdn.com/content/v1/5b213f95506fbec9b54e014c/1742923564097-8E2XFURU27NPX759OO41/Image+1.jpeg,This steel Gay Frères is an incredibly comfortable and classic bracelet from 1967. It is very firm and tight. It features the classic rivet style bracelet with a stretch feature. The straight end links measure 21mm in width. It measures 6.25 inches in length. It would look fantastic on steel IWC models from the era.,Wind Vintage,2026-04-19,False,False
15.5mm Gay Freres Stretch Rivet Bracelet 5.5 inches,Other,1500,https://www.windvintage.com/155mm-gay-freres-stretch-rivet-bracelet-55-inches,https://images.squarespace-cdn.com/content/v1/5b213f95506fbec9b54e014c/47356cdf-0814-4baf-87e5-aba3a5ad7332/DSC09935.JPG,This Rolex stretch Rivet bracelet is very nice example made by Gay Freres. It features 15.5mm straight end links. It measures approximately 5.5 inches in length. It dates to the late 1950s.,Wind Vintage,2026-04-19,False,False
20mm Rolex Jubilee Bracelet w/ 55 End Links 6 inches 1964,Rolex,0,https://windvintage.com/19mm-rolex-jubilee-bracelet-w/-55-end-links-6-inches-1966,https://images.squarespace-cdn.com/content/v1/5b213f95506fbec9b54e014c/95644a8c-c931-474b-b735-5125f9788214/DSC08840.JPG,This Rolex Jubulee bracelet is a very nice example. The bracelet would look great on a period correct Datejust. It comes with 55 end links and is approximately 6 inches in length. It dates to 1964.,Wind Vintage,2026-04-19,True,True
20mm Rolex Jubilee w/ 55 End Links 7 inches 1964,Rolex,1500,https://www.windvintage.com/19mm-rolex-jubilee-w/-55-end-links-7-inches-1964,https://images.squarespace-cdn.com/content/v1/5b213f95506fbec9b54e014c/0313d616-208c-4221-aac9-f6f4340451b8/DSC08787.JPG,This Rolex Jubulee bracelet is a very nice example. The bracelet would look great on a period correct Datejust. It comes with 55 end links and is approximately 6 inches in length. It dates to 1964.,Wind Vintage,2026-04-19,False,False
16mm Gay Frères Stretch Rivet Bracelet 6 inch 1950s,Other,1900,https://www.windvintage.com/16mm-gay-frres-stretch-rivet-bracelet-6-inch-1950s,https://images.squarespace-cdn.com/content/v1/5b213f95506fbec9b54e014c/bcd9b665-559c-4ed5-8a8d-7772137c4607/DSC03223.JPG,"This steel Gay Frères is an incredibly comfortable and classic bracelet from the 1950s. It features the classic rivet style bracelet with a stretch feature. The straight end links measure 16mm in width. It measures 6 inches in length. It would look fantastic on a period correct Rolex, Heuer, or and Patek Philippe steel models from the era.",Wind Vintage,2026-04-19,False,False
18mm Gay Frères Beads of Rice Bracelet Straight End Links 5.4 Inches,Other,1500,https://www.windvintage.com/18mm-gay-frres-beads-of-rice-bracelet-straight-end-links-54-inches,https://images.squarespace-cdn.com/content/v1/5b213f95506fbec9b54e014c/1709235805153-EM0TEPP23TOO7KRNLDKM/DSC07100.jpeg,"This steel Gay Frères beads of rice bracelet is a comfortable and classic bracelet. There is a sllght crack in the bar connector to the clasp shown in the photo below. The straight end links measure 18mm in width. It measures approximately 5.4 inches in length. It would look great on a period correct Patek Philippe, Heuer, Angelus, any time-only, chronograph, or rectangular steel models from the era.",Wind Vintage,2026-04-19,False,False
20mm Gay Frères Jubilee Link Bracelet 6.5 inch,Other,4900,https://windvintage.com/20mm-gay-frres-jubilee-link-bracelet-65-inch,https://images.squarespace-cdn.com/content/v1/5b213f95506fbec9b54e014c/1780596305923-W9RV78DU0ENS47XPTM5P/Image+62.jpeg,"This stainless steel Gay Frères bracelet features straight end links that measure 20 millimeters. It features rounded Jubilee sty;e links. The clasp is not dated. It dates to the 1950s. It measures 6.5 inches in length. It would look fantastic on a period correct Rolex, Heuer, or and Patek Philippe steel models from the era.",Wind Vintage,2026-04-19,False,False
18mm Gay Frères Beads of Rice Bracelet 6.75 inch 1958,Other,6900,https://www.windvintage.com/18mm-gay-frres-beads-of-rice-bracelet-675-inch-1958,https://images.squarespace-cdn.com/content/v1/5b213f95506fbec9b54e014c/1780596405574-UDFQG599NBALDNC1A1LO/Image+64.jpeg,"This stainless steel Gay Frères bracelet features straight end links that measure 18mm millimeters. It features beads of rice style links. The clasp is not dated. It measures 6.75 inches in length. It would look fantastic on a period correct Rolex, Heuer, or and Patek Philippe steel models from the era.",Wind Vintage,2026-04-19,False,False
16mm Gay Frères Stretch Rivet Bracelet 6.25 inch,Other,2900,https://www.windvintage.com/16mm-gay-frres-stretch-rivet-bracelet-625-inchq0q0q0,https://images.squarespace-cdn.com/content/v1/5b213f95506fbec9b54e014c/1780596442776-VNMPNOB5IA4Z9F5OTY85/Image+65.jpeg,,Wind Vintage,2026-04-19,False,False
19mm Gay Frères Beads of Rice Bracelet 6.25 inch,Other,6900,https://www.windvintage.com/19mm-gay-frres-beads-of-rice-bracelet-625-inch,https://images.squarespace-cdn.com/content/v1/5b213f95506fbec9b54e014c/1780596475230-MU04COZ7U28R6GMLKLF6/Image+66.jpeg,"This stainless steel Gay Frères bracelet features straight end links that measure 19mm millimeters. It features beads of rice style links. The clasp is not dated. It measures 6.25 inches in length. It would look fantastic on a period correct Rolex, Heuer, or and Patek Philippe steel models from the era.",Wind Vintage,2026-04-19,False,False
17.5mm Gay Frères Jubilee Link Bracelet 5.5 inch,Other,3900,https://www.windvintage.com/175mm-gay-frres-jubilee-link-bracelet-55-inch,https://images.squarespace-cdn.com/content/v1/5b213f95506fbec9b54e014c/1780596509359-NG4UTR9LQI671PQJAKPD/Image+67.jpeg,"This stainless steel Gay Frères bracelet features straight end links that measure 19.5 millimeters. It features rounded Jubilee style links. The clasp is not dated. It measures 5.5 inches in length. The clasp features a hand engraved inscription. It would look fantastic on a period correct Rolex, Heuer, or and Patek Philippe steel models from the era.",Wind Vintage,2026-04-19,False,False
16.5mm Gay Frères Ladder Bracelet 6.4 inches,Other,1500,https://www.windvintage.com/165mm-gay-frres-ladder-bracelet-64-inches,https://images.squarespace-cdn.com/content/v1/5b213f95506fbec9b54e014c/1780596541566-N67FTY90I9OTVMYYDD3D/Image+68.jpeg,"This stainless steel Gay Frères bracelet features straight end links that measure 16.5mm millimeters. It has beads of rice style links. The clasp is not dated, and the watch is likely from the 1940s. It measures 6.4 inches in length. It would look fantastic on a period correct Rolex, Heuer, or and Patek Philippe steel models from the era.",Wind Vintage,2026-04-19,False,False
18mm Gay Frères Beads of Rice Bracelet 6 inches 1954,Other,6900,https://www.windvintage.com/18mm-gay-frres-beads-of-rice-bracelet-6-inches-1954,https://images.squarespace-cdn.com/content/v1/5b213f95506fbec9b54e014c/1780596842400-MIY9XXTYOW4U4MK8IHZY/Image+69.jpeg,"This stainless steel Gay Frères bracelet features straight end links that measure 18mm millimeters. It has beads of rice style links. The clasp is dated to the first quarter of 1954. It measures 6 inches in length. It would look fantastic on a period correct Rolex, Heuer, or and Patek Philippe steel models from the era.",Wind Vintage,2026-04-19,False,False
18mm Gay Frères Stretch Rivet Bracelet 5.5 inch 1952,Other,3900,https://windvintage.com/18mm-gay-frres-stretch-rivet-bracelet-55-inch-1952,https://images.squarespace-cdn.com/content/v1/5b213f95506fbec9b54e014c/1780603449065-IDPEOIOA5H2WLEF3SZGU/Image+70.jpeg,"This stainless steel Gay Frères bracelet features straight end links that measure 18mm millimeters. It features stretch rivet links. The clasp is dated to the second quarter of 1952. It measures 5.5 inches in length. It would look fantastic on a period correct Rolex, Heuer, or and Patek Philippe steel models from the era.",Wind Vintage,2026-04-19,False,False
17mm Gay Frères Stretch Rivet Bracelet 5.8 inch 1955,Other,3900,https://www.windvintage.com/17mm-gay-frres-stretch-rivet-bracelet-58-inch-1955,https://images.squarespace-cdn.com/content/v1/5b213f95506fbec9b54e014c/1780603619063-D3W96WW5INDO37BSHTDE/Image+71.jpeg,"This stainless steel Gay Frères bracelet features straight end links that measure 18mm millimeters. It features stretch rivet links. The clasp is dated to the second quarter of 1955. It measures 5.8 inches in length. It would look fantastic on a period correct Rolex, Heuer, or and Patek Philippe steel models from the era.",Wind Vintage,2026-04-19,False,False
19mm Rolex Rivet Bracelet 5.25 inch w/ 60 end links 1966,Rolex,1900,https://www.windvintage.com/19mm-rolex-rivet-bracelet-525-inch-1966,https://images.squarespace-cdn.com/content/v1/5b213f95506fbec9b54e014c/1781110271888-55ZR9Y4HLPGTFMBF49MX/Image+2.jpeg,"This stainless steel Rolex bracelet features numbered 60 fitted end-links that measure 19 millimeters. It is a rivet bracelet made by Gay Frères. The clasp is dated to the 1st quarter of 1966. It measures 5.25 inches in length. It would look fantastic on a period correct vintage Rolex Pre-Daytona, Daytona, Air-King or Oyster Perpetuals from the era.",Wind Vintage,2026-04-19,False,False
19mm Rolex Reference 7205 Rivet Bracelet 6.5 inch w/ 60 End Links 1957,Rolex,5900,https://www.windvintage.com/19mm-rolex-reference-7205-rivet-bracelet-65-inch-w/-60-end-links-1957,https://images.squarespace-cdn.com/content/v1/5b213f95506fbec9b54e014c/1781110779460-FCR5JXNCOR8U9JSZFZTN/Image+3.jpeg,"This stainless steel Rolex bracelet features numbered 60 fitted end-links that measure 19 millimeters. It is a rivet bracelet made by Gay Frères. The clasp is dated to the 2nd quarter of 1957. It measures 6.5 inches in length. It would look fantastic on a period correct vintage Rolex Pre-Daytona, Daytona, Air-King or Oyster Perpetuals from the era.",Wind Vintage,2026-04-19,False,False
19mm Rolex Reference 7206 Rivet Bracelet 6.5 inch w/ 60 End Links 1964,Rolex,1900,https://www.windvintage.com/19mm-rolex-rivet-bracelet-525-inch-19662222,https://images.squarespace-cdn.com/content/v1/5b213f95506fbec9b54e014c/1781110803687-HA61122VFZPU5GYIT0RX/Image+4.jpeg,"This stainless steel Rolex bracelet features numbered 60 fitted end-links that measure 19 millimeters. It is a rivet bracelet made by Gay Frères. The clasp is dated to the 4th quarter of 1964. It measures 6.5 inches in length. It would look fantastic on a period correct vintage Rolex Pre-Daytona, Daytona, Air-King or Oyster Perpetuals from the era.",Wind Vintage,2026-04-19,False,False
20mm Rolex Jubilee 6251H Bracelet 6.1 inch 55 end links 1972,Rolex,1800,https://www.windvintage.com/20mm-rolex-jubilee-6251h-bracelet-61-inch-55-end-links-1972,https://images.squarespace-cdn.com/content/v1/5b213f95506fbec9b54e014c/1742569487946-2J0YWKGV6ZC6GO5X9RWL/Image.jpeg,This steel Rolex Jubilee 6251H Bracelet is made by Gay Frères. It was produced in 1972. The bracelet is approximately 6.1 inches and features 20mm 55 end links. It would look great on any Rolex Datejust from the era.,Wind Vintage,2026-04-19,True,False
